PassengerId,HomePlanet,CryoSleep,Destination,Age,VIP,RoomService,FoodCourt,ShoppingMall,Spa,VRDeck,Transported,deck,num,side
0001_01,Europa,False,TRAPPIST-1e,39.0,False,False,False,False,False,False,False,B,0.0,P
0002_01,Earth,False,TRAPPIST-1e,24.0,False,False,False,False,False,False,True,F,0.0,S
0003_01,Europa,False,TRAPPIST-1e,58.0,True,True,True,True,True,True,False,A,0.0,S
0003_02,Europa,False,TRAPPIST-1e,33.0,False,False,False,False,False,False,False,A,0.0,S
0004_01,Earth,False,TRAPPIST-1e,16.0,False,False,False,False,False,False,True,F,1.0,S
0005_01,Earth,False,PSO J318.5-22,44.0,False,False,False,False,False,False,True,F,0.0,P
0006_01,Earth,False,TRAPPIST-1e,26.0,False,False,False,False,False,False,True,F,2.0,S
0006_02,Earth,True,TRAPPIST-1e,28.0,False,False,False,False,False,False,True,G,0.0,S
0007_01,Earth,False,TRAPPIST-1e,35.0,False,False,False,False,False,False,True,F,3.0,S
0008_01,Europa,True,55 Cancri e,14.0,False,False,False,False,False,False,True,B,1.0,P
0008_02,Europa,True,TRAPPIST-1e,34.0,False,False,False,False,False,False,True,B,1.0,P
0008_03,Europa,False,55 Cancri e,45.0,False,False,False,False,False,False,True,B,1.0,P
0009_01,Mars,False,TRAPPIST-1e,32.0,False,False,False,False,False,False,True,F,1.0,P
0010_01,Earth,False,TRAPPIST-1e,48.0,False,False,False,False,False,False,False,G,1.0,S
0011_01,Earth,False,TRAPPIST-1e,28.0,False,False,False,False,False,False,True,F,2.0,P
0012_01,Earth,False,TRAPPIST-1e,31.0,False,False,False,False,False,False,False,F,427.0,S
0014_01,Mars,False,55 Cancri e,27.0,False,False,False,False,False,False,False,F,3.0,P
0015_01,Earth,False,55 Cancri e,24.0,False,False,False,False,False,False,False,F,4.0,P
0016_01,Mars,True,TRAPPIST-1e,45.0,False,False,False,False,False,False,True,F,5.0,P
0017_01,Earth,False,TRAPPIST-1e,0.0,False,False,False,False,False,False,True,G,0.0,P
0017_02,Earth,False,55 Cancri e,14.0,False,False,False,False,False,False,False,F,6.0,P
0020_01,Earth,True,TRAPPIST-1e,1.0,False,False,False,False,False,False,False,E,0.0,S
0020_02,Earth,True,55 Cancri e,49.0,False,False,False,False,False,False,False,E,0.0,S
0020_03,Earth,True,55 Cancri e,29.0,False,False,False,False,False,False,False,E,0.0,S
0020_04,Earth,False,TRAPPIST-1e,10.0,False,False,False,False,False,False,True,E,0.0,S
0020_05,Earth,True,PSO J318.5-22,1.0,False,False,False,False,False,False,False,E,0.0,S
0020_06,Earth,False,TRAPPIST-1e,7.0,False,False,False,False,False,False,False,E,0.0,S
0022_01,Mars,False,TRAPPIST-1e,21.0,False,False,False,False,False,False,False,D,0.0,P
0024_01,Europa,True,TRAPPIST-1e,62.0,False,False,False,False,False,False,True,C,2.0,S
0025_01,Earth,False,TRAPPIST-1e,15.0,False,False,False,False,False,False,False,F,6.0,S
0026_01,Europa,False,55 Cancri e,34.0,False,False,False,False,False,False,False,C,0.0,P
0028_01,Mars,False,TRAPPIST-1e,43.0,False,False,False,False,False,False,False,F,8.0,P
0030_01,Earth,False,TRAPPIST-1e,32.0,False,False,False,False,False,False,False,G,4.0,S
0031_01,Mars,False,TRAPPIST-1e,47.0,False,False,False,False,False,False,True,F,9.0,P
0031_02,Mars,False,TRAPPIST-1e,2.0,False,False,False,False,False,False,True,F,9.0,P
0031_03,Mars,False,TRAPPIST-1e,20.0,False,False,False,False,False,False,True,F,9.0,P
0034_01,Europa,True,55 Cancri e,28.0,False,False,False,False,False,False,True,D,1.0,S
0035_01,Mars,False,55 Cancri e,23.0,False,False,False,False,False,False,False,D,1.0,P
0036_01,Earth,False,55 Cancri e,15.0,False,False,False,False,False,False,False,F,8.0,S
0038_01,Earth,False,55 Cancri e,20.0,False,False,False,False,False,False,False,F,10.0,S
0039_01,Earth,True,55 Cancri e,30.0,False,False,False,False,False,False,False,G,1.0,P
0041_01,Earth,True,TRAPPIST-1e,17.0,False,False,False,False,False,False,True,G,2.0,P
0043_01,Europa,False,TRAPPIST-1e,45.0,False,False,False,False,False,False,False,B,3.0,P
0044_01,Earth,True,TRAPPIST-1e,55.0,False,False,False,False,False,False,False,G,3.0,P
0044_02,Earth,True,55 Cancri e,4.0,False,False,False,False,False,False,True,G,3.0,P
0044_03,Earth,True,PSO J318.5-22,21.0,False,False,False,False,False,False,True,G,3.0,P
0045_01,Mars,False,TRAPPIST-1e,21.0,False,False,False,False,False,False,False,F,10.0,P
0045_02,Mars,True,TRAPPIST-1e,19.0,False,False,False,False,False,False,True,F,10.0,P
0050_01,Earth,False,55 Cancri e,35.0,False,False,False,False,False,False,False,E,1.0,S
0051_01,Earth,False,TRAPPIST-1e,56.0,False,False,False,False,False,False,False,E,2.0,S
0052_01,Earth,False,TRAPPIST-1e,27.0,False,False,False,False,False,False,False,G,6.0,S
0053_01,Earth,False,TRAPPIST-1e,25.0,False,False,False,False,False,False,True,F,11.0,S
0056_01,Europa,False,TRAPPIST-1e,2.0,False,False,False,False,False,False,True,A,1.0,S
0056_02,Europa,True,TRAPPIST-1e,38.0,False,False,False,False,False,False,True,A,1.0,S
0056_03,Europa,False,TRAPPIST-1e,27.0,False,False,False,False,False,False,True,A,1.0,S
0058_01,Earth,True,PSO J318.5-22,36.0,False,False,False,False,False,False,False,G,7.0,S
0061_01,Earth,False,TRAPPIST-1e,22.0,False,False,False,False,False,False,False,F,12.0,S
0062_01,Earth,False,TRAPPIST-1e,62.0,False,False,False,False,False,False,False,F,13.0,S
0064_01,Mars,True,TRAPPIST-1e,15.0,False,False,False,False,False,False,True,F,14.0,S
0064_02,Earth,True,TRAPPIST-1e,33.0,False,False,False,False,False,False,True,E,3.0,S
0066_01,Earth,False,TRAPPIST-1e,62.0,False,False,False,False,False,False,False,G,6.0,P
0067_01,Earth,True,PSO J318.5-22,0.0,False,False,False,False,False,False,True,G,10.0,S
0067_02,Earth,False,TRAPPIST-1e,18.0,False,False,False,False,False,False,True,G,10.0,S
0067_03,Earth,False,55 Cancri e,21.0,False,False,False,False,False,False,False,F,15.0,S
0068_01,Mars,False,TRAPPIST-1e,27.0,False,False,False,False,False,False,False,E,4.0,S
0069_01,Earth,False,TRAPPIST-1e,42.0,False,False,False,False,False,False,True,F,16.0,S
0070_01,Earth,False,TRAPPIST-1e,19.0,False,False,False,False,False,False,False,F,13.0,P
0071_01,Earth,False,TRAPPIST-1e,17.0,False,False,False,False,False,False,False,F,14.0,P
0072_01,Earth,False,TRAPPIST-1e,14.0,False,False,False,False,False,False,False,F,17.0,S
0073_01,Mars,False,PSO J318.5-22,37.0,False,False,False,False,False,False,False,D,3.0,P
0074_01,Europa,False,TRAPPIST-1e,42.0,False,False,False,False,False,False,True,C,3.0,S
0076_01,Mars,False,TRAPPIST-1e,27.0,False,False,False,False,False,False,True,F,18.0,S
0077_01,Mars,False,TRAPPIST-1e,28.0,False,False,False,False,False,False,True,F,15.0,P
0078_01,Europa,False,TRAPPIST-1e,38.0,False,False,False,False,False,False,False,C,4.0,S
0081_01,Earth,True,TRAPPIST-1e,13.0,False,False,False,False,False,False,False,G,13.0,S
0082_01,Mars,False,TRAPPIST-1e,42.0,False,False,False,False,False,False,False,F,16.0,P
0082_02,Mars,True,TRAPPIST-1e,2.0,False,False,False,False,False,False,True,F,16.0,P
0082_03,Mars,False,TRAPPIST-1e,8.0,False,False,False,False,False,False,True,F,16.0,P
0084_01,Earth,False,TRAPPIST-1e,24.0,False,False,False,False,False,False,True,G,14.0,S
0085_01,Europa,True,TRAPPIST-1e,40.0,False,False,False,False,False,False,True,C,5.0,S
0086_01,Earth,False,TRAPPIST-1e,43.0,False,False,False,False,False,False,False,F,17.0,P
0088_01,Mars,True,PSO J318.5-22,45.0,False,False,False,False,False,False,True,E,5.0,S
0090_01,Earth,True,TRAPPIST-1e,35.0,False,False,False,False,False,False,True,G,15.0,S
0091_01,Earth,True,TRAPPIST-1e,26.0,False,False,False,False,False,False,True,G,16.0,S
0091_02,Earth,False,TRAPPIST-1e,27.0,False,False,False,False,False,False,False,F,20.0,S
0092_01,Earth,False,TRAPPIST-1e,19.0,False,False,False,False,False,False,False,G,9.0,P
0092_02,Earth,True,TRAPPIST-1e,0.0,False,False,False,False,False,False,True,G,9.0,P
0092_03,Earth,True,TRAPPIST-1e,3.0,False,False,False,False,False,False,True,G,9.0,P
0097_01,Europa,False,TRAPPIST-1e,54.0,False,False,False,False,False,False,False,A,2.0,S
0098_01,Earth,False,TRAPPIST-1e,26.0,False,False,False,False,False,False,False,G,11.0,P
0098_02,Earth,False,TRAPPIST-1e,26.0,False,False,False,False,False,False,True,G,11.0,P
0099_01,Earth,False,PSO J318.5-22,23.0,False,False,False,False,False,False,False,F,19.0,P
0099_02,Earth,False,TRAPPIST-1e,2.0,False,False,False,False,False,False,True,G,12.0,P
0101_01,Mars,True,TRAPPIST-1e,31.0,False,False,False,False,False,False,True,F,427.0,S
0102_01,Earth,False,TRAPPIST-1e,18.0,False,False,False,False,False,False,False,F,23.0,S
0103_01,Earth,False,TRAPPIST-1e,24.0,False,False,False,False,False,False,True,F,24.0,S
0103_02,Earth,True,55 Cancri e,9.0,False,False,False,False,False,False,True,G,18.0,S
0103_03,Earth,True,TRAPPIST-1e,6.0,False,False,False,False,False,False,False,G,18.0,S
0105_01,Earth,False,TRAPPIST-1e,27.0,False,False,False,False,False,False,False,F,21.0,P
0107_01,Mars,False,TRAPPIST-1e,21.0,False,False,False,False,False,False,False,D,2.0,S
0108_01,Earth,True,TRAPPIST-1e,23.0,False,False,False,False,False,False,False,G,19.0,S
0108_02,Earth,False,TRAPPIST-1e,31.0,False,False,False,False,False,False,False,G,19.0,S
0108_03,Earth,False,TRAPPIST-1e,0.0,False,False,False,False,False,False,True,G,19.0,S
0110_01,Europa,False,TRAPPIST-1e,32.0,False,False,False,False,False,False,False,F,427.0,S
0110_02,Europa,False,TRAPPIST-1e,40.0,False,False,False,False,False,False,False,B,5.0,P
0110_03,Europa,False,TRAPPIST-1e,42.0,False,False,False,False,False,False,True,B,5.0,P
0110_04,Europa,True,TRAPPIST-1e,28.0,False,False,False,False,False,False,True,B,5.0,P
0111_01,Europa,True,TRAPPIST-1e,29.0,False,False,False,False,False,False,True,E,6.0,S
0112_01,Europa,False,55 Cancri e,48.0,True,True,True,True,True,True,True,B,1.0,S
0113_01,Earth,False,TRAPPIST-1e,64.0,False,False,False,False,False,False,True,F,23.0,P
0114_01,Earth,False,TRAPPIST-1e,27.0,False,False,False,False,False,False,False,G,20.0,S
0115_01,Mars,False,TRAPPIST-1e,26.0,False,False,False,False,False,False,True,F,24.0,P
0116_01,Europa,False,TRAPPIST-1e,33.0,False,False,False,False,False,False,True,D,4.0,P
0119_01,Earth,False,TRAPPIST-1e,39.0,False,False,False,False,False,False,False,A,0.0,P
0119_02,Europa,True,TRAPPIST-1e,13.0,False,False,False,False,False,False,True,A,0.0,P
0120_01,Mars,True,TRAPPIST-1e,24.0,False,False,False,False,False,False,True,F,25.0,P
0122_01,Earth,False,TRAPPIST-1e,29.0,False,False,False,False,False,False,False,G,21.0,S
0123_01,Earth,False,TRAPPIST-1e,18.0,False,False,False,False,False,False,False,F,27.0,P
0126_01,Mars,True,TRAPPIST-1e,67.0,False,False,False,False,False,False,True,F,27.0,S
0127_01,Mars,False,TRAPPIST-1e,35.0,False,False,False,False,False,False,False,E,7.0,S
0128_01,Mars,False,TRAPPIST-1e,61.0,True,True,True,True,True,True,False,D,3.0,S
0128_02,Mars,False,TRAPPIST-1e,45.0,False,False,False,False,False,False,False,E,8.0,S
0129_01,Earth,True,PSO J318.5-22,22.0,False,False,False,False,False,False,True,G,22.0,S
0133_01,Mars,True,TRAPPIST-1e,19.0,False,False,False,False,False,False,True,F,29.0,S
0133_02,Mars,False,TRAPPIST-1e,36.0,False,False,False,False,False,False,False,D,5.0,S
0134_01,Earth,False,TRAPPIST-1e,19.0,False,False,False,False,False,False,True,G,17.0,P
0136_01,Earth,False,PSO J318.5-22,47.0,False,False,False,False,False,False,False,G,23.0,S
0138_01,Earth,True,TRAPPIST-1e,13.0,False,False,False,False,False,False,True,G,18.0,P
0138_02,Earth,False,TRAPPIST-1e,34.0,False,False,False,False,False,False,False,E,5.0,P
0139_01,Europa,True,55 Cancri e,35.0,False,False,False,False,False,False,True,C,6.0,S
0140_01,Earth,True,TRAPPIST-1e,24.0,False,False,False,False,False,False,True,G,19.0,P
0140_02,Earth,False,TRAPPIST-1e,26.0,False,False,False,False,False,False,False,F,29.0,P
0141_01,Mars,False,TRAPPIST-1e,31.0,False,False,False,False,False,False,False,F,30.0,P
0144_01,Earth,False,TRAPPIST-1e,20.0,False,False,False,False,False,False,True,F,31.0,S
0146_01,Earth,False,TRAPPIST-1e,56.0,False,False,False,False,False,False,False,G,25.0,S
0147_01,Earth,True,TRAPPIST-1e,50.0,False,False,False,False,False,False,True,G,26.0,S
0148_01,Mars,False,TRAPPIST-1e,42.0,False,False,False,False,False,False,False,F,31.0,P
0149_01,Earth,True,55 Cancri e,27.0,False,False,False,False,False,False,True,G,27.0,S
0151_01,Earth,True,55 Cancri e,38.0,False,False,False,False,False,False,False,G,20.0,P
0152_01,Earth,False,TRAPPIST-1e,41.0,False,False,False,False,False,False,False,F,32.0,P
0160_01,Earth,False,TRAPPIST-1e,22.0,False,False,False,False,False,False,False,G,22.0,P
0163_01,Europa,True,TRAPPIST-1e,26.0,False,False,False,False,False,False,True,B,8.0,P
0163_02,Europa,True,TRAPPIST-1e,17.0,False,False,False,False,False,False,True,B,8.0,P
0164_01,Earth,False,TRAPPIST-1e,57.0,False,False,False,False,False,False,True,G,28.0,S
0164_02,Earth,True,PSO J318.5-22,17.0,False,False,False,False,False,False,False,G,28.0,S
0165_01,Mars,True,TRAPPIST-1e,35.0,False,False,False,False,False,False,True,F,37.0,P
0167_01,Mars,True,TRAPPIST-1e,13.0,False,False,False,False,False,False,True,F,35.0,S
0167_02,Mars,False,TRAPPIST-1e,27.0,False,False,False,False,False,False,False,F,35.0,S
0169_01,Earth,True,TRAPPIST-1e,31.0,False,False,False,False,False,False,False,G,23.0,P
0170_01,Earth,False,TRAPPIST-1e,24.0,False,False,False,False,False,False,False,E,10.0,S
0171_01,Earth,True,PSO J318.5-22,19.0,False,False,False,False,False,False,True,G,30.0,S
0172_01,Earth,True,TRAPPIST-1e,32.0,False,False,False,False,False,False,True,G,24.0,P
0173_01,Earth,False,TRAPPIST-1e,58.0,False,False,False,False,False,False,True,E,11.0,S
0174_01,Earth,False,55 Cancri e,21.0,False,False,False,False,False,False,False,F,38.0,P
0177_01,Europa,False,TRAPPIST-1e,38.0,False,False,False,False,False,False,False,B,2.0,S
0178_01,Mars,False,TRAPPIST-1e,38.0,False,False,False,False,False,False,False,D,6.0,S
0179_01,Earth,False,TRAPPIST-1e,19.0,False,False,False,False,False,False,True,G,26.0,P
0179_02,Earth,False,TRAPPIST-1e,0.0,False,False,False,False,False,False,False,G,26.0,P
0179_03,Earth,False,TRAPPIST-1e,3.0,False,False,False,False,False,False,True,G,26.0,P
0181_01,Earth,False,TRAPPIST-1e,20.0,False,False,False,False,False,False,False,G,27.0,P
0182_01,Europa,True,TRAPPIST-1e,24.0,False,False,False,False,False,False,True,C,3.0,P
0183_01,Earth,False,TRAPPIST-1e,37.0,False,False,False,False,False,False,True,F,36.0,S
0186_01,Earth,False,TRAPPIST-1e,25.0,False,False,False,False,False,False,False,G,28.0,P
0188_01,Earth,True,TRAPPIST-1e,56.0,False,False,False,False,False,False,True,G,31.0,S
0189_01,Earth,False,55 Cancri e,49.0,False,False,False,False,False,False,False,E,8.0,P
0190_01,Earth,True,55 Cancri e,11.0,False,False,False,False,False,False,False,G,32.0,S
0192_01,Earth,True,TRAPPIST-1e,1.0,False,False,False,False,False,False,True,G,29.0,P
0192_02,Earth,False,TRAPPIST-1e,8.0,False,False,False,False,False,False,False,G,29.0,P
0192_03,Earth,False,TRAPPIST-1e,39.0,False,False,False,False,False,False,False,G,29.0,P
0193_01,Mars,True,TRAPPIST-1e,2.0,False,False,False,False,False,False,True,F,41.0,P
0193_02,Mars,False,TRAPPIST-1e,23.0,False,False,False,False,False,False,False,F,41.0,P
0193_03,Mars,False,TRAPPIST-1e,0.0,False,False,False,False,False,False,True,F,41.0,P
0195_01,Mars,False,TRAPPIST-1e,39.0,False,False,False,False,False,False,True,F,42.0,P
0196_01,Mars,False,PSO J318.5-22,25.0,False,False,False,False,False,False,False,D,5.0,P
0197_01,Europa,False,TRAPPIST-1e,36.0,False,False,False,False,False,False,False,C,5.0,P
0198_01,Earth,False,PSO J318.5-22,52.0,False,False,False,False,False,False,True,G,30.0,P
0199_01,Earth,True,TRAPPIST-1e,18.0,False,False,False,False,False,False,False,G,33.0,S
0200_01,Earth,True,TRAPPIST-1e,15.0,False,False,False,False,False,False,True,G,31.0,P
0201_01,Europa,True,TRAPPIST-1e,35.0,False,False,False,False,False,False,True,B,3.0,S
0201_02,Europa,True,TRAPPIST-1e,47.0,False,False,False,False,False,False,True,B,3.0,S
0202_01,Europa,True,55 Cancri e,45.0,False,False,False,False,False,False,True,B,9.0,P
0202_02,Europa,False,55 Cancri e,27.0,False,False,False,False,False,False,True,A,2.0,P
0203_01,Europa,True,TRAPPIST-1e,51.0,False,False,False,False,False,False,True,C,8.0,S
0205_01,Earth,False,TRAPPIST-1e,29.0,False,False,False,False,False,False,False,G,34.0,S
0206_01,Europa,False,55 Cancri e,27.0,False,False,False,False,False,False,True,C,9.0,S
0207_01,Earth,True,PSO J318.5-22,19.0,False,False,False,False,False,False,False,G,32.0,P
0210_01,Earth,True,55 Cancri e,24.0,False,False,False,False,False,False,True,D,6.0,P
0211_01,Mars,False,TRAPPIST-1e,29.0,False,False,False,False,False,False,True,F,44.0,P
0211_02,Mars,True,TRAPPIST-1e,11.0,False,False,False,False,False,False,True,F,44.0,P
0211_03,Mars,False,TRAPPIST-1e,17.0,False,False,False,False,False,False,False,F,44.0,P
0212_01,Earth,False,TRAPPIST-1e,13.0,False,False,False,False,False,False,False,E,9.0,P
0212_02,Earth,False,TRAPPIST-1e,35.0,False,False,False,False,False,False,False,F,45.0,P
0213_01,Earth,False,TRAPPIST-1e,21.0,False,False,False,False,False,False,False,F,46.0,P
0216_01,Earth,False,55 Cancri e,21.0,False,False,False,False,False,False,False,F,40.0,S
0217_01,Earth,False,TRAPPIST-1e,38.0,False,False,False,False,False,False,False,F,47.0,P
0219_01,Earth,True,TRAPPIST-1e,19.0,False,False,False,False,False,False,True,G,36.0,P
0220_01,Earth,True,TRAPPIST-1e,2.0,False,False,False,False,False,False,True,G,37.0,P
0220_02,Earth,False,TRAPPIST-1e,0.0,False,False,False,False,False,False,True,G,37.0,P
0220_03,Earth,True,TRAPPIST-1e,13.0,False,False,False,False,False,False,False,G,37.0,P
0220_04,Earth,False,TRAPPIST-1e,25.0,False,False,False,False,False,False,False,E,10.0,P
0220_05,Earth,False,TRAPPIST-1e,16.0,False,False,False,False,False,False,False,F,48.0,P
0220_06,Earth,False,55 Cancri e,1.0,False,False,False,False,False,False,False,G,37.0,P
0220_07,Earth,True,TRAPPIST-1e,15.0,False,False,False,False,False,False,True,G,37.0,P
0221_01,Mars,False,55 Cancri e,21.0,False,False,False,False,False,False,False,E,13.0,S
0221_02,Mars,False,TRAPPIST-1e,23.0,False,False,False,False,False,False,False,E,13.0,S
0221_03,Mars,False,TRAPPIST-1e,33.0,False,False,False,False,False,False,False,E,13.0,S
0221_04,Mars,True,TRAPPIST-1e,21.0,False,False,False,False,False,False,True,E,13.0,S
0221_05,Mars,False,TRAPPIST-1e,41.0,False,False,False,False,False,False,False,E,13.0,S
0221_06,Mars,False,TRAPPIST-1e,16.0,False,False,False,False,False,False,False,E,13.0,S
0221_07,Mars,True,TRAPPIST-1e,42.0,False,False,False,False,False,False,False,E,13.0,S
0222_01,Mars,False,TRAPPIST-1e,20.0,False,False,False,False,False,False,False,F,41.0,S
0222_02,Mars,True,TRAPPIST-1e,24.0,False,False,False,False,False,False,True,F,41.0,S
0222_03,Mars,True,TRAPPIST-1e,16.0,False,False,False,False,False,False,True,E,14.0,S
0223_01,Earth,False,TRAPPIST-1e,21.0,False,False,False,False,False,False,False,G,35.0,S
0224_01,Mars,False,TRAPPIST-1e,32.0,True,True,True,True,True,True,False,F,42.0,S
0225_01,Earth,True,PSO J318.5-22,58.0,False,False,False,False,False,False,True,G,38.0,P
0229_01,Earth,False,TRAPPIST-1e,24.0,False,False,False,False,False,False,False,F,43.0,S
0231_01,Mars,False,TRAPPIST-1e,30.0,False,False,False,False,False,False,False,F,44.0,S
0232_01,Earth,True,PSO J318.5-22,27.0,False,False,False,False,False,False,False,G,36.0,S
0233_01,Mars,False,TRAPPIST-1e,32.0,False,False,False,False,False,False,False,F,45.0,S
0234_01,Earth,False,TRAPPIST-1e,43.0,False,False,False,False,False,False,False,F,50.0,P
0237_01,Europa,True,TRAPPIST-1e,42.0,False,False,False,False,False,False,True,B,11.0,P
0239_01,Mars,False,TRAPPIST-1e,37.0,False,False,False,False,False,False,False,F,427.0,S
0240_01,Mars,True,TRAPPIST-1e,35.0,False,False,False,False,False,False,True,F,52.0,P
0241_01,Europa,False,55 Cancri e,33.0,False,False,False,False,False,False,False,E,11.0,P
0242_01,Earth,False,TRAPPIST-1e,18.0,False,False,False,False,False,False,False,F,46.0,S
0243_01,Earth,True,TRAPPIST-1e,21.0,False,False,False,False,False,False,False,G,37.0,S
0244_01,Mars,True,TRAPPIST-1e,43.0,False,False,False,False,False,False,True,F,427.0,S
0244_02,Mars,True,55 Cancri e,14.0,False,False,False,False,False,False,True,F,47.0,S
0245_01,Europa,False,55 Cancri e,46.0,False,False,False,False,False,False,True,C,6.0,P
0245_02,Europa,False,TRAPPIST-1e,33.0,False,False,False,False,False,False,False,C,6.0,P
0246_01,Mars,False,TRAPPIST-1e,21.0,False,False,False,False,False,False,False,D,8.0,P
0248_01,Europa,False,TRAPPIST-1e,33.0,False,False,False,False,False,False,False,C,10.0,S
0250_01,Earth,True,PSO J318.5-22,47.0,False,False,False,False,False,False,False,G,38.0,S
0251_01,Earth,True,55 Cancri e,54.0,False,False,False,False,False,False,True,C,11.0,S
0252_01,Earth,False,TRAPPIST-1e,30.0,False,False,False,False,False,False,False,F,53.0,P
0253_01,Earth,False,TRAPPIST-1e,29.0,False,False,False,False,False,False,False,G,42.0,P
0254_01,Earth,False,TRAPPIST-1e,21.0,False,False,False,False,False,False,True,F,54.0,P
0255_01,Europa,True,TRAPPIST-1e,24.0,False,False,False,False,False,False,True,A,3.0,S
0257_01,Mars,False,55 Cancri e,21.0,False,False,False,False,False,False,False,F,49.0,S
0257_02,Mars,True,TRAPPIST-1e,60.0,False,False,False,False,False,False,True,F,49.0,S
0258_01,Earth,False,TRAPPIST-1e,22.0,False,False,False,False,False,False,False,F,50.0,S
0260_01,Europa,False,TRAPPIST-1e,26.0,False,False,False,False,False,False,False,E,16.0,S
0261_01,Earth,False,TRAPPIST-1e,26.0,False,False,False,False,False,False,False,F,56.0,P
0263_01,Earth,True,TRAPPIST-1e,28.0,False,False,False,False,False,False,True,G,43.0,P
0265_01,Europa,True,TRAPPIST-1e,39.0,False,False,False,False,False,False,True,D,8.0,S
0267_01,Earth,False,TRAPPIST-1e,13.0,False,False,False,False,False,False,False,F,51.0,S
0269_01,Earth,False,55 Cancri e,47.0,False,False,False,False,False,False,True,F,52.0,S
0270_01,Earth,False,TRAPPIST-1e,63.0,False,False,False,False,False,False,False,F,59.0,P
0275_01,Europa,True,55 Cancri e,27.0,False,False,False,False,False,False,True,D,9.0,S
0277_01,Earth,False,55 Cancri e,50.0,False,False,False,False,False,False,True,F,61.0,P
0278_01,Earth,False,TRAPPIST-1e,35.0,False,False,False,False,False,False,False,F,427.0,S
0278_02,Earth,False,TRAPPIST-1e,45.0,False,False,False,False,False,False,False,G,45.0,P
0281_01,Earth,False,TRAPPIST-1e,19.0,False,False,False,False,False,False,True,F,63.0,P
0282_01,Earth,False,TRAPPIST-1e,21.0,False,False,False,False,False,False,True,F,54.0,S
0283_01,Earth,True,PSO J318.5-22,29.0,False,False,False,False,False,False,True,G,46.0,P
0283_02,Earth,False,TRAPPIST-1e,22.0,False,False,False,False,False,False,True,F,64.0,P
0285_01,Europa,True,TRAPPIST-1e,14.0,False,False,False,False,False,False,True,E,16.0,P
0285_02,Europa,True,55 Cancri e,42.0,False,False,False,False,False,False,True,E,16.0,P
0286_01,Earth,False,55 Cancri e,57.0,False,False,False,False,False,False,False,F,65.0,P
0287_01,Europa,True,55 Cancri e,39.0,False,False,False,False,False,False,True,F,427.0,S
0287_02,Europa,False,TRAPPIST-1e,28.0,False,False,False,False,False,False,False,B,12.0,P
0288_01,Earth,False,55 Cancri e,19.0,False,False,False,False,False,False,False,F,55.0,S
0289_01,Europa,True,55 Cancri e,19.0,False,False,False,False,False,False,True,C,12.0,S
0290_01,Europa,False,55 Cancri e,26.0,False,False,False,False,False,False,True,B,7.0,S
0290_02,Europa,True,TRAPPIST-1e,17.0,False,False,False,False,False,False,True,B,7.0,S
0290_03,Europa,False,TRAPPIST-1e,43.0,False,False,False,False,False,False,True,B,7.0,S
0290_04,Europa,False,55 Cancri e,9.0,False,False,False,False,False,False,True,B,7.0,S
0291_01,Europa,False,TRAPPIST-1e,40.0,False,False,False,False,False,False,True,D,10.0,S
0294_01,Europa,True,TRAPPIST-1e,50.0,False,False,False,False,False,False,True,B,8.0,S
0297_01,Earth,False,TRAPPIST-1e,24.0,False,False,False,False,False,False,True,G,47.0,P
0298_01,Europa,True,55 Cancri e,57.0,False,False,False,False,False,False,True,A,3.0,P
0301_01,Earth,True,TRAPPIST-1e,16.0,False,False,False,False,False,False,False,F,427.0,S
0302_01,Earth,False,TRAPPIST-1e,23.0,False,False,False,False,False,False,False,F,67.0,P
0303_01,Earth,True,TRAPPIST-1e,23.0,False,False,False,False,False,False,True,G,41.0,S
0304_01,Europa,False,TRAPPIST-1e,28.0,False,False,False,False,False,False,False,E,18.0,S
0305_01,Europa,False,55 Cancri e,23.0,False,False,False,False,False,False,False,C,7.0,P
0306_01,Earth,False,TRAPPIST-1e,23.0,False,False,False,False,False,False,False,E,19.0,S
0307_01,Earth,False,TRAPPIST-1e,18.0,False,False,False,False,False,False,True,F,59.0,S
0309_01,Earth,False,TRAPPIST-1e,18.0,False,False,False,False,False,False,False,F,60.0,S
0310_01,Europa,False,TRAPPIST-1e,67.0,False,False,False,False,False,False,False,F,427.0,S
0313_01,Earth,False,PSO J318.5-22,60.0,False,False,False,False,False,False,True,F,68.0,P
0313_02,Earth,True,55 Cancri e,27.0,False,False,False,False,False,False,True,G,50.0,P
0313_03,Earth,False,55 Cancri e,49.0,False,False,False,False,False,False,True,F,68.0,P
0313_04,Earth,False,55 Cancri e,0.0,False,False,False,False,False,False,True,G,50.0,P
0314_01,Earth,False,55 Cancri e,26.0,False,False,False,False,False,False,False,G,51.0,P
0315_01,Earth,True,PSO J318.5-22,35.0,False,False,False,False,False,False,True,G,42.0,S
0316_01,Europa,False,TRAPPIST-1e,24.0,False,False,False,False,False,False,True,B,9.0,S
0316_02,Europa,True,TRAPPIST-1e,20.0,False,False,False,False,False,False,True,B,9.0,S
0320_01,Earth,False,TRAPPIST-1e,18.0,False,False,False,False,False,False,False,G,44.0,S
0320_02,Earth,False,TRAPPIST-1e,21.0,False,False,False,False,False,False,False,G,44.0,S
0321_01,Earth,False,TRAPPIST-1e,59.0,True,True,True,True,True,True,False,F,61.0,S
0322_01,Earth,True,PSO J318.5-22,13.0,False,False,False,False,False,False,False,G,45.0,S
0324_01,Earth,True,55 Cancri e,43.0,False,False,False,False,False,False,False,G,53.0,P
0326_01,Earth,True,TRAPPIST-1e,29.0,False,False,False,False,False,False,False,G,47.0,S
0327_01,Earth,False,TRAPPIST-1e,19.0,False,False,False,False,False,False,True,F,427.0,S
0330_01,Europa,False,TRAPPIST-1e,2.0,False,False,False,False,False,False,True,C,14.0,S
0330_02,Europa,False,TRAPPIST-1e,32.0,False,False,False,False,False,False,True,C,14.0,S
0330_03,Europa,False,TRAPPIST-1e,33.0,False,False,False,False,False,False,False,C,14.0,S
0331_01,Earth,False,TRAPPIST-1e,25.0,False,False,False,False,False,False,False,F,72.0,P
0333_01,Mars,True,55 Cancri e,29.0,False,False,False,False,False,False,True,F,73.0,P
0334_01,Mars,False,TRAPPIST-1e,29.0,False,False,False,False,False,False,False,F,62.0,S
0336_01,Earth,False,TRAPPIST-1e,44.0,False,False,False,False,False,False,False,F,74.0,P
0337_01,Mars,True,55 Cancri e,2.0,False,False,False,False,False,False,True,F,63.0,S
0337_02,Mars,False,TRAPPIST-1e,19.0,False,False,False,False,False,False,True,F,63.0,S
0337_03,Mars,False,55 Cancri e,0.0,False,False,False,False,False,False,True,F,63.0,S
0338_01,Earth,True,TRAPPIST-1e,18.0,False,False,False,False,False,False,True,G,48.0,S
0340_01,Europa,True,55 Cancri e,38.0,False,False,False,False,False,False,True,B,10.0,S
0341_01,Earth,True,PSO J318.5-22,5.0,False,False,False,False,False,False,False,G,57.0,P
0343_01,Earth,False,PSO J318.5-22,31.0,False,False,False,False,False,False,False,F,76.0,P
0345_01,Mars,True,TRAPPIST-1e,30.0,False,False,False,False,False,False,False,E,21.0,S
0346_01,Earth,True,55 Cancri e,15.0,False,False,False,False,False,False,True,G,59.0,P
0347_01,Mars,False,TRAPPIST-1e,27.0,False,False,False,False,False,False,False,F,64.0,S
0348_01,Mars,False,TRAPPIST-1e,22.0,False,False,False,False,False,False,True,D,12.0,P
0348_02,Mars,False,TRAPPIST-1e,36.0,False,False,False,False,False,False,True,F,427.0,S
0350_01,Earth,True,PSO J318.5-22,14.0,False,False,False,False,False,False,True,G,60.0,P
0352_01,Mars,False,TRAPPIST-1e,23.0,False,False,False,False,False,False,False,F,78.0,P
0355_01,Earth,True,TRAPPIST-1e,18.0,False,False,False,False,False,False,True,F,427.0,S
0356_01,Europa,True,55 Cancri e,36.0,False,False,False,False,False,False,True,B,15.0,P
0357_01,Earth,False,TRAPPIST-1e,41.0,False,False,False,False,False,False,False,F,65.0,S
0358_01,Earth,True,TRAPPIST-1e,50.0,False,False,False,False,False,False,True,G,50.0,S
0358_02,Earth,True,PSO J318.5-22,32.0,False,False,False,False,False,False,True,G,50.0,S
0359_01,Earth,False,PSO J318.5-22,26.0,False,False,False,False,False,False,False,F,66.0,S
0360_01,Earth,False,TRAPPIST-1e,15.0,False,False,False,False,False,False,False,F,67.0,S
0361_01,Earth,False,55 Cancri e,33.0,False,False,False,False,False,False,True,F,68.0,S
0365_01,Earth,False,55 Cancri e,27.0,False,False,False,False,False,False,False,G,51.0,S
0368_01,Mars,False,TRAPPIST-1e,26.0,False,False,False,False,False,False,False,F,82.0,P
0368_02,Mars,True,TRAPPIST-1e,61.0,False,False,False,False,False,False,True,F,82.0,P
0369_01,Earth,False,TRAPPIST-1e,24.0,False,False,False,False,False,False,True,G,53.0,S
0370_01,Earth,False,TRAPPIST-1e,30.0,False,False,False,False,False,False,False,F,83.0,P
0371_01,Mars,True,TRAPPIST-1e,24.0,False,False,False,False,False,False,True,F,84.0,P
0372_01,Earth,False,TRAPPIST-1e,24.0,False,False,False,False,False,False,False,F,85.0,P
0373_01,Earth,True,TRAPPIST-1e,41.0,False,False,False,False,False,False,False,G,62.0,P
0375_01,Earth,False,TRAPPIST-1e,20.0,False,False,False,False,False,False,False,E,22.0,P
0376_01,Earth,False,TRAPPIST-1e,22.0,False,False,False,False,False,False,True,G,54.0,S
0377_01,Europa,False,55 Cancri e,63.0,False,False,False,False,False,False,False,C,15.0,S
0378_01,Europa,False,55 Cancri e,18.0,False,False,False,False,False,False,False,B,11.0,S
0378_02,Europa,True,55 Cancri e,21.0,False,False,False,False,False,False,True,B,11.0,S
0378_03,Europa,False,TRAPPIST-1e,79.0,False,False,False,False,False,False,False,B,11.0,S
0378_04,Europa,True,TRAPPIST-1e,56.0,False,False,False,False,False,False,True,B,11.0,S
0378_05,Europa,True,TRAPPIST-1e,13.0,False,False,False,False,False,False,True,B,11.0,S
0378_06,Europa,False,TRAPPIST-1e,33.0,False,False,False,False,False,False,False,B,11.0,S
0378_07,Europa,True,TRAPPIST-1e,32.0,False,False,False,False,False,False,True,B,11.0,S
0379_01,Earth,False,TRAPPIST-1e,31.0,False,False,False,False,False,False,True,G,63.0,P
0380_01,Europa,True,55 Cancri e,26.0,False,False,False,False,False,False,True,F,427.0,S
0381_01,Europa,True,55 Cancri e,18.0,False,False,False,False,False,False,True,B,16.0,P
0381_02,Europa,True,55 Cancri e,38.0,False,False,False,False,False,False,True,B,16.0,P
0382_01,Earth,False,TRAPPIST-1e,23.0,False,False,False,False,False,False,False,G,64.0,P
0383_01,Earth,False,TRAPPIST-1e,28.0,False,False,False,False,False,False,False,G,55.0,S
0383_02,Earth,True,PSO J318.5-22,34.0,False,False,False,False,False,False,False,G,55.0,S
0384_01,Earth,False,55 Cancri e,0.0,False,False,False,False,False,False,True,G,56.0,S
0384_02,Earth,False,TRAPPIST-1e,14.0,False,False,False,False,False,False,True,G,56.0,S
0385_01,Earth,False,TRAPPIST-1e,23.0,False,False,False,False,False,False,False,G,65.0,P
0387_01,Earth,True,TRAPPIST-1e,49.0,False,False,False,False,False,False,False,G,66.0,P
0388_01,Earth,True,TRAPPIST-1e,14.0,False,False,False,False,False,False,False,G,57.0,S
0389_01,Earth,False,TRAPPIST-1e,18.0,False,False,False,False,False,False,False,E,23.0,P
0391_01,Europa,False,PSO J318.5-22,27.0,True,True,True,True,True,True,True,C,9.0,P
0392_01,Earth,False,TRAPPIST-1e,48.0,False,False,False,False,False,False,False,E,24.0,P
0395_01,Europa,False,55 Cancri e,31.0,True,True,True,True,True,True,False,B,17.0,P
0395_02,Europa,False,55 Cancri e,61.0,False,False,False,False,False,False,False,B,17.0,P
0396_01,Earth,True,TRAPPIST-1e,18.0,False,False,False,False,False,False,True,G,59.0,S
0397_01,Mars,True,TRAPPIST-1e,45.0,False,False,False,False,False,False,True,F,69.0,S
0398_01,Mars,False,TRAPPIST-1e,22.0,False,False,False,False,False,False,False,D,13.0,S
0401_01,Mars,False,TRAPPIST-1e,30.0,True,True,True,True,True,True,False,D,14.0,S
0401_02,Mars,False,TRAPPIST-1e,30.0,False,False,False,False,False,False,False,D,14.0,S
0402_01,Earth,True,55 Cancri e,32.0,True,True,True,True,True,True,True,D,15.0,S
0403_01,Mars,False,TRAPPIST-1e,43.0,True,True,True,True,True,True,True,D,13.0,P
0405_01,Earth,False,55 Cancri e,17.0,False,False,False,False,False,False,False,F,89.0,P
0407_01,Earth,False,TRAPPIST-1e,23.0,False,False,False,False,False,False,False,G,69.0,P
0407_02,Earth,False,TRAPPIST-1e,20.0,False,False,False,False,False,False,False,F,90.0,P
0407_03,Earth,True,TRAPPIST-1e,39.0,False,False,False,False,False,False,False,G,69.0,P
0408_01,Mars,False,TRAPPIST-1e,35.0,False,False,False,False,False,False,False,E,25.0,P
0409_01,Mars,False,TRAPPIST-1e,31.0,False,False,False,False,False,False,False,F,71.0,S
0410_01,Earth,False,55 Cancri e,21.0,False,False,False,False,False,False,False,F,72.0,S
0411_01,Earth,False,TRAPPIST-1e,16.0,False,False,False,False,False,False,False,F,91.0,P
0412_01,Europa,False,TRAPPIST-1e,60.0,False,False,False,False,False,False,True,C,11.0,P
0413_01,Earth,False,TRAPPIST-1e,18.0,False,False,False,False,False,False,False,F,92.0,P
0415_01,Earth,True,TRAPPIST-1e,42.0,False,False,False,False,False,False,False,G,60.0,S
0417_01,Europa,True,55 Cancri e,68.0,False,False,False,False,False,False,True,B,18.0,P
0417_02,Europa,False,55 Cancri e,22.0,False,False,False,False,False,False,False,B,18.0,P
0417_03,Europa,True,TRAPPIST-1e,59.0,False,False,False,False,False,False,True,B,18.0,P
0423_01,Europa,False,TRAPPIST-1e,27.0,False,False,False,False,False,False,True,B,19.0,P
0425_01,Mars,False,TRAPPIST-1e,37.0,False,False,False,False,False,False,False,F,96.0,P
0425_02,Mars,True,TRAPPIST-1e,3.0,False,False,False,False,False,False,True,F,96.0,P
0425_03,Mars,True,TRAPPIST-1e,31.0,False,False,False,False,False,False,True,F,96.0,P
0427_01,Europa,False,TRAPPIST-1e,31.0,False,False,False,False,False,False,True,E,26.0,P
0428_01,Europa,False,TRAPPIST-1e,29.0,False,False,False,False,False,False,True,C,16.0,S
0429_01,Europa,False,55 Cancri e,20.0,False,False,False,False,False,False,True,A,5.0,S
0429_02,Europa,True,55 Cancri e,46.0,False,False,False,False,False,False,True,A,5.0,S
0430_01,Earth,False,TRAPPIST-1e,29.0,False,False,False,False,False,False,True,F,75.0,S
0431_01,Mars,True,TRAPPIST-1e,43.0,False,False,False,False,False,False,True,F,97.0,P
0432_01,Mars,False,TRAPPIST-1e,17.0,False,False,False,False,False,False,False,F,76.0,S
0433_01,Europa,False,55 Cancri e,27.0,False,False,False,False,False,False,True,B,20.0,P
0433_02,Europa,False,TRAPPIST-1e,47.0,False,False,False,False,False,False,False,B,20.0,P
0434_01,Mars,True,TRAPPIST-1e,45.0,False,False,False,False,False,False,True,F,77.0,S
0435_01,Earth,True,TRAPPIST-1e,17.0,False,False,False,False,False,False,True,G,62.0,S
0436_01,Earth,False,55 Cancri e,10.0,False,False,False,False,False,False,True,G,63.0,S
0436_02,Earth,False,PSO J318.5-22,56.0,False,False,False,False,False,False,False,G,63.0,S
0437_01,Earth,False,TRAPPIST-1e,39.0,False,False,False,False,False,False,False,F,78.0,S
0437_02,Earth,False,PSO J318.5-22,40.0,False,False,False,False,False,False,False,F,78.0,S
0438_01,Europa,True,TRAPPIST-1e,40.0,False,False,False,False,False,False,True,B,13.0,S
0439_01,Europa,False,55 Cancri e,34.0,False,False,False,False,False,False,False,C,13.0,P
0441_01,Earth,False,55 Cancri e,32.0,False,False,False,False,False,False,False,F,79.0,S
0442_01,Earth,False,TRAPPIST-1e,35.0,False,False,False,False,False,False,False,F,98.0,P
0444_01,Mars,False,TRAPPIST-1e,32.0,True,True,True,True,True,True,False,D,15.0,P
0444_02,Earth,False,TRAPPIST-1e,26.0,True,True,True,True,True,True,False,F,99.0,P
0445_01,Earth,False,TRAPPIST-1e,25.0,False,False,False,False,False,False,False,F,80.0,S
0445_02,Earth,False,TRAPPIST-1e,26.0,False,False,False,False,False,False,False,E,25.0,S
0446_01,Europa,True,55 Cancri e,22.0,False,False,False,False,False,False,True,B,21.0,P
0447_01,Earth,False,TRAPPIST-1e,22.0,False,False,False,False,False,False,True,F,81.0,S
0448_01,Earth,False,TRAPPIST-1e,24.0,False,False,False,False,False,False,False,E,27.0,P
0448_02,Earth,True,PSO J318.5-22,32.0,False,False,False,False,False,False,True,G,71.0,P
0449_01,Earth,True,TRAPPIST-1e,11.0,False,False,False,False,False,False,True,G,64.0,S
0452_01,Mars,True,TRAPPIST-1e,22.0,False,False,False,False,False,False,True,E,26.0,S
0453_01,Europa,True,TRAPPIST-1e,19.0,False,False,False,False,False,False,True,B,14.0,S
0453_02,Europa,True,55 Cancri e,34.0,False,False,False,False,False,False,True,F,427.0,S
0453_03,Europa,True,TRAPPIST-1e,74.0,False,False,False,False,False,False,True,B,14.0,S
0454_01,Europa,False,55 Cancri e,28.0,True,True,True,True,True,True,True,B,15.0,S
0454_02,Europa,True,TRAPPIST-1e,42.0,False,False,False,False,False,False,True,B,15.0,S
0454_03,Europa,True,TRAPPIST-1e,43.0,False,False,False,False,False,False,True,B,15.0,S
0456_01,Earth,False,TRAPPIST-1e,55.0,False,False,False,False,False,False,False,F,83.0,S
0457_01,Earth,False,PSO J318.5-22,19.0,False,False,False,False,False,False,True,G,72.0,P
0457_02,Earth,True,TRAPPIST-1e,6.0,False,False,False,False,False,False,False,G,72.0,P
0457_03,Earth,False,TRAPPIST-1e,7.0,False,False,False,False,False,False,False,G,72.0,P
0458_01,Europa,True,55 Cancri e,28.0,False,False,False,False,False,False,True,D,16.0,S
0459_01,Earth,False,TRAPPIST-1e,15.0,False,False,False,False,False,False,False,F,84.0,S
0460_01,Earth,True,PSO J318.5-22,24.0,False,False,False,False,False,False,True,G,65.0,S
0461_01,Earth,False,PSO J318.5-22,31.0,False,False,False,False,False,False,True,E,27.0,S
0461_02,Earth,False,TRAPPIST-1e,22.0,False,False,False,False,False,False,True,F,85.0,S
0461_03,Earth,False,55 Cancri e,1.0,False,False,False,False,False,False,True,G,66.0,S
0462_01,Earth,True,TRAPPIST-1e,50.0,False,False,False,False,False,False,False,G,67.0,S
0463_01,Mars,False,TRAPPIST-1e,34.0,False,False,False,False,False,False,False,F,100.0,P
0463_02,Mars,False,TRAPPIST-1e,14.0,False,False,False,False,False,False,False,F,100.0,P
0465_01,Earth,False,TRAPPIST-1e,19.0,False,False,False,False,False,False,False,E,28.0,P
0465_02,Earth,False,TRAPPIST-1e,27.0,False,False,False,False,False,False,True,E,28.0,P
0466_01,Earth,False,TRAPPIST-1e,36.0,False,False,False,False,False,False,False,F,101.0,P
0468_01,Earth,True,TRAPPIST-1e,34.0,False,False,False,False,False,False,False,F,427.0,S
0470_01,Mars,True,55 Cancri e,25.0,False,False,False,False,False,False,True,F,86.0,S
0470_02,Earth,True,TRAPPIST-1e,36.0,False,False,False,False,False,False,True,F,86.0,S
0471_01,Europa,False,TRAPPIST-1e,16.0,False,False,False,False,False,False,False,B,22.0,P
0471_02,Europa,False,55 Cancri e,30.0,False,False,False,False,False,False,True,B,22.0,P
0472_01,Earth,False,PSO J318.5-22,37.0,False,False,False,False,False,False,False,F,87.0,S
0474_01,Earth,True,55 Cancri e,15.0,False,False,False,False,False,False,True,G,69.0,S
0475_01,Earth,False,TRAPPIST-1e,36.0,False,False,False,False,False,False,False,E,29.0,P
0476_01,Mars,False,PSO J318.5-22,27.0,False,False,False,False,False,False,False,F,103.0,P
0476_02,Mars,True,TRAPPIST-1e,27.0,False,False,False,False,False,False,True,F,103.0,P
0476_03,Mars,True,TRAPPIST-1e,12.0,False,False,False,False,False,False,True,F,103.0,P
0477_01,Earth,False,TRAPPIST-1e,22.0,False,False,False,False,False,False,False,E,30.0,P
0480_01,Earth,False,TRAPPIST-1e,27.0,False,False,False,False,False,False,False,G,74.0,P
0481_01,Earth,True,TRAPPIST-1e,13.0,False,False,False,False,False,False,True,G,70.0,S
0482_01,Earth,False,TRAPPIST-1e,27.0,False,False,False,False,False,False,False,E,28.0,S
0482_02,Earth,False,TRAPPIST-1e,28.0,False,False,False,False,False,False,False,F,88.0,S
0485_01,Europa,False,55 Cancri e,21.0,False,False,False,False,False,False,False,B,17.0,S
0487_01,Europa,False,TRAPPIST-1e,39.0,False,False,False,False,False,False,False,C,19.0,S
0488_01,Earth,True,PSO J318.5-22,28.0,False,False,False,False,False,False,False,G,76.0,P
0490_01,Earth,True,TRAPPIST-1e,14.0,False,False,False,False,False,False,True,G,71.0,S
0498_01,Europa,True,55 Cancri e,27.0,False,False,False,False,False,False,True,F,427.0,S
0498_02,Europa,True,55 Cancri e,46.0,False,False,False,False,False,False,True,B,18.0,S
0499_01,Mars,True,55 Cancri e,27.0,False,False,False,False,False,False,True,F,89.0,S
0499_02,Mars,False,TRAPPIST-1e,21.0,False,False,False,False,False,False,False,E,29.0,S
0500_01,Mars,False,55 Cancri e,21.0,False,False,False,False,False,False,True,D,19.0,P
0501_01,Europa,False,TRAPPIST-1e,42.0,False,False,False,False,False,False,False,E,32.0,P
0502_01,Mars,False,TRAPPIST-1e,22.0,False,False,False,False,False,False,False,F,427.0,S
0503_01,Mars,False,TRAPPIST-1e,10.0,False,False,False,False,False,False,True,F,90.0,S
0503_02,Mars,False,TRAPPIST-1e,43.0,False,False,False,False,False,False,False,F,90.0,S
0503_03,Mars,False,TRAPPIST-1e,42.0,False,False,False,False,False,False,False,E,31.0,S
0504_01,Europa,True,55 Cancri e,18.0,False,False,False,False,False,False,True,B,19.0,S
0504_02,Europa,True,55 Cancri e,54.0,False,False,False,False,False,False,True,B,19.0,S
0504_03,Europa,True,TRAPPIST-1e,24.0,False,False,False,False,False,False,True,B,19.0,S
0504_04,Europa,False,TRAPPIST-1e,64.0,False,False,False,False,False,False,False,B,19.0,S
0504_05,Europa,True,55 Cancri e,18.0,False,False,False,False,False,False,True,B,19.0,S
0504_06,Earth,True,55 Cancri e,53.0,False,False,False,False,False,False,True,B,19.0,S
0506_01,Mars,True,TRAPPIST-1e,23.0,False,False,False,False,False,False,True,F,91.0,S
0507_01,Earth,False,TRAPPIST-1e,39.0,False,False,False,False,False,False,True,G,74.0,S
0510_01,Europa,False,TRAPPIST-1e,59.0,False,False,False,False,False,False,True,C,16.0,P
0512_01,Europa,False,55 Cancri e,32.0,False,False,False,False,False,False,True,D,18.0,S
0512_02,Europa,True,TRAPPIST-1e,55.0,False,False,False,False,False,False,True,D,18.0,S
0513_01,Earth,True,PSO J318.5-22,21.0,False,False,False,False,False,False,True,G,78.0,P
0515_01,Europa,True,TRAPPIST-1e,50.0,False,False,False,False,False,False,True,B,20.0,S
0516_01,Europa,False,55 Cancri e,55.0,False,False,False,False,False,False,False,A,6.0,S
0517_01,Earth,False,TRAPPIST-1e,27.0,False,False,False,False,False,False,False,F,109.0,P
0518_01,Earth,True,TRAPPIST-1e,35.0,False,False,False,False,False,False,True,F,92.0,S
0519_01,Earth,True,TRAPPIST-1e,27.0,False,False,False,False,False,False,True,G,77.0,S
0520_01,Earth,False,TRAPPIST-1e,55.0,False,False,False,False,False,False,False,G,78.0,S
0521_01,Earth,False,TRAPPIST-1e,23.0,False,False,False,False,False,False,True,E,32.0,S
0522_01,Earth,False,TRAPPIST-1e,42.0,False,False,False,False,False,False,False,E,33.0,P
0523_01,Earth,False,TRAPPIST-1e,35.0,False,False,False,False,False,False,True,E,33.0,S
0525_01,Earth,True,TRAPPIST-1e,47.0,False,False,False,False,False,False,True,F,427.0,S
0527_01,Mars,False,55 Cancri e,27.0,False,False,False,False,False,False,False,F,93.0,S
0527_02,Mars,True,TRAPPIST-1e,34.0,False,False,False,False,False,False,True,F,93.0,S
0528_01,Europa,False,TRAPPIST-1e,46.0,False,False,False,False,False,False,False,C,17.0,P
0529_01,Earth,True,PSO J318.5-22,26.0,False,False,False,False,False,False,False,G,81.0,P
0531_01,Earth,True,55 Cancri e,1.0,False,False,False,False,False,False,False,G,82.0,P
0531_02,Earth,True,55 Cancri e,27.0,False,False,False,False,False,False,True,G,82.0,P
0533_01,Mars,False,TRAPPIST-1e,33.0,False,False,False,False,False,False,False,D,21.0,P
0534_01,Europa,False,TRAPPIST-1e,34.0,False,False,False,False,False,False,False,B,23.0,P
0534_02,Europa,False,TRAPPIST-1e,49.0,False,False,False,False,False,False,False,B,23.0,P
0537_01,Earth,False,TRAPPIST-1e,22.0,False,False,False,False,False,False,False,G,83.0,P
0538_01,Earth,False,TRAPPIST-1e,28.0,False,False,False,False,False,False,True,F,110.0,P
0539_01,Europa,True,TRAPPIST-1e,27.0,False,False,False,False,False,False,True,C,18.0,P
0539_02,Europa,True,55 Cancri e,36.0,False,False,False,False,False,False,True,C,18.0,P
0539_03,Earth,True,55 Cancri e,30.0,False,False,False,False,False,False,True,C,18.0,P
0539_04,Europa,True,TRAPPIST-1e,49.0,False,False,False,False,False,False,True,C,18.0,P
0539_05,Europa,False,TRAPPIST-1e,38.0,False,False,False,False,False,False,False,C,18.0,P
0540_01,Mars,True,TRAPPIST-1e,31.0,False,False,False,False,False,False,True,F,95.0,S
0540_02,Earth,False,TRAPPIST-1e,17.0,False,False,False,False,False,False,False,F,95.0,S
0542_01,Earth,False,TRAPPIST-1e,26.0,False,False,False,False,False,False,False,G,84.0,P
0545_01,Earth,False,TRAPPIST-1e,23.0,False,False,False,False,False,False,False,F,111.0,P
0546_01,Earth,False,55 Cancri e,24.0,False,False,False,False,False,False,False,F,96.0,S
0547_01,Earth,False,TRAPPIST-1e,23.0,False,False,False,False,False,False,False,F,97.0,S
0548_01,Earth,False,TRAPPIST-1e,24.0,False,False,False,False,False,False,True,E,36.0,S
0549_01,Mars,False,PSO J318.5-22,32.0,False,False,False,False,False,False,True,D,19.0,S
0549_02,Mars,True,TRAPPIST-1e,43.0,False,False,False,False,False,False,True,F,98.0,S
0550_01,Earth,False,TRAPPIST-1e,23.0,False,False,False,False,False,False,True,F,99.0,S
0551_01,Earth,False,TRAPPIST-1e,42.0,False,False,False,False,False,False,False,G,80.0,S
0552_01,Europa,True,55 Cancri e,29.0,False,False,False,False,False,False,True,C,21.0,S
0553_01,Europa,True,TRAPPIST-1e,40.0,False,False,False,False,False,False,True,C,19.0,P
0553_02,Europa,False,TRAPPIST-1e,37.0,False,False,False,False,False,False,True,C,19.0,P
0555_01,Europa,True,55 Cancri e,61.0,False,False,False,False,False,False,True,C,20.0,P
0555_02,Europa,False,TRAPPIST-1e,33.0,False,False,False,False,False,False,False,C,20.0,P
0556_01,Earth,False,TRAPPIST-1e,19.0,False,False,False,False,False,False,True,F,100.0,S
0559_01,Earth,False,PSO J318.5-22,21.0,False,False,False,False,False,False,False,F,102.0,S
0560_01,Earth,False,TRAPPIST-1e,4.0,False,False,False,False,False,False,False,G,81.0,S
0560_02,Earth,False,PSO J318.5-22,12.0,False,False,False,False,False,False,True,G,81.0,S
0560_03,Earth,False,TRAPPIST-1e,44.0,False,False,False,False,False,False,True,F,103.0,S
0561_01,Earth,False,TRAPPIST-1e,22.0,False,False,False,False,False,False,False,G,82.0,S
0563_01,Mars,False,55 Cancri e,33.0,False,False,False,False,False,False,False,F,114.0,P
0564_01,Europa,True,55 Cancri e,32.0,False,False,False,False,False,False,True,B,24.0,P
0564_02,Europa,True,TRAPPIST-1e,28.0,False,False,False,False,False,False,True,B,24.0,P
0564_03,Europa,False,TRAPPIST-1e,28.0,False,False,False,False,False,False,False,B,24.0,P
0565_01,Mars,False,TRAPPIST-1e,31.0,False,False,False,False,False,False,False,F,115.0,P
0566_01,Mars,True,TRAPPIST-1e,13.0,False,False,False,False,False,False,True,E,37.0,S
0567_01,Earth,True,TRAPPIST-1e,14.0,False,False,False,False,False,False,True,G,83.0,S
0568_01,Europa,False,TRAPPIST-1e,33.0,False,False,False,False,False,False,False,D,20.0,S
0568_02,Europa,True,55 Cancri e,27.0,False,False,False,False,False,False,True,D,20.0,S
0569_01,Earth,False,TRAPPIST-1e,23.0,False,False,False,False,False,False,True,F,116.0,P
0570_01,Europa,False,TRAPPIST-1e,36.0,True,True,True,True,True,True,True,C,22.0,S
0571_01,Europa,True,55 Cancri e,22.0,False,False,False,False,False,False,True,C,21.0,P
0571_02,Europa,True,TRAPPIST-1e,19.0,False,False,False,False,False,False,False,C,21.0,P
0571_03,Europa,True,TRAPPIST-1e,42.0,False,False,False,False,False,False,True,C,21.0,P
0571_04,Europa,True,TRAPPIST-1e,30.0,False,False,False,False,False,False,True,C,21.0,P
0571_05,Europa,True,55 Cancri e,16.0,False,False,False,False,False,False,True,C,21.0,P
0571_06,Europa,False,TRAPPIST-1e,55.0,False,False,False,False,False,False,False,C,21.0,P
0571_07,Europa,True,TRAPPIST-1e,55.0,False,False,False,False,False,False,True,C,21.0,P
0572_01,Earth,False,TRAPPIST-1e,19.0,False,False,False,False,False,False,False,F,105.0,S
0573_01,Earth,False,TRAPPIST-1e,27.0,False,False,False,False,False,False,False,F,117.0,P
0575_01,Europa,True,TRAPPIST-1e,18.0,False,False,False,False,False,False,True,E,34.0,P
0576_01,Earth,False,TRAPPIST-1e,21.0,False,False,False,False,False,False,False,F,107.0,S
0577_01,Earth,False,TRAPPIST-1e,65.0,False,False,False,False,False,False,False,G,86.0,P
0579_01,Earth,False,TRAPPIST-1e,55.0,False,False,False,False,False,False,True,F,108.0,S
0579_02,Earth,False,TRAPPIST-1e,50.0,False,False,False,False,False,False,False,G,85.0,S
0580_01,Earth,True,TRAPPIST-1e,49.0,False,False,False,False,False,False,True,G,87.0,P
0581_01,Earth,False,TRAPPIST-1e,22.0,False,False,False,False,False,False,False,E,38.0,S
0582_01,Mars,True,TRAPPIST-1e,33.0,False,False,False,False,False,False,True,F,118.0,P
0583_01,Mars,True,TRAPPIST-1e,3.0,False,False,False,False,False,False,True,F,109.0,S
0583_02,Mars,True,TRAPPIST-1e,0.0,False,False,False,False,False,False,True,F,109.0,S
0583_03,Mars,True,TRAPPIST-1e,33.0,False,False,False,False,False,False,True,F,109.0,S
0585_01,Mars,True,TRAPPIST-1e,48.0,False,False,False,False,False,False,True,F,120.0,P
0585_02,Mars,True,TRAPPIST-1e,5.0,False,False,False,False,False,False,True,F,120.0,P
0585_03,Mars,False,TRAPPIST-1e,23.0,False,False,False,False,False,False,False,D,22.0,P
0586_01,Europa,True,TRAPPIST-1e,53.0,False,False,False,False,False,False,True,D,23.0,P
0587_01,Mars,False,TRAPPIST-1e,18.0,False,False,False,False,False,False,False,F,121.0,P
0588_01,Earth,True,PSO J318.5-22,20.0,False,False,False,False,False,False,False,G,89.0,P
0589_01,Earth,False,TRAPPIST-1e,23.0,False,False,False,False,False,False,False,E,35.0,P
0590_01,Earth,False,TRAPPIST-1e,48.0,False,False,False,False,False,False,False,G,90.0,P
0591_01,Earth,True,PSO J318.5-22,19.0,False,False,False,False,False,False,False,G,86.0,S
0593_01,Mars,False,TRAPPIST-1e,27.0,False,False,False,False,False,False,False,D,24.0,P
0594_01,Earth,False,55 Cancri e,9.0,False,False,False,False,False,False,False,G,87.0,S
0594_02,Earth,False,TRAPPIST-1e,24.0,False,False,False,False,False,False,False,E,39.0,S
0596_01,Mars,False,TRAPPIST-1e,46.0,False,False,False,False,False,False,True,F,123.0,P
0597_01,Earth,True,TRAPPIST-1e,23.0,False,False,False,False,False,False,True,G,91.0,P
0597_02,Earth,True,TRAPPIST-1e,21.0,False,False,False,False,False,False,False,G,91.0,P
0598_01,Earth,True,TRAPPIST-1e,19.0,False,False,False,False,False,False,False,G,89.0,S
0599_01,Mars,False,TRAPPIST-1e,0.0,False,False,False,False,False,False,True,F,124.0,P
0599_02,Mars,False,TRAPPIST-1e,4.0,False,False,False,False,False,False,True,F,124.0,P
0599_03,Mars,False,TRAPPIST-1e,26.0,False,False,False,False,False,False,False,F,124.0,P
0599_04,Mars,True,TRAPPIST-1e,9.0,False,False,False,False,False,False,True,F,124.0,P
0600_01,Europa,False,TRAPPIST-1e,24.0,False,False,False,False,False,False,True,C,23.0,S
0602_01,Mars,True,TRAPPIST-1e,24.0,False,False,False,False,False,False,True,F,125.0,P
0602_02,Mars,False,TRAPPIST-1e,25.0,False,False,False,False,False,False,False,E,36.0,P
0602_03,Mars,True,TRAPPIST-1e,21.0,False,False,False,False,False,False,True,F,125.0,P
0603_01,Earth,False,TRAPPIST-1e,21.0,False,False,False,False,False,False,False,F,126.0,P
0607_01,Europa,False,TRAPPIST-1e,37.0,False,False,False,False,False,False,False,C,22.0,P
0607_02,Europa,False,55 Cancri e,44.0,False,False,False,False,False,False,False,C,22.0,P
0607_03,Europa,False,TRAPPIST-1e,43.0,False,False,False,False,False,False,False,C,22.0,P
0608_01,Earth,False,TRAPPIST-1e,7.0,False,False,False,False,False,False,True,G,94.0,P
0609_01,Mars,False,TRAPPIST-1e,33.0,False,False,False,False,False,False,False,F,128.0,P
0610_01,Earth,False,TRAPPIST-1e,24.0,False,False,False,False,False,False,False,F,129.0,P
0611_01,Earth,True,PSO J318.5-22,31.0,False,False,False,False,False,False,True,G,90.0,S
0612_01,Europa,True,TRAPPIST-1e,27.0,True,True,True,True,True,True,True,B,25.0,P
0614_01,Earth,False,TRAPPIST-1e,34.0,False,False,False,False,False,False,True,G,91.0,S
0615_01,Earth,True,TRAPPIST-1e,58.0,False,False,False,False,False,False,False,G,92.0,S
0615_02,Earth,False,TRAPPIST-1e,7.0,False,False,False,False,False,False,True,G,92.0,S
0615_03,Earth,True,55 Cancri e,3.0,False,False,False,False,False,False,True,G,92.0,S
0618_01,Earth,False,55 Cancri e,21.0,False,False,False,False,False,False,True,G,95.0,P
0618_02,Earth,False,PSO J318.5-22,21.0,False,False,False,False,False,False,False,F,131.0,P
0619_01,Europa,True,TRAPPIST-1e,39.0,False,False,False,False,False,False,True,C,24.0,S
0619_02,Europa,True,55 Cancri e,43.0,False,False,False,False,False,False,True,C,24.0,S
0623_01,Earth,True,TRAPPIST-1e,22.0,False,False,False,False,False,False,True,G,93.0,S
0628_01,Earth,False,TRAPPIST-1e,44.0,False,False,False,False,False,False,True,F,133.0,P
0629_01,Earth,False,TRAPPIST-1e,38.0,False,False,False,False,False,False,False,G,96.0,P
0630_01,Mars,True,TRAPPIST-1e,32.0,False,False,False,False,False,False,True,F,112.0,S
0631_01,Mars,True,TRAPPIST-1e,55.0,False,False,False,False,False,False,True,F,113.0,S
0633_01,Mars,False,PSO J318.5-22,31.0,True,True,True,True,True,True,False,D,25.0,P
0634_01,Earth,False,TRAPPIST-1e,39.0,False,False,False,False,False,False,False,F,135.0,P
0635_01,Earth,False,TRAPPIST-1e,35.0,False,False,False,False,False,False,True,G,94.0,S
0635_02,Earth,False,TRAPPIST-1e,37.0,False,False,False,False,False,False,False,E,43.0,S
0636_01,Earth,False,55 Cancri e,13.0,False,False,False,False,False,False,False,F,136.0,P
0636_02,Earth,False,TRAPPIST-1e,21.0,False,False,False,False,False,False,False,F,136.0,P
0637_01,Mars,False,TRAPPIST-1e,20.0,False,False,False,False,False,False,False,E,44.0,S
0638_01,Europa,True,55 Cancri e,20.0,False,False,False,False,False,False,True,B,28.0,P
0639_01,Earth,False,TRAPPIST-1e,63.0,False,False,False,False,False,False,True,F,137.0,P
0641_01,Earth,False,TRAPPIST-1e,36.0,False,False,False,False,False,False,False,F,114.0,S
0642_01,Europa,False,55 Cancri e,29.0,False,False,False,False,False,False,True,C,25.0,S
0642_02,Europa,False,55 Cancri e,36.0,False,False,False,False,False,False,True,C,25.0,S
0642_03,Europa,False,TRAPPIST-1e,79.0,False,False,False,False,False,False,False,C,25.0,S
0642_04,Europa,True,55 Cancri e,30.0,False,False,False,False,False,False,True,C,25.0,S
0642_05,Europa,True,55 Cancri e,30.0,False,False,False,False,False,False,True,C,25.0,S
0643_01,Mars,False,TRAPPIST-1e,19.0,False,False,False,False,False,False,True,F,138.0,P
0644_01,Europa,True,TRAPPIST-1e,33.0,False,False,False,False,False,False,True,E,38.0,P
0645_01,Earth,False,TRAPPIST-1e,20.0,False,False,False,False,False,False,False,G,98.0,P
0646_01,Europa,True,55 Cancri e,38.0,False,False,False,False,False,False,True,C,26.0,S
0647_01,Mars,True,TRAPPIST-1e,7.0,False,False,False,False,False,False,True,F,115.0,S
0647_02,Mars,True,TRAPPIST-1e,58.0,False,False,False,False,False,False,True,F,115.0,S
0647_03,Mars,False,TRAPPIST-1e,33.0,False,False,False,False,False,False,False,F,115.0,S
0650_01,Earth,True,PSO J318.5-22,3.0,False,False,False,False,False,False,True,G,95.0,S
0653_01,Mars,False,TRAPPIST-1e,39.0,False,False,False,False,False,False,True,E,45.0,S
0655_01,Mars,False,TRAPPIST-1e,37.0,False,False,False,False,False,False,True,E,39.0,P
0656_01,Earth,False,TRAPPIST-1e,32.0,False,False,False,False,False,False,False,G,101.0,P
0657_01,Earth,False,TRAPPIST-1e,28.0,False,False,False,False,False,False,True,F,117.0,S
0657_02,Earth,False,TRAPPIST-1e,38.0,False,False,False,False,False,False,False,G,97.0,S
0658_01,Earth,False,PSO J318.5-22,21.0,False,False,False,False,False,False,False,F,118.0,S
0659_01,Earth,True,TRAPPIST-1e,18.0,False,False,False,False,False,False,True,G,98.0,S
0660_01,Earth,True,TRAPPIST-1e,15.0,False,False,False,False,False,False,False,G,99.0,S
0661_01,Europa,False,TRAPPIST-1e,44.0,False,False,False,False,False,False,False,C,23.0,P
0663_01,Earth,False,TRAPPIST-1e,44.0,False,False,False,False,False,False,True,F,140.0,P
0664_01,Europa,False,TRAPPIST-1e,36.0,False,False,False,False,False,False,False,E,46.0,S
0665_01,Earth,False,TRAPPIST-1e,28.0,False,False,False,False,False,False,True,F,141.0,P
0665_02,Mars,False,TRAPPIST-1e,15.0,False,False,False,False,False,False,False,F,141.0,P
0668_01,Earth,False,TRAPPIST-1e,45.0,False,False,False,False,False,False,False,F,142.0,P
0669_01,Earth,False,TRAPPIST-1e,26.0,False,False,False,False,False,False,False,F,143.0,P
0671_01,Earth,True,PSO J318.5-22,46.0,False,False,False,False,False,False,True,G,102.0,P
0672_01,Earth,False,TRAPPIST-1e,25.0,False,False,False,False,False,False,False,G,103.0,P
0674_01,Earth,True,PSO J318.5-22,46.0,False,False,False,False,False,False,False,G,101.0,S
0677_01,Earth,True,TRAPPIST-1e,15.0,False,False,False,False,False,False,False,G,102.0,S
0678_01,Earth,True,TRAPPIST-1e,37.0,False,False,False,False,False,False,False,G,103.0,S
0679_01,Earth,False,TRAPPIST-1e,20.0,False,False,False,False,False,False,False,G,104.0,S
0680_01,Earth,True,PSO J318.5-22,45.0,False,False,False,False,False,False,False,G,105.0,P
0680_02,Earth,True,TRAPPIST-1e,7.0,False,False,False,False,False,False,False,G,105.0,P
0680_03,Earth,True,TRAPPIST-1e,5.0,False,False,False,False,False,False,False,G,105.0,P
0682_01,Mars,True,TRAPPIST-1e,38.0,False,False,False,False,False,False,True,F,121.0,S
0683_01,Mars,False,TRAPPIST-1e,30.0,False,False,False,False,False,False,False,F,144.0,P
0684_01,Mars,False,TRAPPIST-1e,27.0,False,False,False,False,False,False,True,F,145.0,P
0684_02,Mars,False,TRAPPIST-1e,0.0,False,False,False,False,False,False,True,F,145.0,P
0684_03,Mars,True,TRAPPIST-1e,20.0,False,False,False,False,False,False,True,F,145.0,P
0685_01,Earth,False,TRAPPIST-1e,41.0,False,False,False,False,False,False,False,E,41.0,P
0686_01,Mars,True,TRAPPIST-1e,18.0,False,False,False,False,False,False,True,F,146.0,P
0686_02,Mars,False,TRAPPIST-1e,29.0,True,True,True,True,True,True,False,D,30.0,P
0687_01,Mars,False,TRAPPIST-1e,19.0,False,False,False,False,False,False,False,D,23.0,S
0688_01,Mars,False,TRAPPIST-1e,34.0,False,False,False,False,False,False,False,E,48.0,S
0689_01,Europa,True,TRAPPIST-1e,36.0,False,False,False,False,False,False,True,B,25.0,S
0690_01,Mars,True,TRAPPIST-1e,54.0,False,False,False,False,False,False,True,F,122.0,S
0691_01,Mars,False,TRAPPIST-1e,19.0,False,False,False,False,False,False,False,E,49.0,S
0691_02,Mars,False,TRAPPIST-1e,21.0,False,False,False,False,False,False,False,F,123.0,S
0691_03,Mars,True,TRAPPIST-1e,23.0,False,False,False,False,False,False,True,E,49.0,S
0693_01,Europa,True,55 Cancri e,35.0,False,False,False,False,False,False,True,F,427.0,S
0693_02,Europa,False,TRAPPIST-1e,34.0,False,False,False,False,False,False,False,C,27.0,S
0696_01,Earth,False,TRAPPIST-1e,22.0,False,False,False,False,False,False,True,G,107.0,S
0697_01,Earth,False,55 Cancri e,24.0,False,False,False,False,False,False,True,F,147.0,P
0699_01,Mars,True,TRAPPIST-1e,18.0,False,False,False,False,False,False,True,F,126.0,S
0699_02,Mars,False,55 Cancri e,24.0,False,False,False,False,False,False,False,D,24.0,S
0701_01,Europa,True,TRAPPIST-1e,33.0,False,False,False,False,False,False,True,D,25.0,S
0702_01,Earth,False,TRAPPIST-1e,24.0,False,False,False,False,False,False,False,F,127.0,S
0703_01,Earth,True,TRAPPIST-1e,18.0,False,False,False,False,False,False,True,G,108.0,S
0704_01,Earth,True,TRAPPIST-1e,19.0,False,False,False,False,False,False,True,G,107.0,P
0705_01,Earth,False,55 Cancri e,43.0,False,False,False,False,False,False,True,F,149.0,P
0707_01,Earth,True,TRAPPIST-1e,44.0,False,False,False,False,False,False,True,G,109.0,S
0709_01,Europa,False,55 Cancri e,25.0,False,False,False,False,False,False,True,A,7.0,S
0709_02,Europa,True,55 Cancri e,25.0,False,False,False,False,False,False,True,A,7.0,S
0709_03,Europa,True,55 Cancri e,23.0,False,False,False,False,False,False,True,F,427.0,S
0710_01,Mars,False,TRAPPIST-1e,23.0,False,False,False,False,False,False,False,E,42.0,P
0712_01,Mars,False,TRAPPIST-1e,20.0,False,False,False,False,False,False,False,F,150.0,P
0712_02,Mars,False,TRAPPIST-1e,2.0,False,False,False,False,False,False,True,F,150.0,P
0713_01,Earth,False,TRAPPIST-1e,26.0,False,False,False,False,False,False,False,E,50.0,S
0714_01,Earth,True,PSO J318.5-22,38.0,False,False,False,False,False,False,True,G,109.0,P
0714_02,Earth,False,TRAPPIST-1e,1.0,False,False,False,False,False,False,False,G,109.0,P
0714_03,Earth,False,TRAPPIST-1e,12.0,False,False,False,False,False,False,True,G,109.0,P
0714_04,Earth,True,PSO J318.5-22,2.0,False,False,False,False,False,False,False,G,109.0,P
0714_05,Earth,True,PSO J318.5-22,25.0,False,False,False,False,False,False,False,G,109.0,P
0714_06,Earth,True,55 Cancri e,1.0,False,False,False,False,False,False,True,G,109.0,P
0714_07,Earth,True,55 Cancri e,0.0,False,False,False,False,False,False,True,G,109.0,P
0715_01,Europa,False,55 Cancri e,54.0,False,False,False,False,False,False,True,F,427.0,S
0718_01,Earth,False,TRAPPIST-1e,21.0,False,False,False,False,False,False,False,E,43.0,P
0719_01,Mars,False,TRAPPIST-1e,19.0,False,False,False,False,False,False,False,E,44.0,P
0724_01,Earth,False,PSO J318.5-22,24.0,False,False,False,False,False,False,False,F,132.0,S
0726_01,Earth,True,TRAPPIST-1e,20.0,False,False,False,False,False,False,False,G,111.0,P
0727_01,Earth,False,TRAPPIST-1e,23.0,False,False,False,False,False,False,True,F,133.0,S
0728_01,Earth,False,55 Cancri e,29.0,False,False,False,False,False,False,True,F,134.0,S
0729_01,Earth,False,TRAPPIST-1e,14.0,False,False,False,False,False,False,True,E,53.0,S
0732_01,Earth,False,TRAPPIST-1e,19.0,False,False,False,False,False,False,False,F,427.0,S
0733_01,Earth,False,55 Cancri e,23.0,False,False,False,False,False,False,False,F,153.0,P
0734_01,Earth,False,TRAPPIST-1e,62.0,False,False,False,False,False,False,False,F,154.0,P
0736_01,Earth,False,TRAPPIST-1e,23.0,False,False,False,False,False,False,False,F,156.0,P
0737_01,Europa,False,55 Cancri e,65.0,False,False,False,False,False,False,False,C,28.0,S
0738_01,Mars,False,TRAPPIST-1e,47.0,False,False,False,False,False,False,True,F,157.0,P
0740_01,Europa,False,55 Cancri e,67.0,False,False,False,False,False,False,False,C,24.0,P
0740_02,Europa,True,55 Cancri e,14.0,False,False,False,False,False,False,True,C,24.0,P
0740_03,Europa,False,TRAPPIST-1e,41.0,False,False,False,False,False,False,False,C,24.0,P
0743_01,Earth,True,TRAPPIST-1e,14.0,False,False,False,False,False,False,True,G,111.0,S
0746_01,Earth,True,TRAPPIST-1e,19.0,False,False,False,False,False,False,False,G,112.0,S
0750_01,Earth,False,55 Cancri e,22.0,False,False,False,False,False,False,False,F,140.0,S
0753_01,Europa,True,TRAPPIST-1e,34.0,False,False,False,False,False,False,True,A,4.0,P
0753_02,Europa,False,55 Cancri e,65.0,False,False,False,False,False,False,False,A,4.0,P
0753_03,Europa,True,55 Cancri e,42.0,False,False,False,False,False,False,True,F,427.0,S
0754_01,Europa,True,55 Cancri e,22.0,False,False,False,False,False,False,True,D,31.0,P
0756_01,Europa,True,55 Cancri e,54.0,False,False,False,False,False,False,True,B,27.0,S
0756_02,Europa,False,TRAPPIST-1e,34.0,False,False,False,False,False,False,False,B,27.0,S
0756_03,Europa,True,TRAPPIST-1e,27.0,False,False,False,False,False,False,True,B,27.0,S
0757_01,Mars,False,55 Cancri e,67.0,False,False,False,False,False,False,False,D,33.0,P
0761_01,Europa,False,TRAPPIST-1e,33.0,False,False,False,False,False,False,True,C,26.0,P
0762_01,Earth,True,PSO J318.5-22,30.0,False,False,False,False,False,False,False,G,114.0,S
0764_01,Earth,False,TRAPPIST-1e,22.0,False,False,False,False,False,False,False,G,115.0,S
0765_01,Mars,False,PSO J318.5-22,35.0,False,False,False,False,False,False,True,F,142.0,S
0765_02,Mars,False,TRAPPIST-1e,23.0,False,False,False,False,False,False,False,F,142.0,S
0767_01,Earth,False,TRAPPIST-1e,49.0,False,False,False,False,False,False,False,G,116.0,S
0768_01,Europa,False,55 Cancri e,36.0,False,False,False,False,False,False,False,B,32.0,P
0768_02,Europa,True,TRAPPIST-1e,31.0,False,False,False,False,False,False,True,B,32.0,P
0769_01,Europa,True,55 Cancri e,54.0,False,False,False,False,False,False,True,B,28.0,S
0770_01,Earth,True,TRAPPIST-1e,0.0,False,False,False,False,False,False,False,G,117.0,S
0770_02,Earth,False,TRAPPIST-1e,27.0,False,False,False,False,False,False,False,G,117.0,S
0770_03,Earth,False,TRAPPIST-1e,54.0,False,False,False,False,False,False,False,G,117.0,S
0770_04,Earth,True,PSO J318.5-22,10.0,False,False,False,False,False,False,False,G,117.0,S
0770_05,Earth,False,55 Cancri e,0.0,False,False,False,False,False,False,True,G,117.0,S
0770_06,Earth,True,PSO J318.5-22,7.0,False,False,False,False,False,False,True,G,117.0,S
0771_01,Earth,True,TRAPPIST-1e,25.0,False,False,False,False,False,False,False,G,112.0,P
0772_01,Europa,False,55 Cancri e,37.0,False,False,False,False,False,False,False,E,56.0,S
0772_02,Europa,True,55 Cancri e,15.0,False,False,False,False,False,False,True,E,56.0,S
0772_03,Earth,True,TRAPPIST-1e,26.0,False,False,False,False,False,False,True,E,56.0,S
0772_04,Europa,False,55 Cancri e,7.0,False,False,False,False,False,False,True,E,56.0,S
0773_01,Earth,False,TRAPPIST-1e,30.0,False,False,False,False,False,False,False,F,143.0,S
0776_01,Earth,False,TRAPPIST-1e,19.0,False,False,False,False,False,False,True,F,161.0,P
0777_01,Europa,False,TRAPPIST-1e,30.0,False,False,False,False,False,False,False,A,5.0,P
0779_01,Earth,False,TRAPPIST-1e,21.0,False,False,False,False,False,False,False,F,162.0,P
0781_01,Earth,False,PSO J318.5-22,21.0,False,False,False,False,False,False,False,G,118.0,S
0782_01,Mars,True,TRAPPIST-1e,59.0,False,False,False,False,False,False,True,F,163.0,P
0784_01,Europa,True,55 Cancri e,28.0,False,False,False,False,False,False,True,C,33.0,S
0785_01,Earth,False,TRAPPIST-1e,32.0,False,False,False,False,False,False,False,F,165.0,P
0786_01,Earth,True,TRAPPIST-1e,19.0,False,False,False,False,False,False,True,G,113.0,P
0787_01,Earth,True,TRAPPIST-1e,7.0,False,False,False,False,False,False,False,G,114.0,P
0788_01,Earth,False,55 Cancri e,16.0,False,False,False,False,False,False,False,F,166.0,P
0789_01,Europa,False,TRAPPIST-1e,31.0,True,True,True,True,True,True,False,A,8.0,S
0789_02,Europa,False,TRAPPIST-1e,30.0,False,False,False,False,False,False,False,A,8.0,S
0789_03,Europa,True,TRAPPIST-1e,26.0,False,False,False,False,False,False,True,A,8.0,S
0790_01,Earth,True,PSO J318.5-22,20.0,False,False,False,False,False,False,True,G,119.0,S
0791_01,Earth,True,PSO J318.5-22,24.0,False,False,False,False,False,False,False,G,115.0,P
0793_01,Earth,False,PSO J318.5-22,39.0,False,False,False,False,False,False,False,G,117.0,P
0794_01,Mars,False,55 Cancri e,19.0,False,False,False,False,False,False,True,F,144.0,S
0794_02,Mars,True,55 Cancri e,27.0,False,False,False,False,False,False,True,F,144.0,S
0795_01,Earth,False,TRAPPIST-1e,34.0,False,False,False,False,False,False,False,F,145.0,S
0796_01,Europa,True,55 Cancri e,28.0,False,False,False,False,False,False,True,D,28.0,S
0797_01,Earth,False,TRAPPIST-1e,29.0,False,False,False,False,False,False,False,F,146.0,S
0798_01,Mars,True,PSO J318.5-22,38.0,False,False,False,False,False,False,True,F,147.0,S
0799_01,Europa,False,55 Cancri e,27.0,False,False,False,False,False,False,False,A,6.0,P
0802_01,Mars,True,TRAPPIST-1e,1.0,False,False,False,False,False,False,True,F,148.0,S
0805_01,Europa,False,55 Cancri e,36.0,True,True,True,True,True,True,True,C,29.0,P
0806_01,Earth,False,TRAPPIST-1e,31.0,False,False,False,False,False,False,False,F,149.0,S
0806_02,Earth,False,TRAPPIST-1e,1.0,False,False,False,False,False,False,True,G,120.0,S
0808_01,Earth,False,TRAPPIST-1e,31.0,False,False,False,False,False,False,False,E,57.0,S
0809_01,Mars,False,TRAPPIST-1e,10.0,False,False,False,False,False,False,True,F,151.0,S
0809_02,Mars,False,TRAPPIST-1e,27.0,False,False,False,False,False,False,False,F,151.0,S
0809_03,Mars,False,TRAPPIST-1e,42.0,False,False,False,False,False,False,False,F,151.0,S
0809_04,Mars,False,TRAPPIST-1e,0.0,False,False,False,False,False,False,True,F,151.0,S
0811_01,Mars,False,PSO J318.5-22,41.0,False,False,False,False,False,False,False,F,152.0,S
0811_02,Mars,True,TRAPPIST-1e,0.0,False,False,False,False,False,False,True,F,152.0,S
0811_03,Mars,False,TRAPPIST-1e,0.0,False,False,False,False,False,False,True,F,152.0,S
0813_01,Mars,True,TRAPPIST-1e,59.0,False,False,False,False,False,False,True,F,169.0,P
0815_01,Earth,False,TRAPPIST-1e,13.0,False,False,False,False,False,False,False,E,59.0,S
0816_01,Europa,False,55 Cancri e,24.0,False,False,False,False,False,False,False,E,60.0,S
0817_01,Earth,True,TRAPPIST-1e,20.0,False,False,False,False,False,False,False,G,119.0,P
0818_01,Europa,False,TRAPPIST-1e,71.0,True,True,True,True,True,True,True,B,29.0,S
0819_01,Earth,True,PSO J318.5-22,23.0,False,False,False,False,False,False,True,G,121.0,S
0820_01,Earth,False,55 Cancri e,15.0,False,False,False,False,False,False,True,F,154.0,S
0820_02,Earth,False,TRAPPIST-1e,18.0,False,False,False,False,False,False,False,G,122.0,S
0822_01,Earth,False,TRAPPIST-1e,19.0,False,False,False,False,False,False,True,F,156.0,S
0823_01,Earth,True,55 Cancri e,4.0,False,False,False,False,False,False,True,G,123.0,S
0823_02,Earth,False,55 Cancri e,42.0,False,False,False,False,False,False,True,F,427.0,S
0824_01,Mars,False,TRAPPIST-1e,51.0,False,False,False,False,False,False,False,F,158.0,S
0825_01,Earth,True,TRAPPIST-1e,13.0,False,False,False,False,False,False,True,G,120.0,P
0826_01,Earth,False,TRAPPIST-1e,27.0,False,False,False,False,False,False,True,F,427.0,S
0828_01,Earth,False,TRAPPIST-1e,42.0,False,False,False,False,False,False,False,F,159.0,S
0828_02,Earth,False,TRAPPIST-1e,41.0,False,False,False,False,False,False,True,F,159.0,S
0829_01,Earth,False,PSO J318.5-22,21.0,False,False,False,False,False,False,True,F,170.0,P
0830_01,Earth,False,TRAPPIST-1e,31.0,False,False,False,False,False,False,True,F,171.0,P
0833_01,Europa,True,55 Cancri e,36.0,False,False,False,False,False,False,True,F,427.0,S
0834_01,Earth,False,TRAPPIST-1e,31.0,False,False,False,False,False,False,False,F,173.0,P
0835_01,Earth,False,55 Cancri e,14.0,False,False,False,False,False,False,False,G,124.0,S
0836_01,Mars,False,PSO J318.5-22,32.0,True,True,True,True,True,True,False,F,160.0,S
0839_01,Europa,False,TRAPPIST-1e,32.0,False,False,False,False,False,False,False,B,30.0,S
0840_01,Earth,False,TRAPPIST-1e,27.0,False,False,False,False,False,False,False,G,123.0,P
0845_01,Europa,False,55 Cancri e,57.0,False,False,False,False,False,False,False,B,31.0,S
0846_01,Earth,True,TRAPPIST-1e,13.0,False,False,False,False,False,False,False,G,125.0,S
0848_01,Mars,True,TRAPPIST-1e,30.0,False,False,False,False,False,False,True,F,175.0,P
0848_02,Mars,True,TRAPPIST-1e,14.0,False,False,False,False,False,False,True,F,175.0,P
0849_01,Europa,False,TRAPPIST-1e,27.0,False,False,False,False,False,False,True,B,32.0,S
0849_02,Europa,True,55 Cancri e,32.0,False,False,False,False,False,False,True,B,32.0,S
0850_01,Mars,True,TRAPPIST-1e,54.0,False,False,False,False,False,False,True,E,62.0,S
0851_01,Earth,False,55 Cancri e,23.0,False,False,False,False,False,False,False,F,176.0,P
0853_01,Earth,True,55 Cancri e,38.0,False,False,False,False,False,False,True,A,9.0,S
0859_01,Earth,True,TRAPPIST-1e,32.0,False,False,False,False,False,False,True,G,127.0,S
0860_01,Earth,False,TRAPPIST-1e,24.0,False,False,False,False,False,False,False,E,48.0,P
0863_01,Earth,True,TRAPPIST-1e,36.0,False,False,False,False,False,False,False,G,129.0,S
0863_02,Earth,False,TRAPPIST-1e,11.0,False,False,False,False,False,False,False,G,129.0,S
0863_03,Earth,True,TRAPPIST-1e,6.0,False,False,False,False,False,False,False,G,129.0,S
0865_01,Europa,True,55 Cancri e,36.0,False,False,False,False,False,False,True,B,35.0,S
0865_02,Europa,True,55 Cancri e,22.0,False,False,False,False,False,False,True,B,35.0,S
0867_01,Earth,False,TRAPPIST-1e,27.0,False,False,False,False,False,False,False,F,163.0,S
0868_01,Earth,True,TRAPPIST-1e,37.0,False,False,False,False,False,False,True,G,130.0,S
0869_01,Earth,False,TRAPPIST-1e,55.0,False,False,False,False,False,False,False,F,164.0,S
0870_01,Earth,False,PSO J318.5-22,27.0,False,False,False,False,False,False,False,G,126.0,P
0871_01,Europa,False,TRAPPIST-1e,20.0,False,False,False,False,False,False,True,A,10.0,S
0873_01,Earth,False,TRAPPIST-1e,16.0,False,False,False,False,False,False,False,F,180.0,P
0874_01,Earth,False,TRAPPIST-1e,19.0,False,False,False,False,False,False,False,F,165.0,S
0875_01,Earth,False,TRAPPIST-1e,38.0,False,False,False,False,False,False,False,G,131.0,S
0876_01,Earth,False,TRAPPIST-1e,35.0,False,False,False,False,False,False,False,F,166.0,S
0877_01,Europa,True,55 Cancri e,33.0,False,False,False,False,False,False,True,C,30.0,P
0878_01,Mars,False,PSO J318.5-22,37.0,True,True,True,True,True,True,False,D,31.0,S
0879_01,Earth,False,TRAPPIST-1e,46.0,False,False,False,False,False,False,False,F,427.0,S
0881_01,Europa,False,TRAPPIST-1e,41.0,False,False,False,False,False,False,False,D,32.0,S
0883_01,Earth,False,TRAPPIST-1e,13.0,False,False,False,False,False,False,False,G,127.0,P
0885_01,Earth,True,TRAPPIST-1e,31.0,False,False,False,False,False,False,False,G,133.0,S
0885_02,Earth,True,55 Cancri e,52.0,False,False,False,False,False,False,True,G,133.0,S
0889_01,Europa,False,TRAPPIST-1e,48.0,False,False,False,False,False,False,False,C,32.0,P
0889_02,Europa,False,55 Cancri e,27.0,False,False,False,False,False,False,True,C,32.0,P
0890_01,Mars,False,TRAPPIST-1e,16.0,False,False,False,False,False,False,False,F,184.0,P
0893_01,Earth,True,55 Cancri e,32.0,False,False,False,False,False,False,True,G,129.0,P
0898_01,Earth,True,TRAPPIST-1e,25.0,False,False,False,False,False,False,False,G,134.0,S
0899_01,Earth,False,TRAPPIST-1e,26.0,False,False,False,False,False,False,True,F,187.0,P
0899_02,Earth,True,TRAPPIST-1e,44.0,False,False,False,False,False,False,False,G,130.0,P
0901_01,Mars,False,TRAPPIST-1e,32.0,False,False,False,False,False,False,True,F,167.0,S
0902_01,Earth,False,TRAPPIST-1e,18.0,False,False,False,False,False,False,True,F,188.0,P
0903_01,Earth,True,55 Cancri e,23.0,False,False,False,False,False,False,False,G,135.0,S
0904_01,Europa,False,TRAPPIST-1e,44.0,False,False,False,False,False,False,False,C,33.0,P
0905_01,Mars,False,PSO J318.5-22,29.0,False,False,False,False,False,False,False,D,38.0,P
0906_01,Earth,False,55 Cancri e,19.0,False,False,False,False,False,False,True,F,168.0,S
0907_01,Europa,False,55 Cancri e,41.0,False,False,False,False,False,False,False,B,34.0,P
0907_02,Europa,False,TRAPPIST-1e,28.0,False,False,False,False,False,False,False,B,34.0,P
0910_01,Earth,True,TRAPPIST-1e,19.0,False,False,False,False,False,False,True,G,137.0,S
0911_01,Mars,False,TRAPPIST-1e,32.0,True,True,True,True,True,True,False,F,189.0,P
0911_02,Earth,False,TRAPPIST-1e,74.0,False,False,False,False,False,False,True,F,189.0,P
0912_01,Europa,False,TRAPPIST-1e,31.0,False,False,False,False,False,False,True,B,37.0,S
0913_01,Europa,False,55 Cancri e,38.0,False,False,False,False,False,False,False,E,51.0,P
0915_01,Earth,False,TRAPPIST-1e,20.0,False,False,False,False,False,False,False,G,138.0,S
0918_01,Earth,False,TRAPPIST-1e,24.0,False,False,False,False,False,False,False,E,66.0,S
0919_01,Earth,False,PSO J318.5-22,26.0,False,False,False,False,False,False,False,F,190.0,P
0921_01,Earth,True,PSO J318.5-22,44.0,False,False,False,False,False,False,False,G,139.0,S
0922_01,Europa,True,55 Cancri e,33.0,False,False,False,False,False,False,True,B,35.0,P
0922_02,Europa,False,55 Cancri e,31.0,False,False,False,False,False,False,False,B,35.0,P
0923_01,Europa,False,55 Cancri e,27.0,False,False,False,False,False,False,True,C,38.0,S
0923_02,Europa,True,TRAPPIST-1e,22.0,False,False,False,False,False,False,True,B,38.0,S
0924_01,Earth,False,TRAPPIST-1e,33.0,False,False,False,False,False,False,False,E,67.0,S
0925_01,Mars,False,TRAPPIST-1e,34.0,False,False,False,False,False,False,False,F,191.0,P
0925_02,Mars,True,TRAPPIST-1e,11.0,False,False,False,False,False,False,True,F,191.0,P
0925_03,Mars,True,TRAPPIST-1e,41.0,False,False,False,False,False,False,True,F,191.0,P
0926_01,Europa,False,55 Cancri e,30.0,False,False,False,False,False,False,True,B,39.0,S
0926_02,Europa,False,TRAPPIST-1e,30.0,False,False,False,False,False,False,False,B,39.0,S
0927_01,Earth,False,TRAPPIST-1e,25.0,False,False,False,False,False,False,False,G,140.0,S
0928_01,Earth,True,PSO J318.5-22,31.0,False,False,False,False,False,False,True,G,133.0,P
0930_01,Earth,False,TRAPPIST-1e,38.0,False,False,False,False,False,False,False,F,192.0,P
0930_02,Earth,True,TRAPPIST-1e,15.0,False,False,False,False,False,False,True,G,134.0,P
0931_01,Earth,False,TRAPPIST-1e,19.0,False,False,False,False,False,False,True,F,193.0,P
0932_01,Mars,True,TRAPPIST-1e,29.0,False,False,False,False,False,False,True,F,427.0,S
0933_01,Europa,False,TRAPPIST-1e,30.0,False,False,False,False,False,False,True,C,35.0,P
0933_02,Europa,False,TRAPPIST-1e,29.0,False,False,False,False,False,False,False,C,35.0,P
0935_01,Earth,False,TRAPPIST-1e,36.0,False,False,False,False,False,False,False,F,194.0,P
0938_01,Earth,False,TRAPPIST-1e,24.0,False,False,False,False,False,False,False,F,172.0,S
0938_02,Earth,False,TRAPPIST-1e,30.0,False,False,False,False,False,False,True,E,68.0,S
0938_03,Earth,False,TRAPPIST-1e,0.0,False,False,False,False,False,False,True,G,143.0,S
0939_01,Earth,True,TRAPPIST-1e,15.0,False,False,False,False,False,False,True,G,135.0,P
0940_01,Earth,False,TRAPPIST-1e,38.0,False,False,False,False,False,False,True,G,136.0,P
0941_01,Earth,False,TRAPPIST-1e,13.0,False,False,False,False,False,False,False,F,195.0,P
0942_01,Mars,False,TRAPPIST-1e,18.0,False,False,False,False,False,False,False,F,196.0,P
0944_01,Earth,False,TRAPPIST-1e,16.0,False,False,False,False,False,False,False,G,137.0,P
0944_02,Earth,False,55 Cancri e,8.0,False,False,False,False,False,False,False,G,137.0,P
0946_01,Earth,False,TRAPPIST-1e,19.0,False,False,False,False,False,False,True,F,198.0,P
0947_01,Earth,False,55 Cancri e,26.0,False,False,False,False,False,False,False,G,138.0,P
0949_01,Earth,True,55 Cancri e,15.0,False,False,False,False,False,False,True,G,140.0,P
0951_01,Earth,True,PSO J318.5-22,38.0,False,False,False,False,False,False,True,G,144.0,S
0952_01,Mars,False,TRAPPIST-1e,45.0,False,False,False,False,False,False,False,F,175.0,S
0953_01,Earth,False,PSO J318.5-22,48.0,False,False,False,False,False,False,False,F,199.0,P
0955_01,Earth,True,55 Cancri e,17.0,False,False,False,False,False,False,False,G,145.0,S
0956_01,Earth,False,TRAPPIST-1e,28.0,False,False,False,False,False,False,True,E,70.0,S
0957_01,Mars,True,TRAPPIST-1e,41.0,False,False,False,False,False,False,True,F,201.0,P
0960_01,Earth,False,TRAPPIST-1e,19.0,False,False,False,False,False,False,False,E,72.0,S
0961_01,Earth,False,55 Cancri e,14.0,False,False,False,False,False,False,True,G,141.0,P
0964_01,Europa,True,TRAPPIST-1e,21.0,False,False,False,False,False,False,True,B,36.0,P
0964_02,Europa,True,TRAPPIST-1e,48.0,False,False,False,False,False,False,True,B,36.0,P
0965_01,Mars,False,TRAPPIST-1e,19.0,False,False,False,False,False,False,False,F,178.0,S
0966_01,Earth,False,TRAPPIST-1e,29.0,False,False,False,False,False,False,False,F,179.0,S
0968_01,Earth,False,TRAPPIST-1e,20.0,False,False,False,False,False,False,False,E,53.0,P
0969_01,Mars,True,TRAPPIST-1e,44.0,False,False,False,False,False,False,True,F,202.0,P
0970_01,Earth,True,TRAPPIST-1e,19.0,False,False,False,False,False,False,True,G,142.0,P
0971_01,Earth,True,TRAPPIST-1e,64.0,False,False,False,False,False,False,False,G,143.0,P
0972_01,Earth,False,TRAPPIST-1e,21.0,False,False,False,False,False,False,False,E,54.0,P
0975_01,Earth,False,55 Cancri e,32.0,False,False,False,False,False,False,True,E,56.0,P
0976_01,Earth,True,TRAPPIST-1e,20.0,False,False,False,False,False,False,False,G,146.0,S
0978_01,Earth,False,TRAPPIST-1e,24.0,False,False,False,False,False,False,False,F,203.0,P
0979_01,Europa,False,TRAPPIST-1e,44.0,False,False,False,False,False,False,True,B,40.0,S
0982_01,Earth,True,PSO J318.5-22,57.0,False,False,False,False,False,False,True,G,145.0,P
0982_02,Earth,False,TRAPPIST-1e,51.0,False,False,False,False,False,False,False,G,145.0,P
0983_01,Earth,True,55 Cancri e,34.0,False,False,False,False,False,False,True,G,149.0,S
0984_01,Earth,False,TRAPPIST-1e,45.0,False,False,False,False,False,False,False,G,150.0,S
0984_02,Earth,False,TRAPPIST-1e,24.0,False,False,False,False,False,False,False,F,182.0,S
0984_03,Earth,False,TRAPPIST-1e,23.0,False,False,False,False,False,False,False,G,150.0,S
0984_04,Earth,True,TRAPPIST-1e,30.0,False,False,False,False,False,False,True,G,150.0,S
0984_05,Earth,False,55 Cancri e,20.0,False,False,False,False,False,False,False,F,182.0,S
0984_06,Earth,True,TRAPPIST-1e,22.0,False,False,False,False,False,False,True,G,150.0,S
0984_07,Earth,True,PSO J318.5-22,27.0,False,False,False,False,False,False,False,G,150.0,S
0984_08,Earth,True,TRAPPIST-1e,71.0,False,False,False,False,False,False,True,G,150.0,S
0985_01,Earth,False,55 Cancri e,18.0,False,False,False,False,False,False,True,E,57.0,P
0987_01,Earth,False,TRAPPIST-1e,16.0,False,False,False,False,False,False,False,F,204.0,P
0988_01,Earth,False,TRAPPIST-1e,28.0,False,False,False,False,False,False,False,G,151.0,S
0988_02,Earth,False,TRAPPIST-1e,36.0,False,False,False,False,False,False,True,E,73.0,S
0989_01,Earth,False,TRAPPIST-1e,6.0,False,False,False,False,False,False,False,G,146.0,P
0990_01,Earth,False,PSO J318.5-22,26.0,False,False,False,False,False,False,False,F,183.0,S
0991_01,Earth,True,TRAPPIST-1e,27.0,False,False,False,False,False,False,False,G,152.0,S
0992_01,Europa,False,TRAPPIST-1e,49.0,False,False,False,False,False,False,True,D,35.0,S
0992_02,Europa,False,TRAPPIST-1e,29.0,False,False,False,False,False,False,False,D,35.0,S
0992_03,Europa,False,55 Cancri e,46.0,False,False,False,False,False,False,True,D,35.0,S
0992_04,Europa,False,55 Cancri e,35.0,True,True,True,True,True,True,False,F,427.0,S
0992_05,Europa,True,55 Cancri e,17.0,False,False,False,False,False,False,True,D,35.0,S
0992_06,Europa,False,55 Cancri e,37.0,False,False,False,False,False,False,False,D,35.0,S
0993_01,Earth,False,55 Cancri e,24.0,False,False,False,False,False,False,False,F,184.0,S
0994_01,Earth,True,TRAPPIST-1e,47.0,False,False,False,False,False,False,False,G,153.0,S
0994_02,Earth,False,TRAPPIST-1e,26.0,False,False,False,False,False,False,False,F,185.0,S
0995_01,Europa,True,55 Cancri e,46.0,False,False,False,False,False,False,True,C,36.0,P
0997_01,Mars,False,TRAPPIST-1e,27.0,False,False,False,False,False,False,False,F,186.0,S
0998_01,Europa,False,TRAPPIST-1e,56.0,False,False,False,False,False,False,True,C,37.0,P
1000_01,Mars,False,TRAPPIST-1e,18.0,False,False,False,False,False,False,False,D,39.0,P
1001_01,Earth,True,TRAPPIST-1e,15.0,False,False,False,False,False,False,False,G,154.0,S
1002_01,Mars,False,55 Cancri e,3.0,False,False,False,False,False,False,True,F,187.0,S
1002_02,Mars,False,TRAPPIST-1e,42.0,False,False,False,False,False,False,False,F,187.0,S
1002_03,Mars,True,TRAPPIST-1e,1.0,False,False,False,False,False,False,True,F,187.0,S
1004_01,Europa,True,55 Cancri e,56.0,False,False,False,False,False,False,True,A,11.0,S
1005_01,Earth,False,TRAPPIST-1e,20.0,False,False,False,False,False,False,False,G,156.0,S
1006_01,Earth,False,TRAPPIST-1e,21.0,False,False,False,False,False,False,False,E,74.0,S
1006_02,Earth,True,TRAPPIST-1e,5.0,False,False,False,False,False,False,True,E,74.0,S
1006_03,Earth,False,TRAPPIST-1e,12.0,False,False,False,False,False,False,True,F,427.0,S
1008_01,Europa,True,55 Cancri e,39.0,False,False,False,False,False,False,True,C,39.0,S
1008_02,Europa,True,TRAPPIST-1e,60.0,False,False,False,False,False,False,True,C,39.0,S
1011_01,Earth,False,TRAPPIST-1e,31.0,False,False,False,False,False,False,False,F,427.0,S
1011_02,Earth,True,TRAPPIST-1e,58.0,False,False,False,False,False,False,False,G,148.0,P
1012_01,Earth,True,TRAPPIST-1e,19.0,False,False,False,False,False,False,True,G,149.0,P
1013_01,Earth,True,TRAPPIST-1e,29.0,False,False,False,False,False,False,False,G,158.0,S
1014_01,Mars,True,TRAPPIST-1e,19.0,False,False,False,False,False,False,True,F,207.0,P
1015_01,Earth,False,TRAPPIST-1e,44.0,False,False,False,False,False,False,False,F,189.0,S
1017_01,Earth,False,TRAPPIST-1e,20.0,False,False,False,False,False,False,False,F,190.0,S
1018_01,Earth,True,TRAPPIST-1e,18.0,False,False,False,False,False,False,True,G,150.0,P
1019_01,Earth,False,TRAPPIST-1e,36.0,False,False,False,False,False,False,True,F,191.0,S
1020_01,Mars,True,TRAPPIST-1e,25.0,False,False,False,False,False,False,True,F,208.0,P
1022_01,Earth,False,TRAPPIST-1e,15.0,False,False,False,False,False,False,False,F,427.0,S
1024_01,Earth,False,55 Cancri e,18.0,False,False,False,False,False,False,False,F,209.0,P
1024_02,Earth,True,TRAPPIST-1e,0.0,False,False,False,False,False,False,True,G,152.0,P
1024_03,Earth,False,55 Cancri e,54.0,False,False,False,False,False,False,False,G,152.0,P
1024_04,Earth,False,55 Cancri e,0.0,False,False,False,False,False,False,False,G,152.0,P
1025_01,Earth,False,TRAPPIST-1e,20.0,False,False,False,False,False,False,False,F,210.0,P
1026_01,Earth,True,TRAPPIST-1e,21.0,False,False,False,False,False,False,False,G,159.0,S
1027_01,Mars,False,TRAPPIST-1e,8.0,False,False,False,False,False,False,True,F,211.0,P
1027_02,Mars,False,TRAPPIST-1e,46.0,False,False,False,False,False,False,False,F,211.0,P
1027_03,Mars,False,TRAPPIST-1e,31.0,False,False,False,False,False,False,False,F,211.0,P
1027_04,Mars,False,55 Cancri e,3.0,False,False,False,False,False,False,True,F,211.0,P
1029_01,Mars,True,TRAPPIST-1e,30.0,False,False,False,False,False,False,True,F,212.0,P
1030_01,Earth,False,TRAPPIST-1e,23.0,False,False,False,False,False,False,False,F,213.0,P
1031_01,Earth,False,TRAPPIST-1e,14.0,False,False,False,False,False,False,False,F,194.0,S
1032_01,Earth,True,PSO J318.5-22,25.0,False,False,False,False,False,False,False,G,153.0,P
1033_01,Earth,True,TRAPPIST-1e,61.0,False,False,False,False,False,False,True,G,154.0,P
1034_01,Earth,False,TRAPPIST-1e,31.0,False,False,False,False,False,False,False,G,155.0,P
1035_01,Mars,False,55 Cancri e,13.0,False,False,False,False,False,False,True,F,214.0,P
1036_01,Earth,True,PSO J318.5-22,24.0,False,False,False,False,False,False,True,G,161.0,S
1038_01,Earth,False,TRAPPIST-1e,47.0,False,False,False,False,False,False,False,G,163.0,S
1040_01,Earth,False,PSO J318.5-22,15.0,False,False,False,False,False,False,True,G,164.0,S
1041_01,Europa,True,TRAPPIST-1e,46.0,False,False,False,False,False,False,True,F,427.0,S
1043_01,Earth,False,TRAPPIST-1e,49.0,False,False,False,False,False,False,False,F,215.0,P
1045_01,Europa,False,TRAPPIST-1e,37.0,False,False,False,False,False,False,False,C,38.0,P
1045_02,Europa,False,TRAPPIST-1e,44.0,False,False,False,False,False,False,False,C,38.0,P
1046_01,Earth,False,TRAPPIST-1e,16.0,False,False,False,False,False,False,False,F,196.0,S
1047_01,Earth,True,TRAPPIST-1e,58.0,False,False,False,False,False,False,True,G,156.0,P
1048_01,Earth,False,TRAPPIST-1e,20.0,False,False,False,False,False,False,True,F,216.0,P
1049_01,Mars,True,55 Cancri e,36.0,False,False,False,False,False,False,True,F,217.0,P
1049_02,Mars,True,TRAPPIST-1e,31.0,False,False,False,False,False,False,True,F,217.0,P
1051_01,Earth,False,TRAPPIST-1e,21.0,False,False,False,False,False,False,False,F,197.0,S
1052_01,Earth,False,55 Cancri e,22.0,False,False,False,False,False,False,False,F,198.0,S
1053_01,Earth,False,PSO J318.5-22,27.0,False,False,False,False,False,False,False,F,199.0,S
1054_01,Earth,False,TRAPPIST-1e,58.0,False,False,False,False,False,False,True,F,200.0,S
1056_01,Earth,True,TRAPPIST-1e,38.0,False,False,False,False,False,False,True,F,218.0,P
1056_02,Mars,True,55 Cancri e,30.0,False,False,False,False,False,False,True,F,218.0,P
1057_01,Europa,True,55 Cancri e,20.0,False,False,False,False,False,False,True,C,39.0,P
1058_01,Earth,False,TRAPPIST-1e,19.0,False,False,False,False,False,False,False,F,201.0,S
1060_01,Earth,False,TRAPPIST-1e,57.0,False,False,False,False,False,False,False,G,166.0,S
1062_01,Earth,False,TRAPPIST-1e,26.0,False,False,False,False,False,False,False,F,219.0,P
1063_01,Earth,False,TRAPPIST-1e,38.0,False,False,False,False,False,False,True,B,38.0,P
1063_02,Europa,True,TRAPPIST-1e,15.0,False,False,False,False,False,False,True,B,38.0,P
1065_01,Mars,True,TRAPPIST-1e,27.0,False,False,False,False,False,False,True,F,202.0,S
1066_01,Mars,True,TRAPPIST-1e,35.0,False,False,False,False,False,False,True,F,220.0,P
1068_01,Earth,True,PSO J318.5-22,38.0,False,False,False,False,False,False,False,G,167.0,S
1071_01,Earth,False,TRAPPIST-1e,35.0,False,False,False,False,False,False,False,T,0.0,P
1075_01,Europa,True,TRAPPIST-1e,14.0,False,False,False,False,False,False,True,B,41.0,S
1075_02,Europa,True,TRAPPIST-1e,27.0,False,False,False,False,False,False,True,B,41.0,S
1076_01,Earth,True,TRAPPIST-1e,25.0,False,False,False,False,False,False,False,G,161.0,P
1077_01,Earth,False,TRAPPIST-1e,37.0,False,False,False,False,False,False,False,G,162.0,P
1078_01,Earth,False,55 Cancri e,25.0,False,False,False,False,False,False,False,E,60.0,P
1079_01,Earth,False,55 Cancri e,41.0,False,False,False,False,False,False,False,G,163.0,P
1080_01,Mars,False,TRAPPIST-1e,50.0,False,False,False,False,False,False,False,F,204.0,S
1082_01,Mars,False,TRAPPIST-1e,33.0,False,False,False,False,False,False,False,F,205.0,S
1083_01,Mars,True,TRAPPIST-1e,27.0,False,False,False,False,False,False,True,F,206.0,S
1083_02,Mars,True,TRAPPIST-1e,23.0,False,False,False,False,False,False,True,F,206.0,S
1083_03,Mars,False,TRAPPIST-1e,18.0,False,False,False,False,False,False,True,F,206.0,S
1084_01,Earth,False,TRAPPIST-1e,31.0,False,False,False,False,False,False,False,F,207.0,S
1085_01,Earth,False,TRAPPIST-1e,54.0,False,False,False,False,False,False,False,G,165.0,P
1086_01,Earth,True,TRAPPIST-1e,0.0,False,False,False,False,False,False,True,G,166.0,P
1086_02,Earth,False,TRAPPIST-1e,11.0,False,False,False,False,False,False,False,G,166.0,P
1086_03,Earth,True,TRAPPIST-1e,4.0,False,False,False,False,False,False,False,G,166.0,P
1086_04,Earth,False,TRAPPIST-1e,19.0,False,False,False,False,False,False,True,E,61.0,P
1086_05,Earth,False,TRAPPIST-1e,7.0,False,False,False,False,False,False,True,G,166.0,P
1088_01,Earth,True,PSO J318.5-22,20.0,False,False,False,False,False,False,False,G,169.0,S
1089_01,Earth,True,55 Cancri e,33.0,False,False,False,False,False,False,True,D,41.0,P
1089_02,Europa,False,TRAPPIST-1e,26.0,False,False,False,False,False,False,False,D,41.0,P
1091_01,Mars,True,TRAPPIST-1e,35.0,False,False,False,False,False,False,True,F,223.0,P
1093_01,Mars,False,TRAPPIST-1e,23.0,False,False,False,False,False,False,True,D,42.0,P
1094_01,Earth,False,TRAPPIST-1e,60.0,False,False,False,False,False,False,False,F,224.0,P
1095_01,Europa,True,TRAPPIST-1e,34.0,False,False,False,False,False,False,True,F,427.0,S
1096_01,Earth,False,TRAPPIST-1e,27.0,False,False,False,False,False,False,False,G,170.0,S
1097_01,Mars,True,TRAPPIST-1e,42.0,False,False,False,False,False,False,True,E,76.0,S
1099_01,Earth,False,PSO J318.5-22,22.0,False,False,False,False,False,False,False,F,225.0,P
1100_01,Mars,False,TRAPPIST-1e,18.0,False,False,False,False,False,False,False,F,226.0,P
1100_02,Mars,False,TRAPPIST-1e,5.0,False,False,False,False,False,False,True,F,226.0,P
1100_03,Mars,False,TRAPPIST-1e,18.0,False,False,False,False,False,False,False,F,226.0,P
1100_04,Mars,False,TRAPPIST-1e,29.0,False,False,False,False,False,False,False,E,62.0,P
1102_01,Mars,False,PSO J318.5-22,39.0,False,False,False,False,False,False,False,F,227.0,P
1105_01,Earth,False,TRAPPIST-1e,17.0,False,False,False,False,False,False,False,F,208.0,S
1108_01,Mars,False,TRAPPIST-1e,58.0,False,False,False,False,False,False,False,F,211.0,S
1108_02,Mars,True,TRAPPIST-1e,5.0,False,False,False,False,False,False,True,F,211.0,S
1110_01,Europa,False,TRAPPIST-1e,23.0,False,False,False,False,False,False,False,C,42.0,S
1110_02,Europa,False,55 Cancri e,26.0,False,False,False,False,False,False,True,C,42.0,S
1112_01,Europa,False,55 Cancri e,40.0,False,False,False,False,False,False,True,B,39.0,P
1113_01,Earth,False,TRAPPIST-1e,20.0,False,False,False,False,False,False,True,E,78.0,S
1114_01,Mars,False,TRAPPIST-1e,38.0,True,True,True,True,True,True,False,E,79.0,S
1114_02,Mars,False,TRAPPIST-1e,31.0,False,False,False,False,False,False,False,E,79.0,S
1115_01,Earth,True,TRAPPIST-1e,34.0,False,False,False,False,False,False,True,G,173.0,S
1116_01,Earth,False,TRAPPIST-1e,9.0,False,False,False,False,False,False,True,G,174.0,S
1116_02,Earth,False,TRAPPIST-1e,36.0,False,False,False,False,False,False,True,F,427.0,S
1116_03,Earth,True,TRAPPIST-1e,26.0,False,False,False,False,False,False,True,G,174.0,S
1117_01,Earth,False,TRAPPIST-1e,18.0,False,False,False,False,False,False,False,E,63.0,P
1121_01,Earth,False,PSO J318.5-22,55.0,False,False,False,False,False,False,True,F,229.0,P
1123_01,Europa,False,TRAPPIST-1e,28.0,False,False,False,False,False,False,False,B,40.0,P
1127_01,Europa,True,55 Cancri e,18.0,False,False,False,False,False,False,True,B,43.0,S
1129_01,Earth,False,TRAPPIST-1e,28.0,False,False,False,False,False,False,False,E,80.0,S
1130_01,Mars,True,TRAPPIST-1e,23.0,False,False,False,False,False,False,False,E,81.0,S
1130_02,Mars,False,55 Cancri e,20.0,False,False,False,False,False,False,True,D,38.0,S
1132_01,Earth,True,TRAPPIST-1e,22.0,False,False,False,False,False,False,False,F,427.0,S
1133_01,Mars,False,TRAPPIST-1e,27.0,False,False,False,False,False,False,True,E,64.0,P
1134_01,Europa,True,55 Cancri e,13.0,False,False,False,False,False,False,True,F,427.0,S
1136_01,Earth,False,TRAPPIST-1e,32.0,False,False,False,False,False,False,True,G,175.0,S
1140_01,Europa,False,TRAPPIST-1e,53.0,False,False,False,False,False,False,True,B,46.0,S
1140_02,Europa,True,TRAPPIST-1e,34.0,False,False,False,False,False,False,True,B,46.0,S
1140_03,Europa,True,55 Cancri e,42.0,False,False,False,False,False,False,True,B,46.0,S
1141_01,Earth,True,TRAPPIST-1e,19.0,False,False,False,False,False,False,True,G,176.0,S
1142_01,Earth,False,TRAPPIST-1e,54.0,False,False,False,False,False,False,True,G,173.0,P
1144_01,Earth,False,TRAPPIST-1e,12.0,False,False,False,False,False,False,True,G,177.0,S
1144_02,Earth,False,TRAPPIST-1e,35.0,False,False,False,False,False,False,False,F,217.0,S
1144_03,Earth,False,TRAPPIST-1e,55.0,False,False,False,False,False,False,False,G,177.0,S
1146_01,Earth,False,55 Cancri e,26.0,False,False,False,False,False,False,False,F,232.0,P
1147_01,Europa,True,TRAPPIST-1e,49.0,False,False,False,False,False,False,True,B,42.0,P
1148_01,Europa,True,55 Cancri e,22.0,False,False,False,False,False,False,True,C,42.0,P
1148_02,Europa,False,55 Cancri e,27.0,False,False,False,False,False,False,False,C,42.0,P
1148_03,Europa,False,TRAPPIST-1e,30.0,False,False,False,False,False,False,False,C,42.0,P
1148_04,Europa,False,55 Cancri e,39.0,False,False,False,False,False,False,True,F,427.0,S
1148_05,Europa,True,TRAPPIST-1e,14.0,False,False,False,False,False,False,True,C,42.0,P
1148_06,Europa,True,TRAPPIST-1e,29.0,False,False,False,False,False,False,True,C,42.0,P
1148_07,Europa,False,55 Cancri e,34.0,False,False,False,False,False,False,False,C,42.0,P
1149_01,Earth,False,55 Cancri e,8.0,False,False,False,False,False,False,True,G,178.0,S
1149_02,Earth,False,TRAPPIST-1e,7.0,False,False,False,False,False,False,False,G,178.0,S
1149_03,Earth,True,TRAPPIST-1e,3.0,False,False,False,False,False,False,False,G,178.0,S
1149_04,Earth,False,TRAPPIST-1e,0.0,False,False,False,False,False,False,False,G,178.0,S
1149_05,Earth,False,55 Cancri e,10.0,False,False,False,False,False,False,False,G,178.0,S
1150_01,Earth,True,55 Cancri e,16.0,False,False,False,False,False,False,False,G,179.0,S
1152_01,Mars,False,TRAPPIST-1e,41.0,False,False,False,False,False,False,False,F,218.0,S
1153_01,Earth,True,TRAPPIST-1e,18.0,False,False,False,False,False,False,True,G,174.0,P
1154_01,Europa,True,TRAPPIST-1e,25.0,False,False,False,False,False,False,True,B,43.0,P
1154_02,Europa,True,TRAPPIST-1e,32.0,False,False,False,False,False,False,True,B,43.0,P
1154_03,Europa,True,55 Cancri e,26.0,False,False,False,False,False,False,True,B,43.0,P
1155_01,Earth,False,TRAPPIST-1e,26.0,False,False,False,False,False,False,False,F,233.0,P
1155_02,Earth,True,TRAPPIST-1e,18.0,False,False,False,False,False,False,True,G,175.0,P
1156_01,Europa,False,TRAPPIST-1e,27.0,False,False,False,False,False,False,False,B,47.0,S
1156_02,Europa,True,TRAPPIST-1e,26.0,False,False,False,False,False,False,True,B,47.0,S
1161_01,Europa,False,55 Cancri e,28.0,False,False,False,False,False,False,True,B,48.0,S
1161_02,Europa,False,55 Cancri e,19.0,False,False,False,False,False,False,False,B,48.0,S
1162_01,Europa,False,TRAPPIST-1e,31.0,False,False,False,False,False,False,True,C,45.0,S
1163_01,Earth,False,55 Cancri e,35.0,False,False,False,False,False,False,True,F,235.0,P
1165_01,Europa,False,55 Cancri e,46.0,False,False,False,False,False,False,False,B,44.0,P
1165_02,Europa,False,TRAPPIST-1e,37.0,False,False,False,False,False,False,False,B,44.0,P
1165_03,Europa,True,TRAPPIST-1e,29.0,False,False,False,False,False,False,True,B,44.0,P
1165_04,Europa,True,TRAPPIST-1e,17.0,False,False,False,False,False,False,True,B,44.0,P
1166_01,Europa,False,55 Cancri e,30.0,False,False,False,False,False,False,False,C,43.0,P
1167_01,Mars,True,TRAPPIST-1e,28.0,False,False,False,False,False,False,True,F,236.0,P
1168_01,Earth,False,TRAPPIST-1e,16.0,False,False,False,False,False,False,False,E,69.0,P
1169_01,Mars,False,TRAPPIST-1e,40.0,False,False,False,False,False,False,False,F,221.0,S
1170_01,Earth,False,TRAPPIST-1e,23.0,False,False,False,False,False,False,False,E,83.0,S
1173_01,Earth,False,PSO J318.5-22,24.0,False,False,False,False,False,False,True,G,182.0,S
1174_01,Earth,True,TRAPPIST-1e,36.0,False,False,False,False,False,False,True,G,176.0,P
1175_01,Mars,True,TRAPPIST-1e,34.0,False,False,False,False,False,False,True,F,223.0,S
1177_01,Europa,True,TRAPPIST-1e,59.0,False,False,False,False,False,False,True,C,44.0,P
1178_01,Earth,False,TRAPPIST-1e,20.0,False,False,False,False,False,False,False,F,224.0,S
1179_01,Europa,True,TRAPPIST-1e,15.0,False,False,False,False,False,False,True,B,49.0,S
1180_01,Earth,False,TRAPPIST-1e,19.0,False,False,False,False,False,False,False,F,225.0,S
1182_01,Mars,True,55 Cancri e,64.0,False,False,False,False,False,False,True,F,237.0,P
1182_02,Mars,False,TRAPPIST-1e,24.0,False,False,False,False,False,False,True,E,70.0,P
1182_03,Mars,False,TRAPPIST-1e,23.0,False,False,False,False,False,False,True,F,237.0,P
1185_01,Mars,False,TRAPPIST-1e,30.0,False,False,False,False,False,False,False,E,71.0,P
1186_01,Earth,False,TRAPPIST-1e,0.0,False,False,False,False,False,False,True,G,183.0,S
1186_02,Earth,False,TRAPPIST-1e,8.0,False,False,False,False,False,False,False,G,183.0,S
1186_03,Earth,True,TRAPPIST-1e,1.0,False,False,False,False,False,False,False,G,183.0,S
1186_04,Earth,False,TRAPPIST-1e,48.0,False,False,False,False,False,False,True,F,227.0,S
1186_05,Earth,False,TRAPPIST-1e,12.0,False,False,False,False,False,False,False,G,183.0,S
1187_01,Earth,False,TRAPPIST-1e,30.0,False,False,False,False,False,False,False,F,228.0,S
1187_02,Earth,False,TRAPPIST-1e,10.0,False,False,False,False,False,False,False,G,184.0,S
1187_03,Earth,False,TRAPPIST-1e,11.0,False,False,False,False,False,False,False,G,184.0,S
1188_01,Europa,False,TRAPPIST-1e,58.0,False,False,False,False,False,False,False,C,46.0,P
1190_01,Earth,False,TRAPPIST-1e,52.0,False,False,False,False,False,False,True,E,72.0,P
1191_01,Earth,False,TRAPPIST-1e,36.0,False,False,False,False,False,False,False,F,229.0,S
1192_01,Earth,False,TRAPPIST-1e,32.0,False,False,False,False,False,False,False,F,238.0,P
1193_01,Europa,True,TRAPPIST-1e,16.0,False,False,False,False,False,False,True,B,50.0,S
1193_02,Europa,True,55 Cancri e,25.0,False,False,False,False,False,False,True,B,50.0,S
1195_01,Earth,False,55 Cancri e,28.0,False,False,False,False,False,False,True,F,239.0,P
1197_01,Europa,False,55 Cancri e,32.0,True,True,True,True,True,True,False,B,45.0,P
1198_01,Mars,False,TRAPPIST-1e,28.0,False,False,False,False,False,False,True,F,427.0,S
1199_01,Earth,False,TRAPPIST-1e,16.0,False,False,False,False,False,False,False,E,73.0,P
1203_01,Europa,False,55 Cancri e,50.0,True,True,True,True,True,True,False,B,51.0,S
1206_01,Earth,False,TRAPPIST-1e,20.0,False,False,False,False,False,False,False,F,241.0,P
1208_01,Earth,False,TRAPPIST-1e,23.0,False,False,False,False,False,False,False,G,178.0,P
1210_01,Earth,True,TRAPPIST-1e,45.0,False,False,False,False,False,False,True,G,179.0,P
1210_02,Earth,False,TRAPPIST-1e,23.0,False,False,False,False,False,False,False,G,179.0,P
1211_01,Earth,True,PSO J318.5-22,53.0,False,False,False,False,False,False,False,G,186.0,S
1211_02,Earth,True,TRAPPIST-1e,8.0,False,False,False,False,False,False,False,G,186.0,S
1211_03,Earth,True,TRAPPIST-1e,6.0,False,False,False,False,False,False,True,G,186.0,S
1211_04,Earth,True,TRAPPIST-1e,3.0,False,False,False,False,False,False,False,G,186.0,S
1211_05,Earth,False,55 Cancri e,13.0,False,False,False,False,False,False,True,F,232.0,S
1211_06,Earth,True,TRAPPIST-1e,60.0,False,False,False,False,False,False,False,G,186.0,S
1211_07,Earth,False,55 Cancri e,1.0,False,False,False,False,False,False,True,G,186.0,S
1212_01,Earth,False,TRAPPIST-1e,40.0,False,False,False,False,False,False,False,G,180.0,P
1213_01,Earth,False,TRAPPIST-1e,51.0,False,False,False,False,False,False,True,F,242.0,P
1214_01,Earth,True,55 Cancri e,31.0,False,False,False,False,False,False,True,G,181.0,P
1215_01,Earth,True,TRAPPIST-1e,28.0,False,False,False,False,False,False,True,G,187.0,S
1216_01,Earth,False,TRAPPIST-1e,20.0,False,False,False,False,False,False,True,G,182.0,P
1218_01,Earth,False,TRAPPIST-1e,14.0,False,False,False,False,False,False,False,F,243.0,P
1220_01,Europa,False,TRAPPIST-1e,23.0,False,False,False,False,False,False,False,E,76.0,P
1221_01,Earth,False,TRAPPIST-1e,4.0,False,False,False,False,False,False,False,G,188.0,S
1221_02,Earth,False,TRAPPIST-1e,20.0,False,False,False,False,False,False,False,E,87.0,S
1222_01,Earth,False,TRAPPIST-1e,75.0,False,False,False,False,False,False,False,G,183.0,P
1223_01,Europa,True,55 Cancri e,24.0,False,False,False,False,False,False,True,C,48.0,S
1225_01,Earth,False,TRAPPIST-1e,18.0,False,False,False,False,False,False,True,F,244.0,P
1228_01,Mars,True,TRAPPIST-1e,21.0,False,False,False,False,False,False,True,F,427.0,S
1228_02,Mars,False,TRAPPIST-1e,59.0,False,False,False,False,False,False,True,E,89.0,S
1229_01,Earth,False,TRAPPIST-1e,27.0,False,False,False,False,False,False,True,F,245.0,P
1230_01,Earth,False,TRAPPIST-1e,38.0,False,False,False,False,False,False,False,G,189.0,S
1231_01,Mars,True,TRAPPIST-1e,41.0,False,False,False,False,False,False,False,E,77.0,P
1232_01,Europa,True,TRAPPIST-1e,36.0,False,False,False,False,False,False,True,C,49.0,S
1232_02,Europa,False,55 Cancri e,29.0,False,False,False,False,False,False,False,C,49.0,S
1233_01,Earth,True,PSO J318.5-22,22.0,False,False,False,False,False,False,True,G,184.0,P
1234_01,Earth,False,PSO J318.5-22,23.0,False,False,False,False,False,False,True,F,236.0,S
1235_01,Earth,False,TRAPPIST-1e,32.0,False,False,False,False,False,False,True,F,237.0,S
1236_01,Earth,False,55 Cancri e,21.0,False,False,False,False,False,False,False,F,246.0,P
1238_01,Europa,False,TRAPPIST-1e,26.0,False,False,False,False,False,False,True,C,50.0,S
1238_02,Europa,True,TRAPPIST-1e,61.0,False,False,False,False,False,False,True,B,53.0,S
1239_01,Earth,False,PSO J318.5-22,30.0,False,False,False,False,False,False,True,E,78.0,P
1240_01,Earth,False,TRAPPIST-1e,40.0,False,False,False,False,False,False,True,F,238.0,S
1242_01,Europa,False,55 Cancri e,37.0,False,False,False,False,False,False,True,C,48.0,P
1243_01,Europa,False,TRAPPIST-1e,41.0,False,False,False,False,False,False,False,A,9.0,P
1243_02,Europa,False,TRAPPIST-1e,32.0,False,False,False,False,False,False,False,A,9.0,P
1246_01,Earth,False,TRAPPIST-1e,30.0,False,False,False,False,False,False,False,G,185.0,P
1248_01,Earth,False,PSO J318.5-22,27.0,False,False,False,False,False,False,True,F,239.0,S
1250_01,Earth,False,TRAPPIST-1e,22.0,False,False,False,False,False,False,False,F,240.0,S
1254_01,Mars,False,TRAPPIST-1e,54.0,False,False,False,False,False,False,False,D,44.0,S
1254_02,Mars,False,TRAPPIST-1e,27.0,False,False,False,False,False,False,False,F,241.0,S
1255_01,Mars,True,TRAPPIST-1e,52.0,False,False,False,False,False,False,True,F,242.0,S
1255_02,Mars,True,TRAPPIST-1e,15.0,False,False,False,False,False,False,True,F,242.0,S
1256_01,Mars,False,TRAPPIST-1e,27.0,False,False,False,False,False,False,False,E,92.0,S
1258_01,Europa,False,55 Cancri e,30.0,False,False,False,False,False,False,False,A,10.0,P
1259_01,Earth,False,TRAPPIST-1e,19.0,False,False,False,False,False,False,False,F,243.0,S
1260_01,Earth,True,PSO J318.5-22,22.0,False,False,False,False,False,False,True,G,186.0,P
1261_01,Europa,False,55 Cancri e,43.0,False,False,False,False,False,False,False,C,49.0,P
1263_01,Mars,False,TRAPPIST-1e,25.0,False,False,False,False,False,False,False,F,244.0,S
1264_01,Earth,False,TRAPPIST-1e,51.0,False,False,False,False,False,False,False,E,79.0,P
1267_01,Earth,True,PSO J318.5-22,34.0,False,False,False,False,False,False,True,G,191.0,S
1269_01,Mars,False,TRAPPIST-1e,21.0,False,False,False,False,False,False,False,E,80.0,P
1271_01,Earth,True,PSO J318.5-22,21.0,False,False,False,False,False,False,False,G,189.0,P
1273_01,Earth,False,TRAPPIST-1e,23.0,False,False,False,False,False,False,False,F,246.0,S
1274_01,Earth,False,55 Cancri e,38.0,False,False,False,False,False,False,False,F,254.0,P
1278_01,Earth,True,TRAPPIST-1e,30.0,False,False,False,False,False,False,False,G,190.0,P
1279_01,Europa,True,55 Cancri e,31.0,False,False,False,False,False,False,True,C,50.0,P
1280_01,Earth,False,PSO J318.5-22,44.0,False,False,False,False,False,False,True,F,257.0,P
1281_01,Earth,True,TRAPPIST-1e,14.0,False,False,False,False,False,False,False,G,193.0,S
1282_01,Earth,True,PSO J318.5-22,18.0,False,False,False,False,False,False,False,G,191.0,P
1283_01,Earth,False,TRAPPIST-1e,19.0,False,False,False,False,False,False,False,G,194.0,S
1284_01,Mars,True,TRAPPIST-1e,27.0,False,False,False,False,False,False,True,F,247.0,S
1285_01,Earth,False,55 Cancri e,36.0,False,False,False,False,False,False,False,F,258.0,P
1286_01,Mars,True,TRAPPIST-1e,10.0,False,False,False,False,False,False,True,F,248.0,S
1287_01,Mars,True,TRAPPIST-1e,1.0,False,False,False,False,False,False,True,F,259.0,P
1287_02,Mars,True,55 Cancri e,4.0,False,False,False,False,False,False,True,F,259.0,P
1287_03,Mars,False,TRAPPIST-1e,21.0,False,False,False,False,False,False,False,F,259.0,P
1288_01,Earth,False,TRAPPIST-1e,24.0,False,False,False,False,False,False,False,G,192.0,P
1289_01,Earth,False,TRAPPIST-1e,8.0,False,False,False,False,False,False,False,G,195.0,S
1289_02,Earth,False,TRAPPIST-1e,18.0,False,False,False,False,False,False,False,G,195.0,S
1291_01,Mars,False,TRAPPIST-1e,33.0,False,False,False,False,False,False,False,F,260.0,P
1292_01,Europa,False,55 Cancri e,31.0,True,True,True,True,True,True,True,B,55.0,S
1292_02,Europa,False,TRAPPIST-1e,43.0,False,False,False,False,False,False,True,B,55.0,S
1293_01,Earth,False,TRAPPIST-1e,20.0,False,False,False,False,False,False,False,F,261.0,P
1294_01,Europa,True,TRAPPIST-1e,28.0,False,False,False,False,False,False,True,A,14.0,S
1294_02,Europa,True,PSO J318.5-22,30.0,False,False,False,False,False,False,True,A,14.0,S
1294_03,Europa,False,TRAPPIST-1e,28.0,True,True,True,True,True,True,False,A,14.0,S
1295_01,Earth,False,TRAPPIST-1e,19.0,False,False,False,False,False,False,False,F,427.0,S
1299_01,Earth,False,TRAPPIST-1e,22.0,False,False,False,False,False,False,True,F,250.0,S
1300_01,Earth,False,55 Cancri e,27.0,False,False,False,False,False,False,False,F,251.0,S
1302_01,Mars,False,55 Cancri e,22.0,False,False,False,False,False,False,True,D,45.0,S
1304_01,Earth,True,55 Cancri e,2.0,False,False,False,False,False,False,True,E,82.0,P
1304_02,Earth,False,TRAPPIST-1e,4.0,False,False,False,False,False,False,False,E,82.0,P
1304_03,Earth,False,TRAPPIST-1e,10.0,False,False,False,False,False,False,False,E,82.0,P
1304_04,Earth,False,TRAPPIST-1e,9.0,False,False,False,False,False,False,True,E,82.0,P
1304_05,Earth,True,TRAPPIST-1e,37.0,False,False,False,False,False,False,False,E,82.0,P
1304_06,Earth,False,PSO J318.5-22,2.0,False,False,False,False,False,False,True,E,82.0,P
1306_01,Europa,False,TRAPPIST-1e,44.0,False,False,False,False,False,False,True,B,56.0,S
1306_02,Europa,False,55 Cancri e,11.0,False,False,False,False,False,False,True,B,56.0,S
1307_01,Earth,True,TRAPPIST-1e,22.0,False,False,False,False,False,False,False,G,193.0,P
1308_01,Europa,True,55 Cancri e,40.0,False,False,False,False,False,False,True,F,427.0,S
1308_02,Europa,False,55 Cancri e,30.0,False,False,False,False,False,False,False,E,94.0,S
1308_03,Europa,False,55 Cancri e,37.0,False,False,False,False,False,False,False,E,94.0,S
1308_04,Europa,True,55 Cancri e,26.0,False,False,False,False,False,False,True,E,94.0,S
1309_01,Earth,False,TRAPPIST-1e,19.0,False,False,False,False,False,False,True,F,264.0,P
1310_01,Europa,False,TRAPPIST-1e,57.0,False,False,False,False,False,False,False,C,52.0,S
1311_01,Mars,False,TRAPPIST-1e,1.0,False,False,False,False,False,False,True,F,265.0,P
1311_02,Mars,False,TRAPPIST-1e,17.0,False,False,False,False,False,False,False,F,265.0,P
1311_03,Mars,False,TRAPPIST-1e,26.0,False,False,False,False,False,False,False,D,43.0,P
1312_01,Earth,True,55 Cancri e,21.0,False,False,False,False,False,False,True,G,194.0,P
1316_01,Europa,True,TRAPPIST-1e,28.0,False,False,False,False,False,False,True,E,95.0,S
1316_02,Europa,False,55 Cancri e,36.0,False,False,False,False,False,False,False,E,95.0,S
1317_01,Mars,False,TRAPPIST-1e,25.0,False,False,False,False,False,False,False,F,266.0,P
1322_01,Earth,True,TRAPPIST-1e,40.0,False,False,False,False,False,False,True,G,196.0,P
1323_01,Earth,True,55 Cancri e,23.0,False,False,False,False,False,False,True,F,267.0,P
1324_01,Earth,True,55 Cancri e,2.0,False,False,False,False,False,False,False,G,199.0,S
1324_02,Earth,False,55 Cancri e,10.0,False,False,False,False,False,False,False,G,199.0,S
1324_03,Earth,True,TRAPPIST-1e,43.0,False,False,False,False,False,False,True,G,199.0,S
1325_01,Earth,True,TRAPPIST-1e,0.0,False,False,False,False,False,False,True,E,97.0,S
1325_02,Earth,False,TRAPPIST-1e,24.0,False,False,False,False,False,False,False,E,97.0,S
1325_03,Earth,True,TRAPPIST-1e,42.0,False,False,False,False,False,False,True,E,97.0,S
1326_01,Mars,False,TRAPPIST-1e,30.0,False,False,False,False,False,False,False,F,257.0,S
1326_02,Mars,False,TRAPPIST-1e,19.0,False,False,False,False,False,False,False,F,257.0,S
1328_01,Earth,True,TRAPPIST-1e,26.0,False,False,False,False,False,False,False,G,198.0,P
1330_01,Mars,False,TRAPPIST-1e,47.0,False,False,False,False,False,False,False,D,46.0,S
1330_02,Mars,False,TRAPPIST-1e,28.0,False,False,False,False,False,False,True,D,46.0,S
1331_01,Earth,True,PSO J318.5-22,24.0,False,False,False,False,False,False,True,G,200.0,S
1332_01,Earth,False,TRAPPIST-1e,29.0,False,False,False,False,False,False,False,E,98.0,S
1333_01,Earth,False,PSO J318.5-22,32.0,False,False,False,False,False,False,False,F,269.0,P
1335_01,Earth,True,TRAPPIST-1e,44.0,False,False,False,False,False,False,False,G,199.0,P
1336_01,Earth,True,TRAPPIST-1e,17.0,False,False,False,False,False,False,True,G,201.0,S
1337_01,Earth,False,55 Cancri e,35.0,False,False,False,False,False,False,False,F,258.0,S
1340_01,Earth,True,TRAPPIST-1e,23.0,False,False,False,False,False,False,False,G,203.0,S
1342_01,Earth,False,TRAPPIST-1e,34.0,False,False,False,False,False,False,False,G,200.0,P
1345_01,Earth,False,TRAPPIST-1e,25.0,False,False,False,False,False,False,False,F,260.0,S
1347_01,Earth,False,TRAPPIST-1e,67.0,False,False,False,False,False,False,True,F,271.0,P
1348_01,Europa,False,TRAPPIST-1e,22.0,False,False,False,False,False,False,False,B,57.0,S
1348_02,Europa,True,TRAPPIST-1e,27.0,False,False,False,False,False,False,True,B,57.0,S
1350_01,Earth,True,55 Cancri e,27.0,False,False,False,False,False,False,True,G,206.0,S
1350_02,Earth,False,TRAPPIST-1e,14.0,False,False,False,False,False,False,False,F,261.0,S
1350_03,Earth,False,PSO J318.5-22,42.0,False,False,False,False,False,False,False,G,206.0,S
1350_04,Earth,True,PSO J318.5-22,19.0,False,False,False,False,False,False,False,G,206.0,S
1351_01,Earth,False,TRAPPIST-1e,22.0,False,False,False,False,False,False,False,G,202.0,P
1352_01,Mars,False,TRAPPIST-1e,31.0,False,False,False,False,False,False,False,F,272.0,P
1353_01,Mars,False,TRAPPIST-1e,10.0,False,False,False,False,False,False,True,F,262.0,S
1353_02,Mars,False,TRAPPIST-1e,39.0,False,False,False,False,False,False,False,F,262.0,S
1353_03,Mars,True,TRAPPIST-1e,41.0,False,False,False,False,False,False,True,F,262.0,S
1353_04,Mars,False,TRAPPIST-1e,0.0,False,False,False,False,False,False,True,F,262.0,S
1355_01,Earth,True,PSO J318.5-22,22.0,False,False,False,False,False,False,True,G,203.0,P
1356_01,Earth,False,TRAPPIST-1e,21.0,False,False,False,False,False,False,False,G,207.0,S
1357_01,Mars,True,TRAPPIST-1e,40.0,False,False,False,False,False,False,True,D,48.0,S
1360_01,Earth,False,TRAPPIST-1e,25.0,False,False,False,False,False,False,True,E,100.0,S
1362_01,Earth,False,TRAPPIST-1e,23.0,False,False,False,False,False,False,False,F,265.0,S
1365_01,Europa,False,55 Cancri e,33.0,False,False,False,False,False,False,False,B,58.0,S
1365_02,Europa,True,TRAPPIST-1e,20.0,False,False,False,False,False,False,True,B,58.0,S
1366_01,Earth,True,55 Cancri e,40.0,False,False,False,False,False,False,True,G,206.0,P
1368_01,Earth,True,TRAPPIST-1e,27.0,False,False,False,False,False,False,False,G,208.0,P
1370_01,Earth,False,TRAPPIST-1e,21.0,False,False,False,False,False,False,False,E,102.0,S
1371_01,Mars,False,TRAPPIST-1e,25.0,False,False,False,False,False,False,False,D,44.0,P
1375_01,Earth,False,TRAPPIST-1e,2.0,False,False,False,False,False,False,False,G,208.0,S
1375_02,Earth,False,TRAPPIST-1e,19.0,False,False,False,False,False,False,False,F,267.0,S
1376_01,Earth,True,TRAPPIST-1e,41.0,False,False,False,False,False,False,False,G,211.0,P
1377_01,Europa,False,TRAPPIST-1e,43.0,False,False,False,False,False,False,True,C,52.0,P
1378_01,Earth,False,TRAPPIST-1e,19.0,False,False,False,False,False,False,False,G,212.0,P
1378_02,Earth,False,TRAPPIST-1e,22.0,False,False,False,False,False,False,True,F,275.0,P
1379_01,Earth,False,TRAPPIST-1e,16.0,False,False,False,False,False,False,False,F,268.0,S
1380_01,Europa,False,55 Cancri e,42.0,False,False,False,False,False,False,False,C,53.0,S
1381_01,Earth,True,PSO J318.5-22,20.0,False,False,False,False,False,False,True,G,209.0,S
1382_01,Earth,False,TRAPPIST-1e,35.0,False,False,False,False,False,False,False,E,104.0,S
1383_01,Europa,True,TRAPPIST-1e,53.0,False,False,False,False,False,False,True,D,49.0,S
1384_01,Earth,False,TRAPPIST-1e,17.0,False,False,False,False,False,False,False,E,105.0,S
1384_02,Earth,True,TRAPPIST-1e,6.0,False,False,False,False,False,False,False,G,210.0,S
1384_03,Earth,False,TRAPPIST-1e,22.0,False,False,False,False,False,False,True,F,269.0,S
1384_04,Earth,False,TRAPPIST-1e,41.0,False,False,False,False,False,False,True,F,269.0,S
1384_05,Earth,False,TRAPPIST-1e,19.0,False,False,False,False,False,False,True,E,105.0,S
1385_01,Earth,False,TRAPPIST-1e,39.0,False,False,False,False,False,False,False,G,213.0,P
1386_01,Earth,True,TRAPPIST-1e,23.0,False,False,False,False,False,False,True,G,214.0,P
1387_01,Mars,False,TRAPPIST-1e,31.0,False,False,False,False,False,False,False,E,85.0,P
1389_01,Earth,True,55 Cancri e,38.0,False,False,False,False,False,False,True,G,212.0,S
1390_01,Earth,True,PSO J318.5-22,1.0,False,False,False,False,False,False,True,G,215.0,P
1391_01,Mars,True,TRAPPIST-1e,13.0,False,False,False,False,False,False,True,F,276.0,P
1391_02,Mars,False,TRAPPIST-1e,21.0,False,False,False,False,False,False,False,F,276.0,P
1391_03,Mars,False,TRAPPIST-1e,44.0,False,False,False,False,False,False,False,F,276.0,P
1393_01,Mars,False,TRAPPIST-1e,36.0,False,False,False,False,False,False,False,F,270.0,S
1393_02,Mars,False,TRAPPIST-1e,19.0,False,False,False,False,False,False,False,F,270.0,S
1395_01,Earth,False,TRAPPIST-1e,7.0,False,False,False,False,False,False,True,G,214.0,S
1397_01,Earth,False,TRAPPIST-1e,39.0,False,False,False,False,False,False,False,F,271.0,S
1398_01,Earth,False,TRAPPIST-1e,28.0,False,False,False,False,False,False,True,G,216.0,P
1399_01,Earth,False,TRAPPIST-1e,28.0,False,False,False,False,False,False,False,F,272.0,S
1400_01,Earth,True,55 Cancri e,14.0,False,False,False,False,False,False,True,G,217.0,P
1401_01,Earth,False,TRAPPIST-1e,18.0,False,False,False,False,False,False,False,G,218.0,P
1402_01,Earth,True,PSO J318.5-22,23.0,False,False,False,False,False,False,True,G,215.0,S
1402_02,Earth,True,55 Cancri e,33.0,False,False,False,False,False,False,True,G,215.0,S
1403_01,Earth,False,TRAPPIST-1e,18.0,False,False,False,False,False,False,False,E,86.0,P
1404_01,Europa,False,TRAPPIST-1e,47.0,False,False,False,False,False,False,False,B,60.0,S
1404_02,Europa,False,TRAPPIST-1e,42.0,False,False,False,False,False,False,False,F,427.0,S
1406_01,Mars,False,TRAPPIST-1e,17.0,False,False,False,False,False,False,False,E,106.0,S
1407_01,Earth,False,TRAPPIST-1e,21.0,False,False,False,False,False,False,False,F,278.0,P
1407_02,Earth,False,PSO J318.5-22,17.0,False,False,False,False,False,False,True,F,278.0,P
1408_01,Earth,False,PSO J318.5-22,26.0,False,False,False,False,False,False,False,G,216.0,S
1410_01,Earth,False,TRAPPIST-1e,23.0,False,False,False,False,False,False,False,F,279.0,P
1412_01,Earth,False,55 Cancri e,15.0,False,False,False,False,False,False,False,G,217.0,S
1413_01,Earth,True,PSO J318.5-22,18.0,False,False,False,False,False,False,False,G,218.0,S
1414_01,Earth,False,TRAPPIST-1e,65.0,False,False,False,False,False,False,False,F,280.0,P
1415_01,Europa,False,55 Cancri e,33.0,False,False,False,False,False,False,True,D,45.0,P
1416_01,Earth,True,TRAPPIST-1e,27.0,False,False,False,False,False,False,False,G,219.0,P
1417_01,Europa,False,TRAPPIST-1e,41.0,False,False,False,False,False,False,False,C,54.0,S
1419_01,Mars,False,TRAPPIST-1e,42.0,False,False,False,False,False,False,False,F,273.0,S
1420_01,Mars,True,TRAPPIST-1e,27.0,False,False,False,False,False,False,False,E,108.0,S
1421_01,Mars,False,TRAPPIST-1e,37.0,False,False,False,False,False,False,False,F,274.0,S
1421_02,Mars,False,55 Cancri e,17.0,False,False,False,False,False,False,False,F,274.0,S
1423_01,Europa,True,TRAPPIST-1e,24.0,False,False,False,False,False,False,True,B,61.0,S
1423_02,Europa,True,TRAPPIST-1e,39.0,False,False,False,False,False,False,True,B,61.0,S
1423_03,Europa,True,55 Cancri e,59.0,False,False,False,False,False,False,True,B,61.0,S
1424_01,Europa,True,TRAPPIST-1e,32.0,False,False,False,False,False,False,True,B,47.0,P
1424_02,Europa,False,55 Cancri e,29.0,False,False,False,False,False,False,False,B,47.0,P
1424_03,Europa,False,TRAPPIST-1e,8.0,False,False,False,False,False,False,True,B,47.0,P
1424_04,Europa,False,55 Cancri e,28.0,False,False,False,False,False,False,True,B,47.0,P
1424_05,Europa,True,TRAPPIST-1e,35.0,False,False,False,False,False,False,True,B,47.0,P
1425_01,Earth,False,TRAPPIST-1e,24.0,False,False,False,False,False,False,False,F,282.0,P
1425_02,Earth,True,TRAPPIST-1e,1.0,False,False,False,False,False,False,True,G,220.0,P
1425_03,Earth,True,TRAPPIST-1e,4.0,False,False,False,False,False,False,True,G,220.0,P
1426_01,Europa,True,55 Cancri e,28.0,False,False,False,False,False,False,True,D,46.0,P
1427_01,Mars,True,TRAPPIST-1e,46.0,False,False,False,False,False,False,True,F,275.0,S
1427_02,Mars,False,TRAPPIST-1e,67.0,False,False,False,False,False,False,False,F,275.0,S
1428_01,Earth,False,TRAPPIST-1e,44.0,False,False,False,False,False,False,False,E,109.0,S
1430_01,Earth,False,TRAPPIST-1e,14.0,False,False,False,False,False,False,False,F,283.0,P
1431_01,Earth,False,TRAPPIST-1e,23.0,False,False,False,False,False,False,True,G,221.0,P
1433_01,Earth,True,TRAPPIST-1e,51.0,False,False,False,False,False,False,False,G,219.0,S
1434_01,Earth,False,TRAPPIST-1e,20.0,False,False,False,False,False,False,False,G,222.0,P
1434_02,Earth,False,TRAPPIST-1e,0.0,False,False,False,False,False,False,True,F,427.0,S
1434_03,Earth,True,TRAPPIST-1e,0.0,False,False,False,False,False,False,False,G,222.0,P
1435_01,Earth,False,TRAPPIST-1e,23.0,False,False,False,False,False,False,False,G,223.0,P
1438_01,Earth,False,TRAPPIST-1e,24.0,False,False,False,False,False,False,False,E,89.0,P
1439_01,Mars,False,TRAPPIST-1e,41.0,False,False,False,False,False,False,False,F,279.0,S
1439_02,Mars,False,TRAPPIST-1e,30.0,False,False,False,False,False,False,False,D,52.0,S
1440_01,Earth,False,TRAPPIST-1e,27.0,False,False,False,False,False,False,False,F,280.0,S
1442_01,Earth,True,PSO J318.5-22,13.0,False,False,False,False,False,False,True,G,220.0,S
1443_01,Earth,True,TRAPPIST-1e,16.0,False,False,False,False,False,False,True,G,225.0,P
1444_01,Europa,False,TRAPPIST-1e,30.0,False,False,False,False,False,False,True,C,55.0,S
1445_01,Earth,False,PSO J318.5-22,8.0,False,False,False,False,False,False,True,G,221.0,S
1447_01,Earth,False,TRAPPIST-1e,59.0,False,False,False,False,False,False,False,G,227.0,P
1450_01,Europa,True,55 Cancri e,43.0,False,False,False,False,False,False,True,D,53.0,S
1450_02,Europa,False,55 Cancri e,30.0,False,False,False,False,False,False,False,D,53.0,S
1451_01,Europa,False,55 Cancri e,46.0,False,False,False,False,False,False,False,C,56.0,S
1451_02,Europa,True,TRAPPIST-1e,39.0,False,False,False,False,False,False,True,C,56.0,S
1452_01,Europa,False,TRAPPIST-1e,21.0,False,False,False,False,False,False,False,C,53.0,P
1452_02,Europa,True,TRAPPIST-1e,70.0,False,False,False,False,False,False,True,F,427.0,S
1452_03,Europa,False,55 Cancri e,34.0,False,False,False,False,False,False,False,C,53.0,P
1452_04,Europa,False,TRAPPIST-1e,33.0,False,False,False,False,False,False,False,C,53.0,P
1452_05,Europa,True,55 Cancri e,44.0,False,False,False,False,False,False,True,C,53.0,P
1453_01,Earth,False,55 Cancri e,16.0,False,False,False,False,False,False,False,G,229.0,P
1453_02,Earth,False,TRAPPIST-1e,63.0,False,False,False,False,False,False,True,G,229.0,P
1454_01,Europa,False,TRAPPIST-1e,37.0,False,False,False,False,False,False,False,D,54.0,S
1455_01,Europa,True,55 Cancri e,29.0,False,False,False,False,False,False,True,B,62.0,S
1455_02,Europa,False,TRAPPIST-1e,29.0,False,False,False,False,False,False,True,B,62.0,S
1455_03,Europa,True,55 Cancri e,22.0,False,False,False,False,False,False,True,B,62.0,S
1455_04,Europa,False,TRAPPIST-1e,26.0,False,False,False,False,False,False,True,B,62.0,S
1455_05,Europa,False,55 Cancri e,76.0,False,False,False,False,False,False,False,B,62.0,S
1457_01,Earth,False,TRAPPIST-1e,61.0,False,False,False,False,False,False,False,E,110.0,S
1458_01,Earth,False,TRAPPIST-1e,46.0,False,False,False,False,False,False,False,G,223.0,S
1460_01,Earth,False,TRAPPIST-1e,19.0,False,False,False,False,False,False,True,F,285.0,P
1460_02,Earth,True,PSO J318.5-22,13.0,False,False,False,False,False,False,True,G,230.0,P
1461_01,Earth,True,TRAPPIST-1e,27.0,False,False,False,False,False,False,False,G,224.0,S
1462_01,Earth,True,TRAPPIST-1e,30.0,False,False,False,False,False,False,True,G,231.0,P
1463_01,Earth,False,PSO J318.5-22,23.0,False,False,False,False,False,False,False,F,282.0,S
1465_01,Earth,False,PSO J318.5-22,63.0,False,False,False,False,False,False,False,G,233.0,P
1467_01,Earth,False,TRAPPIST-1e,21.0,False,False,False,False,False,False,False,E,111.0,S
1474_01,Mars,True,TRAPPIST-1e,32.0,False,False,False,False,False,False,True,F,287.0,P
1478_01,Earth,False,TRAPPIST-1e,33.0,False,False,False,False,False,False,False,F,289.0,P
1478_02,Earth,False,PSO J318.5-22,39.0,False,False,False,False,False,False,False,F,289.0,P
1479_01,Mars,True,TRAPPIST-1e,49.0,False,False,False,False,False,False,True,F,290.0,P
1481_01,Mars,False,TRAPPIST-1e,27.0,False,False,False,False,False,False,False,E,91.0,P
1484_01,Earth,False,TRAPPIST-1e,16.0,False,False,False,False,False,False,False,E,93.0,P
1485_01,Mars,True,TRAPPIST-1e,38.0,False,False,False,False,False,False,True,F,291.0,P
1488_01,Mars,True,TRAPPIST-1e,42.0,False,False,False,False,False,False,True,E,94.0,P
1489_01,Earth,False,TRAPPIST-1e,19.0,False,False,False,False,False,False,False,G,229.0,S
1490_01,Europa,False,55 Cancri e,26.0,False,False,False,False,False,False,False,D,47.0,P
1491_01,Earth,False,55 Cancri e,32.0,False,False,False,False,False,False,True,G,240.0,P
1491_02,Earth,False,TRAPPIST-1e,56.0,False,False,False,False,False,False,False,F,292.0,P
1491_03,Earth,False,TRAPPIST-1e,0.0,False,False,False,False,False,False,True,G,240.0,P
1493_01,Earth,False,TRAPPIST-1e,38.0,False,False,False,False,False,False,False,F,285.0,S
1498_01,Earth,False,TRAPPIST-1e,30.0,False,False,False,False,False,False,False,F,295.0,P
1499_01,Earth,False,TRAPPIST-1e,21.0,False,False,False,False,False,False,False,F,287.0,S
1500_01,Earth,False,TRAPPIST-1e,11.0,False,False,False,False,False,False,False,G,230.0,S
1500_02,Earth,False,TRAPPIST-1e,3.0,False,False,False,False,False,False,False,G,230.0,S
1500_03,Earth,False,55 Cancri e,17.0,False,False,False,False,False,False,True,G,230.0,S
1500_04,Earth,False,55 Cancri e,35.0,False,False,False,False,False,False,True,G,230.0,S
1500_05,Earth,False,55 Cancri e,17.0,False,False,False,False,False,False,False,F,288.0,S
1500_06,Earth,True,TRAPPIST-1e,0.0,False,False,False,False,False,False,True,G,230.0,S
1500_07,Earth,True,TRAPPIST-1e,46.0,False,False,False,False,False,False,True,G,230.0,S
1501_01,Earth,False,TRAPPIST-1e,63.0,False,False,False,False,False,False,False,G,243.0,P
1503_01,Mars,False,TRAPPIST-1e,35.0,False,False,False,False,False,False,False,D,48.0,P
1503_02,Mars,False,TRAPPIST-1e,61.0,False,False,False,False,False,False,False,D,48.0,P
1506_01,Earth,False,TRAPPIST-1e,19.0,False,False,False,False,False,False,True,F,298.0,P
1507_01,Earth,False,TRAPPIST-1e,43.0,False,False,False,False,False,False,True,F,289.0,S
1507_02,Earth,False,TRAPPIST-1e,14.0,False,False,False,False,False,False,False,F,289.0,S
1507_03,Earth,False,TRAPPIST-1e,78.0,False,False,False,False,False,False,False,G,231.0,S
1507_04,Earth,False,TRAPPIST-1e,21.0,False,False,False,False,False,False,False,F,289.0,S
1509_01,Mars,False,TRAPPIST-1e,32.0,False,False,False,False,False,False,False,E,95.0,P
1510_01,Mars,False,TRAPPIST-1e,31.0,False,False,False,False,False,False,False,F,291.0,S
1511_01,Europa,False,TRAPPIST-1e,40.0,False,False,False,False,False,False,True,B,63.0,S
1511_02,Europa,True,TRAPPIST-1e,13.0,False,False,False,False,False,False,True,B,63.0,S
1511_03,Europa,False,TRAPPIST-1e,36.0,False,False,False,False,False,False,False,B,63.0,S
1511_04,Europa,False,55 Cancri e,31.0,False,False,False,False,False,False,False,B,63.0,S
1515_01,Earth,False,TRAPPIST-1e,18.0,False,False,False,False,False,False,False,F,293.0,S
1520_01,Earth,True,TRAPPIST-1e,40.0,False,False,False,False,False,False,True,G,235.0,S
1521_01,Mars,True,TRAPPIST-1e,28.0,False,False,False,False,False,False,True,F,295.0,S
1523_01,Europa,True,55 Cancri e,41.0,False,False,False,False,False,False,True,B,64.0,S
1523_02,Europa,True,TRAPPIST-1e,35.0,False,False,False,False,False,False,True,B,64.0,S
1524_01,Earth,True,TRAPPIST-1e,14.0,False,False,False,False,False,False,True,G,236.0,S
1525_01,Mars,False,TRAPPIST-1e,20.0,False,False,False,False,False,False,True,F,299.0,P
1526_01,Earth,False,55 Cancri e,23.0,False,False,False,False,False,False,False,F,300.0,P
1527_01,Europa,True,55 Cancri e,22.0,False,False,False,False,False,False,True,D,49.0,P
1527_02,Europa,False,TRAPPIST-1e,25.0,False,False,False,False,False,False,True,D,49.0,P
1528_01,Mars,False,55 Cancri e,18.0,False,False,False,False,False,False,True,D,50.0,P
1529_01,Europa,False,PSO J318.5-22,25.0,True,True,True,True,True,True,True,A,16.0,S
1529_02,Europa,False,TRAPPIST-1e,30.0,False,False,False,False,False,False,True,A,16.0,S
1531_01,Earth,False,TRAPPIST-1e,46.0,False,False,False,False,False,False,False,G,237.0,S
1532_01,Europa,False,TRAPPIST-1e,27.0,False,False,False,False,False,False,False,B,65.0,S
1533_01,Earth,False,TRAPPIST-1e,53.0,False,False,False,False,False,False,False,G,244.0,P
1536_01,Mars,True,TRAPPIST-1e,21.0,False,False,False,False,False,False,True,F,297.0,S
1539_01,Europa,False,55 Cancri e,32.0,False,False,False,False,False,False,True,A,17.0,S
1540_01,Europa,False,TRAPPIST-1e,32.0,False,False,False,False,False,False,False,C,55.0,P
1540_02,Europa,False,TRAPPIST-1e,33.0,True,True,True,True,True,True,True,C,55.0,P
1540_03,Europa,False,TRAPPIST-1e,26.0,False,False,False,False,False,False,False,C,55.0,P
1541_01,Earth,False,TRAPPIST-1e,47.0,False,False,False,False,False,False,True,F,298.0,S
1542_01,Mars,False,TRAPPIST-1e,13.0,False,False,False,False,False,False,False,F,299.0,S
1543_01,Europa,True,55 Cancri e,34.0,False,False,False,False,False,False,True,C,56.0,P
1544_01,Earth,False,TRAPPIST-1e,21.0,False,False,False,False,False,False,False,G,245.0,P
1545_01,Mars,False,TRAPPIST-1e,20.0,False,False,False,False,False,False,True,F,427.0,S
1547_01,Earth,False,TRAPPIST-1e,21.0,False,False,False,False,False,False,False,F,301.0,S
1548_01,Europa,True,55 Cancri e,51.0,False,False,False,False,False,False,True,B,50.0,P
1548_02,Europa,True,TRAPPIST-1e,18.0,False,False,False,False,False,False,True,B,50.0,P
1550_01,Europa,False,TRAPPIST-1e,26.0,False,False,False,False,False,False,False,C,58.0,S
1550_02,Europa,False,55 Cancri e,53.0,True,True,True,True,True,True,False,F,427.0,S
1551_01,Europa,False,TRAPPIST-1e,30.0,False,False,False,False,False,False,True,E,96.0,P
1552_01,Earth,True,TRAPPIST-1e,37.0,False,False,False,False,False,False,False,G,240.0,S
1555_01,Europa,False,TRAPPIST-1e,45.0,False,False,False,False,False,False,False,A,18.0,S
1558_01,Earth,False,TRAPPIST-1e,62.0,False,False,False,False,False,False,False,G,247.0,P
1560_01,Earth,False,TRAPPIST-1e,38.0,False,False,False,False,False,False,False,G,242.0,S
1561_01,Earth,False,55 Cancri e,24.0,False,False,False,False,False,False,False,F,305.0,P
1562_01,Earth,False,TRAPPIST-1e,18.0,False,False,False,False,False,False,False,F,306.0,P
1564_01,Mars,True,TRAPPIST-1e,23.0,False,False,False,False,False,False,False,F,303.0,S
1565_01,Earth,False,PSO J318.5-22,16.0,False,False,False,False,False,False,False,F,304.0,S
1567_01,Europa,True,TRAPPIST-1e,37.0,False,False,False,False,False,False,True,B,53.0,P
1568_01,Earth,False,TRAPPIST-1e,22.0,False,False,False,False,False,False,False,F,427.0,S
1568_02,Earth,True,PSO J318.5-22,18.0,False,False,False,False,False,False,True,G,248.0,P
1569_01,Mars,True,TRAPPIST-1e,25.0,False,False,False,False,False,False,True,F,308.0,P
1572_01,Earth,False,TRAPPIST-1e,26.0,False,False,False,False,False,False,False,G,249.0,P
1572_02,Earth,False,TRAPPIST-1e,25.0,False,False,False,False,False,False,False,F,309.0,P
1573_01,Mars,False,TRAPPIST-1e,55.0,False,False,False,False,False,False,False,D,56.0,S
1576_01,Mars,False,TRAPPIST-1e,28.0,False,False,False,False,False,False,False,E,97.0,P
1577_01,Earth,False,TRAPPIST-1e,23.0,False,False,False,False,False,False,True,F,310.0,P
1578_01,Earth,False,TRAPPIST-1e,22.0,False,False,False,False,False,False,False,E,98.0,P
1579_01,Earth,False,55 Cancri e,26.0,False,False,False,False,False,False,True,F,311.0,P
1580_01,Earth,False,TRAPPIST-1e,13.0,False,False,False,False,False,False,False,G,246.0,S
1580_02,Earth,False,TRAPPIST-1e,18.0,False,False,False,False,False,False,False,G,246.0,S
1581_01,Mars,True,TRAPPIST-1e,38.0,False,False,False,False,False,False,True,F,312.0,P
1581_02,Mars,True,TRAPPIST-1e,28.0,False,False,False,False,False,False,True,F,427.0,S
1584_01,Earth,False,TRAPPIST-1e,57.0,False,False,False,False,False,False,False,F,314.0,P
1584_02,Earth,True,TRAPPIST-1e,0.0,False,False,False,False,False,False,False,G,251.0,P
1585_01,Earth,True,TRAPPIST-1e,18.0,False,False,False,False,False,False,True,G,252.0,P
1588_01,Europa,True,TRAPPIST-1e,25.0,False,False,False,False,False,False,True,E,99.0,P
1588_02,Europa,False,55 Cancri e,35.0,False,False,False,False,False,False,True,E,99.0,P
1590_01,Europa,False,TRAPPIST-1e,37.0,False,False,False,False,False,False,True,D,57.0,S
1590_02,Europa,False,55 Cancri e,33.0,False,False,False,False,False,False,False,D,57.0,S
1592_01,Europa,False,TRAPPIST-1e,35.0,False,False,False,False,False,False,True,C,60.0,S
1592_02,Europa,False,55 Cancri e,47.0,False,False,False,False,False,False,True,C,60.0,S
1593_01,Earth,False,TRAPPIST-1e,23.0,False,False,False,False,False,False,False,E,114.0,S
1594_01,Earth,False,TRAPPIST-1e,27.0,False,False,False,False,False,False,True,G,253.0,P
1595_01,Europa,False,55 Cancri e,27.0,False,False,False,False,False,False,True,C,57.0,P
1596_01,Europa,True,TRAPPIST-1e,23.0,False,False,False,False,False,False,True,B,54.0,P
1597_01,Earth,True,TRAPPIST-1e,31.0,False,False,False,False,False,False,True,G,254.0,P
1599_01,Europa,True,TRAPPIST-1e,19.0,False,False,False,False,False,False,True,C,58.0,P
1599_02,Europa,True,55 Cancri e,53.0,False,False,False,False,False,False,True,C,58.0,P
1601_01,Earth,False,TRAPPIST-1e,37.0,False,False,False,False,False,False,False,G,255.0,P
1602_01,Earth,False,TRAPPIST-1e,18.0,False,False,False,False,False,False,False,F,307.0,S
1603_01,Earth,False,TRAPPIST-1e,42.0,False,False,False,False,False,False,False,F,317.0,P
1603_02,Earth,True,TRAPPIST-1e,7.0,False,False,False,False,False,False,True,G,256.0,P
1603_03,Earth,False,55 Cancri e,7.0,False,False,False,False,False,False,True,G,256.0,P
1604_01,Earth,False,TRAPPIST-1e,24.0,False,False,False,False,False,False,False,G,257.0,P
1606_01,Europa,False,TRAPPIST-1e,20.0,False,False,False,False,False,False,True,E,116.0,S
1608_01,Earth,False,TRAPPIST-1e,24.0,False,False,False,False,False,False,False,F,319.0,P
1611_01,Earth,False,TRAPPIST-1e,42.0,False,False,False,False,False,False,True,G,248.0,S
1612_01,Europa,False,TRAPPIST-1e,49.0,False,False,False,False,False,False,True,E,101.0,P
1612_02,Europa,True,TRAPPIST-1e,47.0,False,False,False,False,False,False,True,E,101.0,P
1613_01,Earth,False,55 Cancri e,16.0,False,False,False,False,False,False,False,F,427.0,S
1614_01,Mars,False,TRAPPIST-1e,26.0,True,True,True,True,True,True,False,F,321.0,P
1615_01,Earth,False,TRAPPIST-1e,24.0,False,False,False,False,False,False,False,F,322.0,P
1615_02,Earth,True,TRAPPIST-1e,38.0,False,False,False,False,False,False,True,G,259.0,P
1615_03,Earth,False,TRAPPIST-1e,0.0,False,False,False,False,False,False,True,G,259.0,P
1617_01,Mars,False,PSO J318.5-22,37.0,False,False,False,False,False,False,False,D,53.0,P
1619_01,Earth,True,TRAPPIST-1e,39.0,False,False,False,False,False,False,True,G,249.0,S
1621_01,Earth,False,55 Cancri e,25.0,False,False,False,False,False,False,True,F,308.0,S
1621_02,Earth,False,PSO J318.5-22,25.0,False,False,False,False,False,False,False,F,308.0,S
1622_01,Mars,True,TRAPPIST-1e,35.0,False,False,False,False,False,False,True,F,323.0,P
1624_01,Earth,True,PSO J318.5-22,0.0,False,False,False,False,False,False,True,G,250.0,S
1624_02,Earth,False,55 Cancri e,46.0,False,False,False,False,False,False,True,G,250.0,S
1624_03,Earth,False,TRAPPIST-1e,4.0,False,False,False,False,False,False,True,G,250.0,S
1625_01,Europa,True,55 Cancri e,19.0,False,False,False,False,False,False,True,C,59.0,P
1625_02,Europa,False,TRAPPIST-1e,29.0,False,False,False,False,False,False,False,C,59.0,P
1626_01,Earth,False,TRAPPIST-1e,19.0,False,False,False,False,False,False,False,F,324.0,P
1628_01,Europa,True,TRAPPIST-1e,47.0,False,False,False,False,False,False,True,B,71.0,S
1630_01,Earth,True,PSO J318.5-22,1.0,False,False,False,False,False,False,True,G,252.0,S
1630_02,Earth,True,TRAPPIST-1e,4.0,False,False,False,False,False,False,False,G,252.0,S
1630_03,Earth,False,TRAPPIST-1e,37.0,False,False,False,False,False,False,False,F,309.0,S
1631_01,Earth,False,TRAPPIST-1e,61.0,False,False,False,False,False,False,False,E,118.0,S
1632_01,Europa,True,TRAPPIST-1e,32.0,False,False,False,False,False,False,True,C,62.0,S
1633_01,Earth,True,TRAPPIST-1e,4.0,False,False,False,False,False,False,True,G,261.0,P
1633_02,Earth,True,TRAPPIST-1e,16.0,False,False,False,False,False,False,True,G,261.0,P
1634_01,Earth,True,55 Cancri e,25.0,False,False,False,False,False,False,False,G,253.0,S
1635_01,Earth,False,TRAPPIST-1e,22.0,False,False,False,False,False,False,False,F,325.0,P
1636_01,Earth,False,TRAPPIST-1e,41.0,False,False,False,False,False,False,False,G,254.0,S
1637_01,Earth,True,TRAPPIST-1e,25.0,False,False,False,False,False,False,True,G,255.0,S
1638_01,Earth,False,TRAPPIST-1e,19.0,False,False,False,False,False,False,False,E,119.0,S
1640_01,Earth,False,TRAPPIST-1e,21.0,False,False,False,False,False,False,True,G,262.0,P
1644_01,Earth,False,55 Cancri e,14.0,False,False,False,False,False,False,False,F,327.0,P
1645_01,Earth,True,55 Cancri e,18.0,False,False,False,False,False,False,False,F,427.0,S
1646_01,Earth,False,TRAPPIST-1e,34.0,False,False,False,False,False,False,True,G,264.0,P
1647_01,Earth,False,TRAPPIST-1e,33.0,False,False,False,False,False,False,False,F,328.0,P
1649_01,Earth,True,55 Cancri e,14.0,False,False,False,False,False,False,False,G,265.0,P
1650_01,Earth,True,55 Cancri e,28.0,False,False,False,False,False,False,True,G,258.0,S
1651_01,Earth,True,PSO J318.5-22,43.0,False,False,False,False,False,False,False,G,266.0,P
1651_02,Earth,False,55 Cancri e,3.0,False,False,False,False,False,False,True,G,266.0,P
1651_03,Earth,True,PSO J318.5-22,0.0,False,False,False,False,False,False,True,G,266.0,P
1653_01,Europa,False,TRAPPIST-1e,47.0,False,False,False,False,False,False,False,A,19.0,S
1655_01,Earth,False,TRAPPIST-1e,28.0,False,False,False,False,False,False,False,F,427.0,S
1655_02,Earth,False,TRAPPIST-1e,40.0,False,False,False,False,False,False,True,F,310.0,S
1656_01,Earth,False,TRAPPIST-1e,17.0,False,False,False,False,False,False,False,F,311.0,S
1657_01,Earth,False,TRAPPIST-1e,21.0,False,False,False,False,False,False,False,G,267.0,P
1658_01,Mars,False,TRAPPIST-1e,27.0,False,False,False,False,False,False,True,F,312.0,S
1659_01,Earth,False,TRAPPIST-1e,41.0,False,False,False,False,False,False,False,F,313.0,S
1660_01,Earth,False,TRAPPIST-1e,20.0,False,False,False,False,False,False,False,E,122.0,S
1661_01,Europa,False,TRAPPIST-1e,56.0,False,False,False,False,False,False,False,A,20.0,S
1661_02,Europa,False,TRAPPIST-1e,57.0,False,False,False,False,False,False,False,A,20.0,S
1661_03,Europa,True,TRAPPIST-1e,48.0,False,False,False,False,False,False,True,A,20.0,S
1661_04,Europa,False,TRAPPIST-1e,37.0,False,False,False,False,False,False,False,A,20.0,S
1662_01,Earth,False,PSO J318.5-22,20.0,False,False,False,False,False,False,False,F,314.0,S
1663_01,Earth,True,PSO J318.5-22,36.0,False,False,False,False,False,False,True,G,268.0,P
1666_01,Europa,False,TRAPPIST-1e,38.0,False,False,False,False,False,False,True,D,59.0,S
1668_01,Earth,False,TRAPPIST-1e,22.0,False,False,False,False,False,False,False,F,316.0,S
1669_01,Mars,False,TRAPPIST-1e,31.0,False,False,False,False,False,False,False,F,317.0,S
1669_02,Mars,True,TRAPPIST-1e,0.0,False,False,False,False,False,False,True,F,317.0,S
1669_03,Mars,False,55 Cancri e,21.0,False,False,False,False,False,False,False,F,317.0,S
1670_01,Earth,False,TRAPPIST-1e,49.0,False,False,False,False,False,False,False,G,269.0,P
1670_02,Earth,True,TRAPPIST-1e,44.0,False,False,False,False,False,False,False,G,269.0,P
1671_01,Europa,False,55 Cancri e,27.0,False,False,False,False,False,False,False,B,73.0,S
1672_01,Earth,False,TRAPPIST-1e,29.0,False,False,False,False,False,False,False,F,318.0,S
1673_01,Earth,False,55 Cancri e,16.0,False,False,False,False,False,False,False,F,330.0,P
1674_01,Earth,True,PSO J318.5-22,20.0,False,False,False,False,False,False,False,G,260.0,S
1676_01,Earth,True,TRAPPIST-1e,26.0,False,False,False,False,False,False,False,G,270.0,P
1677_01,Earth,False,TRAPPIST-1e,19.0,False,False,False,False,False,False,False,E,103.0,P
1681_01,Earth,False,TRAPPIST-1e,34.0,False,False,False,False,False,False,False,G,261.0,S
1682_01,Mars,True,TRAPPIST-1e,38.0,False,False,False,False,False,False,True,F,331.0,P
1685_01,Earth,False,55 Cancri e,51.0,False,False,False,False,False,False,False,F,427.0,S
1685_02,Earth,False,55 Cancri e,7.0,False,False,False,False,False,False,False,G,272.0,P
1685_03,Earth,True,TRAPPIST-1e,3.0,False,False,False,False,False,False,True,G,272.0,P
1687_01,Mars,False,TRAPPIST-1e,26.0,True,True,True,True,True,True,False,F,334.0,P
1688_01,Earth,False,TRAPPIST-1e,27.0,False,False,False,False,False,False,False,E,124.0,S
1688_02,Earth,True,TRAPPIST-1e,7.0,False,False,False,False,False,False,False,F,427.0,S
1688_03,Earth,True,TRAPPIST-1e,19.0,False,False,False,False,False,False,True,G,262.0,S
1690_01,Earth,False,TRAPPIST-1e,28.0,False,False,False,False,False,False,False,F,335.0,P
1691_01,Mars,False,TRAPPIST-1e,27.0,False,False,False,False,False,False,False,F,321.0,S
1694_01,Earth,True,PSO J318.5-22,31.0,False,False,False,False,False,False,True,G,263.0,S
1695_01,Earth,False,TRAPPIST-1e,26.0,False,False,False,False,False,False,False,G,264.0,S
1696_01,Europa,False,TRAPPIST-1e,43.0,False,False,False,False,False,False,False,B,55.0,P
1697_01,Earth,False,TRAPPIST-1e,23.0,False,False,False,False,False,False,False,G,274.0,P
1698_01,Earth,True,PSO J318.5-22,14.0,False,False,False,False,False,False,True,E,125.0,S
1699_01,Earth,False,55 Cancri e,47.0,False,False,False,False,False,False,True,F,336.0,P
1700_01,Europa,True,TRAPPIST-1e,17.0,False,False,False,False,False,False,True,B,74.0,S
1700_02,Europa,False,TRAPPIST-1e,64.0,False,False,False,False,False,False,False,B,74.0,S
1704_01,Mars,False,TRAPPIST-1e,13.0,False,False,False,False,False,False,False,D,60.0,S
1704_02,Mars,False,55 Cancri e,18.0,False,False,False,False,False,False,True,D,60.0,S
1705_01,Mars,False,TRAPPIST-1e,29.0,True,True,True,True,True,True,False,E,126.0,S
1708_01,Earth,False,PSO J318.5-22,70.0,False,False,False,False,False,False,False,F,338.0,P
1709_01,Mars,False,TRAPPIST-1e,23.0,False,False,False,False,False,False,False,F,326.0,S
1709_02,Mars,False,TRAPPIST-1e,23.0,False,False,False,False,False,False,True,D,61.0,S
1709_03,Mars,False,TRAPPIST-1e,35.0,False,False,False,False,False,False,False,F,427.0,S
1709_04,Mars,False,TRAPPIST-1e,17.0,False,False,False,False,False,False,False,E,127.0,S
1709_05,Mars,True,TRAPPIST-1e,26.0,False,False,False,False,False,False,True,F,326.0,S
1709_06,Mars,False,TRAPPIST-1e,15.0,False,False,False,False,False,False,False,D,61.0,S
1709_07,Mars,False,TRAPPIST-1e,19.0,False,False,False,False,False,False,False,F,326.0,S
1710_01,Earth,True,PSO J318.5-22,20.0,False,False,False,False,False,False,True,G,276.0,P
1711_01,Earth,False,TRAPPIST-1e,51.0,False,False,False,False,False,False,False,F,327.0,S
1712_01,Mars,False,TRAPPIST-1e,17.0,False,False,False,False,False,False,False,F,339.0,P
1712_02,Mars,False,TRAPPIST-1e,27.0,False,False,False,False,False,False,False,F,339.0,P
1713_01,Earth,False,TRAPPIST-1e,43.0,False,False,False,False,False,False,False,G,277.0,P
1714_01,Earth,False,TRAPPIST-1e,5.0,False,False,False,False,False,False,False,G,265.0,S
1715_01,Earth,True,TRAPPIST-1e,17.0,False,False,False,False,False,False,False,G,266.0,S
1717_01,Earth,False,TRAPPIST-1e,40.0,False,False,False,False,False,False,True,E,105.0,P
1717_02,Earth,False,TRAPPIST-1e,38.0,False,False,False,False,False,False,False,E,105.0,P
1718_01,Earth,True,TRAPPIST-1e,20.0,False,False,False,False,False,False,True,F,427.0,S
1719_01,Earth,True,TRAPPIST-1e,13.0,False,False,False,False,False,False,False,G,278.0,P
1721_01,Earth,False,TRAPPIST-1e,15.0,False,False,False,False,False,False,False,F,341.0,P
1723_01,Earth,False,TRAPPIST-1e,15.0,False,False,False,False,False,False,False,E,128.0,S
1724_01,Europa,False,55 Cancri e,59.0,False,False,False,False,False,False,True,A,21.0,S
1725_01,Earth,False,TRAPPIST-1e,24.0,False,False,False,False,False,False,False,F,328.0,S
1727_01,Mars,True,TRAPPIST-1e,27.0,False,False,False,False,False,False,True,F,342.0,P
1727_02,Mars,False,55 Cancri e,52.0,False,False,False,False,False,False,False,D,54.0,P
1728_01,Earth,False,TRAPPIST-1e,38.0,False,False,False,False,False,False,False,G,280.0,P
1729_01,Earth,False,TRAPPIST-1e,26.0,False,False,False,False,False,False,True,F,343.0,P
1730_01,Earth,False,55 Cancri e,17.0,False,False,False,False,False,False,True,E,106.0,P
1731_01,Earth,True,PSO J318.5-22,17.0,False,False,False,False,False,False,True,G,281.0,P
1731_02,Earth,False,55 Cancri e,20.0,False,False,False,False,False,False,True,G,281.0,P
1733_01,Earth,False,TRAPPIST-1e,15.0,False,False,False,False,False,False,False,F,344.0,P
1734_01,Earth,True,TRAPPIST-1e,30.0,False,False,False,False,False,False,True,G,283.0,P
1736_01,Earth,True,PSO J318.5-22,22.0,False,False,False,False,False,False,False,G,284.0,P
1738_01,Earth,False,TRAPPIST-1e,18.0,False,False,False,False,False,False,False,E,129.0,S
1738_02,Earth,True,55 Cancri e,22.0,False,False,False,False,False,False,True,G,268.0,S
1739_01,Earth,True,PSO J318.5-22,20.0,False,False,False,False,False,False,True,G,269.0,S
1740_01,Earth,False,TRAPPIST-1e,22.0,False,False,False,False,False,False,False,G,270.0,S
1742_01,Mars,False,PSO J318.5-22,34.0,True,True,True,True,True,True,False,D,55.0,P
1745_01,Europa,False,TRAPPIST-1e,28.0,False,False,False,False,False,False,False,E,130.0,S
1746_01,Mars,True,TRAPPIST-1e,50.0,False,False,False,False,False,False,True,F,331.0,S
1747_01,Earth,False,55 Cancri e,19.0,False,False,False,False,False,False,True,G,271.0,S
1748_01,Earth,False,TRAPPIST-1e,21.0,False,False,False,False,False,False,False,G,287.0,P
1748_02,Earth,False,TRAPPIST-1e,0.0,False,False,False,False,False,False,False,G,287.0,P
1748_03,Earth,False,TRAPPIST-1e,4.0,False,False,False,False,False,False,True,G,287.0,P
1749_01,Earth,True,PSO J318.5-22,59.0,False,False,False,False,False,False,False,G,288.0,P
1752_01,Earth,False,55 Cancri e,15.0,False,False,False,False,False,False,True,F,333.0,S
1753_01,Earth,True,TRAPPIST-1e,24.0,False,False,False,False,False,False,True,G,272.0,S
1755_01,Earth,True,TRAPPIST-1e,26.0,False,False,False,False,False,False,False,G,273.0,S
1757_01,Earth,False,TRAPPIST-1e,67.0,False,False,False,False,False,False,False,F,334.0,S
1758_01,Earth,False,TRAPPIST-1e,55.0,False,False,False,False,False,False,False,G,274.0,S
1760_01,Earth,False,TRAPPIST-1e,50.0,False,False,False,False,False,False,False,F,336.0,S
1761_01,Earth,False,55 Cancri e,23.0,False,False,False,False,False,False,False,F,347.0,P
1762_01,Earth,False,PSO J318.5-22,21.0,False,False,False,False,False,False,True,E,132.0,S
1762_02,Earth,False,TRAPPIST-1e,15.0,False,False,False,False,False,False,False,G,275.0,S
1763_01,Europa,False,TRAPPIST-1e,41.0,False,False,False,False,False,False,True,E,133.0,S
1764_01,Mars,True,TRAPPIST-1e,59.0,False,False,False,False,False,False,True,F,337.0,S
1764_02,Mars,False,TRAPPIST-1e,18.0,False,False,False,False,False,False,False,E,134.0,S
1766_01,Earth,False,55 Cancri e,21.0,False,False,False,False,False,False,False,F,338.0,S
1767_01,Europa,True,55 Cancri e,14.0,False,False,False,False,False,False,True,C,65.0,S
1767_02,Europa,False,TRAPPIST-1e,50.0,False,False,False,False,False,False,True,C,65.0,S
1767_03,Europa,False,TRAPPIST-1e,32.0,False,False,False,False,False,False,True,C,65.0,S
1767_04,Europa,True,TRAPPIST-1e,46.0,False,False,False,False,False,False,True,C,65.0,S
1768_01,Earth,False,TRAPPIST-1e,27.0,False,False,False,False,False,False,False,G,276.0,S
1769_01,Mars,True,TRAPPIST-1e,58.0,False,False,False,False,False,False,True,F,339.0,S
1770_01,Europa,True,55 Cancri e,15.0,False,False,False,False,False,False,True,B,75.0,S
1771_01,Earth,False,TRAPPIST-1e,35.0,False,False,False,False,False,False,True,G,291.0,P
1772_01,Mars,False,TRAPPIST-1e,30.0,False,False,False,False,False,False,False,F,348.0,P
1774_01,Mars,True,TRAPPIST-1e,30.0,False,False,False,False,False,False,True,E,135.0,S
1775_01,Earth,False,TRAPPIST-1e,43.0,False,False,False,False,False,False,True,G,277.0,S
1776_01,Earth,False,TRAPPIST-1e,21.0,False,False,False,False,False,False,False,G,278.0,S
1778_01,Earth,True,PSO J318.5-22,15.0,False,False,False,False,False,False,False,G,279.0,S
1779_01,Earth,False,55 Cancri e,37.0,False,False,False,False,False,False,True,F,349.0,P
1781_01,Europa,False,55 Cancri e,28.0,False,False,False,False,False,False,True,C,66.0,S
1782_01,Earth,True,TRAPPIST-1e,28.0,False,False,False,False,False,False,False,F,427.0,S
1782_02,Earth,False,TRAPPIST-1e,40.0,False,False,False,False,False,False,False,F,341.0,S
1783_01,Earth,False,55 Cancri e,42.0,False,False,False,False,False,False,False,G,281.0,S
1783_02,Earth,True,PSO J318.5-22,21.0,False,False,False,False,False,False,False,G,281.0,S
1785_01,Mars,True,55 Cancri e,31.0,False,False,False,False,False,False,False,E,107.0,P
1786_01,Earth,False,TRAPPIST-1e,51.0,False,False,False,False,False,False,False,F,342.0,S
1792_01,Mars,False,TRAPPIST-1e,73.0,False,False,False,False,False,False,False,F,352.0,P
1796_01,Europa,True,TRAPPIST-1e,26.0,False,False,False,False,False,False,True,C,67.0,S
1797_01,Europa,True,55 Cancri e,33.0,False,False,False,False,False,False,True,B,57.0,P
1798_01,Earth,False,TRAPPIST-1e,39.0,False,False,False,False,False,False,False,E,137.0,S
1799_01,Earth,False,TRAPPIST-1e,19.0,False,False,False,False,False,False,False,G,295.0,P
1800_01,Earth,False,55 Cancri e,12.0,False,False,False,False,False,False,True,G,283.0,S
1800_02,Earth,True,55 Cancri e,10.0,False,False,False,False,False,False,False,G,283.0,S
1800_03,Earth,True,TRAPPIST-1e,0.0,False,False,False,False,False,False,False,G,283.0,S
1800_04,Earth,False,TRAPPIST-1e,0.0,False,False,False,False,False,False,True,G,283.0,S
1800_05,Earth,True,TRAPPIST-1e,1.0,False,False,False,False,False,False,True,G,283.0,S
1802_01,Earth,False,TRAPPIST-1e,33.0,False,False,False,False,False,False,False,E,109.0,P
1803_01,Earth,False,55 Cancri e,23.0,False,False,False,False,False,False,False,F,354.0,P
1804_01,Mars,True,TRAPPIST-1e,5.0,False,False,False,False,False,False,True,F,355.0,P
1805_01,Earth,True,TRAPPIST-1e,24.0,False,False,False,False,False,False,True,G,284.0,S
1806_01,Mars,False,TRAPPIST-1e,26.0,False,False,False,False,False,False,False,E,138.0,S
1807_01,Europa,False,55 Cancri e,30.0,False,False,False,False,False,False,False,B,58.0,P
1808_01,Earth,False,TRAPPIST-1e,33.0,False,False,False,False,False,False,False,F,346.0,S
1810_01,Mars,False,TRAPPIST-1e,56.0,False,False,False,False,False,False,False,F,356.0,P
1811_01,Earth,True,PSO J318.5-22,25.0,False,False,False,False,False,False,True,G,285.0,S
1811_02,Earth,False,TRAPPIST-1e,27.0,False,False,False,False,False,False,False,F,347.0,S
1812_01,Earth,False,TRAPPIST-1e,25.0,False,False,False,False,False,False,True,F,357.0,P
1813_01,Earth,False,55 Cancri e,18.0,False,False,False,False,False,False,False,F,358.0,P
1816_01,Europa,False,TRAPPIST-1e,60.0,True,True,True,True,True,True,True,C,68.0,S
1816_02,Europa,False,TRAPPIST-1e,41.0,False,False,False,False,False,False,True,C,68.0,S
1817_01,Earth,False,PSO J318.5-22,16.0,False,False,False,False,False,False,False,F,349.0,S
1818_01,Earth,True,TRAPPIST-1e,17.0,False,False,False,False,False,False,True,G,297.0,P
1821_01,Earth,False,TRAPPIST-1e,26.0,False,False,False,False,False,False,False,G,298.0,P
1822_01,Earth,False,TRAPPIST-1e,31.0,False,False,False,False,False,False,True,G,299.0,P
1823_01,Earth,False,TRAPPIST-1e,67.0,False,False,False,False,False,False,True,F,427.0,S
1826_01,Earth,False,55 Cancri e,16.0,False,False,False,False,False,False,False,F,351.0,S
1827_01,Earth,False,55 Cancri e,24.0,False,False,False,False,False,False,False,F,352.0,S
1828_01,Earth,False,TRAPPIST-1e,19.0,False,False,False,False,False,False,True,F,361.0,P
1829_01,Europa,False,55 Cancri e,48.0,False,False,False,False,False,False,True,D,56.0,P
1829_02,Europa,False,TRAPPIST-1e,30.0,False,False,False,False,False,False,True,D,56.0,P
1829_03,Europa,False,TRAPPIST-1e,22.0,False,False,False,False,False,False,True,D,56.0,P
1829_04,Europa,False,TRAPPIST-1e,28.0,True,True,True,True,True,True,True,D,56.0,P
1829_05,Europa,True,55 Cancri e,23.0,False,False,False,False,False,False,True,D,56.0,P
1829_06,Europa,False,TRAPPIST-1e,29.0,False,False,False,False,False,False,False,D,56.0,P
1831_01,Earth,True,TRAPPIST-1e,22.0,False,False,False,False,False,False,False,G,288.0,S
1833_01,Europa,False,55 Cancri e,48.0,False,False,False,False,False,False,False,C,61.0,P
1834_01,Mars,False,TRAPPIST-1e,26.0,False,False,False,False,False,False,True,F,354.0,S
1836_01,Earth,False,TRAPPIST-1e,23.0,False,False,False,False,False,False,True,F,362.0,P
1841_01,Earth,False,TRAPPIST-1e,55.0,False,False,False,False,False,False,False,F,365.0,P
1843_01,Europa,False,TRAPPIST-1e,46.0,False,False,False,False,False,False,False,E,112.0,P
1844_01,Earth,False,PSO J318.5-22,38.0,False,False,False,False,False,False,False,F,355.0,S
1844_02,Earth,True,TRAPPIST-1e,2.0,False,False,False,False,False,False,True,G,289.0,S
1844_03,Earth,True,TRAPPIST-1e,3.0,False,False,False,False,False,False,True,G,289.0,S
1846_01,Earth,False,TRAPPIST-1e,20.0,False,False,False,False,False,False,False,F,366.0,P
1847_01,Earth,False,TRAPPIST-1e,65.0,False,False,False,False,False,False,False,G,290.0,S
1848_01,Earth,False,TRAPPIST-1e,27.0,False,False,False,False,False,False,False,G,291.0,S
1849_01,Earth,False,TRAPPIST-1e,25.0,False,False,False,False,False,False,False,F,367.0,P
1850_01,Earth,False,PSO J318.5-22,54.0,False,False,False,False,False,False,False,F,356.0,S
1850_02,Earth,False,55 Cancri e,25.0,False,False,False,False,False,False,False,F,356.0,S
1853_01,Earth,True,TRAPPIST-1e,14.0,False,False,False,False,False,False,True,G,302.0,P
1854_01,Europa,False,55 Cancri e,53.0,False,False,False,False,False,False,True,A,22.0,S
1855_01,Earth,True,TRAPPIST-1e,0.0,False,False,False,False,False,False,True,G,303.0,P
1855_02,Earth,False,TRAPPIST-1e,39.0,False,False,False,False,False,False,False,E,113.0,P
1856_01,Earth,False,TRAPPIST-1e,22.0,False,False,False,False,False,False,True,F,368.0,P
1857_01,Mars,False,55 Cancri e,31.0,False,False,False,False,False,False,False,D,63.0,S
1859_01,Mars,True,TRAPPIST-1e,24.0,False,False,False,False,False,False,True,F,357.0,S
1860_01,Europa,False,TRAPPIST-1e,35.0,True,True,True,True,True,True,False,A,13.0,P
1860_02,Europa,False,55 Cancri e,35.0,False,False,False,False,False,False,False,A,13.0,P
1861_01,Mars,True,TRAPPIST-1e,32.0,False,False,False,False,False,False,True,F,358.0,S
1861_02,Mars,False,TRAPPIST-1e,61.0,False,False,False,False,False,False,False,F,358.0,S
1863_01,Earth,False,55 Cancri e,58.0,False,False,False,False,False,False,True,F,370.0,P
1864_01,Mars,False,TRAPPIST-1e,26.0,False,False,False,False,False,False,False,D,64.0,S
1865_01,Earth,True,TRAPPIST-1e,4.0,False,False,False,False,False,False,False,G,292.0,S
1865_02,Earth,False,TRAPPIST-1e,1.0,False,False,False,False,False,False,False,G,292.0,S
1865_03,Earth,False,TRAPPIST-1e,8.0,False,False,False,False,False,False,True,G,292.0,S
1865_04,Earth,False,TRAPPIST-1e,7.0,False,False,False,False,False,False,False,G,292.0,S
1865_05,Earth,False,TRAPPIST-1e,25.0,False,False,False,False,False,False,False,G,292.0,S
1865_06,Earth,False,TRAPPIST-1e,6.0,False,False,False,False,False,False,False,G,292.0,S
1866_01,Earth,False,TRAPPIST-1e,29.0,False,False,False,False,False,False,False,F,371.0,P
1868_01,Mars,True,TRAPPIST-1e,64.0,False,False,False,False,False,False,True,F,372.0,P
1871_01,Europa,False,TRAPPIST-1e,31.0,False,False,False,False,False,False,True,C,70.0,S
1872_01,Mars,True,TRAPPIST-1e,25.0,False,False,False,False,False,False,False,E,139.0,S
1873_01,Earth,True,TRAPPIST-1e,30.0,False,False,False,False,False,False,True,G,293.0,S
1874_01,Earth,True,TRAPPIST-1e,0.0,False,False,False,False,False,False,False,G,305.0,P
1874_02,Earth,False,PSO J318.5-22,29.0,False,False,False,False,False,False,False,F,374.0,P
1877_01,Earth,False,TRAPPIST-1e,37.0,False,False,False,False,False,False,False,G,306.0,P
1878_01,Earth,False,TRAPPIST-1e,49.0,False,False,False,False,False,False,False,F,375.0,P
1879_01,Europa,False,TRAPPIST-1e,36.0,False,False,False,False,False,False,False,D,58.0,P
1880_01,Earth,False,55 Cancri e,20.0,False,False,False,False,False,False,False,F,376.0,P
1881_01,Earth,False,TRAPPIST-1e,20.0,False,False,False,False,False,False,True,F,377.0,P
1882_01,Europa,False,55 Cancri e,18.0,False,False,False,False,False,False,True,C,71.0,S
1882_02,Europa,True,55 Cancri e,17.0,False,False,False,False,False,False,True,F,427.0,S
1884_01,Mars,True,TRAPPIST-1e,48.0,False,False,False,False,False,False,False,E,140.0,S
1886_01,Earth,False,TRAPPIST-1e,26.0,False,False,False,False,False,False,False,E,141.0,S
1887_01,Earth,False,TRAPPIST-1e,35.0,False,False,False,False,False,False,False,G,295.0,S
1888_01,Earth,False,TRAPPIST-1e,30.0,False,False,False,False,False,False,True,F,361.0,S
1889_01,Earth,False,TRAPPIST-1e,22.0,False,False,False,False,False,False,False,F,378.0,P
1889_02,Earth,True,TRAPPIST-1e,5.0,False,False,False,False,False,False,False,G,307.0,P
1890_01,Earth,True,55 Cancri e,43.0,False,False,False,False,False,False,False,G,308.0,P
1891_01,Mars,True,TRAPPIST-1e,52.0,False,False,False,False,False,False,False,E,142.0,S
1892_01,Europa,False,TRAPPIST-1e,50.0,False,False,False,False,False,False,True,D,59.0,P
1892_02,Europa,False,TRAPPIST-1e,29.0,False,False,False,False,False,False,True,F,427.0,S
1892_03,Europa,False,55 Cancri e,19.0,False,False,False,False,False,False,False,D,59.0,P
1897_01,Europa,False,55 Cancri e,39.0,False,False,False,False,False,False,True,C,72.0,S
1897_02,Europa,False,TRAPPIST-1e,38.0,False,False,False,False,False,False,True,C,72.0,S
1898_01,Earth,True,55 Cancri e,21.0,False,False,False,False,False,False,False,G,296.0,S
1899_01,Earth,False,PSO J318.5-22,25.0,False,False,False,False,False,False,False,G,297.0,S
1901_01,Europa,True,55 Cancri e,42.0,False,False,False,False,False,False,True,A,14.0,P
1901_02,Europa,True,55 Cancri e,36.0,False,False,False,False,False,False,True,A,14.0,P
1902_01,Earth,False,TRAPPIST-1e,19.0,False,False,False,False,False,False,False,G,298.0,S
1903_01,Earth,True,TRAPPIST-1e,42.0,False,False,False,False,False,False,False,G,309.0,P
1905_01,Earth,False,55 Cancri e,40.0,False,False,False,False,False,False,False,F,364.0,S
1906_01,Earth,True,TRAPPIST-1e,14.0,False,False,False,False,False,False,False,G,299.0,S
1907_01,Europa,False,TRAPPIST-1e,50.0,False,False,False,False,False,False,False,D,60.0,P
1908_01,Mars,False,TRAPPIST-1e,18.0,False,False,False,False,False,False,False,E,115.0,P
1911_01,Earth,False,TRAPPIST-1e,46.0,False,False,False,False,False,False,False,G,300.0,S
1915_01,Earth,False,TRAPPIST-1e,27.0,False,False,False,False,False,False,False,E,116.0,P
1916_01,Europa,True,TRAPPIST-1e,15.0,False,False,False,False,False,False,True,D,61.0,P
1916_02,Europa,False,55 Cancri e,22.0,False,False,False,False,False,False,False,D,61.0,P
1918_01,Europa,True,TRAPPIST-1e,0.0,False,False,False,False,False,False,False,A,23.0,S
1918_02,Europa,True,TRAPPIST-1e,52.0,False,False,False,False,False,False,True,A,23.0,S
1918_03,Europa,False,TRAPPIST-1e,38.0,False,False,False,False,False,False,True,A,23.0,S
1920_01,Mars,False,TRAPPIST-1e,46.0,False,False,False,False,False,False,False,E,117.0,P
1922_01,Earth,True,55 Cancri e,23.0,False,False,False,False,False,False,False,G,303.0,S
1923_01,Europa,False,TRAPPIST-1e,63.0,False,False,False,False,False,False,True,C,65.0,P
1923_02,Europa,True,55 Cancri e,24.0,False,False,False,False,False,False,True,C,65.0,P
1925_01,Earth,True,TRAPPIST-1e,50.0,False,False,False,False,False,False,False,G,304.0,S
1926_01,Earth,True,TRAPPIST-1e,20.0,False,False,False,False,False,False,False,G,305.0,S
1927_01,Mars,False,TRAPPIST-1e,55.0,False,False,False,False,False,False,False,D,66.0,S
1928_01,Earth,False,PSO J318.5-22,21.0,False,False,False,False,False,False,True,E,144.0,S
1931_01,Europa,True,55 Cancri e,56.0,False,False,False,False,False,False,True,C,73.0,S
1933_01,Earth,False,TRAPPIST-1e,45.0,False,False,False,False,False,False,True,E,118.0,P
1935_01,Earth,True,55 Cancri e,18.0,False,False,False,False,False,False,False,G,307.0,S
1937_01,Earth,False,TRAPPIST-1e,47.0,False,False,False,False,False,False,False,F,368.0,S
1938_01,Earth,False,TRAPPIST-1e,36.0,False,False,False,False,False,False,True,F,369.0,S
1939_01,Mars,False,TRAPPIST-1e,57.0,True,True,True,True,True,True,False,F,385.0,P
1939_02,Mars,False,TRAPPIST-1e,13.0,False,False,False,False,False,False,False,D,62.0,P
1940_01,Mars,False,TRAPPIST-1e,27.0,False,False,False,False,False,False,False,F,386.0,P
1941_01,Earth,False,TRAPPIST-1e,20.0,False,False,False,False,False,False,False,F,370.0,S
1942_01,Earth,False,TRAPPIST-1e,47.0,False,False,False,False,False,False,False,G,312.0,P
1945_01,Earth,False,TRAPPIST-1e,15.0,False,False,False,False,False,False,False,E,120.0,P
1946_01,Earth,False,TRAPPIST-1e,34.0,False,False,False,False,False,False,False,G,313.0,P
1947_01,Earth,False,TRAPPIST-1e,21.0,False,False,False,False,False,False,False,F,372.0,S
1950_01,Earth,False,TRAPPIST-1e,51.0,False,False,False,False,False,False,False,F,374.0,S
1952_01,Earth,False,TRAPPIST-1e,23.0,False,False,False,False,False,False,False,E,121.0,P
1953_01,Earth,False,TRAPPIST-1e,58.0,False,False,False,False,False,False,False,F,387.0,P
1956_01,Mars,False,TRAPPIST-1e,37.0,False,False,False,False,False,False,False,D,68.0,S
1956_02,Mars,False,PSO J318.5-22,44.0,False,False,False,False,False,False,True,D,68.0,S
1957_01,Earth,True,TRAPPIST-1e,25.0,False,False,False,False,False,False,False,G,309.0,S
1959_01,Europa,True,TRAPPIST-1e,15.0,False,False,False,False,False,False,True,C,66.0,P
1959_02,Europa,False,TRAPPIST-1e,40.0,False,False,False,False,False,False,False,C,66.0,P
1959_03,Europa,False,55 Cancri e,29.0,False,False,False,False,False,False,True,C,66.0,P
1960_01,Earth,True,TRAPPIST-1e,36.0,False,False,False,False,False,False,True,E,122.0,P
1960_02,Earth,False,PSO J318.5-22,21.0,False,False,False,False,False,False,True,E,122.0,P
1961_01,Earth,False,TRAPPIST-1e,35.0,False,False,False,False,False,False,True,G,315.0,P
1962_01,Earth,False,TRAPPIST-1e,24.0,False,False,False,False,False,False,False,F,390.0,P
1962_02,Earth,False,55 Cancri e,2.0,False,False,False,False,False,False,False,G,316.0,P
1962_03,Earth,True,TRAPPIST-1e,0.0,False,False,False,False,False,False,True,G,316.0,P
1963_01,Earth,False,TRAPPIST-1e,43.0,False,False,False,False,False,False,False,F,391.0,P
1964_01,Europa,False,TRAPPIST-1e,63.0,False,False,False,False,False,False,False,C,74.0,S
1967_01,Earth,True,TRAPPIST-1e,30.0,False,False,False,False,False,False,True,G,318.0,P
1968_01,Earth,True,PSO J318.5-22,38.0,False,False,False,False,False,False,True,G,319.0,P
1969_01,Europa,False,55 Cancri e,27.0,False,False,False,False,False,False,True,C,75.0,S
1971_01,Earth,False,PSO J318.5-22,54.0,False,False,False,False,False,False,False,F,375.0,S
1973_01,Europa,True,55 Cancri e,39.0,False,False,False,False,False,False,True,A,24.0,S
1974_01,Mars,False,TRAPPIST-1e,41.0,False,False,False,False,False,False,False,D,63.0,P
1975_01,Earth,False,TRAPPIST-1e,22.0,False,False,False,False,False,False,False,G,310.0,S
1976_01,Europa,False,55 Cancri e,23.0,False,False,False,False,False,False,True,B,82.0,S
1976_02,Europa,False,TRAPPIST-1e,34.0,False,False,False,False,False,False,True,B,82.0,S
1976_03,Europa,True,55 Cancri e,26.0,True,True,True,True,True,True,True,B,82.0,S
1976_04,Europa,False,TRAPPIST-1e,39.0,False,False,False,False,False,False,False,B,82.0,S
1976_05,Europa,True,55 Cancri e,15.0,False,False,False,False,False,False,True,B,82.0,S
1976_06,Europa,True,TRAPPIST-1e,64.0,False,False,False,False,False,False,True,B,82.0,S
1976_07,Europa,True,TRAPPIST-1e,25.0,False,False,False,False,False,False,True,B,82.0,S
1977_01,Mars,True,TRAPPIST-1e,35.0,False,False,False,False,False,False,True,F,393.0,P
1978_01,Earth,True,TRAPPIST-1e,19.0,False,False,False,False,False,False,True,G,311.0,S
1979_01,Earth,False,TRAPPIST-1e,26.0,False,False,False,False,False,False,False,F,376.0,S
1980_01,Earth,True,TRAPPIST-1e,3.0,False,False,False,False,False,False,True,G,312.0,S
1980_02,Earth,False,TRAPPIST-1e,29.0,False,False,False,False,False,False,False,G,312.0,S
1980_03,Earth,True,TRAPPIST-1e,44.0,False,False,False,False,False,False,True,G,312.0,S
1981_01,Earth,False,TRAPPIST-1e,27.0,False,False,False,False,False,False,False,E,124.0,P
1983_01,Earth,False,PSO J318.5-22,17.0,False,False,False,False,False,False,False,G,320.0,P
1984_01,Europa,False,55 Cancri e,37.0,False,False,False,False,False,False,True,F,427.0,S
1985_01,Mars,True,55 Cancri e,19.0,False,False,False,False,False,False,True,F,394.0,P
1988_01,Earth,True,TRAPPIST-1e,44.0,False,False,False,False,False,False,False,G,321.0,P
1991_01,Earth,False,55 Cancri e,22.0,False,False,False,False,False,False,False,F,378.0,S
1991_02,Earth,False,TRAPPIST-1e,22.0,False,False,False,False,False,False,True,E,146.0,S
1992_01,Mars,True,TRAPPIST-1e,21.0,False,False,False,False,False,False,True,F,379.0,S
1993_01,Earth,False,TRAPPIST-1e,31.0,False,False,False,False,False,False,False,F,380.0,S
1994_01,Earth,False,TRAPPIST-1e,17.0,False,False,False,False,False,False,True,E,125.0,P
1995_01,Earth,False,PSO J318.5-22,30.0,False,False,False,False,False,False,False,G,314.0,S
1996_01,Earth,False,TRAPPIST-1e,15.0,False,False,False,False,False,False,False,F,381.0,S
1997_01,Earth,False,TRAPPIST-1e,42.0,False,False,False,False,False,False,True,G,315.0,S
1999_01,Earth,False,TRAPPIST-1e,55.0,False,False,False,False,False,False,False,F,383.0,S
2000_01,Europa,False,55 Cancri e,28.0,False,False,False,False,False,False,True,C,76.0,S
2001_01,Earth,False,TRAPPIST-1e,33.0,False,False,False,False,False,False,False,F,396.0,P
2003_01,Earth,False,TRAPPIST-1e,19.0,False,False,False,False,False,False,False,G,323.0,P
2006_01,Earth,False,TRAPPIST-1e,24.0,False,False,False,False,False,False,False,F,386.0,S
2006_02,Earth,False,TRAPPIST-1e,4.0,False,False,False,False,False,False,False,G,317.0,S
2006_03,Earth,True,TRAPPIST-1e,2.0,False,False,False,False,False,False,False,G,317.0,S
2007_01,Europa,False,55 Cancri e,30.0,False,False,False,False,False,False,True,A,25.0,S
2009_01,Europa,False,TRAPPIST-1e,31.0,False,False,False,False,False,False,False,B,59.0,P
2009_02,Europa,True,TRAPPIST-1e,17.0,False,False,False,False,False,False,True,B,59.0,P
2009_03,Europa,True,55 Cancri e,40.0,False,False,False,False,False,False,True,B,59.0,P
2010_01,Earth,True,PSO J318.5-22,33.0,False,False,False,False,False,False,True,G,324.0,P
2011_01,Earth,True,PSO J318.5-22,46.0,False,False,False,False,False,False,False,G,318.0,S
2012_01,Europa,False,55 Cancri e,30.0,True,True,True,True,True,True,False,B,60.0,P
2013_01,Earth,False,TRAPPIST-1e,17.0,False,False,False,False,False,False,False,F,398.0,P
2015_01,Earth,False,TRAPPIST-1e,19.0,False,False,False,False,False,False,True,F,387.0,S
2019_01,Europa,False,55 Cancri e,22.0,False,False,False,False,False,False,True,B,83.0,S
2019_02,Europa,False,55 Cancri e,20.0,False,False,False,False,False,False,False,B,83.0,S
2022_01,Earth,False,PSO J318.5-22,36.0,False,False,False,False,False,False,False,F,390.0,S
2024_01,Earth,False,TRAPPIST-1e,0.0,False,False,False,False,False,False,True,G,322.0,S
2024_02,Earth,False,55 Cancri e,17.0,False,False,False,False,False,False,True,E,150.0,S
2026_01,Earth,True,TRAPPIST-1e,27.0,False,False,False,False,False,False,True,G,323.0,S
2026_02,Earth,True,PSO J318.5-22,15.0,False,False,False,False,False,False,True,G,323.0,S
2026_03,Earth,False,TRAPPIST-1e,20.0,False,False,False,False,False,False,False,G,323.0,S
2027_01,Earth,False,55 Cancri e,19.0,False,False,False,False,False,False,True,F,399.0,P
2028_01,Earth,False,PSO J318.5-22,24.0,False,False,False,False,False,False,False,F,391.0,S
2029_01,Earth,False,55 Cancri e,43.0,False,False,False,False,False,False,False,F,400.0,P
2032_01,Mars,True,TRAPPIST-1e,26.0,False,False,False,False,False,False,True,F,402.0,P
2034_01,Earth,False,TRAPPIST-1e,42.0,False,False,False,False,False,False,False,F,393.0,S
2038_01,Earth,False,TRAPPIST-1e,21.0,False,False,False,False,False,False,False,F,404.0,P
2040_01,Europa,True,TRAPPIST-1e,50.0,False,False,False,False,False,False,True,B,85.0,S
2040_02,Europa,True,TRAPPIST-1e,25.0,False,False,False,False,False,False,True,B,85.0,S
2041_01,Earth,True,TRAPPIST-1e,64.0,False,False,False,False,False,False,True,G,327.0,P
2042_01,Earth,False,TRAPPIST-1e,50.0,False,False,False,False,False,False,False,F,394.0,S
2043_01,Mars,True,TRAPPIST-1e,24.0,False,False,False,False,False,False,True,F,395.0,S
2044_01,Earth,False,TRAPPIST-1e,27.0,False,False,False,False,False,False,True,F,396.0,S
2045_01,Earth,True,55 Cancri e,42.0,False,False,False,False,False,False,True,G,324.0,S
2046_01,Earth,True,55 Cancri e,30.0,False,False,False,False,False,False,False,G,328.0,P
2051_01,Earth,False,TRAPPIST-1e,20.0,False,False,False,False,False,False,True,E,126.0,P
2052_01,Mars,False,TRAPPIST-1e,31.0,False,False,False,False,False,False,True,E,151.0,S
2053_01,Europa,False,55 Cancri e,26.0,False,False,False,False,False,False,False,C,68.0,P
2054_01,Europa,False,55 Cancri e,39.0,False,False,False,False,False,False,False,C,69.0,P
2055_01,Earth,False,TRAPPIST-1e,27.0,False,False,False,False,False,False,False,G,330.0,P
2055_02,Earth,False,PSO J318.5-22,32.0,False,False,False,False,False,False,True,G,330.0,P
2055_03,Earth,True,TRAPPIST-1e,25.0,False,False,False,False,False,False,True,G,330.0,P
2055_04,Earth,False,TRAPPIST-1e,6.0,False,False,False,False,False,False,True,G,330.0,P
2055_05,Earth,True,TRAPPIST-1e,3.0,False,False,False,False,False,False,True,G,330.0,P
2055_06,Earth,True,TRAPPIST-1e,11.0,False,False,False,False,False,False,False,G,330.0,P
2056_01,Earth,True,TRAPPIST-1e,52.0,False,False,False,False,False,False,False,G,331.0,P
2056_02,Earth,False,TRAPPIST-1e,14.0,False,False,False,False,False,False,False,F,407.0,P
2056_03,Earth,False,TRAPPIST-1e,68.0,False,False,False,False,False,False,False,F,407.0,P
2056_04,Earth,True,PSO J318.5-22,18.0,False,False,False,False,False,False,True,G,331.0,P
2059_01,Earth,False,TRAPPIST-1e,55.0,False,False,False,False,False,False,True,G,333.0,P
2060_01,Earth,False,55 Cancri e,22.0,False,False,False,False,False,False,False,G,327.0,S
2061_01,Europa,False,TRAPPIST-1e,34.0,False,False,False,False,False,False,True,D,65.0,P
2062_01,Mars,False,TRAPPIST-1e,17.0,False,False,False,False,False,False,False,F,398.0,S
2063_01,Earth,True,PSO J318.5-22,38.0,False,False,False,False,False,False,False,G,328.0,S
2065_01,Earth,False,TRAPPIST-1e,13.0,False,False,False,False,False,False,False,F,410.0,P
2066_01,Earth,True,TRAPPIST-1e,19.0,False,False,False,False,False,False,True,G,329.0,S
2067_01,Europa,True,TRAPPIST-1e,30.0,False,False,False,False,False,False,True,C,70.0,P
2067_02,Europa,False,TRAPPIST-1e,27.0,True,True,True,True,True,True,False,C,70.0,P
2070_01,Earth,False,TRAPPIST-1e,17.0,False,False,False,False,False,False,True,E,127.0,P
2071_01,Europa,False,55 Cancri e,45.0,False,False,False,False,False,False,False,C,78.0,S
2071_02,Europa,False,55 Cancri e,28.0,False,False,False,False,False,False,True,C,78.0,S
2073_01,Earth,False,TRAPPIST-1e,23.0,False,False,False,False,False,False,False,F,401.0,S
2074_01,Europa,False,TRAPPIST-1e,24.0,False,False,False,False,False,False,False,D,69.0,S
2074_02,Europa,False,TRAPPIST-1e,23.0,False,False,False,False,False,False,True,D,69.0,S
2075_01,Earth,False,55 Cancri e,29.0,False,False,False,False,False,False,False,F,402.0,S
2080_01,Earth,False,TRAPPIST-1e,46.0,False,False,False,False,False,False,False,G,334.0,P
2081_01,Earth,False,PSO J318.5-22,17.0,False,False,False,False,False,False,True,F,411.0,P
2082_01,Earth,False,TRAPPIST-1e,20.0,False,False,False,False,False,False,False,G,335.0,P
2083_01,Earth,False,TRAPPIST-1e,24.0,False,False,False,False,False,False,False,F,407.0,S
2084_01,Europa,False,TRAPPIST-1e,40.0,False,False,False,False,False,False,False,A,16.0,P
2084_02,Europa,True,TRAPPIST-1e,27.0,False,False,False,False,False,False,True,A,16.0,P
2085_01,Europa,False,TRAPPIST-1e,38.0,False,False,False,False,False,False,False,C,72.0,P
2086_01,Europa,False,TRAPPIST-1e,65.0,False,False,False,False,False,False,True,A,26.0,S
2086_02,Europa,False,TRAPPIST-1e,19.0,False,False,False,False,False,False,True,A,26.0,S
2087_01,Earth,False,TRAPPIST-1e,54.0,False,False,False,False,False,False,True,F,408.0,S
2088_01,Earth,False,55 Cancri e,38.0,False,False,False,False,False,False,False,F,409.0,S
2088_02,Earth,False,TRAPPIST-1e,40.0,False,False,False,False,False,False,True,G,331.0,S
2089_01,Earth,False,PSO J318.5-22,21.0,False,False,False,False,False,False,False,F,412.0,P
2090_01,Earth,False,TRAPPIST-1e,22.0,False,False,False,False,False,False,True,F,413.0,P
2091_01,Earth,False,TRAPPIST-1e,33.0,False,False,False,False,False,False,False,F,414.0,P
2092_01,Mars,False,TRAPPIST-1e,18.0,False,False,False,False,False,False,True,D,70.0,S
2092_02,Mars,False,TRAPPIST-1e,43.0,False,False,False,False,False,False,False,E,153.0,S
2092_03,Mars,False,TRAPPIST-1e,13.0,False,False,False,False,False,False,False,F,427.0,S
2092_04,Mars,False,TRAPPIST-1e,26.0,False,False,False,False,False,False,False,F,410.0,S
2092_05,Mars,False,TRAPPIST-1e,22.0,False,False,False,False,False,False,False,D,70.0,S
2094_01,Mars,True,TRAPPIST-1e,21.0,False,False,False,False,False,False,True,F,415.0,P
2095_01,Earth,False,PSO J318.5-22,25.0,False,False,False,False,False,False,False,F,411.0,S
2096_01,Mars,False,TRAPPIST-1e,29.0,False,False,False,False,False,False,False,F,412.0,S
2096_02,Mars,False,TRAPPIST-1e,49.0,False,False,False,False,False,False,False,F,412.0,S
2097_01,Europa,True,55 Cancri e,29.0,False,False,False,False,False,False,True,B,86.0,S
2099_01,Mars,False,TRAPPIST-1e,45.0,False,False,False,False,False,False,True,D,71.0,S
2100_01,Earth,False,PSO J318.5-22,45.0,False,False,False,False,False,False,True,F,413.0,S
2102_01,Europa,False,TRAPPIST-1e,30.0,False,False,False,False,False,False,False,C,79.0,S
2104_01,Earth,False,TRAPPIST-1e,29.0,False,False,False,False,False,False,False,F,414.0,S
2104_02,Earth,False,TRAPPIST-1e,26.0,False,False,False,False,False,False,False,F,427.0,S
2105_01,Earth,True,55 Cancri e,16.0,False,False,False,False,False,False,False,G,335.0,S
2106_01,Earth,False,55 Cancri e,20.0,False,False,False,False,False,False,False,G,336.0,S
2107_01,Earth,False,TRAPPIST-1e,33.0,False,False,False,False,False,False,False,G,338.0,P
2110_01,Earth,True,TRAPPIST-1e,18.0,False,False,False,False,False,False,False,G,339.0,P
2111_01,Mars,False,TRAPPIST-1e,24.0,False,False,False,False,False,False,False,F,417.0,P
2112_01,Mars,False,TRAPPIST-1e,29.0,False,False,False,False,False,False,False,F,418.0,P
2114_01,Europa,True,55 Cancri e,40.0,False,False,False,False,False,False,True,B,87.0,S
2115_01,Europa,True,TRAPPIST-1e,27.0,False,False,False,False,False,False,True,D,72.0,S
2116_01,Earth,True,TRAPPIST-1e,35.0,False,False,False,False,False,False,False,G,339.0,S
2117_01,Europa,False,TRAPPIST-1e,31.0,False,False,False,False,False,False,False,F,427.0,S
2118_01,Earth,True,PSO J318.5-22,26.0,False,False,False,False,False,False,False,G,340.0,P
2120_01,Mars,False,TRAPPIST-1e,49.0,False,False,False,False,False,False,True,D,73.0,S
2121_01,Earth,True,TRAPPIST-1e,23.0,False,False,False,False,False,False,False,G,341.0,P
2123_01,Earth,True,PSO J318.5-22,23.0,False,False,False,False,False,False,False,G,342.0,P
2123_02,Earth,True,PSO J318.5-22,14.0,False,False,False,False,False,False,True,G,342.0,P
2124_01,Earth,False,55 Cancri e,21.0,False,False,False,False,False,False,False,G,341.0,S
2125_01,Earth,False,TRAPPIST-1e,18.0,False,False,False,False,False,False,False,G,343.0,P
2126_01,Earth,False,TRAPPIST-1e,27.0,False,False,False,False,False,False,False,F,415.0,S
2127_01,Earth,False,TRAPPIST-1e,19.0,False,False,False,False,False,False,True,F,419.0,P
2128_01,Earth,False,TRAPPIST-1e,22.0,False,False,False,False,False,False,False,G,344.0,P
2129_01,Earth,False,TRAPPIST-1e,17.0,False,False,False,False,False,False,False,F,420.0,P
2130_01,Earth,False,PSO J318.5-22,13.0,False,False,False,False,False,False,False,F,421.0,P
2131_01,Earth,False,TRAPPIST-1e,26.0,False,False,False,False,False,False,False,E,128.0,P
2133_01,Mars,False,TRAPPIST-1e,27.0,False,False,False,False,False,False,False,D,74.0,S
2133_02,Mars,True,TRAPPIST-1e,16.0,False,False,False,False,False,False,True,F,416.0,S
2134_01,Mars,False,TRAPPIST-1e,20.0,False,False,False,False,False,False,False,F,422.0,P
2135_01,Earth,False,TRAPPIST-1e,20.0,False,False,False,False,False,False,False,E,129.0,P
2135_02,Earth,False,TRAPPIST-1e,23.0,False,False,False,False,False,False,False,E,129.0,P
2136_01,Earth,False,TRAPPIST-1e,61.0,False,False,False,False,False,False,False,G,343.0,S
2137_01,Mars,True,TRAPPIST-1e,27.0,False,False,False,False,False,False,True,F,423.0,P
2137_02,Mars,False,55 Cancri e,3.0,False,False,False,False,False,False,True,F,423.0,P
2137_03,Mars,False,55 Cancri e,4.0,False,False,False,False,False,False,True,F,423.0,P
2138_01,Earth,True,55 Cancri e,13.0,False,False,False,False,False,False,True,G,344.0,S
2139_01,Mars,True,TRAPPIST-1e,19.0,False,False,False,False,False,False,True,F,417.0,S
2140_01,Earth,False,TRAPPIST-1e,18.0,False,False,False,False,False,False,True,F,424.0,P
2141_01,Earth,False,55 Cancri e,66.0,False,False,False,False,False,False,True,E,130.0,P
2142_01,Mars,True,TRAPPIST-1e,39.0,False,False,False,False,False,False,True,F,418.0,S
2143_01,Earth,False,TRAPPIST-1e,21.0,False,False,False,False,False,False,False,F,419.0,S
2143_02,Earth,True,TRAPPIST-1e,7.0,False,False,False,False,False,False,False,G,345.0,S
2144_01,Earth,True,TRAPPIST-1e,56.0,False,False,False,False,False,False,False,F,427.0,S
2145_01,Earth,False,TRAPPIST-1e,15.0,False,False,False,False,False,False,False,F,425.0,P
2147_01,Mars,False,TRAPPIST-1e,27.0,False,False,False,False,False,False,True,E,155.0,S
2148_01,Earth,False,TRAPPIST-1e,13.0,False,False,False,False,False,False,False,F,420.0,S
2149_01,Europa,True,TRAPPIST-1e,18.0,False,False,False,False,False,False,True,B,89.0,S
2150_01,Earth,True,PSO J318.5-22,38.0,False,False,False,False,False,False,False,G,346.0,P
2152_01,Earth,False,TRAPPIST-1e,45.0,False,False,False,False,False,False,False,F,426.0,P
2153_01,Earth,True,TRAPPIST-1e,21.0,False,False,False,False,False,False,False,G,347.0,P
2154_01,Earth,False,TRAPPIST-1e,19.0,False,False,False,False,False,False,False,G,348.0,P
2156_01,Earth,False,TRAPPIST-1e,49.0,False,False,False,False,False,False,False,F,421.0,S
2158_01,Earth,False,TRAPPIST-1e,21.0,False,False,False,False,False,False,True,F,423.0,S
2159_01,Earth,False,TRAPPIST-1e,18.0,False,False,False,False,False,False,True,F,424.0,S
2161_01,Mars,True,TRAPPIST-1e,43.0,False,False,False,False,False,False,True,F,429.0,P
2162_01,Mars,True,PSO J318.5-22,27.0,False,False,False,False,False,False,True,F,425.0,S
2162_02,Mars,False,TRAPPIST-1e,0.0,False,False,False,False,False,False,True,F,425.0,S
2163_01,Earth,False,TRAPPIST-1e,27.0,False,False,False,False,False,False,False,G,349.0,P
2164_01,Europa,True,TRAPPIST-1e,21.0,False,False,False,False,False,False,True,B,63.0,P
2167_01,Earth,False,PSO J318.5-22,20.0,False,False,False,False,False,False,False,F,431.0,P
2168_01,Mars,True,TRAPPIST-1e,35.0,False,False,False,False,False,False,True,F,427.0,S
2168_02,Mars,False,TRAPPIST-1e,20.0,False,False,False,False,False,False,False,F,427.0,S
2171_01,Earth,False,TRAPPIST-1e,24.0,False,False,False,False,False,False,False,F,433.0,P
2171_02,Earth,False,TRAPPIST-1e,41.0,False,False,False,False,False,False,False,G,351.0,P
2172_01,Earth,False,PSO J318.5-22,23.0,False,False,False,False,False,False,True,G,347.0,S
2173_01,Earth,True,PSO J318.5-22,27.0,False,False,False,False,False,False,True,G,352.0,P
2175_01,Earth,True,55 Cancri e,58.0,False,False,False,False,False,False,True,G,348.0,S
2177_01,Mars,True,TRAPPIST-1e,53.0,False,False,False,False,False,False,True,F,435.0,P
2179_01,Europa,False,TRAPPIST-1e,30.0,False,False,False,False,False,False,False,C,80.0,S
2180_01,Earth,False,55 Cancri e,24.0,False,False,False,False,False,False,False,F,428.0,S
2182_01,Europa,False,TRAPPIST-1e,31.0,False,False,False,False,False,False,False,B,64.0,P
2183_01,Mars,False,PSO J318.5-22,46.0,False,False,False,False,False,False,False,F,429.0,S
2183_02,Mars,False,TRAPPIST-1e,20.0,False,False,False,False,False,False,False,F,429.0,S
2186_01,Earth,True,TRAPPIST-1e,20.0,False,False,False,False,False,False,False,G,350.0,S
2187_01,Earth,False,TRAPPIST-1e,30.0,False,False,False,False,False,False,False,F,437.0,P
2188_01,Earth,False,55 Cancri e,24.0,False,False,False,False,False,False,False,F,438.0,P
2189_01,Earth,False,TRAPPIST-1e,34.0,False,False,False,False,False,False,False,G,354.0,P
2190_01,Earth,False,TRAPPIST-1e,20.0,False,False,False,False,False,False,False,F,430.0,S
2191_01,Mars,True,TRAPPIST-1e,48.0,False,False,False,False,False,False,True,F,431.0,S
2193_01,Earth,False,PSO J318.5-22,25.0,False,False,False,False,False,False,False,F,439.0,P
2194_01,Earth,True,TRAPPIST-1e,43.0,False,False,False,False,False,False,False,G,352.0,S
2195_01,Earth,False,TRAPPIST-1e,27.0,False,False,False,False,False,False,True,F,440.0,P
2196_01,Europa,False,TRAPPIST-1e,47.0,False,False,False,False,False,False,False,B,65.0,P
2196_02,Europa,False,55 Cancri e,26.0,False,False,False,False,False,False,True,B,65.0,P
2196_03,Europa,True,TRAPPIST-1e,37.0,False,False,False,False,False,False,True,B,65.0,P
2196_04,Europa,False,55 Cancri e,42.0,False,False,False,False,False,False,False,B,65.0,P
2198_01,Earth,False,55 Cancri e,61.0,False,False,False,False,False,False,True,E,156.0,S
2200_01,Mars,False,TRAPPIST-1e,29.0,False,False,False,False,False,False,False,F,442.0,P
2201_01,Europa,False,55 Cancri e,32.0,False,False,False,False,False,False,True,D,75.0,S
2202_01,Mars,False,TRAPPIST-1e,51.0,False,False,False,False,False,False,False,F,443.0,P
2203_01,Mars,False,TRAPPIST-1e,43.0,False,False,False,False,False,False,False,D,76.0,S
2204_01,Europa,True,55 Cancri e,25.0,False,False,False,False,False,False,True,B,90.0,S
2205_01,Earth,False,TRAPPIST-1e,31.0,False,False,False,False,False,False,False,E,157.0,S
2206_01,Earth,False,PSO J318.5-22,13.0,False,False,False,False,False,False,False,F,432.0,S
2207_01,Earth,False,TRAPPIST-1e,20.0,False,False,False,False,False,False,False,G,354.0,S
2209_01,Earth,False,TRAPPIST-1e,29.0,False,False,False,False,False,False,False,F,433.0,S
2210_01,Earth,True,TRAPPIST-1e,16.0,False,False,False,False,False,False,False,G,355.0,S
2211_01,Earth,False,TRAPPIST-1e,15.0,False,False,False,False,False,False,True,F,434.0,S
2212_01,Earth,False,TRAPPIST-1e,50.0,False,False,False,False,False,False,False,F,445.0,P
2215_01,Europa,False,55 Cancri e,41.0,True,True,True,True,True,True,True,A,27.0,S
2215_02,Europa,False,TRAPPIST-1e,43.0,False,False,False,False,False,False,True,A,27.0,S
2215_03,Europa,True,TRAPPIST-1e,32.0,False,False,False,False,False,False,True,A,27.0,S
2215_04,Europa,False,TRAPPIST-1e,36.0,False,False,False,False,False,False,False,A,27.0,S
2219_01,Earth,True,55 Cancri e,18.0,False,False,False,False,False,False,True,F,427.0,S
2220_01,Earth,False,TRAPPIST-1e,47.0,False,False,False,False,False,False,True,G,357.0,S
2221_01,Earth,True,PSO J318.5-22,29.0,False,False,False,False,False,False,True,G,355.0,P
2223_01,Earth,False,TRAPPIST-1e,27.0,False,False,False,False,False,False,False,G,358.0,S
2224_01,Earth,False,TRAPPIST-1e,14.0,False,False,False,False,False,False,True,F,435.0,S
2225_01,Earth,True,PSO J318.5-22,25.0,False,False,False,False,False,False,False,G,356.0,P
2228_01,Mars,False,TRAPPIST-1e,63.0,False,False,False,False,False,False,False,E,158.0,S
2229_01,Earth,False,TRAPPIST-1e,22.0,False,False,False,False,False,False,False,F,437.0,S
2231_01,Mars,False,TRAPPIST-1e,32.0,False,False,False,False,False,False,False,E,159.0,S
2232_01,Earth,False,55 Cancri e,31.0,False,False,False,False,False,False,False,F,438.0,S
2232_02,Earth,False,TRAPPIST-1e,24.0,False,False,False,False,False,False,False,F,438.0,S
2233_01,Earth,False,TRAPPIST-1e,39.0,False,False,False,False,False,False,False,G,359.0,P
2234_01,Mars,True,55 Cancri e,20.0,False,False,False,False,False,False,True,F,448.0,P
2234_02,Mars,True,55 Cancri e,20.0,False,False,False,False,False,False,True,F,448.0,P
2234_03,Mars,False,TRAPPIST-1e,19.0,False,False,False,False,False,False,False,E,134.0,P
2234_04,Mars,False,55 Cancri e,20.0,False,False,False,False,False,False,False,E,134.0,P
2234_05,Mars,False,TRAPPIST-1e,31.0,False,False,False,False,False,False,False,D,66.0,P
2234_06,Mars,True,55 Cancri e,17.0,False,False,False,False,False,False,True,F,448.0,P
2234_07,Mars,False,TRAPPIST-1e,24.0,False,False,False,False,False,False,False,F,448.0,P
2235_01,Earth,False,TRAPPIST-1e,27.0,False,False,False,False,False,False,False,F,449.0,P
2237_01,Europa,False,55 Cancri e,28.0,False,False,False,False,False,False,True,C,83.0,S
2237_02,Europa,True,TRAPPIST-1e,41.0,False,False,False,False,False,False,True,C,83.0,S
2238_01,Europa,True,55 Cancri e,25.0,False,False,False,False,False,False,True,A,28.0,S
2239_01,Earth,False,PSO J318.5-22,26.0,False,False,False,False,False,False,True,F,439.0,S
2241_01,Earth,False,TRAPPIST-1e,27.0,False,False,False,False,False,False,False,F,451.0,P
2243_01,Earth,False,TRAPPIST-1e,22.0,False,False,False,False,False,False,True,G,362.0,P
2251_01,Europa,False,55 Cancri e,62.0,False,False,False,False,False,False,False,A,29.0,S
2251_02,Europa,False,TRAPPIST-1e,58.0,False,False,False,False,False,False,False,A,29.0,S
2252_01,Earth,False,TRAPPIST-1e,37.0,False,False,False,False,False,False,False,G,363.0,P
2253_01,Earth,False,TRAPPIST-1e,54.0,False,False,False,False,False,False,False,G,359.0,S
2254_01,Earth,False,TRAPPIST-1e,26.0,False,False,False,False,False,False,False,F,455.0,P
2255_01,Europa,True,55 Cancri e,44.0,False,False,False,False,False,False,True,C,75.0,P
2255_02,Europa,True,TRAPPIST-1e,34.0,False,False,False,False,False,False,True,C,75.0,P
2256_01,Earth,True,TRAPPIST-1e,47.0,False,False,False,False,False,False,True,G,360.0,S
2257_01,Europa,False,TRAPPIST-1e,27.0,True,True,True,True,True,True,True,C,76.0,P
2257_02,Europa,True,55 Cancri e,22.0,False,False,False,False,False,False,True,B,66.0,P
2258_01,Earth,True,TRAPPIST-1e,46.0,False,False,False,False,False,False,True,G,364.0,P
2261_01,Earth,False,TRAPPIST-1e,29.0,False,False,False,False,False,False,True,F,441.0,S
2262_01,Earth,False,55 Cancri e,43.0,False,False,False,False,False,False,False,G,365.0,P
2263_01,Earth,False,TRAPPIST-1e,42.0,False,False,False,False,False,False,False,F,456.0,P
2264_01,Earth,False,TRAPPIST-1e,39.0,False,False,False,False,False,False,True,F,442.0,S
2266_01,Mars,False,TRAPPIST-1e,30.0,False,False,False,False,False,False,False,F,457.0,P
2267_01,Mars,False,TRAPPIST-1e,43.0,False,False,False,False,False,False,True,E,161.0,S
2268_01,Earth,True,TRAPPIST-1e,19.0,False,False,False,False,False,False,False,G,366.0,P
2269_01,Mars,True,TRAPPIST-1e,26.0,False,False,False,False,False,False,True,F,458.0,P
2270_01,Mars,False,TRAPPIST-1e,46.0,False,False,False,False,False,False,True,F,459.0,P
2272_01,Earth,False,TRAPPIST-1e,3.0,False,False,False,False,False,False,True,G,367.0,P
2272_02,Earth,True,55 Cancri e,21.0,False,False,False,False,False,False,True,F,427.0,S
2272_03,Earth,False,TRAPPIST-1e,1.0,False,False,False,False,False,False,True,G,367.0,P
2273_01,Earth,False,TRAPPIST-1e,22.0,False,False,False,False,False,False,False,E,162.0,S
2274_01,Europa,True,55 Cancri e,27.0,False,False,False,False,False,False,True,C,79.0,P
2274_02,Europa,True,55 Cancri e,28.0,False,False,False,False,False,False,True,C,79.0,P
2275_01,Mars,False,PSO J318.5-22,36.0,False,False,False,False,False,False,False,F,460.0,P
2277_01,Earth,False,TRAPPIST-1e,19.0,False,False,False,False,False,False,False,G,362.0,S
2278_01,Europa,True,55 Cancri e,18.0,False,False,False,False,False,False,True,C,80.0,P
2279_01,Europa,False,55 Cancri e,47.0,False,False,False,False,False,False,False,B,91.0,S
2280_01,Europa,False,TRAPPIST-1e,18.0,False,False,False,False,False,False,False,B,92.0,S
2281_01,Earth,False,TRAPPIST-1e,6.0,False,False,False,False,False,False,True,E,136.0,P
2282_01,Earth,False,TRAPPIST-1e,20.0,False,False,False,False,False,False,False,F,461.0,P
2284_01,Mars,False,TRAPPIST-1e,18.0,False,False,False,False,False,False,False,F,463.0,P
2287_01,Earth,False,TRAPPIST-1e,37.0,False,False,False,False,False,False,False,F,464.0,P
2288_01,Earth,False,TRAPPIST-1e,22.0,False,False,False,False,False,False,False,E,163.0,S
2289_01,Mars,False,TRAPPIST-1e,37.0,False,False,False,False,False,False,True,F,465.0,P
2291_01,Earth,False,55 Cancri e,6.0,False,False,False,False,False,False,False,G,365.0,S
2291_02,Earth,False,TRAPPIST-1e,36.0,False,False,False,False,False,False,False,G,365.0,S
2291_03,Earth,False,55 Cancri e,46.0,False,False,False,False,False,False,False,F,445.0,S
2295_01,Earth,False,TRAPPIST-1e,75.0,False,False,False,False,False,False,False,F,466.0,P
2295_02,Earth,False,TRAPPIST-1e,37.0,False,False,False,False,False,False,False,F,466.0,P
2296_01,Earth,True,TRAPPIST-1e,22.0,False,False,False,False,False,False,True,G,369.0,P
2298_01,Earth,False,PSO J318.5-22,33.0,False,False,False,False,False,False,False,F,467.0,P
2299_01,Mars,False,TRAPPIST-1e,35.0,False,False,False,False,False,False,False,F,448.0,S
2300_01,Europa,False,55 Cancri e,19.0,False,False,False,False,False,False,False,C,81.0,P
2300_02,Europa,False,55 Cancri e,34.0,False,False,False,False,False,False,False,C,81.0,P
2301_01,Earth,False,TRAPPIST-1e,23.0,False,False,False,False,False,False,True,F,449.0,S
2301_02,Earth,False,55 Cancri e,37.0,False,False,False,False,False,False,False,G,367.0,S
2301_03,Earth,False,55 Cancri e,24.0,False,False,False,False,False,False,False,F,449.0,S
2302_01,Europa,False,TRAPPIST-1e,54.0,True,True,True,True,True,True,False,A,18.0,P
2303_01,Mars,False,55 Cancri e,52.0,False,False,False,False,False,False,True,F,468.0,P
2305_01,Earth,True,TRAPPIST-1e,60.0,False,False,False,False,False,False,False,G,368.0,S
2306_01,Europa,False,TRAPPIST-1e,1.0,False,False,False,False,False,False,True,C,82.0,P
2306_02,Europa,False,TRAPPIST-1e,27.0,False,False,False,False,False,False,True,C,82.0,P
2306_03,Europa,False,TRAPPIST-1e,22.0,False,False,False,False,False,False,False,C,82.0,P
2306_04,Europa,False,55 Cancri e,27.0,False,False,False,False,False,False,True,C,82.0,P
2306_05,Europa,True,55 Cancri e,48.0,False,False,False,False,False,False,True,C,82.0,P
2306_06,Europa,False,55 Cancri e,47.0,False,False,False,False,False,False,False,C,82.0,P
2308_01,Europa,True,TRAPPIST-1e,25.0,False,False,False,False,False,False,True,D,77.0,S
2308_02,Europa,False,55 Cancri e,49.0,False,False,False,False,False,False,False,D,77.0,S
2308_03,Europa,False,TRAPPIST-1e,33.0,False,False,False,False,False,False,False,D,77.0,S
2308_04,Europa,False,TRAPPIST-1e,67.0,False,False,False,False,False,False,True,D,77.0,S
2309_01,Earth,True,PSO J318.5-22,5.0,False,False,False,False,False,False,False,G,371.0,P
2310_01,Europa,True,55 Cancri e,60.0,False,False,False,False,False,False,True,D,68.0,P
2310_02,Europa,True,TRAPPIST-1e,56.0,False,False,False,False,False,False,True,D,68.0,P
2310_03,Europa,False,TRAPPIST-1e,59.0,False,False,False,False,False,False,False,D,68.0,P
2310_04,Europa,True,TRAPPIST-1e,44.0,False,False,False,False,False,False,True,D,68.0,P
2311_01,Earth,False,TRAPPIST-1e,33.0,False,False,False,False,False,False,False,G,372.0,P
2312_01,Earth,True,TRAPPIST-1e,28.0,False,False,False,False,False,False,False,G,369.0,S
2313_01,Mars,False,TRAPPIST-1e,29.0,False,False,False,False,False,False,False,F,469.0,P
2314_01,Earth,True,TRAPPIST-1e,13.0,False,False,False,False,False,False,False,G,370.0,S
2315_01,Europa,True,55 Cancri e,34.0,False,False,False,False,False,False,True,B,67.0,P
2316_01,Earth,True,PSO J318.5-22,45.0,False,False,False,False,False,False,True,G,371.0,S
2317_01,Earth,False,TRAPPIST-1e,39.0,False,False,False,False,False,False,False,G,372.0,S
2318_01,Earth,False,TRAPPIST-1e,18.0,False,False,False,False,False,False,False,F,470.0,P
2319_01,Earth,True,PSO J318.5-22,57.0,False,False,False,False,False,False,False,G,373.0,P
2320_01,Earth,False,55 Cancri e,27.0,False,False,False,False,False,False,False,F,450.0,S
2321_01,Earth,True,PSO J318.5-22,25.0,False,False,False,False,False,False,True,G,373.0,S
2325_01,Earth,True,PSO J318.5-22,22.0,False,False,False,False,False,False,False,G,374.0,S
2327_01,Europa,False,TRAPPIST-1e,32.0,False,False,False,False,False,False,True,B,68.0,P
2329_01,Mars,True,TRAPPIST-1e,29.0,False,False,False,False,False,False,True,F,472.0,P
2332_01,Earth,False,TRAPPIST-1e,21.0,False,False,False,False,False,False,False,F,453.0,S
2333_01,Mars,False,TRAPPIST-1e,16.0,False,False,False,False,False,False,False,E,137.0,P
2336_01,Europa,True,55 Cancri e,45.0,False,False,False,False,False,False,True,A,30.0,S
2336_02,Europa,False,TRAPPIST-1e,44.0,True,True,True,True,True,True,False,A,30.0,S
2338_01,Earth,True,55 Cancri e,27.0,False,False,False,False,False,False,True,G,376.0,P
2338_02,Earth,False,TRAPPIST-1e,26.0,False,False,False,False,False,False,False,F,474.0,P
2339_01,Mars,False,TRAPPIST-1e,46.0,False,False,False,False,False,False,False,F,475.0,P
2340_01,Earth,False,PSO J318.5-22,24.0,False,False,False,False,False,False,False,F,454.0,S
2341_01,Earth,False,TRAPPIST-1e,15.0,False,False,False,False,False,False,True,F,455.0,S
2345_01,Earth,True,PSO J318.5-22,53.0,False,False,False,False,False,False,False,G,378.0,S
2347_01,Earth,False,55 Cancri e,28.0,False,False,False,False,False,False,False,F,477.0,P
2347_02,Earth,True,TRAPPIST-1e,11.0,False,False,False,False,False,False,True,G,377.0,P
2347_03,Earth,True,TRAPPIST-1e,7.0,False,False,False,False,False,False,False,G,377.0,P
2347_04,Earth,True,PSO J318.5-22,0.0,False,False,False,False,False,False,True,G,377.0,P
2347_05,Earth,True,55 Cancri e,15.0,False,False,False,False,False,False,True,G,377.0,P
2347_06,Earth,False,55 Cancri e,31.0,False,False,False,False,False,False,False,G,377.0,P
2347_07,Earth,False,TRAPPIST-1e,9.0,False,False,False,False,False,False,False,G,377.0,P
2348_01,Europa,False,55 Cancri e,44.0,True,True,True,True,True,True,False,D,78.0,S
2349_01,Earth,False,TRAPPIST-1e,35.0,False,False,False,False,False,False,False,G,379.0,S
2353_01,Earth,False,TRAPPIST-1e,30.0,False,False,False,False,False,False,True,G,380.0,S
2353_02,Earth,False,55 Cancri e,13.0,False,False,False,False,False,False,False,F,457.0,S
2356_01,Mars,False,TRAPPIST-1e,45.0,True,True,True,True,True,True,False,D,80.0,S
2356_02,Mars,True,TRAPPIST-1e,4.0,False,False,False,False,False,False,True,D,80.0,S
2356_03,Mars,True,TRAPPIST-1e,21.0,False,False,False,False,False,False,True,D,80.0,S
2357_01,Earth,False,TRAPPIST-1e,20.0,False,False,False,False,False,False,False,E,139.0,P
2360_01,Earth,True,TRAPPIST-1e,24.0,False,False,False,False,False,False,True,G,379.0,P
2361_01,Earth,True,PSO J318.5-22,3.0,False,False,False,False,False,False,False,G,380.0,P
2361_02,Earth,False,TRAPPIST-1e,29.0,False,False,False,False,False,False,True,F,481.0,P
2363_01,Europa,False,TRAPPIST-1e,28.0,False,False,False,False,False,False,True,C,85.0,S
2364_01,Earth,False,TRAPPIST-1e,44.0,False,False,False,False,False,False,True,G,381.0,P
2365_01,Europa,True,TRAPPIST-1e,50.0,False,False,False,False,False,False,True,D,71.0,P
2366_01,Mars,True,TRAPPIST-1e,35.0,False,False,False,False,False,False,False,F,482.0,P
2367_01,Earth,False,TRAPPIST-1e,19.0,False,False,False,False,False,False,False,F,483.0,P
2368_01,Mars,False,TRAPPIST-1e,22.0,False,False,False,False,False,False,False,E,141.0,P
2369_01,Earth,False,TRAPPIST-1e,30.0,False,False,False,False,False,False,False,F,484.0,P
2373_01,Europa,False,TRAPPIST-1e,36.0,False,False,False,False,False,False,False,D,81.0,S
2374_01,Mars,False,TRAPPIST-1e,20.0,False,False,False,False,False,False,True,E,166.0,S
2375_01,Earth,False,55 Cancri e,22.0,False,False,False,False,False,False,True,G,383.0,P
2376_01,Earth,False,55 Cancri e,22.0,False,False,False,False,False,False,False,F,459.0,S
2377_01,Europa,True,PSO J318.5-22,32.0,False,False,False,False,False,False,True,C,83.0,P
2379_01,Earth,False,TRAPPIST-1e,35.0,False,False,False,False,False,False,False,F,487.0,P
2382_01,Earth,False,55 Cancri e,41.0,False,False,False,False,False,False,False,F,488.0,P
2384_01,Earth,True,TRAPPIST-1e,57.0,False,False,False,False,False,False,False,G,383.0,S
2384_02,Earth,True,PSO J318.5-22,3.0,False,False,False,False,False,False,False,G,383.0,S
2384_03,Earth,False,55 Cancri e,11.0,False,False,False,False,False,False,True,G,383.0,S
2384_04,Earth,False,TRAPPIST-1e,4.0,False,False,False,False,False,False,True,G,383.0,S
2384_05,Earth,True,TRAPPIST-1e,17.0,False,False,False,False,False,False,False,G,383.0,S
2384_06,Earth,False,TRAPPIST-1e,30.0,False,False,False,False,False,False,False,G,383.0,S
2384_07,Earth,True,TRAPPIST-1e,11.0,False,False,False,False,False,False,True,F,427.0,S
2385_01,Mars,False,TRAPPIST-1e,23.0,False,False,False,False,False,False,False,F,461.0,S
2387_01,Earth,False,TRAPPIST-1e,58.0,False,False,False,False,False,False,True,E,142.0,P
2389_01,Earth,False,TRAPPIST-1e,22.0,False,False,False,False,False,False,False,G,384.0,S
2390_01,Earth,False,TRAPPIST-1e,24.0,False,False,False,False,False,False,False,G,385.0,P
2391_01,Earth,False,TRAPPIST-1e,20.0,False,False,False,False,False,False,False,E,143.0,P
2392_01,Earth,True,TRAPPIST-1e,37.0,False,False,False,False,False,False,True,G,386.0,P
2395_01,Earth,False,TRAPPIST-1e,49.0,False,False,False,False,False,False,False,G,387.0,P
2396_01,Earth,False,TRAPPIST-1e,46.0,False,False,False,False,False,False,False,E,168.0,S
2396_02,Earth,False,TRAPPIST-1e,30.0,False,False,False,False,False,False,False,G,386.0,S
2397_01,Earth,False,55 Cancri e,36.0,False,False,False,False,False,False,False,G,387.0,S
2398_01,Earth,False,TRAPPIST-1e,21.0,False,False,False,False,False,False,False,F,490.0,P
2399_01,Mars,False,TRAPPIST-1e,25.0,True,True,True,True,True,True,False,E,169.0,S
2401_01,Earth,True,PSO J318.5-22,42.0,False,False,False,False,False,False,True,G,388.0,P
2402_01,Earth,True,TRAPPIST-1e,13.0,False,False,False,False,False,False,False,G,389.0,P
2403_01,Earth,False,TRAPPIST-1e,25.0,False,False,False,False,False,False,False,G,388.0,S
2404_01,Europa,False,TRAPPIST-1e,29.0,False,False,False,False,False,False,False,C,86.0,S
2404_02,Europa,True,TRAPPIST-1e,17.0,False,False,False,False,False,False,True,C,86.0,S
2404_03,Europa,False,55 Cancri e,36.0,False,False,False,False,False,False,True,C,86.0,S
2404_04,Earth,True,TRAPPIST-1e,44.0,False,False,False,False,False,False,True,C,86.0,S
2406_01,Mars,True,TRAPPIST-1e,18.0,False,False,False,False,False,False,True,F,465.0,S
2409_01,Earth,False,55 Cancri e,22.0,False,False,False,False,False,False,False,F,492.0,P
2409_02,Earth,True,TRAPPIST-1e,22.0,False,False,False,False,False,False,True,G,390.0,P
2410_01,Earth,True,TRAPPIST-1e,43.0,False,False,False,False,False,False,True,G,391.0,P
2411_01,Earth,False,TRAPPIST-1e,29.0,False,False,False,False,False,False,True,F,493.0,P
2412_01,Earth,True,TRAPPIST-1e,24.0,False,False,False,False,False,False,True,G,392.0,P
2413_01,Earth,True,PSO J318.5-22,18.0,False,False,False,False,False,False,True,G,390.0,S
2414_01,Europa,False,TRAPPIST-1e,42.0,False,False,False,False,False,False,False,T,1.0,P
2416_01,Earth,False,TRAPPIST-1e,43.0,False,False,False,False,False,False,False,G,391.0,S
2417_01,Earth,False,TRAPPIST-1e,32.0,False,False,False,False,False,False,False,G,393.0,P
2419_01,Earth,True,TRAPPIST-1e,15.0,False,False,False,False,False,False,True,G,394.0,P
2421_01,Mars,False,TRAPPIST-1e,22.0,False,False,False,False,False,False,True,E,145.0,P
2423_01,Earth,True,TRAPPIST-1e,20.0,False,False,False,False,False,False,False,G,395.0,P
2424_01,Earth,False,TRAPPIST-1e,34.0,False,False,False,False,False,False,True,G,393.0,S
2426_01,Mars,True,TRAPPIST-1e,70.0,False,False,False,False,False,False,True,F,466.0,S
2426_02,Mars,True,TRAPPIST-1e,18.0,False,False,False,False,False,False,True,F,466.0,S
2427_01,Europa,True,TRAPPIST-1e,26.0,False,False,False,False,False,False,True,B,94.0,S
2429_01,Earth,False,TRAPPIST-1e,17.0,False,False,False,False,False,False,False,F,497.0,P
2431_01,Earth,False,TRAPPIST-1e,13.0,False,False,False,False,False,False,False,F,498.0,P
2432_01,Earth,False,TRAPPIST-1e,19.0,False,False,False,False,False,False,False,F,499.0,P
2433_01,Europa,True,TRAPPIST-1e,32.0,False,False,False,False,False,False,True,C,84.0,P
2435_01,Earth,False,TRAPPIST-1e,33.0,False,False,False,False,False,False,False,F,467.0,S
2436_01,Earth,False,TRAPPIST-1e,21.0,False,False,False,False,False,False,False,F,501.0,P
2438_01,Mars,True,TRAPPIST-1e,23.0,False,False,False,False,False,False,True,F,503.0,P
2439_01,Earth,False,TRAPPIST-1e,24.0,False,False,False,False,False,False,True,F,504.0,P
2441_01,Earth,False,55 Cancri e,17.0,False,False,False,False,False,False,False,F,468.0,S
2442_01,Mars,True,TRAPPIST-1e,34.0,False,False,False,False,False,False,True,F,505.0,P
2443_01,Earth,False,TRAPPIST-1e,31.0,False,False,False,False,False,False,False,D,72.0,P
2444_01,Earth,False,55 Cancri e,43.0,False,False,False,False,False,False,False,F,506.0,P
2445_01,Earth,False,TRAPPIST-1e,43.0,False,False,False,False,False,False,False,E,170.0,S
2446_01,Earth,False,TRAPPIST-1e,33.0,False,False,False,False,False,False,True,F,507.0,P
2449_01,Mars,True,TRAPPIST-1e,28.0,False,False,False,False,False,False,True,F,508.0,P
2449_02,Mars,True,TRAPPIST-1e,27.0,False,False,False,False,False,False,False,E,146.0,P
2449_03,Mars,True,TRAPPIST-1e,7.0,False,False,False,False,False,False,True,F,508.0,P
2451_01,Earth,True,PSO J318.5-22,16.0,False,False,False,False,False,False,False,G,395.0,S
2452_01,Earth,False,55 Cancri e,42.0,False,False,False,False,False,False,False,F,470.0,S
2453_01,Mars,True,TRAPPIST-1e,27.0,False,False,False,False,False,False,True,E,147.0,P
2454_01,Earth,False,TRAPPIST-1e,19.0,False,False,False,False,False,False,False,F,510.0,P
2455_01,Mars,False,TRAPPIST-1e,42.0,False,False,False,False,False,False,False,F,471.0,S
2456_01,Earth,True,PSO J318.5-22,13.0,False,False,False,False,False,False,False,G,399.0,P
2457_01,Earth,True,TRAPPIST-1e,16.0,False,False,False,False,False,False,True,G,400.0,P
2458_01,Earth,False,TRAPPIST-1e,21.0,False,False,False,False,False,False,True,F,511.0,P
2460_01,Earth,True,PSO J318.5-22,28.0,False,False,False,False,False,False,True,G,402.0,P
2461_01,Earth,True,TRAPPIST-1e,69.0,False,False,False,False,False,False,False,G,396.0,S
2462_01,Earth,True,PSO J318.5-22,15.0,False,False,False,False,False,False,False,G,397.0,S
2463_01,Earth,False,TRAPPIST-1e,48.0,False,False,False,False,False,False,False,E,171.0,S
2466_01,Earth,False,TRAPPIST-1e,42.0,False,False,False,False,False,False,False,F,472.0,S
2467_01,Mars,False,TRAPPIST-1e,42.0,False,False,False,False,False,False,False,D,83.0,S
2470_01,Earth,False,TRAPPIST-1e,23.0,False,False,False,False,False,False,False,G,398.0,S
2470_02,Earth,False,TRAPPIST-1e,26.0,False,False,False,False,False,False,False,G,398.0,S
2471_01,Earth,False,TRAPPIST-1e,45.0,False,False,False,False,False,False,False,G,403.0,P
2472_01,Earth,False,TRAPPIST-1e,30.0,False,False,False,False,False,False,False,E,173.0,S
2474_01,Mars,True,TRAPPIST-1e,36.0,False,False,False,False,False,False,True,F,475.0,S
2475_01,Europa,False,TRAPPIST-1e,27.0,False,False,False,False,False,False,False,C,85.0,P
2476_01,Earth,False,TRAPPIST-1e,35.0,False,False,False,False,False,False,False,F,512.0,P
2477_01,Europa,True,TRAPPIST-1e,21.0,False,False,False,False,False,False,True,C,86.0,P
2477_02,Europa,True,55 Cancri e,50.0,False,False,False,False,False,False,True,C,86.0,P
2478_01,Earth,True,TRAPPIST-1e,52.0,False,False,False,False,False,False,False,G,404.0,P
2479_01,Earth,True,PSO J318.5-22,21.0,False,False,False,False,False,False,False,F,427.0,S
2480_01,Earth,False,55 Cancri e,41.0,False,False,False,False,False,False,False,F,476.0,S
2483_01,Earth,False,55 Cancri e,35.0,False,False,False,False,False,False,False,F,477.0,S
2486_01,Earth,False,TRAPPIST-1e,26.0,False,False,False,False,False,False,False,F,513.0,P
2486_02,Earth,False,TRAPPIST-1e,17.0,False,False,False,False,False,False,False,F,513.0,P
2488_01,Mars,False,TRAPPIST-1e,69.0,False,False,False,False,False,False,False,D,85.0,S
2489_01,Europa,True,TRAPPIST-1e,27.0,False,False,False,False,False,False,True,B,72.0,P
2491_01,Earth,False,PSO J318.5-22,25.0,False,False,False,False,False,False,False,G,401.0,S
2492_01,Mars,True,TRAPPIST-1e,27.0,False,False,False,False,False,False,True,F,480.0,S
2496_01,Earth,False,TRAPPIST-1e,25.0,False,False,False,False,False,False,False,F,481.0,S
2497_01,Earth,False,55 Cancri e,36.0,False,False,False,False,False,False,False,F,427.0,S
2498_01,Earth,False,TRAPPIST-1e,14.0,False,False,False,False,False,False,False,E,176.0,S
2499_01,Europa,True,55 Cancri e,27.0,False,False,False,False,False,False,True,C,89.0,S
2500_01,Earth,False,TRAPPIST-1e,22.0,False,False,False,False,False,False,False,G,403.0,S
2502_01,Earth,False,TRAPPIST-1e,24.0,False,False,False,False,False,False,False,G,404.0,S
2503_01,Mars,False,TRAPPIST-1e,27.0,False,False,False,False,False,False,False,F,516.0,P
2503_02,Mars,False,TRAPPIST-1e,4.0,False,False,False,False,False,False,True,F,516.0,P
2505_01,Earth,False,TRAPPIST-1e,19.0,False,False,False,False,False,False,False,E,149.0,P
2505_02,Earth,False,TRAPPIST-1e,19.0,False,False,False,False,False,False,False,E,149.0,P
2506_01,Earth,False,55 Cancri e,38.0,False,False,False,False,False,False,False,A,19.0,P
2506_02,Europa,True,55 Cancri e,39.0,False,False,False,False,False,False,True,A,19.0,P
2506_03,Europa,False,55 Cancri e,23.0,False,False,False,False,False,False,False,A,19.0,P
2508_01,Europa,True,55 Cancri e,57.0,False,False,False,False,False,False,True,D,86.0,S
2508_02,Europa,True,TRAPPIST-1e,18.0,False,False,False,False,False,False,True,D,86.0,S
2509_01,Earth,False,TRAPPIST-1e,43.0,False,False,False,False,False,False,False,F,483.0,S
2510_01,Mars,False,TRAPPIST-1e,28.0,False,False,False,False,False,False,True,F,517.0,P
2512_01,Europa,False,55 Cancri e,33.0,False,False,False,False,False,False,False,C,91.0,S
2512_02,Europa,True,55 Cancri e,37.0,False,False,False,False,False,False,True,C,91.0,S
2513_01,Earth,False,TRAPPIST-1e,28.0,False,False,False,False,False,False,False,F,427.0,S
2515_01,Europa,False,55 Cancri e,28.0,True,True,True,True,True,True,False,B,96.0,S
2515_02,Europa,True,55 Cancri e,18.0,False,False,False,False,False,False,True,B,96.0,S
2516_01,Earth,False,55 Cancri e,29.0,False,False,False,False,False,False,False,G,406.0,P
2518_01,Europa,True,TRAPPIST-1e,29.0,False,False,False,False,False,False,True,C,87.0,P
2518_02,Europa,True,55 Cancri e,28.0,False,False,False,False,False,False,True,C,87.0,P
2519_01,Earth,False,TRAPPIST-1e,24.0,False,False,False,False,False,False,True,F,485.0,S
2520_01,Europa,False,TRAPPIST-1e,59.0,False,False,False,False,False,False,False,C,88.0,P
2521_01,Mars,True,TRAPPIST-1e,43.0,False,False,False,False,False,False,False,E,151.0,P
2522_01,Mars,True,TRAPPIST-1e,20.0,False,False,False,False,False,False,True,F,520.0,P
2523_01,Europa,True,55 Cancri e,23.0,False,False,False,False,False,False,True,B,73.0,P
2524_01,Europa,True,55 Cancri e,27.0,False,False,False,False,False,False,True,D,74.0,P
2526_01,Europa,True,55 Cancri e,38.0,False,False,False,False,False,False,True,B,74.0,P
2527_01,Earth,True,PSO J318.5-22,38.0,False,False,False,False,False,False,True,G,405.0,S
2528_01,Mars,False,TRAPPIST-1e,48.0,False,False,False,False,False,False,True,F,487.0,S
2530_01,Mars,False,TRAPPIST-1e,25.0,False,False,False,False,False,False,False,F,488.0,S
2531_01,Earth,True,PSO J318.5-22,25.0,False,False,False,False,False,False,True,G,407.0,P
2532_01,Mars,False,TRAPPIST-1e,24.0,False,False,False,False,False,False,False,F,489.0,S
2532_02,Mars,True,TRAPPIST-1e,69.0,False,False,False,False,False,False,True,F,489.0,S
2534_01,Europa,False,55 Cancri e,20.0,False,False,False,False,False,False,False,B,75.0,P
2534_02,Europa,True,55 Cancri e,18.0,False,False,False,False,False,False,True,B,75.0,P
2535_01,Earth,True,TRAPPIST-1e,28.0,False,False,False,False,False,False,False,G,409.0,P
2537_01,Earth,False,PSO J318.5-22,23.0,False,False,False,False,False,False,True,E,152.0,P
2540_01,Mars,False,TRAPPIST-1e,24.0,False,False,False,False,False,False,False,E,177.0,S
2541_01,Europa,False,TRAPPIST-1e,44.0,False,False,False,False,False,False,False,B,77.0,P
2542_01,Mars,False,TRAPPIST-1e,29.0,False,False,False,False,False,False,False,E,153.0,P
2544_01,Europa,False,55 Cancri e,6.0,False,False,False,False,False,False,True,B,97.0,S
2544_02,Europa,False,TRAPPIST-1e,42.0,False,False,False,False,False,False,False,B,97.0,S
2545_01,Earth,True,55 Cancri e,78.0,False,False,False,False,False,False,False,G,410.0,P
2546_01,Earth,False,TRAPPIST-1e,36.0,False,False,False,False,False,False,False,F,491.0,S
2547_01,Europa,False,55 Cancri e,37.0,False,False,False,False,False,False,False,F,427.0,S
2547_02,Europa,False,55 Cancri e,41.0,False,False,False,False,False,False,True,A,20.0,P
2548_01,Earth,False,TRAPPIST-1e,18.0,False,False,False,False,False,False,False,G,407.0,S
2549_01,Mars,False,TRAPPIST-1e,62.0,False,False,False,False,False,False,False,F,522.0,P
2549_02,Mars,False,TRAPPIST-1e,0.0,False,False,False,False,False,False,True,F,522.0,P
2549_03,Mars,False,TRAPPIST-1e,55.0,False,False,False,False,False,False,False,F,522.0,P
2550_01,Earth,True,TRAPPIST-1e,16.0,False,False,False,False,False,False,True,G,411.0,P
2551_01,Earth,False,TRAPPIST-1e,32.0,False,False,False,False,False,False,False,F,523.0,P
2552_01,Earth,False,TRAPPIST-1e,19.0,False,False,False,False,False,False,True,F,492.0,S
2552_02,Earth,False,55 Cancri e,7.0,False,False,False,False,False,False,True,G,408.0,S
2552_03,Earth,False,55 Cancri e,4.0,False,False,False,False,False,False,True,G,408.0,S
2553_01,Europa,True,TRAPPIST-1e,30.0,False,False,False,False,False,False,True,D,87.0,S
2555_01,Europa,True,55 Cancri e,24.0,False,False,False,False,False,False,True,B,78.0,P
2555_02,Europa,True,TRAPPIST-1e,34.0,False,False,False,False,False,False,True,B,78.0,P
2557_01,Europa,True,TRAPPIST-1e,30.0,False,False,False,False,False,False,True,C,92.0,S
2558_01,Mars,False,TRAPPIST-1e,3.0,False,False,False,False,False,False,True,F,525.0,P
2558_02,Mars,False,TRAPPIST-1e,32.0,False,False,False,False,False,False,True,F,525.0,P
2558_03,Mars,False,TRAPPIST-1e,55.0,False,False,False,False,False,False,True,F,525.0,P
2558_04,Mars,True,TRAPPIST-1e,0.0,False,False,False,False,False,False,True,F,525.0,P
2559_01,Europa,False,TRAPPIST-1e,51.0,False,False,False,False,False,False,False,F,427.0,S
2560_01,Earth,True,PSO J318.5-22,0.0,False,False,False,False,False,False,True,G,412.0,P
2560_02,Earth,False,TRAPPIST-1e,21.0,False,False,False,False,False,False,False,G,412.0,P
2560_03,Earth,False,TRAPPIST-1e,2.0,False,False,False,False,False,False,False,G,412.0,P
2561_01,Earth,False,TRAPPIST-1e,19.0,False,False,False,False,False,False,False,E,178.0,S
2562_01,Mars,True,TRAPPIST-1e,24.0,False,False,False,False,False,False,True,F,526.0,P
2562_02,Mars,False,TRAPPIST-1e,20.0,False,False,False,False,False,False,False,F,526.0,P
2564_01,Europa,False,TRAPPIST-1e,42.0,False,False,False,False,False,False,True,E,179.0,S
2565_01,Mars,True,TRAPPIST-1e,17.0,False,False,False,False,False,False,True,F,527.0,P
2565_02,Mars,False,TRAPPIST-1e,32.0,False,False,False,False,False,False,False,E,155.0,P
2571_01,Earth,False,TRAPPIST-1e,28.0,False,False,False,False,False,False,True,G,414.0,P
2572_01,Europa,True,55 Cancri e,21.0,False,False,False,False,False,False,True,C,93.0,S
2572_02,Europa,True,55 Cancri e,56.0,True,True,True,True,True,True,True,C,93.0,S
2573_01,Europa,True,55 Cancri e,28.0,False,False,False,False,False,False,True,C,90.0,P
2574_01,Earth,False,TRAPPIST-1e,42.0,False,False,False,False,False,False,False,F,496.0,S
2578_01,Earth,False,TRAPPIST-1e,18.0,False,False,False,False,False,False,False,F,498.0,S
2580_01,Earth,False,TRAPPIST-1e,24.0,False,False,False,False,False,False,False,G,412.0,S
2581_01,Earth,False,TRAPPIST-1e,20.0,False,False,False,False,False,False,False,E,156.0,P
2581_02,Earth,False,TRAPPIST-1e,22.0,False,False,False,False,False,False,False,F,531.0,P
2582_01,Earth,False,TRAPPIST-1e,22.0,False,False,False,False,False,False,False,G,415.0,P
2584_01,Earth,False,PSO J318.5-22,21.0,False,False,False,False,False,False,False,G,417.0,P
2588_01,Earth,False,TRAPPIST-1e,28.0,False,False,False,False,False,False,True,G,419.0,P
2589_01,Europa,True,TRAPPIST-1e,26.0,False,False,False,False,False,False,True,C,91.0,P
2589_02,Europa,True,55 Cancri e,50.0,False,False,False,False,False,False,True,C,91.0,P
2589_03,Europa,False,TRAPPIST-1e,26.0,False,False,False,False,False,False,False,C,91.0,P
2589_04,Europa,False,TRAPPIST-1e,30.0,True,True,True,True,True,True,False,C,91.0,P
2589_05,Europa,True,TRAPPIST-1e,29.0,False,False,False,False,False,False,True,C,91.0,P
2590_01,Earth,False,TRAPPIST-1e,8.0,False,False,False,False,False,False,False,G,420.0,P
2590_02,Earth,False,TRAPPIST-1e,45.0,False,False,False,False,False,False,False,G,420.0,P
2590_03,Earth,True,PSO J318.5-22,35.0,False,False,False,False,False,False,True,G,420.0,P
2591_01,Earth,False,PSO J318.5-22,18.0,False,False,False,False,False,False,False,F,499.0,S
2591_02,Earth,False,TRAPPIST-1e,23.0,False,False,False,False,False,False,False,G,413.0,S
2592_01,Mars,False,TRAPPIST-1e,29.0,True,True,True,True,True,True,False,D,75.0,P
2592_02,Mars,False,TRAPPIST-1e,18.0,False,False,False,False,False,False,False,D,75.0,P
2593_01,Earth,False,TRAPPIST-1e,28.0,False,False,False,False,False,False,False,G,421.0,P
2594_01,Europa,True,TRAPPIST-1e,34.0,False,False,False,False,False,False,True,B,98.0,S
2595_01,Mars,False,55 Cancri e,0.0,False,False,False,False,False,False,True,F,533.0,P
2595_02,Mars,False,TRAPPIST-1e,4.0,False,False,False,False,False,False,True,F,533.0,P
2595_03,Mars,False,TRAPPIST-1e,28.0,False,False,False,False,False,False,False,D,76.0,P
2595_04,Mars,False,TRAPPIST-1e,8.0,False,False,False,False,False,False,True,F,533.0,P
2596_01,Mars,False,TRAPPIST-1e,20.0,False,False,False,False,False,False,False,D,77.0,P
2596_02,Mars,True,TRAPPIST-1e,20.0,False,False,False,False,False,False,True,F,534.0,P
2597_01,Mars,True,TRAPPIST-1e,25.0,False,False,False,False,False,False,True,F,500.0,S
2597_02,Earth,False,55 Cancri e,31.0,False,False,False,False,False,False,False,F,500.0,S
2598_01,Mars,False,TRAPPIST-1e,37.0,False,False,False,False,False,False,False,F,535.0,P
2599_01,Earth,True,TRAPPIST-1e,21.0,False,False,False,False,False,False,False,F,427.0,S
2601_01,Mars,True,TRAPPIST-1e,24.0,False,False,False,False,False,False,True,F,536.0,P
2602_01,Mars,True,TRAPPIST-1e,34.0,False,False,False,False,False,False,False,E,158.0,P
2602_02,Mars,False,55 Cancri e,0.0,False,False,False,False,False,False,True,E,158.0,P
2602_03,Mars,True,TRAPPIST-1e,25.0,False,False,False,False,False,False,False,E,158.0,P
2605_01,Mars,True,55 Cancri e,43.0,False,False,False,False,False,False,True,D,88.0,S
2606_01,Earth,False,TRAPPIST-1e,27.0,False,False,False,False,False,False,False,F,537.0,P
2606_02,Earth,False,TRAPPIST-1e,45.0,False,False,False,False,False,False,False,F,537.0,P
2607_01,Europa,True,TRAPPIST-1e,63.0,False,False,False,False,False,False,True,B,99.0,S
2607_02,Europa,True,TRAPPIST-1e,17.0,False,False,False,False,False,False,True,B,99.0,S
2607_03,Europa,False,55 Cancri e,35.0,False,False,False,False,False,False,True,B,99.0,S
2607_04,Europa,False,TRAPPIST-1e,12.0,False,False,False,False,False,False,True,B,99.0,S
2609_01,Earth,True,PSO J318.5-22,27.0,False,False,False,False,False,False,True,G,416.0,S
2616_01,Earth,False,TRAPPIST-1e,17.0,False,False,False,False,False,False,False,F,541.0,P
2617_01,Earth,False,PSO J318.5-22,32.0,False,False,False,False,False,False,False,G,424.0,P
2618_01,Earth,True,TRAPPIST-1e,23.0,False,False,False,False,False,False,True,E,159.0,P
2619_01,Earth,False,55 Cancri e,17.0,False,False,False,False,False,False,False,F,504.0,S
2622_01,Earth,False,55 Cancri e,34.0,False,False,False,False,False,False,False,F,505.0,S
2624_01,Earth,False,TRAPPIST-1e,15.0,False,False,False,False,False,False,False,F,542.0,P
2625_01,Earth,True,TRAPPIST-1e,14.0,False,False,False,False,False,False,True,G,426.0,P
2625_02,Earth,False,TRAPPIST-1e,22.0,False,False,False,False,False,False,False,E,160.0,P
2626_01,Earth,False,TRAPPIST-1e,19.0,False,False,False,False,False,False,False,F,543.0,P
2627_01,Earth,False,PSO J318.5-22,40.0,False,False,False,False,False,False,False,F,544.0,P
2628_01,Europa,True,55 Cancri e,25.0,False,False,False,False,False,False,True,A,21.0,P
2628_02,Europa,False,55 Cancri e,51.0,False,False,False,False,False,False,False,A,21.0,P
2629_01,Earth,False,TRAPPIST-1e,22.0,False,False,False,False,False,False,False,G,427.0,P
2631_01,Mars,True,55 Cancri e,50.0,False,False,False,False,False,False,True,F,545.0,P
2633_01,Earth,False,55 Cancri e,26.0,False,False,False,False,False,False,False,G,428.0,P
2634_01,Mars,True,TRAPPIST-1e,39.0,False,False,False,False,False,False,True,F,508.0,S
2635_01,Mars,False,TRAPPIST-1e,18.0,False,False,False,False,False,False,True,D,78.0,P
2636_01,Earth,False,TRAPPIST-1e,22.0,False,False,False,False,False,False,False,G,419.0,S
2638_01,Earth,False,TRAPPIST-1e,26.0,False,False,False,False,False,False,False,E,181.0,S
2640_01,Earth,False,TRAPPIST-1e,19.0,False,False,False,False,False,False,False,F,510.0,S
2641_01,Earth,True,PSO J318.5-22,16.0,False,False,False,False,False,False,False,G,420.0,S
2642_01,Earth,False,TRAPPIST-1e,24.0,False,False,False,False,False,False,False,G,430.0,P
2643_01,Earth,False,PSO J318.5-22,34.0,False,False,False,False,False,False,False,F,511.0,S
2645_01,Europa,False,TRAPPIST-1e,55.0,False,False,False,False,False,False,True,C,95.0,S
2645_02,Europa,False,TRAPPIST-1e,42.0,False,False,False,False,False,False,False,C,95.0,S
2645_03,Europa,True,TRAPPIST-1e,14.0,False,False,False,False,False,False,True,C,95.0,S
2645_04,Europa,False,55 Cancri e,28.0,False,False,False,False,False,False,True,C,95.0,S
2645_05,Europa,True,55 Cancri e,26.0,False,False,False,False,False,False,True,C,95.0,S
2646_01,Europa,False,55 Cancri e,33.0,False,False,False,False,False,False,False,B,80.0,P
2647_01,Earth,False,TRAPPIST-1e,24.0,False,False,False,False,False,False,False,F,547.0,P
2648_01,Earth,False,TRAPPIST-1e,23.0,False,False,False,False,False,False,False,G,421.0,S
2649_01,Mars,False,TRAPPIST-1e,16.0,False,False,False,False,False,False,False,D,79.0,P
2650_01,Earth,True,TRAPPIST-1e,36.0,False,False,False,False,False,False,False,G,431.0,P
2651_01,Europa,True,55 Cancri e,44.0,False,False,False,False,False,False,True,B,100.0,S
2652_01,Earth,False,TRAPPIST-1e,22.0,False,False,False,False,False,False,True,F,513.0,S
2655_01,Earth,True,TRAPPIST-1e,30.0,False,False,False,False,False,False,False,G,422.0,S
2657_01,Earth,False,TRAPPIST-1e,20.0,False,False,False,False,False,False,False,F,514.0,S
2658_01,Earth,False,TRAPPIST-1e,21.0,False,False,False,False,False,False,False,F,549.0,P
2659_01,Mars,False,TRAPPIST-1e,14.0,False,False,False,False,False,False,True,E,182.0,S
2660_01,Earth,False,TRAPPIST-1e,27.0,False,False,False,False,False,False,False,F,550.0,P
2661_01,Earth,False,TRAPPIST-1e,19.0,False,False,False,False,False,False,False,F,515.0,S
2661_02,Earth,True,TRAPPIST-1e,21.0,False,False,False,False,False,False,True,G,423.0,S
2662_01,Mars,False,55 Cancri e,27.0,False,False,False,False,False,False,False,F,551.0,P
2663_01,Earth,False,55 Cancri e,13.0,False,False,False,False,False,False,True,F,552.0,P
2664_01,Mars,True,PSO J318.5-22,71.0,False,False,False,False,False,False,True,E,183.0,S
2666_01,Mars,True,TRAPPIST-1e,28.0,False,False,False,False,False,False,False,E,184.0,S
2666_02,Mars,False,55 Cancri e,18.0,False,False,False,False,False,False,False,E,184.0,S
2668_01,Earth,False,55 Cancri e,23.0,False,False,False,False,False,False,False,F,516.0,S
2668_02,Earth,False,55 Cancri e,34.0,False,False,False,False,False,False,False,G,424.0,S
2670_01,Earth,False,TRAPPIST-1e,20.0,False,False,False,False,False,False,False,G,432.0,P
2671_01,Earth,False,55 Cancri e,17.0,False,False,False,False,False,False,False,F,554.0,P
2672_01,Earth,False,PSO J318.5-22,21.0,False,False,False,False,False,False,False,F,555.0,P
2675_01,Europa,False,TRAPPIST-1e,33.0,False,False,False,False,False,False,True,C,97.0,S
2676_01,Europa,False,55 Cancri e,34.0,False,False,False,False,False,False,True,B,81.0,P
2677_01,Europa,False,TRAPPIST-1e,51.0,False,False,False,False,False,False,False,D,90.0,S
2678_01,Earth,False,TRAPPIST-1e,21.0,False,False,False,False,False,False,True,F,517.0,S
2679_01,Earth,True,TRAPPIST-1e,27.0,False,False,False,False,False,False,False,G,426.0,S
2682_01,Earth,False,TRAPPIST-1e,31.0,False,False,False,False,False,False,False,G,434.0,P
2683_01,Europa,False,TRAPPIST-1e,36.0,False,False,False,False,False,False,True,A,32.0,S
2684_01,Europa,False,TRAPPIST-1e,39.0,False,False,False,False,False,False,False,B,83.0,P
2685_01,Earth,False,TRAPPIST-1e,26.0,False,False,False,False,False,False,False,G,435.0,P
2687_01,Earth,False,TRAPPIST-1e,51.0,False,False,False,False,False,False,True,F,556.0,P
2688_01,Earth,False,TRAPPIST-1e,24.0,False,False,False,False,False,False,False,F,557.0,P
2690_01,Earth,False,55 Cancri e,27.0,False,False,False,False,False,False,True,E,185.0,S
2691_01,Earth,False,TRAPPIST-1e,31.0,False,False,False,False,False,False,False,F,558.0,P
2692_01,Earth,False,TRAPPIST-1e,24.0,False,False,False,False,False,False,False,F,427.0,S
2693_01,Europa,False,TRAPPIST-1e,57.0,False,False,False,False,False,False,False,A,22.0,P
2693_02,Europa,False,55 Cancri e,36.0,True,True,True,True,True,True,False,A,22.0,P
2693_03,Europa,False,TRAPPIST-1e,55.0,False,False,False,False,False,False,False,A,22.0,P
2693_04,Europa,True,55 Cancri e,27.0,False,False,False,False,False,False,False,A,22.0,P
2695_01,Mars,False,TRAPPIST-1e,18.0,False,False,False,False,False,False,False,E,186.0,S
2697_01,Mars,False,TRAPPIST-1e,27.0,False,False,False,False,False,False,False,D,91.0,S
2698_01,Europa,False,TRAPPIST-1e,50.0,False,False,False,False,False,False,False,C,94.0,P
2700_01,Earth,False,TRAPPIST-1e,24.0,False,False,False,False,False,False,False,F,520.0,S
2701_01,Earth,True,PSO J318.5-22,20.0,False,False,False,False,False,False,True,G,428.0,S
2702_01,Earth,True,TRAPPIST-1e,24.0,False,False,False,False,False,False,True,G,437.0,P
2703_01,Earth,False,TRAPPIST-1e,18.0,False,False,False,False,False,False,False,G,429.0,S
2704_01,Earth,False,TRAPPIST-1e,44.0,False,False,False,False,False,False,False,F,521.0,S
2706_01,Europa,True,55 Cancri e,27.0,False,False,False,False,False,False,True,B,102.0,S
2707_01,Europa,False,TRAPPIST-1e,58.0,False,False,False,False,False,False,True,B,103.0,S
2707_02,Europa,True,PSO J318.5-22,29.0,False,False,False,False,False,False,True,B,103.0,S
2708_01,Earth,False,PSO J318.5-22,23.0,False,False,False,False,False,False,True,F,522.0,S
2709_01,Mars,True,TRAPPIST-1e,3.0,False,False,False,False,False,False,True,F,523.0,S
2709_02,Mars,False,TRAPPIST-1e,0.0,False,False,False,False,False,False,True,F,523.0,S
2709_03,Mars,False,TRAPPIST-1e,33.0,False,False,False,False,False,False,False,F,523.0,S
2709_04,Mars,False,TRAPPIST-1e,12.0,False,False,False,False,False,False,True,F,523.0,S
2712_01,Europa,True,TRAPPIST-1e,44.0,False,False,False,False,False,False,True,B,105.0,S
2713_01,Earth,True,TRAPPIST-1e,20.0,False,False,False,False,False,False,True,G,438.0,P
2714_01,Earth,False,55 Cancri e,59.0,False,False,False,False,False,False,False,F,561.0,P
2717_01,Earth,False,TRAPPIST-1e,18.0,False,False,False,False,False,False,False,G,431.0,S
2718_01,Europa,True,TRAPPIST-1e,72.0,False,False,False,False,False,False,True,B,106.0,S
2720_01,Earth,False,PSO J318.5-22,23.0,False,False,False,False,False,False,False,G,439.0,P
2720_02,Earth,False,TRAPPIST-1e,11.0,False,False,False,False,False,False,False,G,439.0,P
2720_03,Earth,True,TRAPPIST-1e,1.0,False,False,False,False,False,False,True,G,439.0,P
2721_01,Earth,False,PSO J318.5-22,25.0,False,False,False,False,False,False,False,F,563.0,P
2722_01,Mars,True,55 Cancri e,25.0,False,False,False,False,False,False,True,D,93.0,S
2723_01,Europa,True,TRAPPIST-1e,24.0,False,False,False,False,False,False,True,C,99.0,S
2723_02,Europa,False,TRAPPIST-1e,54.0,False,False,False,False,False,False,True,C,99.0,S
2724_01,Mars,True,55 Cancri e,17.0,False,False,False,False,False,False,True,F,564.0,P
2724_02,Mars,False,TRAPPIST-1e,48.0,False,False,False,False,False,False,False,F,564.0,P
2725_01,Earth,False,TRAPPIST-1e,40.0,False,False,False,False,False,False,False,F,565.0,P
2726_01,Earth,True,TRAPPIST-1e,2.0,False,False,False,False,False,False,False,G,440.0,P
2727_01,Earth,False,TRAPPIST-1e,32.0,False,False,False,False,False,False,False,F,525.0,S
2729_01,Earth,True,TRAPPIST-1e,15.0,False,False,False,False,False,False,True,G,432.0,S
2730_01,Earth,True,TRAPPIST-1e,52.0,False,False,False,False,False,False,True,G,433.0,S
2730_02,Earth,False,TRAPPIST-1e,16.0,False,False,False,False,False,False,False,F,527.0,S
2730_03,Earth,True,TRAPPIST-1e,16.0,False,False,False,False,False,False,True,G,433.0,S
2732_01,Earth,True,55 Cancri e,16.0,False,False,False,False,False,False,True,G,435.0,S
2732_02,Earth,False,55 Cancri e,6.0,False,False,False,False,False,False,False,G,435.0,S
2734_01,Mars,False,TRAPPIST-1e,10.0,False,False,False,False,False,False,True,F,567.0,P
2736_01,Mars,False,TRAPPIST-1e,27.0,True,True,True,True,True,True,False,D,81.0,P
2737_01,Europa,False,55 Cancri e,45.0,False,False,False,False,False,False,True,C,100.0,S
2737_02,Europa,False,TRAPPIST-1e,26.0,False,False,False,False,False,False,False,C,100.0,S
2738_01,Mars,False,TRAPPIST-1e,29.0,False,False,False,False,False,False,False,E,187.0,S
2739_01,Earth,True,PSO J318.5-22,38.0,False,False,False,False,False,False,True,G,442.0,P
2740_01,Earth,False,TRAPPIST-1e,19.0,False,False,False,False,False,False,True,E,163.0,P
2741_01,Mars,False,TRAPPIST-1e,43.0,False,False,False,False,False,False,False,E,164.0,P
2743_01,Earth,False,TRAPPIST-1e,15.0,False,False,False,False,False,False,False,F,528.0,S
2745_01,Mars,False,TRAPPIST-1e,31.0,False,False,False,False,False,False,False,F,568.0,P
2746_01,Mars,False,TRAPPIST-1e,52.0,False,False,False,False,False,False,False,F,569.0,P
2747_01,Mars,False,TRAPPIST-1e,49.0,False,False,False,False,False,False,True,F,570.0,P
2748_01,Earth,False,55 Cancri e,29.0,False,False,False,False,False,False,True,F,529.0,S
2750_01,Earth,False,TRAPPIST-1e,18.0,False,False,False,False,False,False,True,F,571.0,P
2751_01,Mars,True,TRAPPIST-1e,41.0,False,False,False,False,False,False,True,F,530.0,S
2752_01,Earth,False,TRAPPIST-1e,9.0,False,False,False,False,False,False,False,G,444.0,P
2752_02,Earth,True,PSO J318.5-22,27.0,False,False,False,False,False,False,False,G,444.0,P
2752_03,Earth,False,TRAPPIST-1e,58.0,False,False,False,False,False,False,True,E,165.0,P
2753_01,Earth,False,PSO J318.5-22,39.0,False,False,False,False,False,False,False,E,188.0,S
2754_01,Earth,False,TRAPPIST-1e,13.0,False,False,False,False,False,False,False,E,166.0,P
2755_01,Europa,True,55 Cancri e,36.0,False,False,False,False,False,False,True,B,85.0,P
2756_01,Mars,False,55 Cancri e,23.0,False,False,False,False,False,False,False,F,572.0,P
2758_01,Earth,True,PSO J318.5-22,24.0,False,False,False,False,False,False,True,G,446.0,P
2759_01,Earth,False,TRAPPIST-1e,33.0,False,False,False,False,False,False,False,E,167.0,P
2760_01,Earth,False,TRAPPIST-1e,18.0,False,False,False,False,False,False,False,G,438.0,S
2760_02,Earth,True,TRAPPIST-1e,2.0,False,False,False,False,False,False,False,G,438.0,S
2760_03,Earth,True,TRAPPIST-1e,0.0,False,False,False,False,False,False,True,G,438.0,S
2762_01,Earth,False,TRAPPIST-1e,36.0,False,False,False,False,False,False,False,G,439.0,S
2762_02,Earth,False,55 Cancri e,15.0,False,False,False,False,False,False,False,G,439.0,S
2763_01,Earth,False,TRAPPIST-1e,31.0,False,False,False,False,False,False,True,E,168.0,P
2764_01,Earth,False,TRAPPIST-1e,42.0,False,False,False,False,False,False,True,E,189.0,S
2765_01,Mars,False,TRAPPIST-1e,27.0,False,False,False,False,False,False,False,F,532.0,S
2768_01,Earth,False,TRAPPIST-1e,36.0,False,False,False,False,False,False,True,F,533.0,S
2768_02,Earth,False,TRAPPIST-1e,0.0,False,False,False,False,False,False,False,G,442.0,S
2768_03,Earth,True,TRAPPIST-1e,3.0,False,False,False,False,False,False,False,G,442.0,S
2769_01,Earth,False,PSO J318.5-22,22.0,False,False,False,False,False,False,False,F,573.0,P
2770_01,Earth,False,TRAPPIST-1e,56.0,False,False,False,False,False,False,False,G,443.0,S
2772_01,Earth,False,TRAPPIST-1e,23.0,False,False,False,False,False,False,False,G,444.0,S
2773_01,Mars,False,TRAPPIST-1e,25.0,False,False,False,False,False,False,False,D,94.0,S
2774_01,Earth,False,TRAPPIST-1e,29.0,False,False,False,False,False,False,False,F,575.0,P
2774_02,Earth,False,TRAPPIST-1e,17.0,False,False,False,False,False,False,False,F,575.0,P
2774_03,Earth,False,TRAPPIST-1e,13.0,False,False,False,False,False,False,False,F,575.0,P
2778_01,Mars,False,TRAPPIST-1e,35.0,False,False,False,False,False,False,True,D,82.0,P
2778_02,Mars,True,55 Cancri e,53.0,False,False,False,False,False,False,True,F,576.0,P
2780_01,Earth,False,TRAPPIST-1e,24.0,False,False,False,False,False,False,False,F,578.0,P
2781_01,Earth,True,TRAPPIST-1e,38.0,False,False,False,False,False,False,False,G,447.0,P
2783_01,Europa,True,55 Cancri e,21.0,False,False,False,False,False,False,True,D,83.0,P
2783_02,Europa,False,55 Cancri e,29.0,False,False,False,False,False,False,False,D,83.0,P
2784_01,Earth,False,TRAPPIST-1e,46.0,False,False,False,False,False,False,True,G,448.0,P
2785_01,Europa,True,TRAPPIST-1e,58.0,False,False,False,False,False,False,True,C,102.0,S
2786_01,Earth,False,PSO J318.5-22,53.0,False,False,False,False,False,False,True,E,190.0,S
2787_01,Earth,False,55 Cancri e,21.0,False,False,False,False,False,False,False,F,535.0,S
2788_01,Earth,True,PSO J318.5-22,27.0,False,False,False,False,False,False,False,G,449.0,P
2789_01,Earth,True,TRAPPIST-1e,31.0,False,False,False,False,False,False,False,G,450.0,P
2790_01,Europa,True,55 Cancri e,23.0,False,False,False,False,False,False,True,B,86.0,P
2790_02,Europa,False,55 Cancri e,41.0,False,False,False,False,False,False,False,B,86.0,P
2790_03,Europa,False,TRAPPIST-1e,29.0,False,False,False,False,False,False,False,B,86.0,P
2790_04,Europa,False,55 Cancri e,54.0,False,False,False,False,False,False,False,B,86.0,P
2790_05,Europa,False,55 Cancri e,43.0,False,False,False,False,False,False,True,B,86.0,P
2792_01,Earth,True,PSO J318.5-22,36.0,False,False,False,False,False,False,True,G,446.0,S
2793_01,Earth,False,TRAPPIST-1e,48.0,False,False,False,False,False,False,True,E,169.0,P
2795_01,Europa,False,TRAPPIST-1e,34.0,False,False,False,False,False,False,True,C,103.0,S
2795_02,Europa,False,TRAPPIST-1e,42.0,False,False,False,False,False,False,False,C,103.0,S
2796_01,Earth,False,55 Cancri e,17.0,False,False,False,False,False,False,False,F,536.0,S
2797_01,Earth,False,TRAPPIST-1e,22.0,False,False,False,False,False,False,False,F,580.0,P
2798_01,Europa,False,TRAPPIST-1e,37.0,False,False,False,False,False,False,False,A,23.0,P
2798_02,Europa,True,55 Cancri e,38.0,False,False,False,False,False,False,True,A,23.0,P
2799_01,Earth,False,TRAPPIST-1e,21.0,False,False,False,False,False,False,False,G,447.0,S
2799_02,Earth,True,PSO J318.5-22,23.0,False,False,False,False,False,False,True,G,447.0,S
2801_01,Europa,False,TRAPPIST-1e,27.0,False,False,False,False,False,False,False,B,87.0,P
2802_01,Earth,False,TRAPPIST-1e,23.0,False,False,False,False,False,False,True,F,581.0,P
2805_01,Earth,False,TRAPPIST-1e,19.0,False,False,False,False,False,False,False,F,582.0,P
2806_01,Mars,False,TRAPPIST-1e,28.0,False,False,False,False,False,False,False,D,95.0,S
2807_01,Earth,False,TRAPPIST-1e,33.0,False,False,False,False,False,False,False,E,171.0,P
2807_02,Earth,True,PSO J318.5-22,24.0,False,False,False,False,False,False,False,G,452.0,P
2807_03,Earth,True,TRAPPIST-1e,0.0,False,False,False,False,False,False,True,G,452.0,P
2809_01,Earth,True,TRAPPIST-1e,41.0,False,False,False,False,False,False,True,G,453.0,P
2810_01,Earth,True,TRAPPIST-1e,19.0,False,False,False,False,False,False,False,G,454.0,P
2811_01,Earth,False,TRAPPIST-1e,44.0,False,False,False,False,False,False,False,F,537.0,S
2812_01,Mars,False,55 Cancri e,43.0,False,False,False,False,False,False,True,F,538.0,S
2813_01,Earth,True,TRAPPIST-1e,14.0,False,False,False,False,False,False,True,G,449.0,S
2814_01,Earth,True,PSO J318.5-22,18.0,False,False,False,False,False,False,True,G,455.0,P
2817_01,Earth,False,TRAPPIST-1e,25.0,False,False,False,False,False,False,False,F,584.0,P
2818_01,Mars,False,TRAPPIST-1e,0.0,False,False,False,False,False,False,True,F,585.0,P
2818_02,Mars,True,55 Cancri e,4.0,False,False,False,False,False,False,True,F,585.0,P
2818_03,Mars,False,TRAPPIST-1e,24.0,False,False,False,False,False,False,True,F,585.0,P
2819_01,Earth,False,TRAPPIST-1e,38.0,False,False,False,False,False,False,False,F,586.0,P
2820_01,Earth,True,TRAPPIST-1e,44.0,False,False,False,False,False,False,True,G,457.0,P
2821_01,Earth,True,55 Cancri e,57.0,False,False,False,False,False,False,True,G,458.0,P
2822_01,Earth,True,55 Cancri e,3.0,False,False,False,False,False,False,True,G,450.0,S
2822_02,Earth,False,TRAPPIST-1e,5.0,False,False,False,False,False,False,False,G,450.0,S
2822_03,Earth,True,55 Cancri e,3.0,False,False,False,False,False,False,True,G,450.0,S
2822_04,Earth,True,TRAPPIST-1e,18.0,False,False,False,False,False,False,True,G,450.0,S
2822_05,Earth,True,TRAPPIST-1e,8.0,False,False,False,False,False,False,False,G,450.0,S
2823_01,Mars,True,TRAPPIST-1e,21.0,False,False,False,False,False,False,True,F,587.0,P
2824_01,Europa,True,55 Cancri e,35.0,False,False,False,False,False,False,True,C,104.0,S
2825_01,Mars,False,TRAPPIST-1e,47.0,False,False,False,False,False,False,True,F,539.0,S
2826_01,Europa,False,55 Cancri e,28.0,False,False,False,False,False,False,False,C,96.0,P
2826_02,Europa,False,TRAPPIST-1e,49.0,False,False,False,False,False,False,False,C,96.0,P
2831_01,Europa,False,TRAPPIST-1e,23.0,False,False,False,False,False,False,True,D,86.0,P
2831_02,Europa,False,TRAPPIST-1e,19.0,False,False,False,False,False,False,False,D,86.0,P
2832_01,Earth,False,TRAPPIST-1e,34.0,False,False,False,False,False,False,False,E,173.0,P
2834_01,Europa,False,TRAPPIST-1e,40.0,True,True,True,True,True,True,True,C,105.0,S
2835_01,Europa,False,55 Cancri e,26.0,True,True,True,True,True,True,False,A,24.0,P
2837_01,Earth,False,PSO J318.5-22,23.0,False,False,False,False,False,False,False,F,588.0,P
2838_01,Mars,False,TRAPPIST-1e,22.0,False,False,False,False,False,False,False,E,174.0,P
2839_01,Europa,False,TRAPPIST-1e,51.0,False,False,False,False,False,False,True,C,107.0,S
2840_01,Earth,False,55 Cancri e,44.0,False,False,False,False,False,False,False,F,540.0,S
2843_01,Mars,False,TRAPPIST-1e,50.0,False,False,False,False,False,False,False,E,175.0,P
2846_01,Earth,True,TRAPPIST-1e,28.0,False,False,False,False,False,False,True,G,452.0,S
2847_01,Earth,True,TRAPPIST-1e,13.0,False,False,False,False,False,False,True,G,464.0,P
2852_01,Earth,False,TRAPPIST-1e,21.0,False,False,False,False,False,False,False,G,465.0,P
2853_01,Earth,False,TRAPPIST-1e,20.0,False,False,False,False,False,False,True,F,544.0,S
2854_01,Earth,False,55 Cancri e,14.0,False,False,False,False,False,False,False,F,591.0,P
2856_01,Europa,False,55 Cancri e,38.0,False,False,False,False,False,False,False,C,108.0,S
2857_01,Earth,False,PSO J318.5-22,29.0,False,False,False,False,False,False,False,F,545.0,S
2858_01,Europa,True,TRAPPIST-1e,36.0,False,False,False,False,False,False,True,C,109.0,S
2858_02,Europa,True,TRAPPIST-1e,16.0,False,False,False,False,False,False,True,C,109.0,S
2858_03,Europa,True,TRAPPIST-1e,40.0,False,False,False,False,False,False,True,C,109.0,S
2859_01,Europa,True,55 Cancri e,27.0,False,False,False,False,False,False,True,C,98.0,P
2860_01,Earth,False,PSO J318.5-22,18.0,False,False,False,False,False,False,True,F,546.0,S
2861_01,Earth,False,TRAPPIST-1e,17.0,False,False,False,False,False,False,True,F,547.0,S
2862_01,Mars,True,TRAPPIST-1e,32.0,False,False,False,False,False,False,True,E,193.0,S
2863_01,Earth,False,TRAPPIST-1e,27.0,False,False,False,False,False,False,False,G,466.0,P
2865_01,Mars,False,TRAPPIST-1e,34.0,False,False,False,False,False,False,False,D,88.0,P
2865_02,Mars,False,TRAPPIST-1e,53.0,False,False,False,False,False,False,True,D,88.0,P
2866_01,Europa,True,TRAPPIST-1e,36.0,True,True,True,True,True,True,True,C,110.0,S
2867_01,Mars,False,TRAPPIST-1e,41.0,False,False,False,False,False,False,False,D,89.0,P
2867_02,Mars,False,TRAPPIST-1e,51.0,False,False,False,False,False,False,False,E,176.0,P
2869_01,Earth,True,PSO J318.5-22,61.0,False,False,False,False,False,False,True,G,467.0,P
2870_01,Earth,False,TRAPPIST-1e,59.0,False,False,False,False,False,False,True,G,454.0,S
2871_01,Europa,True,TRAPPIST-1e,17.0,False,False,False,False,False,False,True,B,88.0,P
2871_02,Europa,True,TRAPPIST-1e,27.0,False,False,False,False,False,False,True,B,88.0,P
2872_01,Earth,False,PSO J318.5-22,57.0,False,False,False,False,False,False,True,G,455.0,S
2873_01,Mars,False,55 Cancri e,39.0,False,False,False,False,False,False,False,E,194.0,S
2875_01,Europa,True,55 Cancri e,55.0,False,False,False,False,False,False,True,B,107.0,S
2876_01,Earth,False,TRAPPIST-1e,42.0,False,False,False,False,False,False,False,G,456.0,S
2877_01,Earth,False,TRAPPIST-1e,36.0,False,False,False,False,False,False,False,F,592.0,P
2878_01,Mars,False,TRAPPIST-1e,42.0,False,False,False,False,False,False,True,F,593.0,P
2880_01,Earth,True,PSO J318.5-22,32.0,False,False,False,False,False,False,False,G,468.0,P
2881_01,Earth,False,55 Cancri e,6.0,False,False,False,False,False,False,False,G,457.0,S
2882_01,Earth,True,TRAPPIST-1e,15.0,False,False,False,False,False,False,False,G,458.0,S
2883_01,Earth,False,TRAPPIST-1e,28.0,False,False,False,False,False,False,True,F,595.0,P
2884_01,Mars,False,TRAPPIST-1e,37.0,False,False,False,False,False,False,False,D,90.0,P
2887_01,Earth,False,TRAPPIST-1e,44.0,False,False,False,False,False,False,False,G,459.0,S
2888_01,Mars,False,TRAPPIST-1e,71.0,True,True,True,True,True,True,False,F,597.0,P
2890_01,Europa,False,TRAPPIST-1e,44.0,False,False,False,False,False,False,False,B,89.0,P
2890_02,Europa,True,TRAPPIST-1e,36.0,False,False,False,False,False,False,True,B,89.0,P
2891_01,Earth,False,TRAPPIST-1e,18.0,False,False,False,False,False,False,False,G,460.0,S
2892_01,Earth,False,PSO J318.5-22,3.0,False,False,False,False,False,False,True,G,469.0,P
2892_02,Earth,True,55 Cancri e,12.0,False,False,False,False,False,False,False,G,469.0,P
2892_03,Earth,True,55 Cancri e,0.0,False,False,False,False,False,False,True,G,469.0,P
2892_04,Earth,False,TRAPPIST-1e,29.0,False,False,False,False,False,False,False,F,598.0,P
2892_05,Earth,False,TRAPPIST-1e,9.0,False,False,False,False,False,False,False,G,469.0,P
2893_01,Earth,False,55 Cancri e,27.0,False,False,False,False,False,False,False,G,470.0,P
2894_01,Earth,False,PSO J318.5-22,24.0,False,False,False,False,False,False,False,F,599.0,P
2897_01,Earth,False,TRAPPIST-1e,38.0,False,False,False,False,False,False,True,G,461.0,S
2899_01,Mars,False,TRAPPIST-1e,28.0,False,False,False,False,False,False,False,F,600.0,P
2900_01,Mars,True,TRAPPIST-1e,26.0,False,False,False,False,False,False,True,F,427.0,S
2901_01,Earth,False,TRAPPIST-1e,16.0,False,False,False,False,False,False,False,F,601.0,P
2901_02,Earth,False,PSO J318.5-22,24.0,False,False,False,False,False,False,True,F,601.0,P
2902_01,Earth,False,TRAPPIST-1e,33.0,False,False,False,False,False,False,False,G,471.0,P
2905_01,Earth,False,55 Cancri e,24.0,False,False,False,False,False,False,False,G,462.0,S
2906_01,Earth,False,TRAPPIST-1e,29.0,False,False,False,False,False,False,False,G,463.0,S
2907_01,Earth,False,TRAPPIST-1e,25.0,False,False,False,False,False,False,True,F,552.0,S
2908_01,Earth,False,TRAPPIST-1e,0.0,False,False,False,False,False,False,False,G,464.0,S
2908_02,Earth,False,TRAPPIST-1e,13.0,False,False,False,False,False,False,False,F,553.0,S
2909_01,Earth,True,55 Cancri e,7.0,False,False,False,False,False,False,False,G,473.0,P
2910_01,Earth,False,PSO J318.5-22,32.0,False,False,False,False,False,False,False,F,602.0,P
2912_01,Mars,True,TRAPPIST-1e,34.0,False,False,False,False,False,False,False,E,178.0,P
2913_01,Mars,False,TRAPPIST-1e,49.0,False,False,False,False,False,False,False,F,603.0,P
2919_01,Mars,False,TRAPPIST-1e,43.0,False,False,False,False,False,False,True,D,96.0,S
2919_02,Mars,False,TRAPPIST-1e,0.0,False,False,False,False,False,False,True,F,555.0,S
2919_03,Mars,True,TRAPPIST-1e,6.0,False,False,False,False,False,False,True,F,555.0,S
2920_01,Earth,False,TRAPPIST-1e,23.0,False,False,False,False,False,False,True,F,606.0,P
2925_01,Mars,False,TRAPPIST-1e,43.0,False,False,False,False,False,False,True,F,609.0,P
2925_02,Mars,True,55 Cancri e,23.0,False,False,False,False,False,False,True,F,609.0,P
2926_01,Mars,False,TRAPPIST-1e,43.0,False,False,False,False,False,False,False,F,427.0,S
2927_01,Mars,True,55 Cancri e,41.0,False,False,False,False,False,False,True,F,611.0,P
2928_01,Europa,False,55 Cancri e,54.0,True,True,True,True,True,True,False,B,92.0,P
2928_02,Europa,True,TRAPPIST-1e,51.0,False,False,False,False,False,False,True,B,92.0,P
2928_03,Europa,True,TRAPPIST-1e,44.0,False,False,False,False,False,False,True,B,92.0,P
2929_01,Earth,True,PSO J318.5-22,48.0,False,False,False,False,False,False,True,G,467.0,S
2930_01,Earth,False,TRAPPIST-1e,45.0,False,False,False,False,False,False,False,G,474.0,P
2934_01,Earth,False,PSO J318.5-22,20.0,False,False,False,False,False,False,False,F,557.0,S
2935_01,Europa,False,TRAPPIST-1e,33.0,False,False,False,False,False,False,False,T,2.0,P
2936_01,Earth,False,TRAPPIST-1e,21.0,False,False,False,False,False,False,False,G,468.0,S
2938_01,Europa,True,TRAPPIST-1e,68.0,False,False,False,False,False,False,True,C,100.0,P
2940_01,Earth,False,PSO J318.5-22,23.0,False,False,False,False,False,False,True,F,615.0,P
2941_01,Earth,False,TRAPPIST-1e,16.0,False,False,False,False,False,False,False,G,477.0,P
2942_01,Earth,False,TRAPPIST-1e,35.0,False,False,False,False,False,False,False,F,558.0,S
2943_01,Earth,True,TRAPPIST-1e,22.0,False,False,False,False,False,False,False,G,478.0,P
2944_01,Earth,False,TRAPPIST-1e,51.0,False,False,False,False,False,False,False,F,559.0,S
2944_02,Earth,False,PSO J318.5-22,2.0,False,False,False,False,False,False,False,G,469.0,S
2944_03,Earth,True,55 Cancri e,29.0,False,False,False,False,False,False,False,G,469.0,S
2944_04,Earth,False,TRAPPIST-1e,0.0,False,False,False,False,False,False,True,G,469.0,S
2945_01,Earth,True,55 Cancri e,39.0,False,False,False,False,False,False,True,G,479.0,P
2948_01,Europa,False,TRAPPIST-1e,55.0,False,False,False,False,False,False,True,C,112.0,S
2949_01,Earth,True,TRAPPIST-1e,22.0,False,False,False,False,False,False,False,G,482.0,P
2950_01,Earth,False,TRAPPIST-1e,20.0,False,False,False,False,False,False,False,F,617.0,P
2953_01,Earth,False,55 Cancri e,25.0,False,False,False,False,False,False,True,E,179.0,P
2954_01,Earth,False,55 Cancri e,18.0,False,False,False,False,False,False,True,F,619.0,P
2956_01,Earth,False,PSO J318.5-22,28.0,False,False,False,False,False,False,False,G,470.0,S
2958_01,Earth,False,TRAPPIST-1e,26.0,False,False,False,False,False,False,False,F,561.0,S
2959_01,Earth,False,PSO J318.5-22,28.0,False,False,False,False,False,False,False,F,620.0,P
2960_01,Earth,False,TRAPPIST-1e,54.0,False,False,False,False,False,False,False,F,562.0,S
2961_01,Earth,False,TRAPPIST-1e,56.0,False,False,False,False,False,False,False,F,621.0,P
2962_01,Mars,False,TRAPPIST-1e,25.0,False,False,False,False,False,False,False,E,180.0,P
2964_01,Europa,False,TRAPPIST-1e,26.0,False,False,False,False,False,False,False,A,35.0,S
2965_01,Earth,False,TRAPPIST-1e,14.0,False,False,False,False,False,False,False,F,622.0,P
2966_01,Earth,False,TRAPPIST-1e,21.0,False,False,False,False,False,False,True,E,181.0,P
2968_01,Earth,True,TRAPPIST-1e,43.0,False,False,False,False,False,False,True,G,485.0,P
2969_01,Earth,False,TRAPPIST-1e,37.0,False,False,False,False,False,False,False,G,486.0,P
2970_01,Earth,False,TRAPPIST-1e,27.0,False,False,False,False,False,False,False,F,427.0,S
2971_01,Europa,False,TRAPPIST-1e,38.0,False,False,False,False,False,False,True,T,3.0,P
2972_01,Earth,False,TRAPPIST-1e,14.0,False,False,False,False,False,False,True,E,182.0,P
2975_01,Earth,False,PSO J318.5-22,20.0,False,False,False,False,False,False,False,F,564.0,S
2979_01,Europa,False,TRAPPIST-1e,33.0,False,False,False,False,False,False,False,B,93.0,P
2982_01,Europa,True,55 Cancri e,33.0,False,False,False,False,False,False,True,B,111.0,S
2983_01,Earth,False,TRAPPIST-1e,13.0,False,False,False,False,False,False,True,E,183.0,P
2984_01,Europa,False,TRAPPIST-1e,37.0,False,False,False,False,False,False,False,D,97.0,S
2986_01,Mars,False,TRAPPIST-1e,15.0,False,False,False,False,False,False,False,E,197.0,S
2988_01,Europa,False,55 Cancri e,33.0,False,False,False,False,False,False,False,A,36.0,S
2990_01,Earth,True,PSO J318.5-22,24.0,False,False,False,False,False,False,True,G,472.0,S
2992_01,Earth,False,PSO J318.5-22,49.0,False,False,False,False,False,False,False,F,570.0,S
2993_01,Earth,False,TRAPPIST-1e,24.0,False,False,False,False,False,False,False,F,571.0,S
2994_01,Earth,False,TRAPPIST-1e,24.0,False,False,False,False,False,False,False,E,198.0,S
2995_01,Europa,True,55 Cancri e,26.0,False,False,False,False,False,False,True,B,94.0,P
2995_02,Europa,True,55 Cancri e,40.0,False,False,False,False,False,False,True,B,94.0,P
2996_01,Earth,False,55 Cancri e,31.0,False,False,False,False,False,False,False,F,626.0,P
2998_01,Europa,False,TRAPPIST-1e,47.0,False,False,False,False,False,False,True,C,113.0,S
3000_01,Earth,False,TRAPPIST-1e,19.0,False,False,False,False,False,False,False,F,627.0,P
3001_01,Europa,False,55 Cancri e,38.0,True,True,True,True,True,True,False,C,101.0,P
3001_02,Europa,False,55 Cancri e,33.0,False,False,False,False,False,False,True,C,101.0,P
3003_01,Europa,True,TRAPPIST-1e,45.0,False,False,False,False,False,False,True,C,114.0,S
3004_01,Earth,True,TRAPPIST-1e,1.0,False,False,False,False,False,False,True,G,473.0,S
3004_02,Earth,False,TRAPPIST-1e,32.0,False,False,False,False,False,False,False,F,572.0,S
3005_01,Mars,True,TRAPPIST-1e,70.0,False,False,False,False,False,False,True,F,573.0,S
3006_01,Earth,False,PSO J318.5-22,19.0,False,False,False,False,False,False,False,G,474.0,S
3009_01,Mars,True,PSO J318.5-22,55.0,False,False,False,False,False,False,True,E,185.0,P
3010_01,Europa,False,TRAPPIST-1e,48.0,False,False,False,False,False,False,False,B,96.0,P
3012_01,Earth,False,TRAPPIST-1e,66.0,False,False,False,False,False,False,False,G,475.0,S
3013_01,Earth,False,TRAPPIST-1e,13.0,False,False,False,False,False,False,False,F,629.0,P
3014_01,Europa,False,55 Cancri e,40.0,False,False,False,False,False,False,False,C,115.0,S
3015_01,Earth,False,TRAPPIST-1e,35.0,False,False,False,False,False,False,True,E,199.0,S
3018_01,Earth,False,TRAPPIST-1e,32.0,False,False,False,False,False,False,False,F,630.0,P
3019_01,Mars,False,TRAPPIST-1e,51.0,False,False,False,False,False,False,False,E,187.0,P
3020_01,Europa,False,TRAPPIST-1e,37.0,False,False,False,False,False,False,False,B,112.0,S
3021_01,Earth,False,TRAPPIST-1e,31.0,False,False,False,False,False,False,False,G,476.0,S
3021_02,Earth,False,TRAPPIST-1e,37.0,False,False,False,False,False,False,False,F,574.0,S
3022_01,Europa,False,TRAPPIST-1e,38.0,False,False,False,False,False,False,False,C,102.0,P
3022_02,Europa,False,55 Cancri e,19.0,False,False,False,False,False,False,False,C,102.0,P
3023_01,Mars,True,TRAPPIST-1e,33.0,False,False,False,False,False,False,True,F,631.0,P
3024_01,Earth,False,TRAPPIST-1e,19.0,False,False,False,False,False,False,True,F,632.0,P
3025_01,Earth,False,TRAPPIST-1e,31.0,False,False,False,False,False,False,True,G,477.0,S
3025_02,Earth,False,TRAPPIST-1e,43.0,False,False,False,False,False,False,False,G,477.0,S
3026_01,Earth,True,TRAPPIST-1e,22.0,False,False,False,False,False,False,False,G,492.0,P
3027_01,Earth,True,TRAPPIST-1e,24.0,False,False,False,False,False,False,False,G,493.0,P
3029_01,Europa,False,55 Cancri e,21.0,False,False,False,False,False,False,False,C,103.0,P
3029_02,Europa,False,TRAPPIST-1e,14.0,False,False,False,False,False,False,True,C,103.0,P
3030_01,Europa,False,55 Cancri e,30.0,False,False,False,False,False,False,True,B,97.0,P
3030_02,Europa,True,TRAPPIST-1e,22.0,False,False,False,False,False,False,True,B,97.0,P
3032_01,Earth,False,TRAPPIST-1e,11.0,False,False,False,False,False,False,False,G,478.0,S
3032_02,Earth,True,TRAPPIST-1e,4.0,False,False,False,False,False,False,False,G,478.0,S
3032_03,Earth,False,TRAPPIST-1e,0.0,False,False,False,False,False,False,False,G,478.0,S
3032_04,Earth,False,TRAPPIST-1e,30.0,False,False,False,False,False,False,False,F,575.0,S
3033_01,Earth,False,PSO J318.5-22,21.0,False,False,False,False,False,False,False,G,479.0,S
3034_01,Europa,False,TRAPPIST-1e,40.0,False,False,False,False,False,False,False,F,427.0,S
3036_01,Earth,False,PSO J318.5-22,57.0,False,False,False,False,False,False,False,F,634.0,P
3038_01,Mars,False,TRAPPIST-1e,35.0,False,False,False,False,False,False,False,F,576.0,S
3039_01,Europa,False,TRAPPIST-1e,32.0,False,False,False,False,False,False,False,A,37.0,S
3040_01,Mars,False,TRAPPIST-1e,32.0,False,False,False,False,False,False,False,F,577.0,S
3042_01,Earth,False,TRAPPIST-1e,30.0,False,False,False,False,False,False,False,F,578.0,S
3044_01,Earth,False,TRAPPIST-1e,69.0,False,False,False,False,False,False,False,F,636.0,P
3045_01,Earth,True,TRAPPIST-1e,21.0,False,False,False,False,False,False,False,G,480.0,S
3047_01,Mars,True,PSO J318.5-22,17.0,False,False,False,False,False,False,True,E,190.0,P
3047_02,Mars,False,TRAPPIST-1e,16.0,False,False,False,False,False,False,False,E,190.0,P
3048_01,Mars,True,TRAPPIST-1e,25.0,False,False,False,False,False,False,False,E,200.0,S
3050_01,Europa,False,TRAPPIST-1e,25.0,False,False,False,False,False,False,True,E,191.0,P
3053_01,Europa,False,55 Cancri e,52.0,False,False,False,False,False,False,False,F,427.0,S
3054_01,Earth,False,TRAPPIST-1e,13.0,False,False,False,False,False,False,False,F,579.0,S
3055_01,Earth,False,TRAPPIST-1e,37.0,False,False,False,False,False,False,False,F,637.0,P
3060_01,Mars,False,TRAPPIST-1e,13.0,False,False,False,False,False,False,False,F,581.0,S
3060_02,Mars,False,TRAPPIST-1e,45.0,False,False,False,False,False,False,False,D,98.0,S
3060_03,Mars,False,TRAPPIST-1e,55.0,False,False,False,False,False,False,False,E,201.0,S
3061_01,Earth,False,TRAPPIST-1e,22.0,False,False,False,False,False,False,False,F,638.0,P
3061_02,Earth,False,TRAPPIST-1e,39.0,False,False,False,False,False,False,False,G,498.0,P
3062_01,Mars,False,TRAPPIST-1e,35.0,False,False,False,False,False,False,False,D,99.0,S
3063_01,Earth,True,PSO J318.5-22,19.0,False,False,False,False,False,False,True,G,499.0,P
3063_02,Earth,True,TRAPPIST-1e,7.0,False,False,False,False,False,False,True,G,499.0,P
3063_03,Earth,False,TRAPPIST-1e,19.0,False,False,False,False,False,False,False,E,192.0,P
3064_01,Earth,True,TRAPPIST-1e,21.0,False,False,False,False,False,False,True,G,482.0,S
3065_01,Europa,False,55 Cancri e,37.0,False,False,False,False,False,False,True,D,94.0,P
3066_01,Earth,False,TRAPPIST-1e,35.0,False,False,False,False,False,False,False,E,193.0,P
3067_01,Earth,True,TRAPPIST-1e,22.0,False,False,False,False,False,False,True,G,483.0,S
3068_01,Earth,False,TRAPPIST-1e,62.0,False,False,False,False,False,False,False,G,500.0,P
3070_01,Earth,True,TRAPPIST-1e,41.0,False,False,False,False,False,False,True,G,501.0,P
3071_01,Europa,True,TRAPPIST-1e,16.0,False,False,False,False,False,False,True,B,113.0,S
3071_02,Europa,False,TRAPPIST-1e,26.0,False,False,False,False,False,False,False,B,113.0,S
3073_01,Mars,True,TRAPPIST-1e,36.0,False,False,False,False,False,False,True,F,640.0,P
3076_01,Earth,True,PSO J318.5-22,27.0,False,False,False,False,False,False,True,G,502.0,P
3079_01,Earth,False,55 Cancri e,22.0,False,False,False,False,False,False,False,F,642.0,P
3080_01,Earth,False,TRAPPIST-1e,40.0,False,False,False,False,False,False,False,F,584.0,S
3081_01,Europa,False,55 Cancri e,50.0,False,False,False,False,False,False,True,C,118.0,S
3081_02,Europa,True,TRAPPIST-1e,57.0,False,False,False,False,False,False,True,C,118.0,S
3082_01,Earth,False,PSO J318.5-22,15.0,False,False,False,False,False,False,True,G,503.0,P
3083_01,Europa,False,55 Cancri e,23.0,False,False,False,False,False,False,False,D,100.0,S
3084_01,Mars,True,55 Cancri e,60.0,False,False,False,False,False,False,True,D,101.0,S
3085_01,Earth,False,TRAPPIST-1e,73.0,False,False,False,False,False,False,False,G,504.0,P
3087_01,Earth,False,TRAPPIST-1e,35.0,False,False,False,False,False,False,True,G,505.0,P
3088_01,Europa,False,TRAPPIST-1e,28.0,False,False,False,False,False,False,False,A,25.0,P
3090_01,Europa,False,TRAPPIST-1e,27.0,True,True,True,True,True,True,True,B,115.0,S
3091_01,Europa,False,TRAPPIST-1e,14.0,False,False,False,False,False,False,False,F,427.0,S
3091_02,Europa,True,TRAPPIST-1e,26.0,False,False,False,False,False,False,True,D,102.0,S
3092_01,Earth,False,TRAPPIST-1e,22.0,False,False,False,False,False,False,False,G,506.0,P
3093_01,Mars,False,55 Cancri e,22.0,False,False,False,False,False,False,True,E,194.0,P
3095_01,Mars,False,PSO J318.5-22,71.0,False,False,False,False,False,False,False,F,585.0,S
3096_01,Mars,False,55 Cancri e,25.0,False,False,False,False,False,False,True,D,103.0,S
3099_01,Mars,True,TRAPPIST-1e,27.0,False,False,False,False,False,False,True,E,203.0,S
3100_01,Earth,False,TRAPPIST-1e,1.0,False,False,False,False,False,False,False,G,485.0,S
3100_02,Earth,False,TRAPPIST-1e,52.0,False,False,False,False,False,False,True,F,586.0,S
3100_03,Earth,True,TRAPPIST-1e,0.0,False,False,False,False,False,False,True,G,485.0,S
3102_01,Europa,True,55 Cancri e,30.0,False,False,False,False,False,False,True,B,101.0,P
3103_01,Europa,False,TRAPPIST-1e,52.0,True,True,True,True,True,True,False,B,102.0,P
3104_01,Earth,False,TRAPPIST-1e,12.0,False,False,False,False,False,False,True,G,507.0,P
3104_02,Earth,True,TRAPPIST-1e,22.0,False,False,False,False,False,False,True,G,507.0,P
3110_01,Earth,False,TRAPPIST-1e,24.0,False,False,False,False,False,False,True,G,509.0,P
3111_01,Mars,False,TRAPPIST-1e,22.0,False,False,False,False,False,False,False,D,95.0,P
3112_01,Earth,True,PSO J318.5-22,15.0,False,False,False,False,False,False,False,G,488.0,S
3113_01,Mars,True,TRAPPIST-1e,21.0,False,False,False,False,False,False,True,D,96.0,P
3113_02,Mars,True,55 Cancri e,56.0,False,False,False,False,False,False,True,D,96.0,P
3114_01,Mars,False,TRAPPIST-1e,50.0,False,False,False,False,False,False,False,D,97.0,P
3116_01,Earth,False,TRAPPIST-1e,20.0,False,False,False,False,False,False,False,F,645.0,P
3117_01,Earth,False,TRAPPIST-1e,32.0,False,False,False,False,False,False,False,F,646.0,P
3118_01,Earth,True,TRAPPIST-1e,28.0,False,False,False,False,False,False,False,G,510.0,P
3119_01,Earth,False,TRAPPIST-1e,74.0,False,False,False,False,False,False,False,G,490.0,S
3120_01,Mars,True,TRAPPIST-1e,25.0,False,False,False,False,False,False,True,E,204.0,S
3120_02,Mars,False,TRAPPIST-1e,31.0,False,False,False,False,False,False,False,E,204.0,S
3121_01,Earth,True,PSO J318.5-22,6.0,False,False,False,False,False,False,True,G,491.0,S
3123_01,Earth,True,TRAPPIST-1e,17.0,False,False,False,False,False,False,True,G,511.0,P
3124_01,Mars,True,TRAPPIST-1e,12.0,False,False,False,False,False,False,True,F,648.0,P
3124_02,Mars,False,TRAPPIST-1e,47.0,False,False,False,False,False,False,True,F,648.0,P
3124_03,Mars,True,TRAPPIST-1e,46.0,False,False,False,False,False,False,True,F,648.0,P
3126_01,Europa,False,55 Cancri e,31.0,False,False,False,False,False,False,True,B,116.0,S
3126_02,Europa,False,TRAPPIST-1e,36.0,False,False,False,False,False,False,True,B,116.0,S
3128_01,Earth,False,55 Cancri e,15.0,False,False,False,False,False,False,False,G,512.0,P
3130_01,Mars,False,TRAPPIST-1e,38.0,False,False,False,False,False,False,False,F,588.0,S
3131_01,Earth,True,55 Cancri e,48.0,False,False,False,False,False,False,True,G,492.0,S
3131_02,Earth,True,TRAPPIST-1e,21.0,False,False,False,False,False,False,True,G,492.0,S
3131_03,Earth,True,TRAPPIST-1e,4.0,False,False,False,False,False,False,True,G,492.0,S
3132_01,Mars,True,TRAPPIST-1e,31.0,False,False,False,False,False,False,True,F,649.0,P
3133_01,Earth,False,PSO J318.5-22,31.0,False,False,False,False,False,False,False,G,513.0,P
3134_01,Europa,False,PSO J318.5-22,62.0,True,True,True,True,True,True,True,C,119.0,S
3136_01,Earth,True,TRAPPIST-1e,29.0,False,False,False,False,False,False,True,G,514.0,P
3138_01,Earth,False,TRAPPIST-1e,30.0,False,False,False,False,False,False,False,F,427.0,S
3140_01,Mars,False,TRAPPIST-1e,26.0,False,False,False,False,False,False,False,E,206.0,S
3142_01,Mars,False,TRAPPIST-1e,43.0,False,False,False,False,False,False,False,F,591.0,S
3142_02,Mars,False,TRAPPIST-1e,32.0,False,False,False,False,False,False,False,F,591.0,S
3143_01,Mars,True,55 Cancri e,24.0,False,False,False,False,False,False,True,F,592.0,S
3145_01,Mars,True,TRAPPIST-1e,49.0,False,False,False,False,False,False,True,F,652.0,P
3147_01,Earth,False,TRAPPIST-1e,21.0,False,False,False,False,False,False,True,F,594.0,S
3149_01,Earth,False,TRAPPIST-1e,18.0,False,False,False,False,False,False,True,G,494.0,S
3149_02,Earth,True,TRAPPIST-1e,18.0,False,False,False,False,False,False,True,G,494.0,S
3152_01,Earth,True,TRAPPIST-1e,14.0,False,False,False,False,False,False,False,G,496.0,S
3158_01,Mars,False,TRAPPIST-1e,21.0,False,False,False,False,False,False,False,D,100.0,P
3159_01,Mars,True,55 Cancri e,25.0,False,False,False,False,False,False,True,F,654.0,P
3161_01,Europa,False,55 Cancri e,56.0,False,False,False,False,False,False,False,E,208.0,S
3162_01,Earth,False,TRAPPIST-1e,0.0,False,False,False,False,False,False,True,G,500.0,S
3162_02,Earth,False,TRAPPIST-1e,55.0,False,False,False,False,False,False,False,F,596.0,S
3162_03,Earth,True,TRAPPIST-1e,14.0,False,False,False,False,False,False,False,G,500.0,S
3163_01,Mars,False,TRAPPIST-1e,13.0,False,False,False,False,False,False,False,F,656.0,P
3163_02,Mars,False,55 Cancri e,43.0,False,False,False,False,False,False,False,F,656.0,P
3164_01,Earth,True,TRAPPIST-1e,39.0,False,False,False,False,False,False,False,G,516.0,P
3166_01,Mars,True,TRAPPIST-1e,27.0,False,False,False,False,False,False,True,F,657.0,P
3168_01,Earth,False,TRAPPIST-1e,24.0,False,False,False,False,False,False,True,F,658.0,P
3169_01,Earth,False,TRAPPIST-1e,26.0,False,False,False,False,False,False,True,F,598.0,S
3171_01,Earth,True,55 Cancri e,22.0,False,False,False,False,False,False,True,G,502.0,S
3172_01,Earth,False,TRAPPIST-1e,26.0,False,False,False,False,False,False,False,F,659.0,P
3174_01,Mars,False,TRAPPIST-1e,19.0,False,False,False,False,False,False,True,D,101.0,P
3174_02,Mars,True,TRAPPIST-1e,38.0,False,False,False,False,False,False,True,F,660.0,P
3175_01,Europa,True,55 Cancri e,38.0,False,False,False,False,False,False,True,B,104.0,P
3176_01,Europa,False,TRAPPIST-1e,77.0,False,False,False,False,False,False,True,E,196.0,P
3179_01,Earth,False,55 Cancri e,28.0,False,False,False,False,False,False,False,F,599.0,S
3180_01,Earth,False,TRAPPIST-1e,22.0,False,False,False,False,False,False,False,F,663.0,P
3181_01,Earth,False,TRAPPIST-1e,20.0,False,False,False,False,False,False,False,E,197.0,P
3182_01,Earth,False,TRAPPIST-1e,18.0,False,False,False,False,False,False,True,F,600.0,S
3184_01,Europa,False,55 Cancri e,10.0,False,False,False,False,False,False,True,B,117.0,S
3184_02,Europa,True,55 Cancri e,34.0,False,False,False,False,False,False,True,B,117.0,S
3185_01,Earth,False,TRAPPIST-1e,43.0,False,False,False,False,False,False,False,F,601.0,S
3188_01,Mars,True,55 Cancri e,31.0,False,False,False,False,False,False,False,E,209.0,S
3189_01,Mars,True,55 Cancri e,40.0,False,False,False,False,False,False,True,D,102.0,P
3189_02,Mars,False,TRAPPIST-1e,25.0,False,False,False,False,False,False,False,D,102.0,P
3191_01,Mars,True,TRAPPIST-1e,68.0,False,False,False,False,False,False,True,F,603.0,S
3192_01,Earth,False,TRAPPIST-1e,20.0,False,False,False,False,False,False,False,F,665.0,P
3193_01,Mars,False,TRAPPIST-1e,27.0,True,True,True,True,True,True,True,F,666.0,P
3195_01,Earth,False,TRAPPIST-1e,1.0,False,False,False,False,False,False,False,G,505.0,S
3195_02,Earth,False,PSO J318.5-22,60.0,False,False,False,False,False,False,False,G,505.0,S
3195_03,Earth,False,55 Cancri e,28.0,False,False,False,False,False,False,True,G,505.0,S
3195_04,Earth,False,PSO J318.5-22,11.0,False,False,False,False,False,False,False,G,505.0,S
3195_05,Earth,False,55 Cancri e,0.0,False,False,False,False,False,False,False,F,427.0,S
3195_06,Earth,True,TRAPPIST-1e,9.0,False,False,False,False,False,False,False,G,505.0,S
3196_01,Mars,False,TRAPPIST-1e,38.0,False,False,False,False,False,False,False,F,667.0,P
3197_01,Earth,False,55 Cancri e,18.0,False,False,False,False,False,False,False,F,668.0,P
3200_01,Earth,False,TRAPPIST-1e,40.0,False,False,False,False,False,False,False,F,669.0,P
3201_01,Earth,False,TRAPPIST-1e,21.0,False,False,False,False,False,False,False,F,670.0,P
3203_01,Earth,True,TRAPPIST-1e,24.0,False,False,False,False,False,False,False,G,506.0,S
3204_01,Europa,False,TRAPPIST-1e,26.0,False,False,False,False,False,False,False,A,27.0,P
3204_02,Europa,False,TRAPPIST-1e,47.0,False,False,False,False,False,False,False,A,27.0,P
3204_03,Europa,False,TRAPPIST-1e,46.0,False,False,False,False,False,False,False,A,27.0,P
3205_01,Earth,True,55 Cancri e,55.0,False,False,False,False,False,False,True,G,507.0,S
3206_01,Earth,False,TRAPPIST-1e,50.0,False,False,False,False,False,False,False,G,520.0,P
3209_01,Mars,True,TRAPPIST-1e,10.0,False,False,False,False,False,False,True,F,672.0,P
3210_01,Europa,False,55 Cancri e,17.0,False,False,False,False,False,False,False,E,211.0,S
3210_02,Europa,False,55 Cancri e,20.0,False,False,False,False,False,False,False,E,211.0,S
3210_03,Europa,False,TRAPPIST-1e,37.0,False,False,False,False,False,False,False,E,211.0,S
3211_01,Earth,False,TRAPPIST-1e,24.0,False,False,False,False,False,False,False,F,673.0,P
3211_02,Earth,False,55 Cancri e,43.0,False,False,False,False,False,False,False,G,521.0,P
3211_03,Earth,False,TRAPPIST-1e,0.0,False,False,False,False,False,False,False,G,521.0,P
3212_01,Earth,False,TRAPPIST-1e,24.0,False,False,False,False,False,False,False,E,212.0,S
3213_01,Mars,False,TRAPPIST-1e,22.0,False,False,False,False,False,False,False,D,103.0,P
3215_01,Earth,True,TRAPPIST-1e,14.0,False,False,False,False,False,False,True,G,508.0,S
3216_01,Earth,True,TRAPPIST-1e,3.0,False,False,False,False,False,False,True,G,509.0,S
3216_02,Earth,True,55 Cancri e,22.0,False,False,False,False,False,False,True,G,509.0,S
3216_03,Earth,False,TRAPPIST-1e,23.0,False,False,False,False,False,False,True,E,213.0,S
3217_01,Mars,False,TRAPPIST-1e,56.0,False,False,False,False,False,False,False,E,198.0,P
3218_01,Earth,False,TRAPPIST-1e,36.0,False,False,False,False,False,False,True,F,606.0,S
3218_02,Earth,False,55 Cancri e,58.0,False,False,False,False,False,False,False,F,606.0,S
3218_03,Earth,False,TRAPPIST-1e,1.0,False,False,False,False,False,False,False,G,510.0,S
3219_01,Mars,True,TRAPPIST-1e,39.0,False,False,False,False,False,False,False,E,214.0,S
3220_01,Earth,False,TRAPPIST-1e,33.0,False,False,False,False,False,False,False,G,522.0,P
3221_01,Earth,False,PSO J318.5-22,19.0,False,False,False,False,False,False,False,G,511.0,S
3223_01,Earth,False,TRAPPIST-1e,27.0,False,False,False,False,False,False,False,G,523.0,P
3224_01,Earth,False,TRAPPIST-1e,33.0,False,False,False,False,False,False,True,F,607.0,S
3225_01,Europa,True,55 Cancri e,17.0,False,False,False,False,False,False,True,C,120.0,S
3225_02,Europa,False,TRAPPIST-1e,28.0,False,False,False,False,False,False,True,C,120.0,S
3227_01,Earth,False,TRAPPIST-1e,21.0,False,False,False,False,False,False,False,G,513.0,S
3229_01,Europa,False,TRAPPIST-1e,45.0,False,False,False,False,False,False,True,B,118.0,S
3230_01,Mars,True,TRAPPIST-1e,62.0,False,False,False,False,False,False,True,F,674.0,P
3232_01,Mars,True,TRAPPIST-1e,43.0,False,False,False,False,False,False,True,F,609.0,S
3235_01,Earth,False,TRAPPIST-1e,27.0,False,False,False,False,False,False,False,F,610.0,S
3236_01,Earth,True,55 Cancri e,1.0,False,False,False,False,False,False,True,G,524.0,P
3236_02,Earth,False,TRAPPIST-1e,31.0,False,False,False,False,False,False,False,F,676.0,P
3236_03,Earth,False,TRAPPIST-1e,18.0,False,False,False,False,False,False,False,E,200.0,P
3237_01,Mars,False,TRAPPIST-1e,21.0,False,False,False,False,False,False,False,D,104.0,P
3237_02,Mars,False,TRAPPIST-1e,7.0,False,False,False,False,False,False,True,F,677.0,P
3237_03,Mars,False,TRAPPIST-1e,22.0,False,False,False,False,False,False,False,D,104.0,P
3238_01,Mars,True,TRAPPIST-1e,26.0,False,False,False,False,False,False,False,E,215.0,S
3239_01,Earth,True,TRAPPIST-1e,30.0,False,False,False,False,False,False,True,G,515.0,S
3240_01,Earth,False,TRAPPIST-1e,17.0,False,False,False,False,False,False,False,E,216.0,S
3241_01,Earth,True,TRAPPIST-1e,27.0,False,False,False,False,False,False,False,G,525.0,P
3243_01,Earth,False,55 Cancri e,10.0,False,False,False,False,False,False,False,G,516.0,S
3247_01,Earth,False,TRAPPIST-1e,25.0,False,False,False,False,False,False,False,E,202.0,P
3248_01,Earth,False,TRAPPIST-1e,21.0,False,False,False,False,False,False,False,G,526.0,P
3252_01,Earth,False,55 Cancri e,53.0,False,False,False,False,False,False,False,F,613.0,S
3253_01,Earth,False,TRAPPIST-1e,21.0,False,False,False,False,False,False,False,G,528.0,P
3254_01,Europa,False,TRAPPIST-1e,28.0,False,False,False,False,False,False,True,C,121.0,S
3255_01,Earth,True,PSO J318.5-22,20.0,False,False,False,False,False,False,True,G,517.0,S
3256_01,Europa,True,55 Cancri e,54.0,False,False,False,False,False,False,True,E,217.0,S
3258_01,Earth,True,TRAPPIST-1e,9.0,False,False,False,False,False,False,False,G,529.0,P
3259_01,Earth,False,TRAPPIST-1e,20.0,False,False,False,False,False,False,False,G,530.0,P
3260_01,Earth,False,TRAPPIST-1e,19.0,False,False,False,False,False,False,False,F,615.0,S
3262_01,Earth,False,TRAPPIST-1e,32.0,False,False,False,False,False,False,False,F,681.0,P
3268_01,Mars,False,TRAPPIST-1e,22.0,False,False,False,False,False,False,False,E,219.0,S
3269_01,Europa,False,55 Cancri e,35.0,False,False,False,False,False,False,True,C,122.0,S
3270_01,Earth,False,TRAPPIST-1e,26.0,False,False,False,False,False,False,True,G,531.0,P
3271_01,Earth,True,TRAPPIST-1e,51.0,False,False,False,False,False,False,False,G,532.0,P
3271_02,Earth,False,55 Cancri e,8.0,False,False,False,False,False,False,True,G,532.0,P
3272_01,Earth,False,TRAPPIST-1e,40.0,False,False,False,False,False,False,True,G,518.0,S
3272_02,Earth,True,55 Cancri e,2.0,False,False,False,False,False,False,True,G,518.0,S
3273_01,Earth,True,PSO J318.5-22,19.0,False,False,False,False,False,False,False,G,519.0,S
3274_01,Earth,True,TRAPPIST-1e,32.0,False,False,False,False,False,False,True,G,533.0,P
3274_02,Earth,False,55 Cancri e,16.0,False,False,False,False,False,False,False,G,533.0,P
3274_03,Earth,False,TRAPPIST-1e,64.0,False,False,False,False,False,False,False,G,533.0,P
3275_01,Earth,False,55 Cancri e,35.0,False,False,False,False,False,False,True,F,617.0,S
3276_01,Europa,False,TRAPPIST-1e,33.0,False,False,False,False,False,False,False,A,29.0,P
3279_01,Europa,False,55 Cancri e,9.0,False,False,False,False,False,False,True,C,123.0,S
3279_02,Europa,True,TRAPPIST-1e,21.0,False,False,False,False,False,False,True,C,123.0,S
3279_03,Europa,True,TRAPPIST-1e,28.0,False,False,False,False,False,False,True,C,123.0,S
3279_04,Europa,True,TRAPPIST-1e,28.0,False,False,False,False,False,False,True,C,123.0,S
3280_01,Earth,True,PSO J318.5-22,31.0,False,False,False,False,False,False,True,G,534.0,P
3280_02,Earth,False,55 Cancri e,32.0,False,False,False,False,False,False,False,F,684.0,P
3282_01,Europa,True,55 Cancri e,43.0,False,False,False,False,False,False,True,B,120.0,S
3282_02,Europa,True,TRAPPIST-1e,60.0,False,False,False,False,False,False,True,B,120.0,S
3282_03,Europa,False,TRAPPIST-1e,43.0,False,False,False,False,False,False,True,B,120.0,S
3283_01,Earth,False,TRAPPIST-1e,43.0,False,False,False,False,False,False,False,F,619.0,S
3283_02,Earth,False,TRAPPIST-1e,19.0,False,False,False,False,False,False,False,F,619.0,S
3283_03,Earth,False,TRAPPIST-1e,21.0,False,False,False,False,False,False,False,G,521.0,S
3283_04,Earth,False,TRAPPIST-1e,38.0,False,False,False,False,False,False,False,G,521.0,S
3284_01,Earth,True,PSO J318.5-22,17.0,False,False,False,False,False,False,True,G,535.0,P
3284_02,Earth,True,PSO J318.5-22,29.0,False,False,False,False,False,False,True,G,535.0,P
3287_01,Earth,False,PSO J318.5-22,2.0,False,False,False,False,False,False,True,G,522.0,S
3287_02,Earth,False,TRAPPIST-1e,22.0,False,False,False,False,False,False,True,F,427.0,S
3287_03,Earth,False,55 Cancri e,18.0,False,False,False,False,False,False,False,F,621.0,S
3289_01,Earth,True,TRAPPIST-1e,16.0,False,False,False,False,False,False,True,G,536.0,P
3292_01,Europa,True,TRAPPIST-1e,52.0,False,False,False,False,False,False,True,B,121.0,S
3292_02,Europa,False,55 Cancri e,52.0,False,False,False,False,False,False,False,F,427.0,S
3292_03,Europa,True,55 Cancri e,14.0,False,False,False,False,False,False,True,B,121.0,S
3292_04,Europa,False,TRAPPIST-1e,25.0,True,True,True,True,True,True,True,B,121.0,S
3292_05,Europa,True,TRAPPIST-1e,34.0,False,False,False,False,False,False,True,B,121.0,S
3293_01,Mars,False,TRAPPIST-1e,20.0,False,False,False,False,False,False,True,F,623.0,S
3294_01,Earth,True,PSO J318.5-22,28.0,False,False,False,False,False,False,True,G,537.0,P
3294_02,Earth,True,TRAPPIST-1e,27.0,False,False,False,False,False,False,False,G,537.0,P
3295_01,Earth,False,55 Cancri e,20.0,False,False,False,False,False,False,False,G,538.0,P
3296_01,Earth,False,55 Cancri e,44.0,False,False,False,False,False,False,True,F,624.0,S
3297_01,Earth,False,TRAPPIST-1e,64.0,False,False,False,False,False,False,False,F,686.0,P
3298_01,Earth,False,TRAPPIST-1e,27.0,False,False,False,False,False,False,True,F,687.0,P
3299_01,Earth,False,TRAPPIST-1e,24.0,False,False,False,False,False,False,False,G,524.0,S
3300_01,Mars,True,TRAPPIST-1e,38.0,False,False,False,False,False,False,True,F,688.0,P
3300_02,Mars,False,TRAPPIST-1e,47.0,False,False,False,False,False,False,False,F,688.0,P
3301_01,Earth,True,55 Cancri e,8.0,False,False,False,False,False,False,True,G,525.0,S
3301_02,Earth,False,TRAPPIST-1e,1.0,False,False,False,False,False,False,True,G,525.0,S
3301_03,Earth,False,55 Cancri e,0.0,False,False,False,False,False,False,True,G,525.0,S
3301_04,Earth,False,TRAPPIST-1e,20.0,False,False,False,False,False,False,True,G,525.0,S
3304_01,Europa,True,TRAPPIST-1e,41.0,False,False,False,False,False,False,True,D,105.0,P
3305_01,Mars,True,TRAPPIST-1e,35.0,False,False,False,False,False,False,False,D,106.0,P
3305_02,Mars,False,55 Cancri e,31.0,False,False,False,False,False,False,False,D,106.0,P
3308_01,Earth,False,PSO J318.5-22,14.0,False,False,False,False,False,False,False,F,690.0,P
3309_01,Earth,False,TRAPPIST-1e,25.0,False,False,False,False,False,False,False,G,539.0,P
3310_01,Europa,True,TRAPPIST-1e,26.0,False,False,False,False,False,False,True,D,107.0,P
3311_01,Europa,False,TRAPPIST-1e,26.0,False,False,False,False,False,False,False,E,221.0,S
3312_01,Europa,False,TRAPPIST-1e,30.0,False,False,False,False,False,False,False,E,203.0,P
3313_01,Europa,True,55 Cancri e,49.0,False,False,False,False,False,False,True,B,122.0,S
3314_01,Earth,False,TRAPPIST-1e,19.0,False,False,False,False,False,False,False,F,626.0,S
3315_01,Earth,False,TRAPPIST-1e,15.0,False,False,False,False,False,False,False,F,627.0,S
3317_01,Earth,False,TRAPPIST-1e,27.0,False,False,False,False,False,False,False,G,540.0,P
3318_01,Europa,False,TRAPPIST-1e,39.0,False,False,False,False,False,False,True,B,123.0,S
3318_02,Europa,True,55 Cancri e,32.0,False,False,False,False,False,False,True,B,123.0,S
3318_03,Europa,False,TRAPPIST-1e,11.0,False,False,False,False,False,False,True,B,123.0,S
3318_04,Europa,True,TRAPPIST-1e,44.0,False,False,False,False,False,False,True,B,123.0,S
3318_05,Europa,True,TRAPPIST-1e,36.0,False,False,False,False,False,False,True,B,123.0,S
3319_01,Earth,False,TRAPPIST-1e,56.0,False,False,False,False,False,False,False,G,541.0,P
3322_01,Earth,True,TRAPPIST-1e,42.0,False,False,False,False,False,False,True,G,542.0,P
3323_01,Europa,True,55 Cancri e,40.0,False,False,False,False,False,False,True,C,110.0,P
3323_02,Europa,True,55 Cancri e,53.0,False,False,False,False,False,False,True,C,110.0,P
3324_01,Mars,True,TRAPPIST-1e,31.0,False,False,False,False,False,False,True,F,630.0,S
3324_02,Mars,True,TRAPPIST-1e,14.0,False,False,False,False,False,False,True,F,630.0,S
3325_01,Earth,True,PSO J318.5-22,31.0,False,False,False,False,False,False,True,G,543.0,P
3326_01,Earth,False,TRAPPIST-1e,42.0,False,False,False,False,False,False,False,E,222.0,S
3327_01,Earth,False,TRAPPIST-1e,32.0,False,False,False,False,False,False,False,G,528.0,S
3328_01,Earth,False,TRAPPIST-1e,34.0,False,False,False,False,False,False,False,F,691.0,P
3329_01,Earth,True,TRAPPIST-1e,55.0,False,False,False,False,False,False,True,G,544.0,P
3330_01,Mars,False,TRAPPIST-1e,42.0,False,False,False,False,False,False,False,F,692.0,P
3331_01,Earth,False,TRAPPIST-1e,40.0,False,False,False,False,False,False,True,F,631.0,S
3332_01,Mars,False,55 Cancri e,48.0,False,False,False,False,False,False,False,D,107.0,S
3332_02,Mars,True,TRAPPIST-1e,37.0,False,False,False,False,False,False,True,D,107.0,S
3332_03,Mars,True,55 Cancri e,17.0,False,False,False,False,False,False,True,D,107.0,S
3336_01,Mars,True,TRAPPIST-1e,60.0,False,False,False,False,False,False,True,F,693.0,P
3337_01,Europa,True,55 Cancri e,19.0,False,False,False,False,False,False,True,B,125.0,S
3337_02,Europa,False,TRAPPIST-1e,30.0,False,False,False,False,False,False,False,B,125.0,S
3337_03,Europa,False,TRAPPIST-1e,32.0,False,False,False,False,False,False,False,B,125.0,S
3338_01,Earth,True,PSO J318.5-22,28.0,False,False,False,False,False,False,True,G,546.0,P
3339_01,Earth,True,TRAPPIST-1e,26.0,False,False,False,False,False,False,False,G,530.0,S
3342_01,Earth,True,TRAPPIST-1e,24.0,False,False,False,False,False,False,True,G,531.0,S
3343_01,Earth,True,55 Cancri e,47.0,False,False,False,False,False,False,False,G,532.0,S
3348_01,Earth,False,TRAPPIST-1e,32.0,False,False,False,False,False,False,False,E,225.0,S
3349_01,Europa,True,TRAPPIST-1e,73.0,True,True,True,True,True,True,True,C,111.0,P
3350_01,Earth,False,TRAPPIST-1e,17.0,False,False,False,False,False,False,True,F,633.0,S
3352_01,Earth,True,PSO J318.5-22,47.0,False,False,False,False,False,False,False,G,547.0,P
3353_01,Europa,False,TRAPPIST-1e,27.0,False,False,False,False,False,False,False,C,125.0,S
3353_02,Europa,True,55 Cancri e,13.0,False,False,False,False,False,False,True,C,125.0,S
3353_03,Europa,False,TRAPPIST-1e,22.0,False,False,False,False,False,False,False,C,125.0,S
3353_04,Europa,False,TRAPPIST-1e,61.0,False,False,False,False,False,False,True,C,125.0,S
3353_05,Europa,False,55 Cancri e,19.0,False,False,False,False,False,False,True,C,125.0,S
3353_06,Europa,False,TRAPPIST-1e,45.0,False,False,False,False,False,False,True,C,125.0,S
3357_01,Earth,True,PSO J318.5-22,18.0,False,False,False,False,False,False,False,G,535.0,S
3359_01,Earth,False,TRAPPIST-1e,32.0,False,False,False,False,False,False,False,G,536.0,S
3360_01,Europa,False,TRAPPIST-1e,52.0,True,True,True,True,True,True,True,A,30.0,P
3361_01,Mars,True,TRAPPIST-1e,25.0,False,False,False,False,False,False,True,F,635.0,S
3361_02,Mars,True,TRAPPIST-1e,9.0,False,False,False,False,False,False,True,F,635.0,S
3361_03,Mars,True,TRAPPIST-1e,18.0,False,False,False,False,False,False,True,F,635.0,S
3361_04,Earth,False,PSO J318.5-22,26.0,False,False,False,False,False,False,False,D,108.0,S
3363_01,Earth,False,TRAPPIST-1e,20.0,False,False,False,False,False,False,False,E,205.0,P
3363_02,Earth,False,TRAPPIST-1e,6.0,False,False,False,False,False,False,True,G,550.0,P
3363_03,Earth,False,PSO J318.5-22,5.0,False,False,False,False,False,False,False,G,550.0,P
3364_01,Europa,False,55 Cancri e,40.0,False,False,False,False,False,False,False,A,31.0,P
3365_01,Earth,True,PSO J318.5-22,20.0,False,False,False,False,False,False,True,G,537.0,S
3370_01,Mars,False,TRAPPIST-1e,18.0,False,False,False,False,False,False,False,D,109.0,S
3371_01,Earth,False,TRAPPIST-1e,42.0,False,False,False,False,False,False,False,F,694.0,P
3372_01,Earth,True,PSO J318.5-22,14.0,False,False,False,False,False,False,True,G,551.0,P
3377_01,Mars,True,TRAPPIST-1e,33.0,False,False,False,False,False,False,True,F,638.0,S
3380_01,Earth,False,55 Cancri e,23.0,False,False,False,False,False,False,False,F,696.0,P
3381_01,Earth,True,TRAPPIST-1e,35.0,False,False,False,False,False,False,False,G,539.0,S
3382_01,Earth,False,PSO J318.5-22,53.0,False,False,False,False,False,False,False,F,697.0,P
3382_02,Earth,True,TRAPPIST-1e,56.0,False,False,False,False,False,False,True,G,553.0,P
3383_01,Earth,False,55 Cancri e,35.0,False,False,False,False,False,False,False,F,698.0,P
3384_01,Earth,False,TRAPPIST-1e,18.0,False,False,False,False,False,False,False,F,699.0,P
3384_02,Earth,False,TRAPPIST-1e,25.0,False,False,False,False,False,False,False,E,207.0,P
3384_03,Earth,True,55 Cancri e,20.0,False,False,False,False,False,False,True,G,554.0,P
3386_01,Mars,True,TRAPPIST-1e,44.0,False,False,False,False,False,False,True,F,641.0,S
3387_01,Earth,True,TRAPPIST-1e,26.0,False,False,False,False,False,False,False,G,540.0,S
3389_01,Mars,False,TRAPPIST-1e,23.0,False,False,False,False,False,False,True,F,642.0,S
3390_01,Mars,True,TRAPPIST-1e,39.0,False,False,False,False,False,False,True,F,643.0,S
3391_01,Europa,True,TRAPPIST-1e,25.0,False,False,False,False,False,False,True,B,105.0,P
3391_02,Europa,False,55 Cancri e,42.0,False,False,False,False,False,False,False,B,105.0,P
3392_01,Earth,False,TRAPPIST-1e,20.0,False,False,False,False,False,False,True,G,541.0,S
3392_02,Earth,True,TRAPPIST-1e,4.0,False,False,False,False,False,False,True,G,541.0,S
3392_03,Earth,True,TRAPPIST-1e,64.0,False,False,False,False,False,False,True,G,541.0,S
3392_04,Earth,False,TRAPPIST-1e,0.0,False,False,False,False,False,False,True,G,541.0,S
3394_01,Earth,False,PSO J318.5-22,19.0,False,False,False,False,False,False,True,F,700.0,P
3395_01,Earth,False,55 Cancri e,6.0,False,False,False,False,False,False,False,G,542.0,S
3396_01,Europa,True,TRAPPIST-1e,23.0,False,False,False,False,False,False,True,B,106.0,P
3397_01,Earth,False,TRAPPIST-1e,22.0,False,False,False,False,False,False,False,G,543.0,S
3401_01,Earth,False,TRAPPIST-1e,18.0,False,False,False,False,False,False,True,G,545.0,S
3402_01,Mars,False,TRAPPIST-1e,21.0,False,False,False,False,False,False,False,E,231.0,S
3403_01,Earth,False,PSO J318.5-22,37.0,False,False,False,False,False,False,True,G,556.0,P
3404_01,Earth,True,55 Cancri e,24.0,False,False,False,False,False,False,True,G,557.0,P
3405_01,Earth,True,TRAPPIST-1e,38.0,False,False,False,False,False,False,False,G,546.0,S
3405_02,Earth,False,TRAPPIST-1e,11.0,False,False,False,False,False,False,True,G,546.0,S
3405_03,Earth,False,55 Cancri e,6.0,False,False,False,False,False,False,False,G,546.0,S
3406_01,Europa,False,TRAPPIST-1e,49.0,False,False,False,False,False,False,False,C,112.0,P
3406_02,Europa,False,TRAPPIST-1e,55.0,False,False,False,False,False,False,False,C,112.0,P
3408_01,Earth,True,TRAPPIST-1e,15.0,False,False,False,False,False,False,True,G,547.0,S
3409_01,Earth,False,TRAPPIST-1e,19.0,False,False,False,False,False,False,False,F,701.0,P
3410_01,Earth,True,TRAPPIST-1e,16.0,False,False,False,False,False,False,True,G,558.0,P
3412_01,Europa,False,TRAPPIST-1e,48.0,False,False,False,False,False,False,False,B,107.0,P
3412_02,Europa,True,55 Cancri e,25.0,False,False,False,False,False,False,True,B,107.0,P
3412_03,Europa,False,TRAPPIST-1e,23.0,False,False,False,False,False,False,True,B,107.0,P
3413_01,Earth,True,PSO J318.5-22,27.0,False,False,False,False,False,False,False,G,559.0,P
3415_01,Earth,False,TRAPPIST-1e,39.0,False,False,False,False,False,False,False,F,702.0,P
3417_01,Earth,False,TRAPPIST-1e,28.0,False,False,False,False,False,False,True,F,703.0,P
3418_01,Mars,True,TRAPPIST-1e,72.0,False,False,False,False,False,False,True,F,646.0,S
3419_01,Mars,False,TRAPPIST-1e,47.0,False,False,False,False,False,False,False,D,108.0,P
3420_01,Earth,True,TRAPPIST-1e,65.0,False,False,False,False,False,False,False,G,548.0,S
3421_01,Earth,False,PSO J318.5-22,40.0,False,False,False,False,False,False,False,F,704.0,P
3422_01,Europa,False,55 Cancri e,18.0,False,False,False,False,False,False,True,E,209.0,P
3422_02,Europa,True,TRAPPIST-1e,27.0,False,False,False,False,False,False,True,E,209.0,P
3423_01,Earth,True,TRAPPIST-1e,21.0,False,False,False,False,False,False,True,G,561.0,P
3424_01,Earth,False,TRAPPIST-1e,37.0,False,False,False,False,False,False,False,E,233.0,S
3425_01,Europa,False,TRAPPIST-1e,31.0,False,False,False,False,False,False,False,E,234.0,S
3426_01,Earth,False,TRAPPIST-1e,33.0,False,False,False,False,False,False,False,G,549.0,S
3428_01,Europa,True,55 Cancri e,53.0,False,False,False,False,False,False,True,C,113.0,P
3428_02,Europa,False,TRAPPIST-1e,27.0,False,False,False,False,False,False,True,C,113.0,P
3430_01,Earth,False,TRAPPIST-1e,74.0,False,False,False,False,False,False,True,G,551.0,S
3431_01,Mars,True,TRAPPIST-1e,27.0,False,False,False,False,False,False,True,F,705.0,P
3432_01,Earth,False,PSO J318.5-22,23.0,False,False,False,False,False,False,False,F,706.0,P
3433_01,Europa,False,55 Cancri e,74.0,False,False,False,False,False,False,False,C,114.0,P
3434_01,Earth,True,TRAPPIST-1e,23.0,False,False,False,False,False,False,True,G,562.0,P
3437_01,Earth,False,PSO J318.5-22,26.0,False,False,False,False,False,False,False,G,553.0,S
3437_02,Earth,True,TRAPPIST-1e,0.0,False,False,False,False,False,False,True,G,553.0,S
3438_01,Earth,True,TRAPPIST-1e,0.0,False,False,False,False,False,False,True,G,564.0,P
3438_02,Earth,False,55 Cancri e,24.0,False,False,False,False,False,False,False,F,707.0,P
3439_01,Europa,True,TRAPPIST-1e,28.0,False,False,False,False,False,False,True,B,130.0,S
3439_02,Europa,False,TRAPPIST-1e,17.0,False,False,False,False,False,False,True,B,130.0,S
3439_03,Earth,True,55 Cancri e,26.0,False,False,False,False,False,False,True,B,130.0,S
3439_04,Europa,False,TRAPPIST-1e,39.0,False,False,False,False,False,False,False,B,130.0,S
3440_01,Earth,False,TRAPPIST-1e,17.0,False,False,False,False,False,False,False,G,565.0,P
3441_01,Earth,False,55 Cancri e,15.0,False,False,False,False,False,False,False,F,647.0,S
3442_01,Earth,False,TRAPPIST-1e,37.0,False,False,False,False,False,False,False,F,708.0,P
3443_01,Earth,False,TRAPPIST-1e,38.0,False,False,False,False,False,False,True,F,648.0,S
3444_01,Europa,False,55 Cancri e,33.0,False,False,False,False,False,False,True,B,131.0,S
3444_02,Europa,True,TRAPPIST-1e,16.0,False,False,False,False,False,False,True,B,131.0,S
3444_03,Europa,False,TRAPPIST-1e,41.0,True,True,True,True,True,True,True,B,131.0,S
3444_04,Europa,False,TRAPPIST-1e,7.0,False,False,False,False,False,False,True,B,131.0,S
3445_01,Earth,False,TRAPPIST-1e,20.0,False,False,False,False,False,False,False,G,554.0,S
3446_01,Earth,True,PSO J318.5-22,44.0,False,False,False,False,False,False,True,G,555.0,S
3447_01,Earth,False,TRAPPIST-1e,42.0,False,False,False,False,False,False,False,F,649.0,S
3449_01,Earth,False,TRAPPIST-1e,29.0,False,False,False,False,False,False,False,G,556.0,S
3450_01,Europa,False,55 Cancri e,22.0,False,False,False,False,False,False,True,B,132.0,S
3450_02,Europa,False,TRAPPIST-1e,21.0,False,False,False,False,False,False,True,B,132.0,S
3453_01,Earth,True,TRAPPIST-1e,21.0,False,False,False,False,False,False,False,G,567.0,P
3454_01,Earth,True,TRAPPIST-1e,21.0,False,False,False,False,False,False,False,G,568.0,P
3455_01,Mars,True,TRAPPIST-1e,13.0,False,False,False,False,False,False,True,F,709.0,P
3456_01,Earth,True,PSO J318.5-22,16.0,False,False,False,False,False,False,True,G,558.0,S
3458_01,Mars,True,55 Cancri e,36.0,False,False,False,False,False,False,True,F,710.0,P
3459_01,Earth,True,TRAPPIST-1e,36.0,False,False,False,False,False,False,True,G,560.0,S
3461_01,Earth,False,PSO J318.5-22,26.0,False,False,False,False,False,False,False,G,569.0,P
3462_01,Europa,True,TRAPPIST-1e,28.0,False,False,False,False,False,False,True,C,115.0,P
3464_01,Earth,False,TRAPPIST-1e,14.0,False,False,False,False,False,False,False,G,561.0,S
3464_02,Earth,True,TRAPPIST-1e,29.0,False,False,False,False,False,False,False,G,561.0,S
3465_01,Mars,False,TRAPPIST-1e,19.0,False,False,False,False,False,False,False,F,711.0,P
3467_01,Earth,False,TRAPPIST-1e,51.0,False,False,False,False,False,False,False,F,712.0,P
3468_01,Earth,True,TRAPPIST-1e,64.0,False,False,False,False,False,False,True,G,562.0,S
3469_01,Europa,True,TRAPPIST-1e,41.0,False,False,False,False,False,False,True,B,109.0,P
3470_01,Earth,True,TRAPPIST-1e,27.0,False,False,False,False,False,False,False,G,563.0,S
3470_02,Earth,True,55 Cancri e,16.0,False,False,False,False,False,False,True,G,563.0,S
3473_01,Earth,False,TRAPPIST-1e,20.0,False,False,False,False,False,False,False,F,654.0,S
3474_01,Europa,True,TRAPPIST-1e,31.0,False,False,False,False,False,False,True,B,110.0,P
3474_02,Europa,False,TRAPPIST-1e,38.0,False,False,False,False,False,False,False,B,110.0,P
3474_03,Europa,True,55 Cancri e,59.0,False,False,False,False,False,False,True,B,110.0,P
3474_04,Europa,True,TRAPPIST-1e,18.0,False,False,False,False,False,False,True,B,110.0,P
3475_01,Europa,True,TRAPPIST-1e,33.0,False,False,False,False,False,False,True,C,126.0,S
3475_02,Europa,False,TRAPPIST-1e,33.0,False,False,False,False,False,False,False,C,126.0,S
3475_03,Europa,False,55 Cancri e,49.0,False,False,False,False,False,False,True,C,126.0,S
3476_01,Earth,False,55 Cancri e,4.0,False,False,False,False,False,False,True,G,571.0,P
3476_02,Earth,False,55 Cancri e,0.0,False,False,False,False,False,False,True,G,571.0,P
3476_03,Earth,False,55 Cancri e,0.0,False,False,False,False,False,False,True,G,571.0,P
3476_04,Earth,False,TRAPPIST-1e,24.0,False,False,False,False,False,False,False,G,571.0,P
3478_01,Europa,False,TRAPPIST-1e,52.0,False,False,False,False,False,False,False,B,111.0,P
3480_01,Earth,False,PSO J318.5-22,50.0,False,False,False,False,False,False,False,F,655.0,S
3483_01,Earth,False,PSO J318.5-22,31.0,False,False,False,False,False,False,False,F,717.0,P
3484_01,Earth,True,TRAPPIST-1e,25.0,False,False,False,False,False,False,False,G,573.0,P
3484_02,Earth,False,PSO J318.5-22,62.0,False,False,False,False,False,False,True,F,718.0,P
3485_01,Europa,False,TRAPPIST-1e,49.0,False,False,False,False,False,False,False,E,237.0,S
3485_02,Europa,True,TRAPPIST-1e,24.0,False,False,False,False,False,False,True,E,237.0,S
3485_03,Europa,False,TRAPPIST-1e,33.0,False,False,False,False,False,False,True,E,237.0,S
3486_01,Earth,False,TRAPPIST-1e,20.0,False,False,False,False,False,False,True,F,656.0,S
3487_01,Europa,False,55 Cancri e,46.0,False,False,False,False,False,False,False,A,39.0,S
3488_01,Europa,False,TRAPPIST-1e,26.0,False,False,False,False,False,False,False,D,110.0,P
3488_02,Europa,False,TRAPPIST-1e,52.0,False,False,False,False,False,False,False,D,110.0,P
3489_01,Mars,False,TRAPPIST-1e,28.0,False,False,False,False,False,False,False,F,719.0,P
3489_02,Mars,True,TRAPPIST-1e,39.0,False,False,False,False,False,False,True,F,719.0,P
3490_01,Europa,False,TRAPPIST-1e,29.0,False,False,False,False,False,False,True,D,111.0,P
3490_02,Europa,False,55 Cancri e,19.0,False,False,False,False,False,False,True,D,111.0,P
3491_01,Earth,False,TRAPPIST-1e,15.0,False,False,False,False,False,False,False,F,720.0,P
3492_01,Earth,False,TRAPPIST-1e,33.0,False,False,False,False,False,False,False,E,238.0,S
3495_01,Europa,False,TRAPPIST-1e,47.0,False,False,False,False,False,False,True,C,127.0,S
3495_02,Europa,False,TRAPPIST-1e,34.0,False,False,False,False,False,False,True,C,127.0,S
3495_03,Europa,True,55 Cancri e,26.0,False,False,False,False,False,False,True,C,127.0,S
3495_04,Europa,True,TRAPPIST-1e,15.0,False,False,False,False,False,False,True,C,127.0,S
3496_01,Mars,True,TRAPPIST-1e,27.0,False,False,False,False,False,False,True,F,722.0,P
3496_02,Mars,False,TRAPPIST-1e,27.0,False,False,False,False,False,False,False,F,722.0,P
3497_01,Mars,False,TRAPPIST-1e,38.0,True,True,True,True,True,True,False,D,113.0,P
3499_01,Earth,False,TRAPPIST-1e,21.0,False,False,False,False,False,False,False,G,574.0,P
3499_02,Earth,False,TRAPPIST-1e,1.0,False,False,False,False,False,False,True,G,574.0,P
3499_03,Earth,False,TRAPPIST-1e,38.0,False,False,False,False,False,False,True,F,723.0,P
3499_04,Earth,False,TRAPPIST-1e,0.0,False,False,False,False,False,False,False,G,574.0,P
3501_01,Mars,False,TRAPPIST-1e,32.0,False,False,False,False,False,False,False,F,427.0,S
3504_01,Earth,True,TRAPPIST-1e,27.0,False,False,False,False,False,False,True,G,575.0,P
3506_01,Europa,True,55 Cancri e,48.0,False,False,False,False,False,False,True,B,113.0,P
3511_01,Mars,False,55 Cancri e,22.0,False,False,False,False,False,False,False,F,661.0,S
3512_01,Earth,False,55 Cancri e,28.0,False,False,False,False,False,False,False,F,662.0,S
3514_01,Earth,False,TRAPPIST-1e,19.0,False,False,False,False,False,False,False,G,576.0,P
3515_01,Mars,True,TRAPPIST-1e,37.0,False,False,False,False,False,False,False,F,725.0,P
3515_02,Mars,True,TRAPPIST-1e,46.0,False,False,False,False,False,False,True,F,725.0,P
3518_01,Earth,True,TRAPPIST-1e,26.0,False,False,False,False,False,False,True,G,566.0,S
3519_01,Earth,False,TRAPPIST-1e,16.0,False,False,False,False,False,False,True,G,577.0,P
3519_02,Earth,True,TRAPPIST-1e,0.0,False,False,False,False,False,False,True,G,577.0,P
3519_03,Earth,True,TRAPPIST-1e,0.0,False,False,False,False,False,False,True,G,577.0,P
3520_01,Earth,False,TRAPPIST-1e,26.0,False,False,False,False,False,False,False,G,578.0,P
3520_02,Earth,True,PSO J318.5-22,13.0,False,False,False,False,False,False,True,F,427.0,S
3521_01,Europa,True,55 Cancri e,23.0,False,False,False,False,False,False,True,F,427.0,S
3521_02,Europa,True,TRAPPIST-1e,70.0,False,False,False,False,False,False,True,B,135.0,S
3523_01,Earth,True,TRAPPIST-1e,21.0,False,False,False,False,False,False,True,F,664.0,S
3525_01,Mars,True,TRAPPIST-1e,40.0,False,False,False,False,False,False,True,F,727.0,P
3527_01,Mars,False,TRAPPIST-1e,18.0,True,True,True,True,True,True,False,F,729.0,P
3528_01,Earth,False,TRAPPIST-1e,23.0,False,False,False,False,False,False,True,F,666.0,S
3530_01,Earth,True,TRAPPIST-1e,15.0,False,False,False,False,False,False,True,G,568.0,S
3531_01,Mars,False,55 Cancri e,28.0,False,False,False,False,False,False,False,F,731.0,P
3531_02,Mars,True,TRAPPIST-1e,45.0,False,False,False,False,False,False,True,F,731.0,P
3533_01,Mars,False,TRAPPIST-1e,18.0,False,False,False,False,False,False,False,E,211.0,P
3534_01,Earth,False,TRAPPIST-1e,23.0,False,False,False,False,False,False,False,F,732.0,P
3535_01,Mars,False,TRAPPIST-1e,36.0,False,False,False,False,False,False,False,F,427.0,S
3535_02,Mars,True,TRAPPIST-1e,25.0,False,False,False,False,False,False,True,F,668.0,S
3536_01,Europa,True,55 Cancri e,28.0,False,False,False,False,False,False,True,A,40.0,S
3537_01,Earth,False,55 Cancri e,29.0,False,False,False,False,False,False,False,F,733.0,P
3539_01,Earth,False,TRAPPIST-1e,31.0,False,False,False,False,False,False,False,E,239.0,S
3540_01,Earth,True,PSO J318.5-22,14.0,False,False,False,False,False,False,True,G,579.0,P
3542_01,Mars,True,TRAPPIST-1e,31.0,False,False,False,False,False,False,True,F,669.0,S
3543_01,Europa,False,TRAPPIST-1e,39.0,False,False,False,False,False,False,True,C,116.0,P
3543_02,Europa,True,55 Cancri e,17.0,False,False,False,False,False,False,True,C,116.0,P
3543_03,Europa,True,TRAPPIST-1e,56.0,False,False,False,False,False,False,True,C,116.0,P
3546_01,Earth,False,TRAPPIST-1e,36.0,False,False,False,False,False,False,False,F,672.0,S
3547_01,Mars,False,55 Cancri e,21.0,False,False,False,False,False,False,False,D,112.0,S
3548_01,Earth,False,TRAPPIST-1e,48.0,False,False,False,False,False,False,True,G,580.0,P
3550_01,Earth,True,TRAPPIST-1e,53.0,False,False,False,False,False,False,False,G,570.0,S
3550_02,Earth,True,PSO J318.5-22,5.0,False,False,False,False,False,False,False,G,570.0,S
3550_03,Earth,True,TRAPPIST-1e,21.0,False,False,False,False,False,False,False,G,570.0,S
3552_01,Europa,False,55 Cancri e,50.0,False,False,False,False,False,False,False,B,136.0,S
3552_02,Europa,True,TRAPPIST-1e,18.0,False,False,False,False,False,False,True,B,136.0,S
3553_01,Mars,False,TRAPPIST-1e,28.0,False,False,False,False,False,False,False,F,427.0,S
3555_01,Earth,False,TRAPPIST-1e,28.0,False,False,False,False,False,False,True,F,735.0,P
3556_01,Earth,True,TRAPPIST-1e,18.0,False,False,False,False,False,False,True,G,572.0,S
3558_01,Mars,False,TRAPPIST-1e,37.0,False,False,False,False,False,False,False,D,115.0,P
3558_02,Mars,True,TRAPPIST-1e,19.0,False,False,False,False,False,False,True,F,737.0,P
3559_01,Mars,False,TRAPPIST-1e,27.0,False,False,False,False,False,False,False,D,116.0,P
3560_01,Mars,False,PSO J318.5-22,37.0,False,False,False,False,False,False,True,D,117.0,P
3561_01,Mars,True,TRAPPIST-1e,43.0,False,False,False,False,False,False,True,F,738.0,P
3561_02,Mars,False,TRAPPIST-1e,17.0,False,False,False,False,False,False,True,D,118.0,P
3562_01,Mars,False,55 Cancri e,21.0,False,False,False,False,False,False,False,E,212.0,P
3562_02,Mars,False,55 Cancri e,55.0,False,False,False,False,False,False,False,D,119.0,P
3563_01,Earth,True,TRAPPIST-1e,14.0,False,False,False,False,False,False,True,G,581.0,P
3564_01,Earth,True,TRAPPIST-1e,24.0,False,False,False,False,False,False,False,G,582.0,P
3565_01,Earth,True,PSO J318.5-22,26.0,False,False,False,False,False,False,True,G,583.0,P
3566_01,Earth,False,55 Cancri e,19.0,False,False,False,False,False,False,True,G,573.0,S
3567_01,Earth,False,TRAPPIST-1e,20.0,False,False,False,False,False,False,False,F,739.0,P
3568_01,Earth,False,TRAPPIST-1e,14.0,False,False,False,False,False,False,False,F,740.0,P
3569_01,Mars,True,TRAPPIST-1e,19.0,False,False,False,False,False,False,True,F,741.0,P
3570_01,Earth,False,PSO J318.5-22,15.0,False,False,False,False,False,False,True,G,574.0,S
3572_01,Earth,False,TRAPPIST-1e,25.0,False,False,False,False,False,False,False,G,584.0,P
3573_01,Earth,False,PSO J318.5-22,24.0,False,False,False,False,False,False,False,F,673.0,S
3576_01,Earth,False,TRAPPIST-1e,22.0,False,False,False,False,False,False,True,F,742.0,P
3577_01,Mars,False,TRAPPIST-1e,26.0,False,False,False,False,False,False,False,F,743.0,P
3578_01,Mars,True,55 Cancri e,23.0,False,False,False,False,False,False,True,F,427.0,S
3579_01,Earth,False,PSO J318.5-22,20.0,False,False,False,False,False,False,False,F,675.0,S
3582_01,Earth,False,TRAPPIST-1e,53.0,False,False,False,False,False,False,True,G,585.0,P
3584_01,Earth,False,TRAPPIST-1e,55.0,False,False,False,False,False,False,True,F,676.0,S
3586_01,Earth,False,TRAPPIST-1e,22.0,False,False,False,False,False,False,False,G,586.0,P
3588_01,Mars,False,TRAPPIST-1e,35.0,False,False,False,False,False,False,False,D,120.0,P
3588_02,Mars,False,TRAPPIST-1e,40.0,False,False,False,False,False,False,False,D,120.0,P
3591_01,Earth,False,TRAPPIST-1e,22.0,False,False,False,False,False,False,False,E,214.0,P
3592_01,Mars,False,PSO J318.5-22,22.0,False,False,False,False,False,False,True,D,121.0,P
3592_02,Mars,False,TRAPPIST-1e,21.0,False,False,False,False,False,False,False,E,215.0,P
3594_01,Earth,True,PSO J318.5-22,64.0,False,False,False,False,False,False,True,G,588.0,P
3595_01,Europa,True,TRAPPIST-1e,40.0,False,False,False,False,False,False,True,B,139.0,S
3596_01,Mars,False,TRAPPIST-1e,8.0,False,False,False,False,False,False,True,F,745.0,P
3597_01,Earth,False,TRAPPIST-1e,25.0,False,False,False,False,False,False,False,G,589.0,P
3598_01,Earth,False,55 Cancri e,19.0,False,False,False,False,False,False,False,F,427.0,S
3600_01,Earth,True,TRAPPIST-1e,24.0,False,False,False,False,False,False,True,G,580.0,S
3602_01,Mars,False,TRAPPIST-1e,11.0,False,False,False,False,False,False,True,F,678.0,S
3605_01,Earth,True,55 Cancri e,31.0,False,False,False,False,False,False,True,G,592.0,P
3606_01,Earth,True,TRAPPIST-1e,46.0,False,False,False,False,False,False,False,G,593.0,P
3607_01,Mars,True,TRAPPIST-1e,31.0,False,False,False,False,False,False,True,F,747.0,P
3608_01,Europa,True,55 Cancri e,17.0,False,False,False,False,False,False,True,D,122.0,P
3608_02,Europa,True,TRAPPIST-1e,16.0,False,False,False,False,False,False,True,D,122.0,P
3608_03,Europa,False,TRAPPIST-1e,57.0,False,False,False,False,False,False,True,D,122.0,P
3609_01,Europa,False,55 Cancri e,28.0,False,False,False,False,False,False,False,C,118.0,P
3609_02,Europa,False,TRAPPIST-1e,27.0,False,False,False,False,False,False,False,C,118.0,P
3609_03,Europa,False,55 Cancri e,28.0,False,False,False,False,False,False,True,C,118.0,P
3609_04,Europa,True,55 Cancri e,26.0,False,False,False,False,False,False,True,C,118.0,P
3610_01,Earth,True,TRAPPIST-1e,17.0,False,False,False,False,False,False,True,G,582.0,S
3610_02,Earth,False,TRAPPIST-1e,36.0,False,False,False,False,False,False,True,F,680.0,S
3612_01,Earth,False,TRAPPIST-1e,24.0,False,False,False,False,False,False,True,E,241.0,S
3613_01,Earth,False,TRAPPIST-1e,18.0,False,False,False,False,False,False,True,F,748.0,P
3614_01,Earth,False,TRAPPIST-1e,20.0,False,False,False,False,False,False,False,F,749.0,P
3615_01,Earth,False,55 Cancri e,10.0,False,False,False,False,False,False,False,G,583.0,S
3615_02,Earth,False,TRAPPIST-1e,27.0,False,False,False,False,False,False,True,F,682.0,S
3616_01,Earth,True,55 Cancri e,23.0,False,False,False,False,False,False,True,G,584.0,S
3619_01,Europa,False,TRAPPIST-1e,36.0,False,False,False,False,False,False,False,B,114.0,P
3620_01,Europa,True,55 Cancri e,27.0,False,False,False,False,False,False,True,B,115.0,P
3622_01,Europa,True,55 Cancri e,54.0,False,False,False,False,False,False,True,C,119.0,P
3622_02,Europa,False,55 Cancri e,38.0,False,False,False,False,False,False,False,C,119.0,P
3624_01,Earth,False,TRAPPIST-1e,29.0,False,False,False,False,False,False,False,G,594.0,P
3625_01,Earth,False,TRAPPIST-1e,37.0,False,False,False,False,False,False,True,E,216.0,P
3626_01,Earth,True,TRAPPIST-1e,36.0,False,False,False,False,False,False,True,G,586.0,S
3628_01,Earth,False,55 Cancri e,18.0,False,False,False,False,False,False,False,F,752.0,P
3629_01,Mars,True,TRAPPIST-1e,28.0,False,False,False,False,False,False,True,F,753.0,P
3630_01,Earth,False,PSO J318.5-22,61.0,False,False,False,False,False,False,False,F,754.0,P
3631_01,Earth,False,TRAPPIST-1e,19.0,False,False,False,False,False,False,False,F,755.0,P
3634_01,Earth,False,TRAPPIST-1e,29.0,False,False,False,False,False,False,True,E,242.0,S
3636_01,Mars,False,TRAPPIST-1e,37.0,False,False,False,False,False,False,False,D,123.0,P
3639_01,Europa,False,TRAPPIST-1e,29.0,False,False,False,False,False,False,True,B,140.0,S
3640_01,Earth,False,55 Cancri e,38.0,False,False,False,False,False,False,False,E,244.0,S
3640_02,Earth,True,TRAPPIST-1e,41.0,False,False,False,False,False,False,False,G,589.0,S
3641_01,Earth,True,PSO J318.5-22,23.0,False,False,False,False,False,False,True,G,595.0,P
3641_02,Earth,False,TRAPPIST-1e,48.0,False,False,False,False,False,False,False,G,595.0,P
3641_03,Earth,False,TRAPPIST-1e,0.0,False,False,False,False,False,False,True,F,427.0,S
3642_01,Earth,False,TRAPPIST-1e,46.0,False,False,False,False,False,False,False,F,757.0,P
3644_01,Mars,True,TRAPPIST-1e,36.0,False,False,False,False,False,False,True,F,686.0,S
3645_01,Mars,True,TRAPPIST-1e,42.0,False,False,False,False,False,False,True,D,124.0,P
3645_02,Mars,True,TRAPPIST-1e,27.0,False,False,False,False,False,False,True,D,124.0,P
3645_03,Mars,True,TRAPPIST-1e,16.0,False,False,False,False,False,False,True,D,124.0,P
3645_04,Mars,True,TRAPPIST-1e,43.0,False,False,False,False,False,False,True,D,124.0,P
3645_05,Mars,True,TRAPPIST-1e,40.0,False,False,False,False,False,False,True,D,124.0,P
3647_01,Europa,True,55 Cancri e,22.0,False,False,False,False,False,False,True,C,132.0,S
3648_01,Earth,False,PSO J318.5-22,39.0,False,False,False,False,False,False,False,F,687.0,S
3650_01,Earth,True,TRAPPIST-1e,37.0,False,False,False,False,False,False,True,G,596.0,P
3652_01,Earth,True,TRAPPIST-1e,28.0,False,False,False,False,False,False,False,G,591.0,S
3653_01,Earth,False,TRAPPIST-1e,29.0,False,False,False,False,False,False,False,G,592.0,S
3654_01,Earth,False,55 Cancri e,14.0,False,False,False,False,False,False,False,F,689.0,S
3654_02,Earth,False,TRAPPIST-1e,15.0,False,False,False,False,False,False,False,F,689.0,S
3655_01,Earth,False,TRAPPIST-1e,17.0,False,False,False,False,False,False,False,F,690.0,S
3658_01,Earth,True,TRAPPIST-1e,4.0,False,False,False,False,False,False,True,G,593.0,S
3658_02,Earth,False,TRAPPIST-1e,24.0,False,False,False,False,False,False,True,E,245.0,S
3660_01,Earth,False,TRAPPIST-1e,27.0,False,False,False,False,False,False,False,G,594.0,S
3662_01,Europa,False,55 Cancri e,22.0,False,False,False,False,False,False,True,B,142.0,S
3662_02,Europa,True,55 Cancri e,38.0,False,False,False,False,False,False,True,B,142.0,S
3664_01,Mars,True,TRAPPIST-1e,30.0,False,False,False,False,False,False,True,F,691.0,S
3665_01,Earth,True,55 Cancri e,29.0,False,False,False,False,False,False,True,G,595.0,S
3667_01,Europa,True,55 Cancri e,26.0,False,False,False,False,False,False,True,A,42.0,S
3668_01,Europa,True,55 Cancri e,41.0,False,False,False,False,False,False,True,C,120.0,P
3671_01,Earth,False,TRAPPIST-1e,50.0,False,False,False,False,False,False,False,E,246.0,S
3674_01,Earth,False,55 Cancri e,34.0,False,False,False,False,False,False,True,G,600.0,S
3677_01,Earth,False,PSO J318.5-22,24.0,False,False,False,False,False,False,False,F,694.0,S
3678_01,Earth,False,TRAPPIST-1e,24.0,False,False,False,False,False,False,True,E,247.0,S
3679_01,Europa,False,TRAPPIST-1e,45.0,False,False,False,False,False,False,False,B,116.0,P
3680_01,Europa,False,55 Cancri e,35.0,False,False,False,False,False,False,False,C,121.0,P
3680_02,Europa,True,55 Cancri e,23.0,False,False,False,False,False,False,True,C,121.0,P
3681_01,Europa,True,55 Cancri e,23.0,False,False,False,False,False,False,True,B,144.0,S
3681_02,Europa,False,TRAPPIST-1e,21.0,False,False,False,False,False,False,False,B,144.0,S
3682_01,Mars,True,TRAPPIST-1e,19.0,False,False,False,False,False,False,True,F,761.0,P
3686_01,Earth,False,TRAPPIST-1e,24.0,False,False,False,False,False,False,False,F,696.0,S
3688_01,Mars,False,55 Cancri e,2.0,False,False,False,False,False,False,True,F,697.0,S
3688_02,Mars,False,TRAPPIST-1e,0.0,False,False,False,False,False,False,True,F,697.0,S
3688_03,Mars,True,TRAPPIST-1e,20.0,False,False,False,False,False,False,True,F,697.0,S
3690_01,Earth,False,TRAPPIST-1e,35.0,False,False,False,False,False,False,True,F,762.0,P
3691_01,Mars,False,TRAPPIST-1e,34.0,False,False,False,False,False,False,False,F,763.0,P
3692_01,Earth,False,TRAPPIST-1e,26.0,False,False,False,False,False,False,False,G,598.0,P
3693_01,Earth,True,TRAPPIST-1e,26.0,False,False,False,False,False,False,True,G,603.0,S
3699_01,Europa,True,55 Cancri e,32.0,False,False,False,False,False,False,True,C,123.0,P
3699_02,Europa,False,55 Cancri e,25.0,False,False,False,False,False,False,True,C,123.0,P
3699_03,Europa,True,55 Cancri e,30.0,False,False,False,False,False,False,True,C,123.0,P
3699_04,Europa,False,TRAPPIST-1e,57.0,False,False,False,False,False,False,False,C,123.0,P
3700_01,Earth,False,TRAPPIST-1e,23.0,False,False,False,False,False,False,False,F,767.0,P
3702_01,Mars,True,TRAPPIST-1e,32.0,False,False,False,False,False,False,False,E,220.0,P
3703_01,Earth,True,TRAPPIST-1e,27.0,False,False,False,False,False,False,True,F,768.0,P
3703_02,Mars,False,TRAPPIST-1e,20.0,False,False,False,False,False,False,False,F,768.0,P
3704_01,Earth,False,TRAPPIST-1e,21.0,False,False,False,False,False,False,False,F,699.0,S
3705_01,Earth,False,TRAPPIST-1e,19.0,False,False,False,False,False,False,False,F,769.0,P
3706_01,Mars,False,TRAPPIST-1e,16.0,False,False,False,False,False,False,False,F,770.0,P
3706_02,Mars,False,TRAPPIST-1e,18.0,False,False,False,False,False,False,True,F,770.0,P
3707_01,Earth,False,TRAPPIST-1e,18.0,False,False,False,False,False,False,False,G,604.0,S
3707_02,Earth,False,TRAPPIST-1e,22.0,False,False,False,False,False,False,True,G,604.0,S
3708_01,Earth,True,55 Cancri e,27.0,False,False,False,False,False,False,True,G,600.0,P
3710_01,Earth,False,55 Cancri e,35.0,False,False,False,False,False,False,False,G,601.0,P
3710_02,Earth,False,TRAPPIST-1e,8.0,False,False,False,False,False,False,False,G,601.0,P
3710_03,Earth,True,55 Cancri e,5.0,False,False,False,False,False,False,False,G,601.0,P
3711_01,Mars,True,TRAPPIST-1e,40.0,False,False,False,False,False,False,True,F,700.0,S
3711_02,Mars,False,TRAPPIST-1e,31.0,False,False,False,False,False,False,False,F,700.0,S
3711_03,Mars,True,TRAPPIST-1e,9.0,False,False,False,False,False,False,True,F,700.0,S
3713_01,Europa,True,TRAPPIST-1e,56.0,False,False,False,False,False,False,True,C,133.0,S
3713_02,Europa,True,55 Cancri e,39.0,False,False,False,False,False,False,True,C,133.0,S
3713_03,Europa,True,TRAPPIST-1e,18.0,False,False,False,False,False,False,True,C,133.0,S
3714_01,Mars,False,TRAPPIST-1e,45.0,False,False,False,False,False,False,False,F,702.0,S
3714_02,Mars,False,PSO J318.5-22,33.0,False,False,False,False,False,False,False,D,116.0,S
3715_01,Earth,True,PSO J318.5-22,2.0,False,False,False,False,False,False,False,G,602.0,P
3715_02,Earth,True,TRAPPIST-1e,1.0,False,False,False,False,False,False,False,G,602.0,P
3715_03,Earth,False,TRAPPIST-1e,2.0,False,False,False,False,False,False,True,G,602.0,P
3715_04,Earth,True,TRAPPIST-1e,16.0,False,False,False,False,False,False,False,G,602.0,P
3716_01,Earth,False,TRAPPIST-1e,18.0,False,False,False,False,False,False,True,G,603.0,P
3719_01,Mars,False,TRAPPIST-1e,28.0,True,True,True,True,True,True,False,F,427.0,S
3719_02,Mars,True,TRAPPIST-1e,45.0,False,False,False,False,False,False,True,F,704.0,S
3724_01,Earth,True,TRAPPIST-1e,24.0,False,False,False,False,False,False,True,G,609.0,S
3726_01,Earth,True,TRAPPIST-1e,35.0,False,False,False,False,False,False,True,G,604.0,P
3728_01,Earth,True,PSO J318.5-22,16.0,False,False,False,False,False,False,True,G,612.0,S
3729_01,Earth,True,PSO J318.5-22,40.0,False,False,False,False,False,False,True,G,605.0,P
3732_01,Europa,True,55 Cancri e,5.0,False,False,False,False,False,False,True,A,43.0,S
3732_02,Europa,False,TRAPPIST-1e,29.0,False,False,False,False,False,False,False,A,43.0,S
3732_03,Europa,True,TRAPPIST-1e,31.0,False,False,False,False,False,False,True,A,43.0,S
3732_04,Europa,False,55 Cancri e,27.0,False,False,False,False,False,False,False,A,43.0,S
3733_01,Europa,False,TRAPPIST-1e,34.0,True,True,True,True,True,True,False,D,118.0,S
3734_01,Earth,True,PSO J318.5-22,15.0,False,False,False,False,False,False,True,G,606.0,P
3735_01,Europa,False,TRAPPIST-1e,43.0,False,False,False,False,False,False,True,D,119.0,S
3735_02,Europa,False,55 Cancri e,30.0,False,False,False,False,False,False,False,D,119.0,S
3736_01,Europa,False,TRAPPIST-1e,61.0,False,False,False,False,False,False,True,B,145.0,S
3737_01,Earth,False,TRAPPIST-1e,48.0,False,False,False,False,False,False,False,G,614.0,S
3737_02,Earth,True,55 Cancri e,17.0,False,False,False,False,False,False,True,G,614.0,S
3739_01,Earth,False,TRAPPIST-1e,19.0,False,False,False,False,False,False,False,G,615.0,S
3741_01,Europa,True,TRAPPIST-1e,29.0,False,False,False,False,False,False,True,B,117.0,P
3742_01,Earth,True,55 Cancri e,2.0,False,False,False,False,False,False,False,G,607.0,P
3742_02,Earth,True,TRAPPIST-1e,24.0,False,False,False,False,False,False,True,G,607.0,P
3743_01,Earth,False,TRAPPIST-1e,19.0,False,False,False,False,False,False,False,G,616.0,S
3744_01,Mars,False,PSO J318.5-22,34.0,True,True,True,True,True,True,True,E,249.0,S
3745_01,Earth,False,TRAPPIST-1e,19.0,False,False,False,False,False,False,False,G,608.0,P
3747_01,Europa,False,TRAPPIST-1e,39.0,False,False,False,False,False,False,False,B,118.0,P
3747_02,Europa,True,TRAPPIST-1e,26.0,False,False,False,False,False,False,True,B,118.0,P
3747_03,Europa,False,TRAPPIST-1e,53.0,False,False,False,False,False,False,False,B,118.0,P
3747_04,Europa,True,55 Cancri e,18.0,False,False,False,False,False,False,True,B,118.0,P
3748_01,Mars,True,TRAPPIST-1e,27.0,False,False,False,False,False,False,True,F,774.0,P
3749_01,Europa,True,55 Cancri e,45.0,False,False,False,False,False,False,True,B,119.0,P
3749_02,Europa,True,TRAPPIST-1e,32.0,False,False,False,False,False,False,True,B,119.0,P
3750_01,Earth,False,TRAPPIST-1e,18.0,False,False,False,False,False,False,False,F,775.0,P
3750_02,Earth,False,TRAPPIST-1e,48.0,False,False,False,False,False,False,False,G,610.0,P
3751_01,Earth,False,TRAPPIST-1e,24.0,False,False,False,False,False,False,True,F,427.0,S
3752_01,Europa,False,TRAPPIST-1e,52.0,False,False,False,False,False,False,False,D,120.0,S
3753_01,Earth,False,55 Cancri e,55.0,False,False,False,False,False,False,False,F,776.0,P
3754_01,Earth,True,TRAPPIST-1e,43.0,False,False,False,False,False,False,True,G,611.0,P
3755_01,Earth,True,TRAPPIST-1e,24.0,False,False,False,False,False,False,False,F,427.0,S
3755_02,Earth,True,PSO J318.5-22,8.0,False,False,False,False,False,False,False,G,612.0,P
3756_01,Mars,True,TRAPPIST-1e,18.0,False,False,False,False,False,False,True,F,707.0,S
3757_01,Earth,True,TRAPPIST-1e,38.0,False,False,False,False,False,False,True,G,617.0,S
3758_01,Earth,False,TRAPPIST-1e,18.0,False,False,False,False,False,False,False,G,618.0,S
3758_02,Earth,True,PSO J318.5-22,23.0,False,False,False,False,False,False,True,G,618.0,S
3759_01,Earth,True,TRAPPIST-1e,26.0,False,False,False,False,False,False,True,G,619.0,S
3760_01,Earth,True,PSO J318.5-22,21.0,False,False,False,False,False,False,True,G,613.0,P
3761_01,Earth,False,55 Cancri e,45.0,False,False,False,False,False,False,True,E,222.0,P
3765_01,Mars,True,TRAPPIST-1e,24.0,False,False,False,False,False,False,True,F,709.0,S
3767_01,Europa,False,55 Cancri e,44.0,False,False,False,False,False,False,False,B,146.0,S
3768_01,Earth,False,TRAPPIST-1e,20.0,False,False,False,False,False,False,True,F,710.0,S
3769_01,Mars,False,TRAPPIST-1e,47.0,False,False,False,False,False,False,False,E,251.0,S
3770_01,Earth,True,TRAPPIST-1e,16.0,False,False,False,False,False,False,True,G,615.0,P
3771_01,Europa,False,TRAPPIST-1e,28.0,False,False,False,False,False,False,False,B,120.0,P
3772_01,Earth,False,55 Cancri e,8.0,False,False,False,False,False,False,True,G,616.0,P
3772_02,Earth,False,TRAPPIST-1e,20.0,False,False,False,False,False,False,True,F,777.0,P
3773_01,Earth,False,PSO J318.5-22,22.0,False,False,False,False,False,False,True,F,711.0,S
3773_02,Earth,False,TRAPPIST-1e,42.0,False,False,False,False,False,False,True,F,711.0,S
3773_03,Earth,False,PSO J318.5-22,23.0,False,False,False,False,False,False,True,F,711.0,S
3774_01,Earth,False,TRAPPIST-1e,30.0,False,False,False,False,False,False,False,F,778.0,P
3774_02,Earth,True,TRAPPIST-1e,18.0,False,False,False,False,False,False,False,G,617.0,P
3774_03,Earth,False,TRAPPIST-1e,35.0,False,False,False,False,False,False,False,F,778.0,P
3775_01,Mars,True,TRAPPIST-1e,42.0,False,False,False,False,False,False,True,F,712.0,S
3775_02,Mars,True,TRAPPIST-1e,46.0,False,False,False,False,False,False,True,F,712.0,S
3776_01,Europa,False,TRAPPIST-1e,29.0,False,False,False,False,False,False,True,C,134.0,S
3777_01,Europa,True,55 Cancri e,35.0,False,False,False,False,False,False,True,B,147.0,S
3778_01,Earth,False,TRAPPIST-1e,48.0,False,False,False,False,False,False,True,F,713.0,S
3779_01,Earth,False,TRAPPIST-1e,24.0,False,False,False,False,False,False,True,F,714.0,S
3781_01,Europa,False,TRAPPIST-1e,38.0,False,False,False,False,False,False,False,A,44.0,S
3783_01,Earth,False,55 Cancri e,51.0,False,False,False,False,False,False,False,F,780.0,P
3784_01,Earth,False,TRAPPIST-1e,77.0,False,False,False,False,False,False,False,G,618.0,P
3785_01,Earth,True,TRAPPIST-1e,22.0,False,False,False,False,False,False,False,G,619.0,P
3786_01,Mars,False,TRAPPIST-1e,38.0,True,True,True,True,True,True,False,E,252.0,S
3786_02,Mars,False,TRAPPIST-1e,42.0,False,False,False,False,False,False,False,D,121.0,S
3787_01,Mars,True,TRAPPIST-1e,55.0,False,False,False,False,False,False,True,F,716.0,S
3787_02,Mars,False,TRAPPIST-1e,7.0,False,False,False,False,False,False,True,F,716.0,S
3787_03,Mars,False,TRAPPIST-1e,27.0,False,False,False,False,False,False,True,D,122.0,S
3788_01,Mars,False,TRAPPIST-1e,25.0,False,False,False,False,False,False,False,D,127.0,P
3789_01,Earth,True,TRAPPIST-1e,15.0,False,False,False,False,False,False,True,G,620.0,S
3790_01,Earth,True,TRAPPIST-1e,13.0,False,False,False,False,False,False,True,G,620.0,P
3793_01,Earth,True,55 Cancri e,23.0,False,False,False,False,False,False,True,G,622.0,S
3795_01,Europa,True,55 Cancri e,27.0,False,False,False,False,False,False,True,C,136.0,S
3796_01,Europa,False,55 Cancri e,33.0,False,False,False,False,False,False,True,B,121.0,P
3797_01,Europa,False,TRAPPIST-1e,26.0,False,False,False,False,False,False,False,B,122.0,P
3798_01,Europa,True,TRAPPIST-1e,67.0,False,False,False,False,False,False,True,E,253.0,S
3801_01,Earth,False,55 Cancri e,27.0,False,False,False,False,False,False,False,G,622.0,P
3803_01,Mars,False,TRAPPIST-1e,33.0,False,False,False,False,False,False,False,F,782.0,P
3804_01,Earth,False,TRAPPIST-1e,18.0,False,False,False,False,False,False,False,F,783.0,P
3805_01,Earth,False,TRAPPIST-1e,36.0,False,False,False,False,False,False,False,F,784.0,P
3807_01,Earth,True,TRAPPIST-1e,18.0,False,False,False,False,False,False,True,G,623.0,S
3810_01,Earth,False,TRAPPIST-1e,51.0,False,False,False,False,False,False,False,G,624.0,S
3811_01,Mars,True,TRAPPIST-1e,54.0,False,False,False,False,False,False,True,F,786.0,P
3811_02,Mars,False,TRAPPIST-1e,33.0,False,False,False,False,False,False,False,D,128.0,P
3812_01,Earth,False,TRAPPIST-1e,18.0,False,False,False,False,False,False,False,F,717.0,S
3814_01,Europa,True,TRAPPIST-1e,57.0,False,False,False,False,False,False,True,D,129.0,P
3815_01,Earth,False,TRAPPIST-1e,23.0,False,False,False,False,False,False,False,F,787.0,P
3816_01,Earth,False,TRAPPIST-1e,24.0,False,False,False,False,False,False,False,E,225.0,P
3817_01,Mars,False,TRAPPIST-1e,20.0,False,False,False,False,False,False,False,E,226.0,P
3818_01,Earth,False,TRAPPIST-1e,32.0,False,False,False,False,False,False,False,F,427.0,S
3820_01,Mars,True,TRAPPIST-1e,21.0,False,False,False,False,False,False,True,F,790.0,P
3821_01,Earth,False,PSO J318.5-22,27.0,False,False,False,False,False,False,False,F,427.0,S
3822_01,Earth,False,PSO J318.5-22,41.0,False,False,False,False,False,False,False,F,718.0,S
3823_01,Mars,False,TRAPPIST-1e,27.0,False,False,False,False,False,False,True,F,719.0,S
3824_01,Earth,False,PSO J318.5-22,49.0,False,False,False,False,False,False,True,G,625.0,S
3826_01,Earth,False,TRAPPIST-1e,18.0,False,False,False,False,False,False,False,G,626.0,S
3830_01,Earth,False,55 Cancri e,34.0,False,False,False,False,False,False,False,G,627.0,S
3831_01,Mars,False,TRAPPIST-1e,73.0,False,False,False,False,False,False,False,D,123.0,S
3832_01,Earth,False,TRAPPIST-1e,40.0,False,False,False,False,False,False,False,G,627.0,P
3835_01,Earth,False,PSO J318.5-22,63.0,False,False,False,False,False,False,False,E,255.0,S
3836_01,Mars,False,TRAPPIST-1e,21.0,False,False,False,False,False,False,True,F,723.0,S
3838_01,Earth,False,TRAPPIST-1e,21.0,False,False,False,False,False,False,True,E,227.0,P
3839_01,Mars,False,TRAPPIST-1e,23.0,False,False,False,False,False,False,False,E,228.0,P
3841_01,Mars,False,TRAPPIST-1e,31.0,False,False,False,False,False,False,False,F,793.0,P
3842_01,Earth,False,55 Cancri e,41.0,False,False,False,False,False,False,False,F,794.0,P
3846_01,Earth,True,TRAPPIST-1e,15.0,False,False,False,False,False,False,True,G,630.0,P
3847_01,Europa,False,TRAPPIST-1e,36.0,False,False,False,False,False,False,False,C,126.0,P
3848_01,Earth,False,TRAPPIST-1e,24.0,False,False,False,False,False,False,False,F,795.0,P
3849_01,Earth,False,TRAPPIST-1e,27.0,False,False,False,False,False,False,False,G,631.0,P
3850_01,Europa,False,55 Cancri e,24.0,False,False,False,False,False,False,False,C,137.0,S
3850_02,Europa,True,55 Cancri e,19.0,False,False,False,False,False,False,True,C,137.0,S
3850_03,Europa,False,TRAPPIST-1e,25.0,False,False,False,False,False,False,True,C,137.0,S
3850_04,Europa,True,55 Cancri e,39.0,False,False,False,False,False,False,True,C,137.0,S
3850_05,Europa,True,TRAPPIST-1e,15.0,False,False,False,False,False,False,True,C,137.0,S
3850_06,Europa,False,TRAPPIST-1e,31.0,False,False,False,False,False,False,True,C,137.0,S
3850_07,Europa,True,55 Cancri e,25.0,False,False,False,False,False,False,True,C,137.0,S
3851_01,Europa,False,TRAPPIST-1e,57.0,False,False,False,False,False,False,False,C,127.0,P
3852_01,Mars,True,TRAPPIST-1e,27.0,False,False,False,False,False,False,True,F,796.0,P
3853_01,Earth,False,PSO J318.5-22,18.0,False,False,False,False,False,False,True,F,725.0,S
3854_01,Earth,True,TRAPPIST-1e,33.0,False,False,False,False,False,False,True,G,632.0,P
3856_01,Earth,False,TRAPPIST-1e,23.0,False,False,False,False,False,False,True,F,726.0,S
3857_01,Europa,True,55 Cancri e,34.0,False,False,False,False,False,False,True,E,230.0,P
3862_01,Mars,True,55 Cancri e,38.0,False,False,False,False,False,False,True,F,729.0,S
3862_02,Mars,False,TRAPPIST-1e,21.0,False,False,False,False,False,False,True,E,256.0,S
3862_03,Mars,True,TRAPPIST-1e,31.0,False,False,False,False,False,False,False,E,256.0,S
3862_04,Mars,False,TRAPPIST-1e,13.0,False,False,False,False,False,False,False,D,124.0,S
3862_05,Mars,False,TRAPPIST-1e,54.0,False,False,False,False,False,False,True,F,729.0,S
3862_06,Mars,False,TRAPPIST-1e,13.0,False,False,False,False,False,False,False,F,729.0,S
3862_07,Mars,False,TRAPPIST-1e,18.0,False,False,False,False,False,False,False,D,124.0,S
3864_01,Europa,True,TRAPPIST-1e,27.0,False,False,False,False,False,False,True,D,125.0,S
3866_01,Earth,False,TRAPPIST-1e,43.0,False,False,False,False,False,False,False,F,797.0,P
3867_01,Earth,False,TRAPPIST-1e,56.0,False,False,False,False,False,False,True,F,798.0,P
3868_01,Earth,False,TRAPPIST-1e,63.0,False,False,False,False,False,False,False,F,731.0,S
3868_02,Earth,False,TRAPPIST-1e,9.0,False,False,False,False,False,False,True,G,630.0,S
3868_03,Earth,False,TRAPPIST-1e,9.0,False,False,False,False,False,False,False,G,630.0,S
3868_04,Earth,False,TRAPPIST-1e,0.0,False,False,False,False,False,False,True,G,630.0,S
3868_05,Earth,False,55 Cancri e,16.0,False,False,False,False,False,False,True,F,731.0,S
3868_06,Earth,True,TRAPPIST-1e,42.0,False,False,False,False,False,False,True,G,630.0,S
3868_07,Earth,True,TRAPPIST-1e,9.0,False,False,False,False,False,False,False,G,630.0,S
3870_01,Europa,True,55 Cancri e,22.0,False,False,False,False,False,False,True,B,148.0,S
3871_01,Europa,True,55 Cancri e,47.0,False,False,False,False,False,False,True,B,149.0,S
3872_01,Mars,True,TRAPPIST-1e,30.0,False,False,False,False,False,False,True,F,799.0,P
3873_01,Earth,False,TRAPPIST-1e,29.0,False,False,False,False,False,False,False,F,800.0,P
3874_01,Earth,False,TRAPPIST-1e,27.0,False,False,False,False,False,False,False,G,631.0,S
3874_02,Earth,False,TRAPPIST-1e,22.0,False,False,False,False,False,False,True,E,258.0,S
3875_01,Earth,False,TRAPPIST-1e,19.0,False,False,False,False,False,False,False,E,232.0,P
3879_01,Mars,False,55 Cancri e,31.0,False,False,False,False,False,False,False,F,801.0,P
3883_01,Europa,True,55 Cancri e,17.0,False,False,False,False,False,False,True,B,150.0,S
3883_02,Europa,False,TRAPPIST-1e,38.0,False,False,False,False,False,False,False,B,150.0,S
3883_03,Europa,True,55 Cancri e,13.0,False,False,False,False,False,False,True,B,150.0,S
3886_01,Earth,True,PSO J318.5-22,36.0,False,False,False,False,False,False,True,G,633.0,P
3888_01,Earth,False,TRAPPIST-1e,0.0,False,False,False,False,False,False,True,G,633.0,S
3890_01,Earth,True,TRAPPIST-1e,21.0,False,False,False,False,False,False,True,G,634.0,S
3894_01,Earth,False,PSO J318.5-22,18.0,False,False,False,False,False,False,True,F,735.0,S
3895_01,Mars,True,TRAPPIST-1e,36.0,False,False,False,False,False,False,False,E,233.0,P
3895_02,Mars,False,TRAPPIST-1e,27.0,False,False,False,False,False,False,False,E,233.0,P
3895_03,Mars,False,TRAPPIST-1e,5.0,False,False,False,False,False,False,True,E,233.0,P
3896_01,Earth,False,55 Cancri e,18.0,False,False,False,False,False,False,True,C,140.0,S
3897_01,Earth,True,TRAPPIST-1e,25.0,False,False,False,False,False,False,False,G,635.0,P
3898_01,Earth,True,TRAPPIST-1e,14.0,False,False,False,False,False,False,True,G,636.0,S
3899_01,Europa,True,TRAPPIST-1e,23.0,False,False,False,False,False,False,True,E,234.0,P
3903_01,Earth,False,55 Cancri e,2.0,False,False,False,False,False,False,False,G,636.0,P
3903_02,Earth,True,TRAPPIST-1e,1.0,False,False,False,False,False,False,False,G,636.0,P
3903_03,Earth,True,55 Cancri e,7.0,False,False,False,False,False,False,True,G,636.0,P
3903_04,Earth,False,PSO J318.5-22,6.0,False,False,False,False,False,False,False,G,636.0,P
3903_05,Earth,False,TRAPPIST-1e,56.0,False,False,False,False,False,False,False,F,804.0,P
3903_06,Earth,True,55 Cancri e,4.0,False,False,False,False,False,False,True,G,636.0,P
3904_01,Earth,False,TRAPPIST-1e,65.0,False,False,False,False,False,False,False,G,637.0,S
3907_01,Earth,True,TRAPPIST-1e,36.0,False,False,False,False,False,False,True,G,639.0,S
3909_01,Europa,True,TRAPPIST-1e,25.0,False,False,False,False,False,False,True,C,141.0,S
3911_01,Earth,False,TRAPPIST-1e,41.0,False,False,False,False,False,False,False,F,736.0,S
3911_02,Earth,False,TRAPPIST-1e,20.0,False,False,False,False,False,False,True,E,260.0,S
3911_03,Earth,True,PSO J318.5-22,18.0,False,False,False,False,False,False,True,G,640.0,S
3912_01,Earth,False,TRAPPIST-1e,15.0,False,False,False,False,False,False,True,F,737.0,S
3913_01,Earth,False,TRAPPIST-1e,23.0,False,False,False,False,False,False,False,F,738.0,S
3913_02,Earth,False,PSO J318.5-22,29.0,False,False,False,False,False,False,False,F,738.0,S
3915_01,Earth,True,TRAPPIST-1e,33.0,False,False,False,False,False,False,True,G,641.0,S
3916_01,Europa,False,TRAPPIST-1e,14.0,False,False,False,False,False,False,False,D,128.0,S
3916_02,Europa,True,55 Cancri e,55.0,False,False,False,False,False,False,True,D,128.0,S
3917_01,Europa,False,TRAPPIST-1e,30.0,False,False,False,False,False,False,False,B,124.0,P
3919_01,Earth,False,TRAPPIST-1e,21.0,False,False,False,False,False,False,False,F,806.0,P
3921_01,Earth,False,TRAPPIST-1e,26.0,False,False,False,False,False,False,True,E,262.0,S
3922_01,Earth,True,PSO J318.5-22,33.0,False,False,False,False,False,False,True,G,641.0,P
3923_01,Earth,False,TRAPPIST-1e,18.0,False,False,False,False,False,False,False,F,808.0,P
3923_02,Earth,True,TRAPPIST-1e,9.0,False,False,False,False,False,False,True,G,642.0,P
3923_03,Earth,True,55 Cancri e,0.0,False,False,False,False,False,False,True,G,642.0,P
3924_01,Earth,False,55 Cancri e,19.0,False,False,False,False,False,False,True,E,263.0,S
3926_01,Earth,False,TRAPPIST-1e,18.0,False,False,False,False,False,False,False,F,810.0,P
3927_01,Europa,False,55 Cancri e,38.0,False,False,False,False,False,False,False,C,142.0,S
3927_02,Europa,False,55 Cancri e,42.0,False,False,False,False,False,False,True,C,142.0,S
3928_01,Europa,False,TRAPPIST-1e,28.0,False,False,False,False,False,False,False,E,264.0,S
3928_02,Europa,True,55 Cancri e,37.0,False,False,False,False,False,False,True,E,264.0,S
3930_01,Earth,False,55 Cancri e,29.0,False,False,False,False,False,False,False,F,740.0,S
3931_01,Earth,False,55 Cancri e,42.0,False,False,False,False,False,False,False,F,811.0,P
3932_01,Mars,False,TRAPPIST-1e,18.0,False,False,False,False,False,False,True,E,265.0,S
3932_02,Mars,False,55 Cancri e,34.0,False,False,False,False,False,False,True,D,129.0,S
3933_01,Earth,True,55 Cancri e,34.0,False,False,False,False,False,False,True,G,642.0,S
3935_01,Earth,True,PSO J318.5-22,18.0,False,False,False,False,False,False,False,G,643.0,S
3936_01,Earth,False,TRAPPIST-1e,24.0,False,False,False,False,False,False,False,G,644.0,S
3937_01,Earth,False,TRAPPIST-1e,24.0,False,False,False,False,False,False,True,F,742.0,S
3938_01,Mars,True,TRAPPIST-1e,56.0,False,False,False,False,False,False,True,F,743.0,S
3938_02,Mars,True,TRAPPIST-1e,2.0,False,False,False,False,False,False,True,F,743.0,S
3938_03,Mars,True,TRAPPIST-1e,12.0,False,False,False,False,False,False,True,F,743.0,S
3939_01,Earth,False,TRAPPIST-1e,37.0,False,False,False,False,False,False,False,E,237.0,P
3940_01,Mars,False,TRAPPIST-1e,60.0,True,True,True,True,True,True,False,D,132.0,P
3941_01,Earth,True,TRAPPIST-1e,55.0,False,False,False,False,False,False,False,G,643.0,P
3942_01,Earth,True,PSO J318.5-22,20.0,False,False,False,False,False,False,False,G,645.0,S
3944_01,Mars,False,TRAPPIST-1e,28.0,False,False,False,False,False,False,False,F,745.0,S
3945_01,Earth,True,TRAPPIST-1e,28.0,False,False,False,False,False,False,False,G,644.0,P
3946_01,Mars,False,TRAPPIST-1e,37.0,False,False,False,False,False,False,False,F,812.0,P
3948_01,Earth,False,TRAPPIST-1e,18.0,False,False,False,False,False,False,False,F,814.0,P
3949_01,Earth,False,TRAPPIST-1e,14.0,False,False,False,False,False,False,False,E,238.0,P
3950_01,Europa,False,TRAPPIST-1e,29.0,False,False,False,False,False,False,True,C,143.0,S
3952_01,Earth,False,TRAPPIST-1e,51.0,False,False,False,False,False,False,False,F,746.0,S
3954_01,Earth,True,TRAPPIST-1e,45.0,False,False,False,False,False,False,False,G,647.0,S
3955_01,Earth,True,TRAPPIST-1e,45.0,False,False,False,False,False,False,True,G,648.0,S
3958_01,Mars,False,TRAPPIST-1e,41.0,False,False,False,False,False,False,False,F,747.0,S
3959_01,Earth,False,TRAPPIST-1e,21.0,False,False,False,False,False,False,False,G,646.0,P
3959_02,Earth,False,TRAPPIST-1e,28.0,False,False,False,False,False,False,False,F,817.0,P
3959_03,Earth,True,55 Cancri e,0.0,False,False,False,False,False,False,True,G,646.0,P
3960_01,Earth,False,TRAPPIST-1e,46.0,False,False,False,False,False,False,False,F,748.0,S
3961_01,Mars,True,TRAPPIST-1e,41.0,False,False,False,False,False,False,True,F,749.0,S
3962_01,Earth,False,55 Cancri e,13.0,False,False,False,False,False,False,True,G,647.0,P
3962_02,Earth,False,PSO J318.5-22,55.0,False,False,False,False,False,False,False,E,239.0,P
3963_01,Earth,False,PSO J318.5-22,20.0,False,False,False,False,False,False,True,G,648.0,P
3964_01,Earth,True,TRAPPIST-1e,21.0,False,False,False,False,False,False,True,G,650.0,S
3966_01,Earth,False,TRAPPIST-1e,49.0,False,False,False,False,False,False,False,F,818.0,P
3966_02,Earth,False,TRAPPIST-1e,27.0,False,False,False,False,False,False,True,G,649.0,P
3966_03,Earth,False,TRAPPIST-1e,0.0,False,False,False,False,False,False,True,G,649.0,P
3967_01,Mars,False,TRAPPIST-1e,22.0,False,False,False,False,False,False,False,F,819.0,P
3968_01,Earth,True,TRAPPIST-1e,17.0,False,False,False,False,False,False,False,G,650.0,P
3970_01,Mars,False,TRAPPIST-1e,23.0,False,False,False,False,False,False,True,F,751.0,S
3971_01,Earth,False,TRAPPIST-1e,44.0,False,False,False,False,False,False,False,G,651.0,P
3973_01,Europa,True,TRAPPIST-1e,29.0,False,False,False,False,False,False,True,E,240.0,P
3974_01,Earth,False,TRAPPIST-1e,19.0,False,False,False,False,False,False,True,F,752.0,S
3974_02,Earth,True,TRAPPIST-1e,3.0,False,False,False,False,False,False,True,G,652.0,S
3976_01,Europa,False,TRAPPIST-1e,29.0,False,False,False,False,False,False,True,F,427.0,S
3977_01,Earth,False,TRAPPIST-1e,19.0,False,False,False,False,False,False,True,E,241.0,P
3980_01,Earth,True,TRAPPIST-1e,22.0,False,False,False,False,False,False,True,G,653.0,P
3981_01,Earth,False,PSO J318.5-22,33.0,False,False,False,False,False,False,False,F,427.0,S
3984_01,Earth,True,PSO J318.5-22,27.0,False,False,False,False,False,False,True,G,654.0,S
3985_01,Earth,False,TRAPPIST-1e,50.0,False,False,False,False,False,False,False,G,654.0,P
3986_01,Mars,False,TRAPPIST-1e,54.0,False,False,False,False,False,False,False,F,755.0,S
3986_02,Mars,False,TRAPPIST-1e,43.0,False,False,False,False,False,False,False,F,755.0,S
3987_01,Earth,False,TRAPPIST-1e,17.0,False,False,False,False,False,False,True,F,822.0,P
3988_01,Mars,False,TRAPPIST-1e,26.0,False,False,False,False,False,False,False,D,134.0,P
3991_01,Earth,False,TRAPPIST-1e,44.0,False,False,False,False,False,False,False,F,823.0,P
3992_01,Earth,False,PSO J318.5-22,51.0,False,False,False,False,False,False,False,F,756.0,S
3994_01,Europa,True,TRAPPIST-1e,29.0,False,False,False,False,False,False,True,B,152.0,S
3995_01,Earth,False,TRAPPIST-1e,4.0,False,False,False,False,False,False,False,G,655.0,P
3995_02,Earth,False,PSO J318.5-22,40.0,False,False,False,False,False,False,False,F,825.0,P
3995_03,Earth,False,55 Cancri e,27.0,False,False,False,False,False,False,False,G,655.0,P
3995_04,Earth,False,TRAPPIST-1e,8.0,False,False,False,False,False,False,False,G,655.0,P
3995_05,Earth,False,TRAPPIST-1e,3.0,False,False,False,False,False,False,False,G,655.0,P
3995_06,Earth,False,55 Cancri e,11.0,False,False,False,False,False,False,True,G,655.0,P
3996_01,Earth,False,PSO J318.5-22,24.0,False,False,False,False,False,False,True,F,826.0,P
3997_01,Earth,False,55 Cancri e,25.0,False,False,False,False,False,False,False,G,657.0,S
3998_01,Europa,False,55 Cancri e,28.0,False,False,False,False,False,False,True,C,129.0,P
3999_01,Earth,False,TRAPPIST-1e,25.0,False,False,False,False,False,False,False,G,656.0,P
4000_01,Earth,True,TRAPPIST-1e,27.0,False,False,False,False,False,False,True,G,658.0,S
4000_02,Earth,False,TRAPPIST-1e,25.0,False,False,False,False,False,False,False,F,757.0,S
4000_03,Earth,True,TRAPPIST-1e,0.0,False,False,False,False,False,False,True,G,658.0,S
4001_01,Earth,False,TRAPPIST-1e,58.0,False,False,False,False,False,False,True,F,758.0,S
4001_02,Earth,True,TRAPPIST-1e,3.0,False,False,False,False,False,False,True,G,659.0,S
4001_03,Earth,True,PSO J318.5-22,4.0,False,False,False,False,False,False,True,G,659.0,S
4001_04,Earth,True,55 Cancri e,2.0,False,False,False,False,False,False,False,G,659.0,S
4001_05,Earth,False,TRAPPIST-1e,34.0,False,False,False,False,False,False,True,F,758.0,S
4001_06,Earth,False,55 Cancri e,5.0,False,False,False,False,False,False,True,G,659.0,S
4001_07,Earth,False,TRAPPIST-1e,3.0,False,False,False,False,False,False,False,G,659.0,S
4002_01,Mars,True,TRAPPIST-1e,46.0,False,False,False,False,False,False,False,E,242.0,P
4003_01,Earth,False,TRAPPIST-1e,22.0,False,False,False,False,False,False,True,F,827.0,P
4005_01,Earth,False,TRAPPIST-1e,8.0,False,False,False,False,False,False,True,G,657.0,P
4005_02,Earth,False,TRAPPIST-1e,17.0,False,False,False,False,False,False,True,G,657.0,P
4005_03,Earth,False,TRAPPIST-1e,4.0,False,False,False,False,False,False,False,G,657.0,P
4005_04,Earth,True,TRAPPIST-1e,12.0,False,False,False,False,False,False,False,F,427.0,S
4005_05,Earth,True,PSO J318.5-22,40.0,False,False,False,False,False,False,True,G,657.0,P
4005_06,Earth,False,PSO J318.5-22,16.0,False,False,False,False,False,False,True,F,829.0,P
4005_07,Earth,True,TRAPPIST-1e,41.0,False,False,False,False,False,False,True,G,657.0,P
4005_08,Earth,True,TRAPPIST-1e,8.0,False,False,False,False,False,False,False,G,657.0,P
4006_01,Earth,True,55 Cancri e,14.0,False,False,False,False,False,False,True,G,660.0,S
4006_02,Earth,True,TRAPPIST-1e,2.0,False,False,False,False,False,False,True,G,660.0,S
4006_03,Earth,False,PSO J318.5-22,59.0,False,False,False,False,False,False,True,F,759.0,S
4006_04,Earth,False,TRAPPIST-1e,45.0,False,False,False,False,False,False,False,G,660.0,S
4006_05,Earth,False,55 Cancri e,52.0,False,False,False,False,False,False,True,F,759.0,S
4008_01,Mars,True,TRAPPIST-1e,33.0,False,False,False,False,False,False,True,F,760.0,S
4009_01,Earth,False,55 Cancri e,51.0,False,False,False,False,False,False,True,F,427.0,S
4010_01,Earth,True,TRAPPIST-1e,38.0,False,False,False,False,False,False,False,G,658.0,P
4013_01,Mars,False,TRAPPIST-1e,14.0,False,False,False,False,False,False,False,E,243.0,P
4014_01,Europa,False,TRAPPIST-1e,42.0,False,False,False,False,False,False,False,B,125.0,P
4014_02,Europa,False,55 Cancri e,28.0,False,False,False,False,False,False,False,B,125.0,P
4016_01,Earth,False,55 Cancri e,34.0,False,False,False,False,False,False,False,E,268.0,S
4017_01,Mars,False,TRAPPIST-1e,21.0,False,False,False,False,False,False,False,E,269.0,S
4017_02,Mars,True,TRAPPIST-1e,30.0,False,False,False,False,False,False,True,F,761.0,S
4017_03,Mars,True,TRAPPIST-1e,27.0,False,False,False,False,False,False,True,F,761.0,S
4017_04,Mars,True,TRAPPIST-1e,26.0,False,False,False,False,False,False,False,E,269.0,S
4017_05,Mars,False,TRAPPIST-1e,23.0,False,False,False,False,False,False,False,F,761.0,S
4018_01,Earth,False,TRAPPIST-1e,20.0,False,False,False,False,False,False,False,F,762.0,S
4019_01,Earth,False,55 Cancri e,59.0,False,False,False,False,False,False,True,E,245.0,P
4020_01,Europa,False,55 Cancri e,37.0,False,False,False,False,False,False,False,B,126.0,P
4021_01,Mars,False,TRAPPIST-1e,32.0,False,False,False,False,False,False,False,F,832.0,P
4022_01,Earth,False,PSO J318.5-22,37.0,False,False,False,False,False,False,False,F,833.0,P
4023_01,Earth,False,TRAPPIST-1e,27.0,False,False,False,False,False,False,False,E,246.0,P
4026_01,Europa,True,55 Cancri e,42.0,False,False,False,False,False,False,True,B,154.0,S
4027_01,Earth,True,PSO J318.5-22,29.0,False,False,False,False,False,False,True,G,659.0,P
4030_01,Earth,False,TRAPPIST-1e,2.0,False,False,False,False,False,False,True,G,661.0,S
4030_02,Earth,True,TRAPPIST-1e,10.0,False,False,False,False,False,False,False,F,427.0,S
4030_03,Earth,False,TRAPPIST-1e,0.0,False,False,False,False,False,False,False,G,661.0,S
4030_04,Earth,True,TRAPPIST-1e,21.0,False,False,False,False,False,False,False,G,661.0,S
4030_05,Earth,False,TRAPPIST-1e,8.0,False,False,False,False,False,False,False,G,661.0,S
4031_01,Europa,True,55 Cancri e,27.0,False,False,False,False,False,False,True,C,131.0,P
4031_02,Europa,True,TRAPPIST-1e,27.0,False,False,False,False,False,False,True,C,131.0,P
4032_01,Earth,False,PSO J318.5-22,13.0,False,False,False,False,False,False,True,G,661.0,P
4033_01,Europa,False,55 Cancri e,49.0,False,False,False,False,False,False,True,C,144.0,S
4034_01,Mars,True,TRAPPIST-1e,38.0,False,False,False,False,False,False,False,E,247.0,P
4035_01,Earth,True,55 Cancri e,21.0,False,False,False,False,False,False,True,G,662.0,P
4036_01,Earth,False,TRAPPIST-1e,22.0,False,False,False,False,False,False,False,G,662.0,S
4037_01,Earth,True,PSO J318.5-22,14.0,False,False,False,False,False,False,True,G,663.0,S
4038_01,Earth,True,PSO J318.5-22,24.0,False,False,False,False,False,False,False,G,664.0,S
4039_01,Earth,False,TRAPPIST-1e,24.0,False,False,False,False,False,False,False,F,764.0,S
4040_01,Earth,True,TRAPPIST-1e,34.0,False,False,False,False,False,False,False,G,663.0,P
4042_01,Europa,False,TRAPPIST-1e,1.0,False,False,False,False,False,False,True,A,46.0,S
4042_02,Europa,True,55 Cancri e,27.0,False,False,False,False,False,False,True,A,46.0,S
4042_03,Europa,True,55 Cancri e,26.0,False,False,False,False,False,False,True,A,46.0,S
4043_01,Earth,False,TRAPPIST-1e,27.0,False,False,False,False,False,False,False,E,248.0,P
4044_01,Mars,False,TRAPPIST-1e,32.0,False,False,False,False,False,False,False,F,765.0,S
4044_02,Mars,False,TRAPPIST-1e,2.0,False,False,False,False,False,False,True,F,765.0,S
4044_03,Mars,True,TRAPPIST-1e,10.0,False,False,False,False,False,False,True,F,765.0,S
4045_01,Mars,False,TRAPPIST-1e,49.0,False,False,False,False,False,False,False,D,135.0,P
4046_01,Earth,True,PSO J318.5-22,14.0,False,False,False,False,False,False,True,G,664.0,P
4047_01,Earth,True,TRAPPIST-1e,29.0,False,False,False,False,False,False,True,G,666.0,S
4049_01,Europa,True,55 Cancri e,25.0,False,False,False,False,False,False,False,A,47.0,S
4050_01,Europa,False,55 Cancri e,36.0,False,False,False,False,False,False,False,A,35.0,P
4053_01,Earth,True,TRAPPIST-1e,22.0,False,False,False,False,False,False,True,G,668.0,S
4055_01,Earth,False,TRAPPIST-1e,21.0,False,False,False,False,False,False,False,F,836.0,P
4058_01,Earth,False,TRAPPIST-1e,36.0,False,False,False,False,False,False,False,G,669.0,S
4060_01,Earth,False,TRAPPIST-1e,54.0,False,False,False,False,False,False,False,F,838.0,P
4061_01,Mars,False,TRAPPIST-1e,30.0,False,False,False,False,False,False,False,D,130.0,S
4061_02,Mars,True,TRAPPIST-1e,0.0,False,False,False,False,False,False,True,F,766.0,S
4061_03,Mars,True,TRAPPIST-1e,1.0,False,False,False,False,False,False,True,F,766.0,S
4063_01,Earth,True,TRAPPIST-1e,42.0,False,False,False,False,False,False,True,G,670.0,S
4064_01,Earth,False,TRAPPIST-1e,47.0,False,False,False,False,False,False,True,F,767.0,S
4065_01,Earth,False,TRAPPIST-1e,25.0,False,False,False,False,False,False,False,G,665.0,P
4066_01,Europa,False,55 Cancri e,18.0,False,False,False,False,False,False,False,B,155.0,S
4066_02,Europa,True,TRAPPIST-1e,22.0,False,False,False,False,False,False,True,B,155.0,S
4068_01,Europa,False,TRAPPIST-1e,27.0,False,False,False,False,False,False,False,D,131.0,S
4069_01,Earth,False,55 Cancri e,24.0,False,False,False,False,False,False,True,F,768.0,S
4071_01,Europa,True,TRAPPIST-1e,27.0,False,False,False,False,False,False,True,B,127.0,P
4071_02,Europa,True,55 Cancri e,22.0,False,False,False,False,False,False,True,B,127.0,P
4072_01,Earth,True,TRAPPIST-1e,60.0,False,False,False,False,False,False,True,G,671.0,S
4075_01,Europa,False,TRAPPIST-1e,38.0,False,False,False,False,False,False,False,C,145.0,S
4076_01,Earth,False,TRAPPIST-1e,23.0,False,False,False,False,False,False,False,E,250.0,P
4078_01,Earth,True,TRAPPIST-1e,21.0,False,False,False,False,False,False,False,G,667.0,P
4079_01,Mars,False,55 Cancri e,55.0,False,False,False,False,False,False,False,F,771.0,S
4080_01,Earth,False,55 Cancri e,20.0,False,False,False,False,False,False,False,F,839.0,P
4081_01,Earth,False,55 Cancri e,50.0,False,False,False,False,False,False,False,G,668.0,P
4082_01,Mars,False,TRAPPIST-1e,22.0,False,False,False,False,False,False,False,E,252.0,P
4083_01,Europa,False,TRAPPIST-1e,21.0,False,False,False,False,False,False,True,C,146.0,S
4084_01,Europa,False,TRAPPIST-1e,26.0,False,False,False,False,False,False,True,D,132.0,S
4089_01,Europa,False,TRAPPIST-1e,36.0,False,False,False,False,False,False,True,A,48.0,S
4090_01,Mars,False,TRAPPIST-1e,46.0,False,False,False,False,False,False,True,D,133.0,S
4091_01,Earth,False,TRAPPIST-1e,26.0,False,False,False,False,False,False,True,F,772.0,S
4093_01,Earth,False,TRAPPIST-1e,24.0,False,False,False,False,False,False,False,F,841.0,P
4095_01,Earth,False,55 Cancri e,14.0,False,False,False,False,False,False,False,G,671.0,P
4096_01,Mars,False,TRAPPIST-1e,46.0,False,False,False,False,False,False,True,F,842.0,P
4097_01,Earth,False,TRAPPIST-1e,15.0,False,False,False,False,False,False,False,E,253.0,P
4098_01,Earth,True,TRAPPIST-1e,30.0,False,False,False,False,False,False,False,G,672.0,P
4099_01,Earth,True,TRAPPIST-1e,27.0,False,False,False,False,False,False,True,G,673.0,P
4101_01,Mars,False,TRAPPIST-1e,38.0,False,False,False,False,False,False,False,F,773.0,S
4102_01,Europa,True,TRAPPIST-1e,48.0,False,False,False,False,False,False,True,B,128.0,P
4103_01,Earth,True,TRAPPIST-1e,31.0,False,False,False,False,False,False,False,G,674.0,P
4104_01,Earth,False,TRAPPIST-1e,41.0,False,False,False,False,False,False,False,G,675.0,P
4106_01,Earth,False,TRAPPIST-1e,43.0,False,False,False,False,False,False,True,G,675.0,S
4107_01,Earth,False,TRAPPIST-1e,23.0,False,False,False,False,False,False,False,G,676.0,S
4108_01,Europa,True,55 Cancri e,48.0,False,False,False,False,False,False,True,B,158.0,S
4108_02,Europa,False,TRAPPIST-1e,47.0,False,False,False,False,False,False,True,B,158.0,S
4109_01,Earth,False,TRAPPIST-1e,19.0,False,False,False,False,False,False,True,F,843.0,P
4110_01,Earth,False,TRAPPIST-1e,25.0,False,False,False,False,False,False,False,E,255.0,P
4112_01,Earth,True,TRAPPIST-1e,28.0,False,False,False,False,False,False,True,G,678.0,S
4113_01,Europa,True,55 Cancri e,16.0,False,False,False,False,False,False,True,B,129.0,P
4113_02,Europa,False,TRAPPIST-1e,45.0,False,False,False,False,False,False,True,B,129.0,P
4114_01,Mars,True,TRAPPIST-1e,31.0,False,False,False,False,False,False,True,E,270.0,S
4115_01,Earth,True,PSO J318.5-22,19.0,False,False,False,False,False,False,False,G,679.0,S
4116_01,Earth,False,TRAPPIST-1e,21.0,False,False,False,False,False,False,True,F,774.0,S
4120_01,Earth,True,PSO J318.5-22,27.0,False,False,False,False,False,False,False,G,680.0,S
4125_01,Earth,True,PSO J318.5-22,22.0,False,False,False,False,False,False,True,G,677.0,P
4127_01,Europa,False,TRAPPIST-1e,23.0,False,False,False,False,False,False,True,B,130.0,P
4128_01,Mars,False,TRAPPIST-1e,54.0,True,True,True,True,True,True,False,F,846.0,P
4128_02,Mars,False,TRAPPIST-1e,0.0,False,False,False,False,False,False,True,F,846.0,P
4128_03,Mars,True,TRAPPIST-1e,4.0,False,False,False,False,False,False,True,F,846.0,P
4129_01,Earth,False,TRAPPIST-1e,23.0,False,False,False,False,False,False,False,F,847.0,P
4130_01,Mars,True,TRAPPIST-1e,19.0,False,False,False,False,False,False,True,F,427.0,S
4131_01,Europa,True,TRAPPIST-1e,34.0,False,False,False,False,False,False,True,C,147.0,S
4132_01,Earth,True,55 Cancri e,18.0,False,False,False,False,False,False,False,G,678.0,P
4134_01,Earth,True,TRAPPIST-1e,40.0,False,False,False,False,False,False,True,F,427.0,S
4135_01,Mars,False,TRAPPIST-1e,58.0,False,False,False,False,False,False,False,F,777.0,S
4137_01,Earth,False,55 Cancri e,39.0,False,False,False,False,False,False,False,F,778.0,S
4140_01,Earth,False,PSO J318.5-22,23.0,False,False,False,False,False,False,False,F,851.0,P
4141_01,Earth,False,TRAPPIST-1e,11.0,False,False,False,False,False,False,False,G,679.0,P
4142_01,Europa,True,TRAPPIST-1e,43.0,False,False,False,False,False,False,True,C,148.0,S
4143_01,Mars,True,TRAPPIST-1e,29.0,False,False,False,False,False,False,False,E,258.0,P
4144_01,Earth,False,TRAPPIST-1e,36.0,False,False,False,False,False,False,False,E,259.0,P
4145_01,Earth,False,PSO J318.5-22,13.0,False,False,False,False,False,False,False,F,852.0,P
4147_01,Europa,False,TRAPPIST-1e,54.0,False,False,False,False,False,False,True,C,149.0,S
4147_02,Europa,True,TRAPPIST-1e,45.0,False,False,False,False,False,False,True,C,149.0,S
4149_01,Earth,False,55 Cancri e,33.0,False,False,False,False,False,False,True,G,682.0,P
4150_01,Earth,False,TRAPPIST-1e,46.0,False,False,False,False,False,False,True,F,780.0,S
4151_01,Earth,True,55 Cancri e,15.0,False,False,False,False,False,False,True,G,683.0,P
4152_01,Earth,False,TRAPPIST-1e,35.0,False,False,False,False,False,False,False,F,853.0,P
4154_01,Mars,True,TRAPPIST-1e,23.0,False,False,False,False,False,False,True,F,781.0,S
4156_01,Earth,True,55 Cancri e,15.0,False,False,False,False,False,False,False,G,684.0,P
4158_01,Earth,False,TRAPPIST-1e,27.0,False,False,False,False,False,False,False,E,273.0,S
4159_01,Earth,False,TRAPPIST-1e,15.0,False,False,False,False,False,False,False,F,782.0,S
4160_01,Mars,False,TRAPPIST-1e,27.0,True,True,True,True,True,True,True,F,783.0,S
4163_01,Earth,True,55 Cancri e,16.0,False,False,False,False,False,False,True,G,683.0,S
4165_01,Earth,False,TRAPPIST-1e,37.0,False,False,False,False,False,False,True,G,685.0,P
4166_01,Europa,True,55 Cancri e,45.0,False,False,False,False,False,False,True,B,132.0,P
4166_02,Europa,False,55 Cancri e,58.0,True,True,True,True,True,True,True,B,132.0,P
4167_01,Earth,False,PSO J318.5-22,27.0,False,False,False,False,False,False,False,F,427.0,S
4168_01,Earth,False,TRAPPIST-1e,38.0,False,False,False,False,False,False,False,F,855.0,P
4168_02,Earth,False,TRAPPIST-1e,28.0,False,False,False,False,False,False,False,E,260.0,P
4169_01,Europa,True,TRAPPIST-1e,47.0,False,False,False,False,False,False,True,D,140.0,P
4169_02,Europa,False,TRAPPIST-1e,41.0,False,False,False,False,False,False,True,D,140.0,P
4170_01,Europa,True,TRAPPIST-1e,28.0,False,False,False,False,False,False,True,B,133.0,P
4171_01,Earth,True,TRAPPIST-1e,23.0,False,False,False,False,False,False,False,G,686.0,P
4172_01,Mars,True,TRAPPIST-1e,24.0,False,False,False,False,False,False,True,F,856.0,P
4172_02,Mars,False,TRAPPIST-1e,58.0,False,False,False,False,False,False,False,F,856.0,P
4172_03,Earth,True,TRAPPIST-1e,36.0,False,False,False,False,False,False,True,F,856.0,P
4172_04,Mars,False,55 Cancri e,24.0,False,False,False,False,False,False,False,F,856.0,P
4172_05,Mars,False,TRAPPIST-1e,56.0,False,False,False,False,False,False,False,F,856.0,P
4172_06,Mars,True,TRAPPIST-1e,15.0,False,False,False,False,False,False,True,F,856.0,P
4172_07,Mars,False,TRAPPIST-1e,19.0,False,False,False,False,False,False,True,D,141.0,P
4173_01,Earth,False,TRAPPIST-1e,27.0,False,False,False,False,False,False,False,E,261.0,P
4174_01,Earth,False,TRAPPIST-1e,47.0,False,False,False,False,False,False,False,F,857.0,P
4175_01,Earth,False,55 Cancri e,37.0,False,False,False,False,False,False,False,F,858.0,P
4176_01,Mars,True,TRAPPIST-1e,39.0,False,False,False,False,False,False,True,F,859.0,P
4176_02,Mars,True,TRAPPIST-1e,20.0,False,False,False,False,False,False,True,F,859.0,P
4176_03,Mars,False,TRAPPIST-1e,20.0,False,False,False,False,False,False,True,F,859.0,P
4176_04,Mars,False,TRAPPIST-1e,38.0,False,False,False,False,False,False,False,F,859.0,P
4176_05,Mars,False,TRAPPIST-1e,46.0,False,False,False,False,False,False,False,D,142.0,P
4176_06,Mars,True,TRAPPIST-1e,13.0,False,False,False,False,False,False,True,F,859.0,P
4176_07,Mars,False,55 Cancri e,24.0,False,False,False,False,False,False,True,F,859.0,P
4177_01,Europa,True,TRAPPIST-1e,32.0,False,False,False,False,False,False,True,B,161.0,S
4177_02,Europa,True,55 Cancri e,27.0,False,False,False,False,False,False,True,B,161.0,S
4177_03,Europa,False,55 Cancri e,44.0,False,False,False,False,False,False,False,B,161.0,S
4178_01,Earth,False,TRAPPIST-1e,19.0,False,False,False,False,False,False,False,G,687.0,P
4179_01,Europa,False,TRAPPIST-1e,30.0,True,True,True,True,True,True,True,A,50.0,S
4179_02,Europa,True,TRAPPIST-1e,23.0,False,False,False,False,False,False,True,A,50.0,S
4181_01,Europa,False,TRAPPIST-1e,4.0,False,False,False,False,False,False,True,C,133.0,P
4181_02,Europa,False,TRAPPIST-1e,0.0,False,False,False,False,False,False,True,C,133.0,P
4181_03,Europa,True,TRAPPIST-1e,17.0,False,False,False,False,False,False,True,F,427.0,S
4181_04,Europa,True,TRAPPIST-1e,44.0,False,False,False,False,False,False,True,C,133.0,P
4181_05,Europa,False,55 Cancri e,31.0,False,False,False,False,False,False,False,C,133.0,P
4181_06,Europa,False,55 Cancri e,41.0,True,True,True,True,True,True,True,C,133.0,P
4182_01,Europa,False,55 Cancri e,33.0,False,False,False,False,False,False,False,A,51.0,S
4182_02,Europa,False,TRAPPIST-1e,43.0,False,False,False,False,False,False,False,A,51.0,S
4182_03,Europa,False,55 Cancri e,43.0,True,True,True,True,True,True,False,A,51.0,S
4183_01,Earth,False,TRAPPIST-1e,36.0,False,False,False,False,False,False,False,F,784.0,S
4184_01,Earth,False,55 Cancri e,19.0,False,False,False,False,False,False,False,F,860.0,P
4185_01,Earth,False,TRAPPIST-1e,24.0,False,False,False,False,False,False,True,G,688.0,P
4186_01,Earth,True,55 Cancri e,17.0,False,False,False,False,False,False,True,G,685.0,S
4188_01,Earth,False,TRAPPIST-1e,23.0,False,False,False,False,False,False,True,F,861.0,P
4189_01,Earth,False,55 Cancri e,17.0,False,False,False,False,False,False,False,G,686.0,S
4191_01,Mars,False,TRAPPIST-1e,18.0,False,False,False,False,False,False,False,D,135.0,S
4194_01,Mars,True,55 Cancri e,34.0,False,False,False,False,False,False,True,F,862.0,P
4196_01,Earth,True,TRAPPIST-1e,13.0,False,False,False,False,False,False,True,G,688.0,S
4197_01,Earth,False,TRAPPIST-1e,66.0,False,False,False,False,False,False,True,F,786.0,S
4197_02,Earth,False,TRAPPIST-1e,27.0,False,False,False,False,False,False,True,F,786.0,S
4197_03,Earth,False,TRAPPIST-1e,19.0,False,False,False,False,False,False,False,G,689.0,S
4199_01,Earth,False,TRAPPIST-1e,55.0,False,False,False,False,False,False,True,F,787.0,S
4203_01,Mars,False,TRAPPIST-1e,40.0,False,False,False,False,False,False,False,D,143.0,P
4204_01,Earth,True,PSO J318.5-22,23.0,False,False,False,False,False,False,True,G,691.0,P
4204_02,Earth,False,TRAPPIST-1e,7.0,False,False,False,False,False,False,False,G,691.0,P
4204_03,Earth,True,TRAPPIST-1e,12.0,False,False,False,False,False,False,True,G,691.0,P
4205_01,Earth,False,TRAPPIST-1e,37.0,False,False,False,False,False,False,False,F,789.0,S
4206_01,Earth,False,TRAPPIST-1e,22.0,False,False,False,False,False,False,False,F,865.0,P
4207_01,Earth,True,TRAPPIST-1e,25.0,False,False,False,False,False,False,True,B,163.0,S
4207_02,Europa,True,55 Cancri e,46.0,False,False,False,False,False,False,True,B,163.0,S
4208_01,Mars,False,55 Cancri e,37.0,False,False,False,False,False,False,False,D,144.0,P
4210_01,Europa,True,55 Cancri e,50.0,False,False,False,False,False,False,True,C,151.0,S
4210_02,Europa,True,55 Cancri e,28.0,False,False,False,False,False,False,True,C,151.0,S
4211_01,Europa,True,TRAPPIST-1e,26.0,False,False,False,False,False,False,True,C,134.0,P
4212_01,Earth,True,TRAPPIST-1e,28.0,False,False,False,False,False,False,True,G,690.0,S
4213_01,Earth,False,PSO J318.5-22,23.0,False,False,False,False,False,False,False,G,691.0,S
4214_01,Europa,False,TRAPPIST-1e,23.0,False,False,False,False,False,False,False,E,262.0,P
4215_01,Mars,False,TRAPPIST-1e,34.0,True,True,True,True,True,True,False,D,145.0,P
4216_01,Europa,True,TRAPPIST-1e,65.0,False,False,False,False,False,False,True,B,134.0,P
4216_02,Earth,True,TRAPPIST-1e,20.0,False,False,False,False,False,False,True,B,134.0,P
4218_01,Mars,True,TRAPPIST-1e,29.0,False,False,False,False,False,False,True,F,867.0,P
4218_02,Mars,False,TRAPPIST-1e,30.0,False,False,False,False,False,False,True,F,867.0,P
4219_01,Mars,True,TRAPPIST-1e,3.0,False,False,False,False,False,False,True,F,868.0,P
4219_02,Mars,False,TRAPPIST-1e,40.0,False,False,False,False,False,False,False,F,868.0,P
4219_03,Mars,False,TRAPPIST-1e,32.0,False,False,False,False,False,False,False,F,868.0,P
4220_01,Earth,False,TRAPPIST-1e,31.0,False,False,False,False,False,False,False,E,263.0,P
4221_01,Earth,False,TRAPPIST-1e,13.0,False,False,False,False,False,False,True,F,869.0,P
4222_01,Earth,False,TRAPPIST-1e,29.0,False,False,False,False,False,False,False,G,692.0,P
4222_02,Earth,False,TRAPPIST-1e,28.0,False,False,False,False,False,False,False,E,264.0,P
4223_01,Mars,False,55 Cancri e,19.0,False,False,False,False,False,False,True,F,790.0,S
4223_02,Mars,False,55 Cancri e,24.0,False,False,False,False,False,False,True,E,275.0,S
4225_01,Mars,True,TRAPPIST-1e,22.0,False,False,False,False,False,False,False,E,266.0,P
4229_01,Earth,False,55 Cancri e,13.0,False,False,False,False,False,False,False,F,872.0,P
4230_01,Earth,False,TRAPPIST-1e,21.0,False,False,False,False,False,False,False,F,873.0,P
4231_01,Earth,False,55 Cancri e,24.0,False,False,False,False,False,False,True,F,791.0,S
4232_01,Europa,False,TRAPPIST-1e,47.0,False,False,False,False,False,False,True,B,164.0,S
4233_01,Europa,False,TRAPPIST-1e,27.0,False,False,False,False,False,False,False,B,135.0,P
4237_01,Earth,False,TRAPPIST-1e,18.0,False,False,False,False,False,False,True,E,277.0,S
4238_01,Europa,True,55 Cancri e,36.0,False,False,False,False,False,False,True,B,165.0,S
4239_01,Earth,False,TRAPPIST-1e,68.0,False,False,False,False,False,False,False,F,875.0,P
4240_01,Europa,False,TRAPPIST-1e,31.0,False,False,False,False,False,False,True,C,152.0,S
4242_01,Mars,True,TRAPPIST-1e,28.0,False,False,False,False,False,False,True,F,877.0,P
4243_01,Mars,False,TRAPPIST-1e,36.0,False,False,False,False,False,False,False,D,136.0,S
4244_01,Earth,False,TRAPPIST-1e,17.0,False,False,False,False,False,False,True,F,794.0,S
4245_01,Earth,True,TRAPPIST-1e,13.0,False,False,False,False,False,False,True,G,695.0,S
4246_01,Earth,False,TRAPPIST-1e,30.0,False,False,False,False,False,False,False,G,693.0,P
4249_01,Europa,False,TRAPPIST-1e,58.0,False,False,False,False,False,False,True,B,166.0,S
4249_02,Europa,True,TRAPPIST-1e,43.0,False,False,False,False,False,False,True,B,166.0,S
4249_03,Europa,False,55 Cancri e,20.0,False,False,False,False,False,False,True,B,166.0,S
4251_01,Earth,False,TRAPPIST-1e,29.0,False,False,False,False,False,False,False,F,879.0,P
4252_01,Earth,False,TRAPPIST-1e,15.0,False,False,False,False,False,False,True,F,795.0,S
4253_01,Earth,False,TRAPPIST-1e,30.0,False,False,False,False,False,False,False,G,696.0,P
4254_01,Europa,False,55 Cancri e,33.0,False,False,False,False,False,False,False,B,136.0,P
4254_02,Europa,True,TRAPPIST-1e,25.0,False,False,False,False,False,False,True,B,136.0,P
4254_03,Europa,False,TRAPPIST-1e,62.0,False,False,False,False,False,False,False,B,136.0,P
4255_01,Earth,True,PSO J318.5-22,41.0,False,False,False,False,False,False,True,G,697.0,P
4256_01,Earth,False,TRAPPIST-1e,27.0,False,False,False,False,False,False,False,F,880.0,P
4256_02,Earth,True,TRAPPIST-1e,18.0,False,False,False,False,False,False,False,G,698.0,P
4256_03,Earth,True,TRAPPIST-1e,27.0,False,False,False,False,False,False,True,G,698.0,P
4256_04,Earth,False,TRAPPIST-1e,19.0,False,False,False,False,False,False,True,F,880.0,P
4256_05,Earth,False,TRAPPIST-1e,37.0,False,False,False,False,False,False,False,G,698.0,P
4256_06,Earth,True,TRAPPIST-1e,24.0,False,False,False,False,False,False,False,G,698.0,P
4256_07,Earth,False,TRAPPIST-1e,29.0,False,False,False,False,False,False,False,G,698.0,P
4256_08,Earth,False,55 Cancri e,44.0,False,False,False,False,False,False,False,F,880.0,P
4257_01,Earth,False,TRAPPIST-1e,19.0,False,False,False,False,False,False,False,F,881.0,P
4258_01,Europa,False,TRAPPIST-1e,39.0,False,False,False,False,False,False,False,A,37.0,P
4258_02,Europa,False,TRAPPIST-1e,63.0,False,False,False,False,False,False,False,A,37.0,P
4258_03,Europa,False,TRAPPIST-1e,39.0,False,False,False,False,False,False,False,A,37.0,P
4259_01,Mars,True,TRAPPIST-1e,41.0,False,False,False,False,False,False,True,F,796.0,S
4260_01,Earth,True,TRAPPIST-1e,27.0,False,False,False,False,False,False,True,G,696.0,S
4261_01,Mars,False,55 Cancri e,56.0,False,False,False,False,False,False,True,D,137.0,S
4262_01,Europa,True,TRAPPIST-1e,22.0,False,False,False,False,False,False,True,C,135.0,P
4262_02,Europa,False,55 Cancri e,26.0,False,False,False,False,False,False,False,C,135.0,P
4264_01,Earth,False,TRAPPIST-1e,24.0,False,False,False,False,False,False,False,F,797.0,S
4266_01,Earth,True,PSO J318.5-22,18.0,False,False,False,False,False,False,True,G,697.0,S
4267_01,Earth,True,TRAPPIST-1e,13.0,False,False,False,False,False,False,True,G,700.0,P
4267_02,Earth,False,TRAPPIST-1e,32.0,False,False,False,False,False,False,True,F,883.0,P
4270_01,Europa,False,55 Cancri e,30.0,False,False,False,False,False,False,False,F,427.0,S
4271_01,Europa,True,TRAPPIST-1e,25.0,False,False,False,False,False,False,True,A,38.0,P
4272_01,Earth,False,TRAPPIST-1e,55.0,False,False,False,False,False,False,True,F,799.0,S
4273_01,Earth,False,PSO J318.5-22,19.0,False,False,False,False,False,False,False,F,884.0,P
4274_01,Earth,False,TRAPPIST-1e,24.0,False,False,False,False,False,False,True,G,698.0,S
4278_01,Europa,False,TRAPPIST-1e,32.0,False,False,False,False,False,False,True,C,154.0,S
4280_01,Mars,False,TRAPPIST-1e,24.0,False,False,False,False,False,False,False,E,267.0,P
4289_01,Mars,True,TRAPPIST-1e,32.0,False,False,False,False,False,False,True,F,890.0,P
4291_01,Earth,True,TRAPPIST-1e,36.0,False,False,False,False,False,False,False,G,701.0,S
4292_01,Europa,False,55 Cancri e,28.0,False,False,False,False,False,False,True,A,52.0,S
4293_01,Earth,False,TRAPPIST-1e,52.0,False,False,False,False,False,False,True,F,801.0,S
4294_01,Earth,False,TRAPPIST-1e,29.0,False,False,False,False,False,False,True,G,702.0,S
4295_01,Mars,False,55 Cancri e,23.0,False,False,False,False,False,False,True,D,147.0,P
4295_02,Mars,True,TRAPPIST-1e,32.0,False,False,False,False,False,False,True,F,427.0,S
4296_01,Earth,True,TRAPPIST-1e,35.0,False,False,False,False,False,False,False,G,703.0,S
4297_01,Europa,False,55 Cancri e,41.0,False,False,False,False,False,False,False,B,138.0,P
4300_01,Earth,True,PSO J318.5-22,16.0,False,False,False,False,False,False,True,G,704.0,S
4301_01,Europa,True,55 Cancri e,33.0,False,False,False,False,False,False,True,E,269.0,P
4302_01,Earth,True,55 Cancri e,6.0,False,False,False,False,False,False,True,G,706.0,P
4303_01,Earth,False,55 Cancri e,15.0,False,False,False,False,False,False,True,F,803.0,S
4303_02,Earth,False,TRAPPIST-1e,38.0,False,False,False,False,False,False,False,G,705.0,S
4305_01,Earth,False,TRAPPIST-1e,56.0,False,False,False,False,False,False,False,F,893.0,P
4305_02,Earth,True,PSO J318.5-22,4.0,False,False,False,False,False,False,True,G,707.0,P
4305_03,Earth,True,PSO J318.5-22,21.0,False,False,False,False,False,False,True,G,707.0,P
4306_01,Mars,False,55 Cancri e,22.0,False,False,False,False,False,False,True,F,805.0,S
4309_01,Earth,False,TRAPPIST-1e,37.0,False,False,False,False,False,False,False,E,270.0,P
4309_02,Earth,False,TRAPPIST-1e,6.0,False,False,False,False,False,False,True,G,709.0,P
4311_01,Earth,False,TRAPPIST-1e,22.0,False,False,False,False,False,False,False,F,807.0,S
4312_01,Europa,False,TRAPPIST-1e,26.0,False,False,False,False,False,False,False,B,139.0,P
4315_01,Earth,False,TRAPPIST-1e,22.0,False,False,False,False,False,False,True,E,272.0,P
4315_02,Earth,False,TRAPPIST-1e,20.0,False,False,False,False,False,False,True,G,710.0,P
4316_01,Earth,False,PSO J318.5-22,27.0,False,False,False,False,False,False,False,F,894.0,P
4317_01,Mars,False,TRAPPIST-1e,24.0,False,False,False,False,False,False,True,D,139.0,S
4318_01,Mars,True,TRAPPIST-1e,25.0,False,False,False,False,False,False,True,F,808.0,S
4319_01,Earth,False,TRAPPIST-1e,48.0,False,False,False,False,False,False,False,G,711.0,P
4320_01,Earth,False,TRAPPIST-1e,24.0,False,False,False,False,False,False,False,E,273.0,P
4324_01,Mars,False,55 Cancri e,3.0,False,False,False,False,False,False,True,F,810.0,S
4324_02,Mars,True,TRAPPIST-1e,24.0,False,False,False,False,False,False,True,F,810.0,S
4324_03,Mars,False,TRAPPIST-1e,25.0,False,False,False,False,False,False,False,F,810.0,S
4324_04,Mars,True,55 Cancri e,1.0,False,False,False,False,False,False,True,F,810.0,S
4327_01,Earth,False,TRAPPIST-1e,20.0,False,False,False,False,False,False,True,F,811.0,S
4329_01,Earth,False,TRAPPIST-1e,22.0,False,False,False,False,False,False,False,F,812.0,S
4330_01,Mars,False,55 Cancri e,28.0,False,False,False,False,False,False,True,D,140.0,S
4332_01,Earth,True,55 Cancri e,17.0,False,False,False,False,False,False,True,G,707.0,S
4333_01,Europa,False,55 Cancri e,28.0,False,False,False,False,False,False,False,B,141.0,P
4334_01,Europa,True,TRAPPIST-1e,47.0,False,False,False,False,False,False,True,A,53.0,S
4335_01,Mars,True,TRAPPIST-1e,34.0,False,False,False,False,False,False,False,E,281.0,S
4336_01,Europa,False,TRAPPIST-1e,29.0,True,True,True,True,True,True,True,C,155.0,S
4336_02,Europa,True,TRAPPIST-1e,14.0,False,False,False,False,False,False,True,C,155.0,S
4336_03,Europa,False,TRAPPIST-1e,36.0,False,False,False,False,False,False,True,F,427.0,S
4336_04,Europa,False,55 Cancri e,40.0,False,False,False,False,False,False,True,C,155.0,S
4337_01,Mars,False,TRAPPIST-1e,49.0,False,False,False,False,False,False,True,F,813.0,S
4338_01,Europa,False,TRAPPIST-1e,51.0,False,False,False,False,False,False,True,C,156.0,S
4338_02,Europa,False,TRAPPIST-1e,41.0,False,False,False,False,False,False,True,C,156.0,S
4338_03,Europa,False,55 Cancri e,44.0,False,False,False,False,False,False,True,C,156.0,S
4339_01,Mars,False,TRAPPIST-1e,47.0,False,False,False,False,False,False,False,F,814.0,S
4340_01,Earth,False,TRAPPIST-1e,22.0,False,False,False,False,False,False,True,F,815.0,S
4343_01,Earth,True,PSO J318.5-22,13.0,False,False,False,False,False,False,True,G,708.0,S
4344_01,Earth,False,TRAPPIST-1e,18.0,False,False,False,False,False,False,True,F,816.0,S
4345_01,Earth,False,TRAPPIST-1e,28.0,False,False,False,False,False,False,False,G,717.0,P
4346_01,Earth,False,55 Cancri e,22.0,False,False,False,False,False,False,True,E,274.0,P
4347_01,Earth,False,TRAPPIST-1e,50.0,False,False,False,False,False,False,False,G,718.0,P
4348_01,Europa,True,TRAPPIST-1e,47.0,True,True,True,True,True,True,True,B,142.0,P
4349_01,Mars,False,TRAPPIST-1e,55.0,False,False,False,False,False,False,False,E,275.0,P
4350_01,Earth,True,TRAPPIST-1e,21.0,False,False,False,False,False,False,True,G,709.0,S
4350_02,Earth,False,PSO J318.5-22,39.0,False,False,False,False,False,False,False,G,709.0,S
4351_01,Earth,False,TRAPPIST-1e,21.0,False,False,False,False,False,False,False,F,895.0,P
4352_01,Europa,False,TRAPPIST-1e,37.0,False,False,False,False,False,False,True,C,157.0,S
4352_02,Europa,False,TRAPPIST-1e,31.0,False,False,False,False,False,False,True,C,157.0,S
4354_01,Earth,False,TRAPPIST-1e,23.0,False,False,False,False,False,False,False,E,276.0,P
4356_01,Europa,True,55 Cancri e,28.0,False,False,False,False,False,False,True,B,167.0,S
4357_01,Mars,False,TRAPPIST-1e,23.0,False,False,False,False,False,False,False,D,148.0,P
4358_01,Earth,False,PSO J318.5-22,20.0,False,False,False,False,False,False,True,F,818.0,S
4359_01,Europa,False,TRAPPIST-1e,28.0,False,False,False,False,False,False,False,C,137.0,P
4359_02,Europa,False,55 Cancri e,40.0,False,False,False,False,False,False,True,C,137.0,P
4359_03,Europa,False,55 Cancri e,54.0,False,False,False,False,False,False,False,C,137.0,P
4360_01,Mars,True,TRAPPIST-1e,18.0,False,False,False,False,False,False,True,F,896.0,P
4361_01,Earth,False,55 Cancri e,27.0,False,False,False,False,False,False,True,F,819.0,S
4362_01,Europa,False,TRAPPIST-1e,43.0,False,False,False,False,False,False,True,B,168.0,S
4364_01,Earth,True,PSO J318.5-22,25.0,False,False,False,False,False,False,True,G,720.0,P
4365_01,Earth,False,TRAPPIST-1e,13.0,False,False,False,False,False,False,False,F,898.0,P
4366_01,Earth,False,PSO J318.5-22,15.0,False,False,False,False,False,False,True,F,899.0,P
4367_01,Earth,True,55 Cancri e,37.0,False,False,False,False,False,False,True,G,710.0,S
4368_01,Mars,True,55 Cancri e,32.0,False,False,False,False,False,False,True,F,900.0,P
4369_01,Earth,False,TRAPPIST-1e,19.0,False,False,False,False,False,False,False,F,820.0,S
4370_01,Earth,False,TRAPPIST-1e,21.0,False,False,False,False,False,False,False,F,427.0,S
4371_01,Europa,False,TRAPPIST-1e,27.0,False,False,False,False,False,False,True,C,158.0,S
4371_02,Europa,False,55 Cancri e,39.0,False,False,False,False,False,False,False,C,158.0,S
4371_03,Earth,True,TRAPPIST-1e,22.0,False,False,False,False,False,False,True,C,158.0,S
4371_04,Europa,False,TRAPPIST-1e,25.0,False,False,False,False,False,False,True,C,158.0,S
4371_05,Europa,False,55 Cancri e,34.0,False,False,False,False,False,False,True,C,158.0,S
4372_01,Mars,True,TRAPPIST-1e,54.0,False,False,False,False,False,False,True,F,821.0,S
4372_02,Mars,False,TRAPPIST-1e,42.0,False,False,False,False,False,False,False,E,283.0,S
4373_01,Earth,False,PSO J318.5-22,36.0,False,False,False,False,False,False,False,F,822.0,S
4376_01,Earth,False,PSO J318.5-22,43.0,False,False,False,False,False,False,True,E,284.0,S
4382_01,Earth,False,PSO J318.5-22,23.0,False,False,False,False,False,False,True,F,901.0,P
4383_01,Europa,False,TRAPPIST-1e,57.0,False,False,False,False,False,False,True,B,169.0,S
4386_01,Europa,False,TRAPPIST-1e,54.0,False,False,False,False,False,False,True,B,170.0,S
4386_02,Europa,False,TRAPPIST-1e,51.0,False,False,False,False,False,False,True,B,170.0,S
4387_01,Mars,False,PSO J318.5-22,32.0,False,False,False,False,False,False,False,F,902.0,P
4388_01,Europa,False,TRAPPIST-1e,33.0,False,False,False,False,False,False,True,B,171.0,S
4390_01,Mars,True,TRAPPIST-1e,8.0,False,False,False,False,False,False,True,F,903.0,P
4390_02,Mars,True,TRAPPIST-1e,44.0,False,False,False,False,False,False,True,F,903.0,P
4390_03,Mars,False,TRAPPIST-1e,27.0,False,False,False,False,False,False,False,F,903.0,P
4391_01,Earth,False,TRAPPIST-1e,48.0,False,False,False,False,False,False,True,F,904.0,P
4392_01,Earth,False,55 Cancri e,13.0,False,False,False,False,False,False,False,G,714.0,S
4393_01,Earth,True,TRAPPIST-1e,5.0,False,False,False,False,False,False,False,G,722.0,P
4393_02,Earth,False,TRAPPIST-1e,18.0,False,False,False,False,False,False,False,E,278.0,P
4395_01,Earth,False,TRAPPIST-1e,23.0,False,False,False,False,False,False,False,F,905.0,P
4396_01,Earth,False,TRAPPIST-1e,23.0,False,False,False,False,False,False,False,G,715.0,S
4397_01,Earth,True,PSO J318.5-22,35.0,False,False,False,False,False,False,True,F,427.0,S
4399_01,Earth,False,TRAPPIST-1e,25.0,False,False,False,False,False,False,False,G,724.0,P
4400_01,Mars,False,TRAPPIST-1e,32.0,False,False,False,False,False,False,False,E,285.0,S
4400_02,Mars,False,55 Cancri e,0.0,False,False,False,False,False,False,True,F,830.0,S
4400_03,Mars,True,TRAPPIST-1e,5.0,False,False,False,False,False,False,True,F,830.0,S
4401_01,Earth,False,55 Cancri e,16.0,False,False,False,False,False,False,True,G,716.0,S
4401_02,Earth,True,PSO J318.5-22,18.0,False,False,False,False,False,False,True,G,716.0,S
4402_01,Earth,True,PSO J318.5-22,29.0,False,False,False,False,False,False,False,G,725.0,P
4403_01,Earth,False,TRAPPIST-1e,55.0,False,False,False,False,False,False,False,F,831.0,S
4403_02,Earth,False,TRAPPIST-1e,41.0,False,False,False,False,False,False,False,G,717.0,S
4404_01,Earth,False,TRAPPIST-1e,38.0,False,False,False,False,False,False,False,G,726.0,P
4405_01,Europa,True,TRAPPIST-1e,27.0,False,False,False,False,False,False,True,C,159.0,S
4407_01,Earth,True,TRAPPIST-1e,55.0,False,False,False,False,False,False,True,G,719.0,S
4408_01,Mars,True,TRAPPIST-1e,75.0,False,False,False,False,False,False,True,F,906.0,P
4409_01,Europa,False,TRAPPIST-1e,50.0,False,False,False,False,False,False,True,C,160.0,S
4410_01,Earth,False,TRAPPIST-1e,23.0,False,False,False,False,False,False,False,G,720.0,S
4411_01,Earth,False,PSO J318.5-22,37.0,False,False,False,False,False,False,True,G,721.0,S
4413_01,Earth,False,TRAPPIST-1e,33.0,False,False,False,False,False,False,False,G,722.0,S
4415_01,Mars,False,TRAPPIST-1e,45.0,False,False,False,False,False,False,False,F,833.0,S
4416_01,Europa,True,55 Cancri e,47.0,False,False,False,False,False,False,True,B,143.0,P
4422_01,Europa,True,TRAPPIST-1e,13.0,False,False,False,False,False,False,True,B,172.0,S
4422_02,Europa,False,TRAPPIST-1e,29.0,False,False,False,False,False,False,True,B,172.0,S
4424_01,Mars,False,TRAPPIST-1e,19.0,False,False,False,False,False,False,False,E,287.0,S
4426_01,Mars,True,TRAPPIST-1e,30.0,False,False,False,False,False,False,True,F,835.0,S
4427_01,Europa,False,55 Cancri e,39.0,False,False,False,False,False,False,False,D,141.0,S
4427_02,Europa,False,TRAPPIST-1e,31.0,False,False,False,False,False,False,False,D,141.0,S
4428_01,Europa,False,55 Cancri e,29.0,False,False,False,False,False,False,True,C,162.0,S
4429_01,Mars,False,TRAPPIST-1e,16.0,False,False,False,False,False,False,False,E,288.0,S
4430_01,Earth,False,PSO J318.5-22,18.0,False,False,False,False,False,False,True,F,836.0,S
4431_01,Earth,False,55 Cancri e,38.0,False,False,False,False,False,False,False,G,727.0,P
4432_01,Earth,True,TRAPPIST-1e,50.0,False,False,False,False,False,False,False,G,728.0,P
4433_01,Earth,True,PSO J318.5-22,21.0,False,False,False,False,False,False,False,G,729.0,P
4436_01,Earth,True,PSO J318.5-22,22.0,False,False,False,False,False,False,True,G,730.0,P
4437_01,Earth,True,TRAPPIST-1e,20.0,False,False,False,False,False,False,True,G,725.0,S
4438_01,Mars,False,TRAPPIST-1e,36.0,False,False,False,False,False,False,False,F,910.0,P
4440_01,Earth,False,TRAPPIST-1e,23.0,False,False,False,False,False,False,True,F,911.0,P
4441_01,Europa,True,55 Cancri e,31.0,True,True,True,True,True,True,True,B,144.0,P
4441_02,Europa,True,TRAPPIST-1e,39.0,False,False,False,False,False,False,True,B,144.0,P
4441_03,Europa,False,55 Cancri e,50.0,False,False,False,False,False,False,True,B,144.0,P
4444_01,Earth,False,TRAPPIST-1e,40.0,False,False,False,False,False,False,False,E,291.0,S
4445_01,Earth,False,TRAPPIST-1e,28.0,False,False,False,False,False,False,False,F,912.0,P
4446_01,Europa,False,TRAPPIST-1e,38.0,False,False,False,False,False,False,False,B,175.0,S
4446_02,Europa,False,TRAPPIST-1e,37.0,False,False,False,False,False,False,False,B,175.0,S
4446_03,Europa,True,55 Cancri e,59.0,False,False,False,False,False,False,True,B,175.0,S
4446_04,Europa,False,55 Cancri e,41.0,False,False,False,False,False,False,True,B,175.0,S
4446_05,Europa,False,TRAPPIST-1e,33.0,False,False,False,False,False,False,True,B,175.0,S
4447_01,Earth,True,TRAPPIST-1e,54.0,False,False,False,False,False,False,True,F,427.0,S
4448_01,Earth,False,TRAPPIST-1e,40.0,False,False,False,False,False,False,True,F,913.0,P
4449_01,Mars,False,TRAPPIST-1e,43.0,False,False,False,False,False,False,True,D,142.0,S
4450_01,Europa,True,55 Cancri e,26.0,False,False,False,False,False,False,True,C,140.0,P
4450_02,Europa,False,55 Cancri e,65.0,False,False,False,False,False,False,True,C,140.0,P
4450_03,Europa,True,55 Cancri e,22.0,False,False,False,False,False,False,True,C,140.0,P
4450_04,Europa,False,TRAPPIST-1e,28.0,False,False,False,False,False,False,False,C,140.0,P
4451_01,Earth,True,TRAPPIST-1e,35.0,False,False,False,False,False,False,True,F,914.0,P
4452_01,Earth,True,TRAPPIST-1e,30.0,False,False,False,False,False,False,True,G,727.0,S
4453_01,Europa,False,TRAPPIST-1e,28.0,False,False,False,False,False,False,False,D,149.0,P
4456_01,Earth,False,TRAPPIST-1e,23.0,False,False,False,False,False,False,True,F,916.0,P
4457_01,Earth,False,TRAPPIST-1e,24.0,False,False,False,False,False,False,True,F,917.0,P
4459_01,Earth,True,PSO J318.5-22,16.0,False,False,False,False,False,False,True,G,733.0,P
4461_01,Mars,True,TRAPPIST-1e,18.0,False,False,False,False,False,False,True,F,838.0,S
4462_01,Earth,False,TRAPPIST-1e,20.0,False,False,False,False,False,False,False,F,918.0,P
4463_01,Europa,True,TRAPPIST-1e,29.0,False,False,False,False,False,False,True,B,145.0,P
4463_02,Europa,True,TRAPPIST-1e,29.0,False,False,False,False,False,False,True,B,145.0,P
4464_01,Earth,False,TRAPPIST-1e,21.0,False,False,False,False,False,False,False,G,728.0,S
4465_01,Europa,True,TRAPPIST-1e,2.0,False,False,False,False,False,False,False,A,54.0,S
4465_02,Europa,False,TRAPPIST-1e,43.0,False,False,False,False,False,False,False,A,54.0,S
4465_03,Europa,False,TRAPPIST-1e,28.0,False,False,False,False,False,False,False,A,54.0,S
4466_01,Europa,False,55 Cancri e,31.0,True,True,True,True,True,True,False,A,40.0,P
4467_01,Earth,False,TRAPPIST-1e,23.0,False,False,False,False,False,False,True,F,919.0,P
4469_01,Europa,True,TRAPPIST-1e,26.0,False,False,False,False,False,False,True,B,146.0,P
4469_02,Europa,False,55 Cancri e,43.0,False,False,False,False,False,False,False,B,146.0,P
4470_01,Earth,False,TRAPPIST-1e,28.0,False,False,False,False,False,False,False,F,839.0,S
4472_01,Earth,False,PSO J318.5-22,24.0,False,False,False,False,False,False,False,G,734.0,P
4472_02,Earth,False,TRAPPIST-1e,27.0,False,False,False,False,False,False,False,F,920.0,P
4473_01,Mars,False,55 Cancri e,13.0,False,False,False,False,False,False,False,F,841.0,S
4473_02,Mars,False,TRAPPIST-1e,27.0,False,False,False,False,False,False,False,E,292.0,S
4474_01,Earth,True,TRAPPIST-1e,2.0,False,False,False,False,False,False,True,G,730.0,S
4474_02,Earth,True,TRAPPIST-1e,24.0,False,False,False,False,False,False,True,G,730.0,S
4474_03,Earth,True,TRAPPIST-1e,2.0,False,False,False,False,False,False,True,G,730.0,S
4475_01,Europa,False,TRAPPIST-1e,50.0,True,True,True,True,True,True,False,A,55.0,S
4475_02,Europa,True,55 Cancri e,27.0,False,False,False,False,False,False,True,A,55.0,S
4476_01,Earth,False,TRAPPIST-1e,26.0,False,False,False,False,False,False,False,F,921.0,P
4477_01,Earth,False,55 Cancri e,31.0,False,False,False,False,False,False,False,G,731.0,S
4479_01,Mars,False,TRAPPIST-1e,28.0,False,False,False,False,False,False,False,D,150.0,P
4482_01,Earth,False,55 Cancri e,4.0,False,False,False,False,False,False,False,G,732.0,S
4482_02,Earth,False,TRAPPIST-1e,9.0,False,False,False,False,False,False,True,G,732.0,S
4482_03,Earth,False,TRAPPIST-1e,0.0,False,False,False,False,False,False,True,G,732.0,S
4482_04,Earth,True,TRAPPIST-1e,35.0,False,False,False,False,False,False,False,G,732.0,S
4482_05,Earth,True,TRAPPIST-1e,3.0,False,False,False,False,False,False,True,G,732.0,S
4483_01,Mars,False,TRAPPIST-1e,25.0,False,False,False,False,False,False,False,D,151.0,P
4483_02,Mars,False,TRAPPIST-1e,63.0,False,False,False,False,False,False,False,D,151.0,P
4485_01,Mars,True,TRAPPIST-1e,34.0,False,False,False,False,False,False,True,F,922.0,P
4485_02,Mars,False,TRAPPIST-1e,35.0,False,False,False,False,False,False,False,F,922.0,P
4486_01,Earth,True,TRAPPIST-1e,26.0,False,False,False,False,False,False,True,G,733.0,S
4487_01,Earth,False,TRAPPIST-1e,39.0,False,False,False,False,False,False,False,G,735.0,P
4490_01,Europa,False,55 Cancri e,34.0,False,False,False,False,False,False,False,D,143.0,S
4491_01,Europa,False,TRAPPIST-1e,36.0,False,False,False,False,False,False,False,B,148.0,P
4492_01,Earth,True,TRAPPIST-1e,46.0,False,False,False,False,False,False,True,G,736.0,P
4493_01,Earth,False,TRAPPIST-1e,26.0,False,False,False,False,False,False,True,F,845.0,S
4494_01,Mars,True,TRAPPIST-1e,28.0,False,False,False,False,False,False,True,F,846.0,S
4496_01,Earth,False,55 Cancri e,20.0,False,False,False,False,False,False,True,F,924.0,P
4497_01,Earth,True,TRAPPIST-1e,35.0,False,False,False,False,False,False,False,G,737.0,P
4498_01,Earth,False,55 Cancri e,11.0,False,False,False,False,False,False,False,G,734.0,S
4498_02,Earth,True,PSO J318.5-22,14.0,False,False,False,False,False,False,False,G,734.0,S
4498_03,Earth,True,PSO J318.5-22,4.0,False,False,False,False,False,False,True,G,734.0,S
4498_04,Earth,False,TRAPPIST-1e,11.0,False,False,False,False,False,False,False,G,734.0,S
4498_05,Earth,True,TRAPPIST-1e,31.0,False,False,False,False,False,False,True,G,734.0,S
4498_06,Earth,False,TRAPPIST-1e,15.0,False,False,False,False,False,False,True,G,734.0,S
4498_07,Earth,False,TRAPPIST-1e,39.0,False,False,False,False,False,False,False,G,734.0,S
4498_08,Earth,False,TRAPPIST-1e,7.0,False,False,False,False,False,False,False,G,734.0,S
4500_01,Earth,False,TRAPPIST-1e,24.0,False,False,False,False,False,False,False,F,847.0,S
4501_01,Earth,True,TRAPPIST-1e,22.0,False,False,False,False,False,False,True,G,735.0,S
4502_01,Mars,True,TRAPPIST-1e,26.0,False,False,False,False,False,False,False,E,281.0,P
4505_01,Europa,False,55 Cancri e,53.0,False,False,False,False,False,False,True,C,165.0,S
4505_02,Europa,False,TRAPPIST-1e,40.0,False,False,False,False,False,False,False,C,165.0,S
4506_01,Mars,False,TRAPPIST-1e,19.0,False,False,False,False,False,False,False,E,294.0,S
4508_01,Mars,False,55 Cancri e,54.0,False,False,False,False,False,False,False,F,926.0,P
4508_02,Mars,False,TRAPPIST-1e,21.0,False,False,False,False,False,False,False,E,283.0,P
4508_03,Mars,False,TRAPPIST-1e,25.0,False,False,False,False,False,False,False,F,926.0,P
4509_01,Mars,False,TRAPPIST-1e,48.0,False,False,False,False,False,False,True,E,295.0,S
4509_02,Mars,False,PSO J318.5-22,41.0,False,False,False,False,False,False,True,D,144.0,S
4509_03,Mars,False,TRAPPIST-1e,13.0,False,False,False,False,False,False,True,D,144.0,S
4510_01,Europa,False,TRAPPIST-1e,57.0,False,False,False,False,False,False,True,B,177.0,S
4511_01,Europa,True,TRAPPIST-1e,25.0,False,False,False,False,False,False,True,B,178.0,S
4511_02,Europa,True,55 Cancri e,48.0,False,False,False,False,False,False,True,B,178.0,S
4512_01,Mars,False,TRAPPIST-1e,34.0,False,False,False,False,False,False,False,E,296.0,S
4514_01,Earth,True,TRAPPIST-1e,16.0,False,False,False,False,False,False,True,G,736.0,S
4515_01,Earth,False,TRAPPIST-1e,0.0,False,False,False,False,False,False,False,G,739.0,P
4515_02,Earth,False,55 Cancri e,15.0,False,False,False,False,False,False,True,G,739.0,P
4516_01,Earth,False,55 Cancri e,37.0,False,False,False,False,False,False,False,F,848.0,S
4517_01,Earth,False,TRAPPIST-1e,37.0,False,False,False,False,False,False,False,F,849.0,S
4518_01,Earth,False,TRAPPIST-1e,49.0,False,False,False,False,False,False,False,G,740.0,P
4521_01,Earth,False,TRAPPIST-1e,18.0,False,False,False,False,False,False,False,F,929.0,P
4522_01,Earth,False,TRAPPIST-1e,25.0,False,False,False,False,False,False,True,F,850.0,S
4524_01,Earth,False,PSO J318.5-22,27.0,False,False,False,False,False,False,True,F,930.0,P
4529_01,Earth,False,55 Cancri e,43.0,False,False,False,False,False,False,False,G,738.0,S
4530_01,Earth,False,TRAPPIST-1e,20.0,False,False,False,False,False,False,False,F,933.0,P
4531_01,Europa,True,TRAPPIST-1e,54.0,False,False,False,False,False,False,True,C,142.0,P
4532_01,Earth,True,TRAPPIST-1e,30.0,False,False,False,False,False,False,True,G,739.0,S
4533_01,Europa,True,TRAPPIST-1e,37.0,False,False,False,False,False,False,True,B,149.0,P
4534_01,Earth,False,55 Cancri e,30.0,False,False,False,False,False,False,True,F,851.0,S
4535_01,Earth,False,TRAPPIST-1e,20.0,False,False,False,False,False,False,False,F,934.0,P
4535_02,Earth,False,TRAPPIST-1e,20.0,False,False,False,False,False,False,False,G,742.0,P
4537_01,Earth,False,TRAPPIST-1e,24.0,False,False,False,False,False,False,False,F,852.0,S
4538_01,Earth,False,TRAPPIST-1e,44.0,False,False,False,False,False,False,False,F,935.0,P
4539_01,Earth,False,55 Cancri e,0.0,False,False,False,False,False,False,True,G,740.0,S
4539_02,Earth,True,TRAPPIST-1e,15.0,False,False,False,False,False,False,True,G,740.0,S
4542_01,Europa,True,TRAPPIST-1e,19.0,False,False,False,False,False,False,True,B,150.0,P
4542_02,Europa,True,55 Cancri e,20.0,False,False,False,False,False,False,True,B,150.0,P
4543_01,Mars,False,PSO J318.5-22,20.0,True,True,True,True,True,True,False,F,936.0,P
4544_01,Earth,True,TRAPPIST-1e,34.0,False,False,False,False,False,False,True,G,743.0,P
4546_01,Earth,False,PSO J318.5-22,17.0,False,False,False,False,False,False,True,G,744.0,P
4547_01,Earth,False,TRAPPIST-1e,20.0,False,False,False,False,False,False,True,E,297.0,S
4549_01,Earth,False,TRAPPIST-1e,42.0,False,False,False,False,False,False,False,E,298.0,S
4550_01,Earth,False,TRAPPIST-1e,28.0,False,False,False,False,False,False,True,F,853.0,S
4552_01,Mars,False,TRAPPIST-1e,43.0,False,False,False,False,False,False,True,F,937.0,P
4553_01,Europa,False,PSO J318.5-22,55.0,True,True,True,True,True,True,False,C,143.0,P
4555_01,Earth,False,TRAPPIST-1e,21.0,False,False,False,False,False,False,False,G,743.0,S
4557_01,Earth,False,TRAPPIST-1e,17.0,False,False,False,False,False,False,False,E,286.0,P
4558_01,Europa,False,55 Cancri e,54.0,False,False,False,False,False,False,False,C,167.0,S
4559_01,Earth,False,TRAPPIST-1e,25.0,False,False,False,False,False,False,True,F,854.0,S
4560_01,Earth,False,TRAPPIST-1e,27.0,False,False,False,False,False,False,True,G,744.0,S
4561_01,Europa,False,55 Cancri e,45.0,False,False,False,False,False,False,False,C,168.0,S
4562_01,Europa,True,TRAPPIST-1e,31.0,False,False,False,False,False,False,True,B,180.0,S
4563_01,Europa,True,55 Cancri e,19.0,False,False,False,False,False,False,True,C,169.0,S
4564_01,Earth,False,TRAPPIST-1e,30.0,False,False,False,False,False,False,False,G,745.0,P
4565_01,Earth,False,TRAPPIST-1e,24.0,False,False,False,False,False,False,False,G,746.0,P
4567_01,Earth,False,TRAPPIST-1e,27.0,False,False,False,False,False,False,False,F,939.0,P
4568_01,Mars,False,TRAPPIST-1e,42.0,False,False,False,False,False,False,False,F,940.0,P
4569_01,Europa,True,55 Cancri e,29.0,False,False,False,False,False,False,True,B,151.0,P
4569_02,Europa,False,55 Cancri e,37.0,False,False,False,False,False,False,False,B,151.0,P
4570_01,Europa,True,TRAPPIST-1e,64.0,False,False,False,False,False,False,True,C,170.0,S
4571_01,Earth,True,TRAPPIST-1e,24.0,False,False,False,False,False,False,True,G,745.0,S
4572_01,Earth,False,55 Cancri e,23.0,False,False,False,False,False,False,False,G,746.0,S
4573_01,Earth,False,TRAPPIST-1e,22.0,False,False,False,False,False,False,True,F,856.0,S
4574_01,Mars,False,TRAPPIST-1e,23.0,False,False,False,False,False,False,False,F,857.0,S
4575_01,Earth,False,TRAPPIST-1e,21.0,False,False,False,False,False,False,False,F,941.0,P
4576_01,Earth,False,TRAPPIST-1e,37.0,False,False,False,False,False,False,False,F,942.0,P
4577_01,Mars,False,TRAPPIST-1e,17.0,False,False,False,False,False,False,True,F,858.0,S
4580_01,Mars,True,TRAPPIST-1e,35.0,False,False,False,False,False,False,True,F,860.0,S
4581_01,Europa,False,TRAPPIST-1e,33.0,False,False,False,False,False,False,True,B,181.0,S
4581_02,Europa,False,55 Cancri e,37.0,False,False,False,False,False,False,True,B,181.0,S
4585_01,Europa,False,55 Cancri e,32.0,False,False,False,False,False,False,False,B,182.0,S
4586_01,Mars,False,55 Cancri e,31.0,False,False,False,False,False,False,False,F,943.0,P
4587_01,Europa,False,TRAPPIST-1e,27.0,False,False,False,False,False,False,False,A,42.0,P
4591_01,Europa,True,55 Cancri e,34.0,False,False,False,False,False,False,True,E,287.0,P
4592_01,Mars,False,TRAPPIST-1e,9.0,False,False,False,False,False,False,True,F,862.0,S
4592_02,Mars,True,TRAPPIST-1e,25.0,False,False,False,False,False,False,True,F,862.0,S
4592_03,Mars,True,TRAPPIST-1e,29.0,False,False,False,False,False,False,True,F,862.0,S
4592_04,Mars,True,TRAPPIST-1e,1.0,False,False,False,False,False,False,True,F,862.0,S
4593_01,Earth,False,TRAPPIST-1e,30.0,False,False,False,False,False,False,True,G,750.0,S
4594_01,Europa,False,TRAPPIST-1e,64.0,False,False,False,False,False,False,False,C,144.0,P
4594_02,Europa,False,TRAPPIST-1e,31.0,False,False,False,False,False,False,False,C,144.0,P
4594_03,Europa,False,TRAPPIST-1e,27.0,False,False,False,False,False,False,True,C,144.0,P
4594_04,Europa,False,TRAPPIST-1e,27.0,False,False,False,False,False,False,False,C,144.0,P
4595_01,Europa,True,TRAPPIST-1e,25.0,False,False,False,False,False,False,True,C,145.0,P
4596_01,Earth,True,TRAPPIST-1e,28.0,False,False,False,False,False,False,True,G,751.0,S
4597_01,Earth,True,TRAPPIST-1e,32.0,False,False,False,False,False,False,True,G,748.0,P
4602_01,Earth,False,55 Cancri e,36.0,False,False,False,False,False,False,False,F,945.0,P
4603_01,Europa,False,55 Cancri e,26.0,False,False,False,False,False,False,True,C,171.0,S
4603_02,Europa,False,TRAPPIST-1e,36.0,False,False,False,False,False,False,False,C,171.0,S
4604_01,Earth,False,TRAPPIST-1e,37.0,False,False,False,False,False,False,False,G,753.0,S
4605_01,Earth,False,TRAPPIST-1e,45.0,False,False,False,False,False,False,False,G,750.0,P
4606_01,Europa,False,TRAPPIST-1e,22.0,False,False,False,False,False,False,False,C,172.0,S
4606_02,Europa,False,55 Cancri e,24.0,False,False,False,False,False,False,False,C,172.0,S
4607_01,Earth,False,PSO J318.5-22,23.0,False,False,False,False,False,False,False,G,751.0,P
4608_01,Earth,False,55 Cancri e,31.0,False,False,False,False,False,False,True,F,864.0,S
4609_01,Europa,False,TRAPPIST-1e,37.0,False,False,False,False,False,False,False,C,173.0,S
4610_01,Earth,False,TRAPPIST-1e,28.0,False,False,False,False,False,False,False,G,752.0,P
4611_01,Earth,True,TRAPPIST-1e,23.0,False,False,False,False,False,False,True,G,754.0,S
4612_01,Earth,False,55 Cancri e,14.0,False,False,False,False,False,False,True,G,755.0,S
4613_01,Europa,True,TRAPPIST-1e,40.0,False,False,False,False,False,False,True,B,152.0,P
4615_01,Mars,False,TRAPPIST-1e,42.0,False,False,False,False,False,False,True,F,865.0,S
4617_01,Earth,False,TRAPPIST-1e,53.0,False,False,False,False,False,False,False,F,866.0,S
4620_01,Earth,True,TRAPPIST-1e,46.0,False,False,False,False,False,False,False,G,757.0,S
4621_01,Mars,False,TRAPPIST-1e,28.0,False,False,False,False,False,False,True,E,289.0,P
4622_01,Earth,True,55 Cancri e,25.0,False,False,False,False,False,False,True,G,753.0,P
4623_01,Europa,False,PSO J318.5-22,34.0,True,True,True,True,True,True,True,C,146.0,P
4624_01,Mars,False,TRAPPIST-1e,58.0,False,False,False,False,False,False,False,F,868.0,S
4625_01,Europa,False,TRAPPIST-1e,31.0,False,False,False,False,False,False,True,B,183.0,S
4625_02,Europa,True,55 Cancri e,24.0,False,False,False,False,False,False,True,B,183.0,S
4625_03,Europa,False,TRAPPIST-1e,52.0,False,False,False,False,False,False,True,F,427.0,S
4625_04,Europa,True,55 Cancri e,25.0,False,False,False,False,False,False,True,B,183.0,S
4625_05,Europa,True,TRAPPIST-1e,17.0,False,False,False,False,False,False,True,B,183.0,S
4625_06,Earth,False,TRAPPIST-1e,27.0,False,False,False,False,False,False,False,B,183.0,S
4625_07,Europa,True,55 Cancri e,29.0,False,False,False,False,False,False,True,B,183.0,S
4628_01,Europa,False,TRAPPIST-1e,45.0,False,False,False,False,False,False,True,C,175.0,S
4630_01,Earth,False,PSO J318.5-22,28.0,False,False,False,False,False,False,True,F,870.0,S
4631_01,Europa,True,55 Cancri e,25.0,False,False,False,False,False,False,True,C,147.0,P
4632_01,Europa,True,TRAPPIST-1e,57.0,False,False,False,False,False,False,True,C,176.0,S
4632_02,Europa,True,TRAPPIST-1e,68.0,False,False,False,False,False,False,True,C,176.0,S
4632_03,Europa,False,55 Cancri e,26.0,False,False,False,False,False,False,False,C,176.0,S
4632_04,Europa,False,TRAPPIST-1e,52.0,False,False,False,False,False,False,False,C,176.0,S
4632_05,Europa,False,TRAPPIST-1e,36.0,False,False,False,False,False,False,False,C,176.0,S
4633_01,Earth,False,PSO J318.5-22,41.0,False,False,False,False,False,False,False,G,754.0,P
4634_01,Earth,False,TRAPPIST-1e,14.0,False,False,False,False,False,False,False,E,299.0,S
4635_01,Earth,True,PSO J318.5-22,16.0,False,False,False,False,False,False,True,G,755.0,P
4637_01,Mars,False,TRAPPIST-1e,24.0,False,False,False,False,False,False,False,F,427.0,S
4638_01,Europa,False,TRAPPIST-1e,62.0,True,True,True,True,True,True,True,B,153.0,P
4640_01,Earth,False,55 Cancri e,26.0,False,False,False,False,False,False,True,G,760.0,S
4641_01,Earth,False,TRAPPIST-1e,45.0,False,False,False,False,False,False,False,F,871.0,S
4642_01,Europa,False,TRAPPIST-1e,41.0,False,False,False,False,False,False,False,C,178.0,S
4643_01,Earth,False,TRAPPIST-1e,36.0,False,False,False,False,False,False,True,F,947.0,P
4644_01,Earth,False,55 Cancri e,13.0,False,False,False,False,False,False,True,F,872.0,S
4645_01,Europa,False,TRAPPIST-1e,48.0,False,False,False,False,False,False,True,B,184.0,S
4645_02,Europa,True,TRAPPIST-1e,27.0,False,False,False,False,False,False,True,B,184.0,S
4646_01,Earth,False,PSO J318.5-22,22.0,False,False,False,False,False,False,True,F,873.0,S
4648_01,Earth,False,TRAPPIST-1e,39.0,False,False,False,False,False,False,True,F,874.0,S
4649_01,Earth,False,TRAPPIST-1e,45.0,False,False,False,False,False,False,False,E,290.0,P
4650_01,Earth,False,TRAPPIST-1e,42.0,False,False,False,False,False,False,False,G,762.0,S
4651_01,Europa,False,TRAPPIST-1e,33.0,False,False,False,False,False,False,True,C,179.0,S
4652_01,Earth,False,TRAPPIST-1e,27.0,False,False,False,False,False,False,True,F,427.0,S
4653_01,Earth,False,TRAPPIST-1e,47.0,False,False,False,False,False,False,False,E,302.0,S
4654_01,Europa,True,TRAPPIST-1e,20.0,False,False,False,False,False,False,True,E,291.0,P
4655_01,Europa,True,55 Cancri e,32.0,False,False,False,False,False,False,True,B,154.0,P
4655_02,Earth,True,TRAPPIST-1e,54.0,False,False,False,False,False,False,True,B,154.0,P
4656_01,Earth,False,TRAPPIST-1e,23.0,False,False,False,False,False,False,False,F,875.0,S
4656_02,Earth,False,TRAPPIST-1e,9.0,False,False,False,False,False,False,False,G,763.0,S
4657_01,Earth,False,TRAPPIST-1e,17.0,False,False,False,False,False,False,False,G,756.0,P
4658_01,Europa,False,TRAPPIST-1e,26.0,False,False,False,False,False,False,False,D,147.0,S
4658_02,Europa,False,TRAPPIST-1e,38.0,False,False,False,False,False,False,False,D,147.0,S
4659_01,Earth,False,TRAPPIST-1e,24.0,False,False,False,False,False,False,False,F,876.0,S
4661_01,Earth,False,TRAPPIST-1e,30.0,False,False,False,False,False,False,True,F,948.0,P
4661_02,Earth,True,55 Cancri e,2.0,False,False,False,False,False,False,False,G,757.0,P
4661_03,Earth,True,TRAPPIST-1e,4.0,False,False,False,False,False,False,True,G,757.0,P
4661_04,Earth,True,TRAPPIST-1e,9.0,False,False,False,False,False,False,False,G,757.0,P
4661_05,Earth,False,TRAPPIST-1e,30.0,False,False,False,False,False,False,False,F,948.0,P
4661_06,Earth,True,TRAPPIST-1e,5.0,False,False,False,False,False,False,False,G,757.0,P
4661_07,Earth,False,TRAPPIST-1e,2.0,False,False,False,False,False,False,False,G,757.0,P
4662_01,Europa,False,TRAPPIST-1e,32.0,False,False,False,False,False,False,False,C,148.0,P
4662_02,Europa,True,TRAPPIST-1e,53.0,False,False,False,False,False,False,True,C,148.0,P
4662_03,Europa,False,TRAPPIST-1e,46.0,False,False,False,False,False,False,True,F,427.0,S
4663_01,Earth,True,TRAPPIST-1e,2.0,False,False,False,False,False,False,True,G,765.0,S
4663_02,Earth,True,TRAPPIST-1e,1.0,False,False,False,False,False,False,True,G,765.0,S
4663_03,Earth,True,TRAPPIST-1e,11.0,False,False,False,False,False,False,True,G,765.0,S
4663_04,Earth,False,55 Cancri e,3.0,False,False,False,False,False,False,True,G,765.0,S
4663_05,Earth,True,TRAPPIST-1e,33.0,False,False,False,False,False,False,True,G,765.0,S
4663_06,Earth,True,55 Cancri e,3.0,False,False,False,False,False,False,True,G,765.0,S
4664_01,Earth,False,TRAPPIST-1e,38.0,False,False,False,False,False,False,False,E,303.0,S
4665_01,Earth,True,PSO J318.5-22,21.0,False,False,False,False,False,False,False,G,758.0,P
4667_01,Earth,True,TRAPPIST-1e,41.0,False,False,False,False,False,False,True,F,427.0,S
4668_01,Europa,True,55 Cancri e,64.0,False,False,False,False,False,False,True,C,180.0,S
4668_02,Europa,True,55 Cancri e,27.0,True,True,True,True,True,True,True,C,180.0,S
4672_01,Earth,True,55 Cancri e,41.0,False,False,False,False,False,False,False,G,759.0,P
4673_01,Earth,False,TRAPPIST-1e,19.0,False,False,False,False,False,False,False,F,950.0,P
4676_01,Earth,False,TRAPPIST-1e,42.0,False,False,False,False,False,False,True,G,760.0,P
4677_01,Europa,False,55 Cancri e,30.0,False,False,False,False,False,False,False,C,150.0,P
4678_01,Earth,False,TRAPPIST-1e,38.0,False,False,False,False,False,False,False,F,951.0,P
4679_01,Europa,False,TRAPPIST-1e,63.0,False,False,False,False,False,False,True,C,181.0,S
4680_01,Mars,False,TRAPPIST-1e,17.0,False,False,False,False,False,False,False,D,155.0,P
4680_02,Mars,True,TRAPPIST-1e,2.0,False,False,False,False,False,False,True,F,952.0,P
4680_03,Mars,False,TRAPPIST-1e,19.0,False,False,False,False,False,False,True,F,952.0,P
4680_04,Mars,False,TRAPPIST-1e,37.0,False,False,False,False,False,False,False,D,155.0,P
4684_01,Mars,False,TRAPPIST-1e,50.0,False,False,False,False,False,False,True,F,878.0,S
4686_01,Earth,False,TRAPPIST-1e,38.0,False,False,False,False,False,False,True,G,768.0,S
4689_01,Europa,False,TRAPPIST-1e,28.0,True,True,True,True,True,True,True,C,182.0,S
4690_01,Europa,True,TRAPPIST-1e,35.0,False,False,False,False,False,False,True,B,156.0,P
4690_02,Europa,False,TRAPPIST-1e,27.0,False,False,False,False,False,False,False,F,427.0,S
4691_01,Earth,False,TRAPPIST-1e,15.0,False,False,False,False,False,False,False,G,769.0,S
4693_01,Europa,False,TRAPPIST-1e,29.0,True,True,True,True,True,True,False,B,186.0,S
4693_02,Europa,True,55 Cancri e,65.0,False,False,False,False,False,False,True,B,186.0,S
4694_01,Earth,False,55 Cancri e,27.0,False,False,False,False,False,False,True,F,881.0,S
4695_01,Mars,False,TRAPPIST-1e,0.0,False,False,False,False,False,False,True,F,882.0,S
4695_02,Mars,False,TRAPPIST-1e,21.0,False,False,False,False,False,False,False,F,882.0,S
4695_03,Mars,True,TRAPPIST-1e,19.0,False,False,False,False,False,False,True,F,882.0,S
4696_01,Mars,True,TRAPPIST-1e,39.0,False,False,False,False,False,False,True,F,883.0,S
4699_01,Earth,False,55 Cancri e,60.0,False,False,False,False,False,False,False,F,955.0,P
4704_01,Europa,False,55 Cancri e,30.0,False,False,False,False,False,False,False,D,156.0,P
4706_01,Earth,True,TRAPPIST-1e,30.0,False,False,False,False,False,False,False,G,762.0,P
4706_02,Earth,True,TRAPPIST-1e,40.0,False,False,False,False,False,False,True,G,762.0,P
4708_01,Mars,False,TRAPPIST-1e,26.0,False,False,False,False,False,False,False,E,304.0,S
4709_01,Earth,False,55 Cancri e,38.0,False,False,False,False,False,False,False,F,957.0,P
4710_01,Mars,False,TRAPPIST-1e,22.0,False,False,False,False,False,False,True,F,958.0,P
4710_02,Mars,False,TRAPPIST-1e,27.0,False,False,False,False,False,False,False,E,293.0,P
4711_01,Mars,False,TRAPPIST-1e,65.0,False,False,False,False,False,False,False,F,959.0,P
4712_01,Earth,True,PSO J318.5-22,61.0,False,False,False,False,False,False,True,G,764.0,P
4713_01,Earth,False,TRAPPIST-1e,20.0,False,False,False,False,False,False,False,F,885.0,S
4714_01,Earth,True,TRAPPIST-1e,24.0,False,False,False,False,False,False,False,G,765.0,P
4717_01,Earth,True,TRAPPIST-1e,16.0,False,False,False,False,False,False,False,G,766.0,P
4719_01,Mars,True,TRAPPIST-1e,35.0,False,False,False,False,False,False,True,E,305.0,S
4720_01,Earth,False,TRAPPIST-1e,21.0,False,False,False,False,False,False,True,F,887.0,S
4721_01,Earth,True,TRAPPIST-1e,23.0,False,False,False,False,False,False,True,G,771.0,S
4723_01,Earth,False,55 Cancri e,17.0,False,False,False,False,False,False,True,F,888.0,S
4723_02,Earth,False,PSO J318.5-22,24.0,False,False,False,False,False,False,False,F,888.0,S
4725_01,Earth,False,55 Cancri e,27.0,False,False,False,False,False,False,False,G,767.0,P
4726_01,Europa,False,TRAPPIST-1e,26.0,False,False,False,False,False,False,True,C,187.0,S
4726_02,Europa,False,55 Cancri e,26.0,False,False,False,False,False,False,True,C,187.0,S
4726_03,Europa,False,TRAPPIST-1e,20.0,False,False,False,False,False,False,True,C,187.0,S
4726_04,Europa,True,TRAPPIST-1e,28.0,False,False,False,False,False,False,True,C,187.0,S
4726_05,Europa,False,TRAPPIST-1e,37.0,False,False,False,False,False,False,True,C,187.0,S
4728_01,Mars,False,TRAPPIST-1e,23.0,False,False,False,False,False,False,False,F,889.0,S
4728_02,Mars,True,TRAPPIST-1e,49.0,False,False,False,False,False,False,True,F,889.0,S
4730_01,Europa,False,TRAPPIST-1e,50.0,False,False,False,False,False,False,False,B,158.0,P
4732_01,Europa,True,TRAPPIST-1e,4.0,False,False,False,False,False,False,True,C,151.0,P
4732_02,Europa,True,TRAPPIST-1e,32.0,False,False,False,False,False,False,True,C,151.0,P
4732_03,Europa,False,TRAPPIST-1e,44.0,False,False,False,False,False,False,True,C,151.0,P
4733_01,Earth,False,TRAPPIST-1e,20.0,False,False,False,False,False,False,True,E,294.0,P
4738_01,Mars,False,TRAPPIST-1e,30.0,False,False,False,False,False,False,False,F,893.0,S
4738_02,Mars,False,TRAPPIST-1e,29.0,False,False,False,False,False,False,False,F,893.0,S
4739_01,Earth,False,TRAPPIST-1e,22.0,False,False,False,False,False,False,True,G,773.0,S
4741_01,Mars,True,TRAPPIST-1e,35.0,False,False,False,False,False,False,True,F,961.0,P
4741_02,Mars,False,55 Cancri e,0.0,False,False,False,False,False,False,True,F,961.0,P
4741_03,Mars,False,TRAPPIST-1e,6.0,False,False,False,False,False,False,True,F,961.0,P
4743_01,Europa,False,TRAPPIST-1e,38.0,False,False,False,False,False,False,True,E,306.0,S
4744_01,Europa,False,TRAPPIST-1e,34.0,False,False,False,False,False,False,True,C,152.0,P
4744_02,Europa,True,55 Cancri e,34.0,False,False,False,False,False,False,True,C,152.0,P
4746_01,Earth,False,TRAPPIST-1e,27.0,False,False,False,False,False,False,False,G,775.0,S
4748_01,Mars,False,TRAPPIST-1e,53.0,False,False,False,False,False,False,False,D,149.0,S
4750_01,Europa,False,TRAPPIST-1e,28.0,False,False,False,False,False,False,False,A,57.0,S
4750_02,Europa,False,TRAPPIST-1e,31.0,False,False,False,False,False,False,False,A,57.0,S
4752_01,Mars,False,PSO J318.5-22,56.0,False,False,False,False,False,False,False,F,964.0,P
4753_01,Mars,False,TRAPPIST-1e,36.0,False,False,False,False,False,False,False,F,895.0,S
4754_01,Earth,False,55 Cancri e,30.0,False,False,False,False,False,False,False,E,307.0,S
4755_01,Mars,True,TRAPPIST-1e,32.0,False,False,False,False,False,False,True,F,965.0,P
4756_01,Europa,True,55 Cancri e,44.0,False,False,False,False,False,False,True,C,188.0,S
4756_02,Europa,True,55 Cancri e,54.0,False,False,False,False,False,False,True,C,188.0,S
4757_01,Earth,False,TRAPPIST-1e,24.0,False,False,False,False,False,False,False,F,896.0,S
4758_01,Earth,False,TRAPPIST-1e,44.0,False,False,False,False,False,False,False,F,966.0,P
4759_01,Earth,False,TRAPPIST-1e,25.0,False,False,False,False,False,False,False,F,897.0,S
4762_01,Mars,True,TRAPPIST-1e,35.0,False,False,False,False,False,False,True,F,968.0,P
4763_01,Mars,False,TRAPPIST-1e,29.0,False,False,False,False,False,False,True,F,969.0,P
4764_01,Earth,False,TRAPPIST-1e,22.0,False,False,False,False,False,False,True,E,308.0,S
4769_01,Earth,True,TRAPPIST-1e,22.0,False,False,False,False,False,False,True,G,776.0,S
4770_01,Earth,False,55 Cancri e,22.0,False,False,False,False,False,False,True,F,900.0,S
4770_02,Earth,True,PSO J318.5-22,18.0,False,False,False,False,False,False,True,F,900.0,S
4772_01,Earth,False,55 Cancri e,22.0,False,False,False,False,False,False,False,F,971.0,P
4773_01,Earth,False,TRAPPIST-1e,52.0,False,False,False,False,False,False,True,G,777.0,S
4774_01,Mars,True,TRAPPIST-1e,0.0,False,False,False,False,False,False,True,F,972.0,P
4774_02,Mars,True,TRAPPIST-1e,1.0,False,False,False,False,False,False,True,F,972.0,P
4774_03,Mars,False,TRAPPIST-1e,34.0,False,False,False,False,False,False,False,F,972.0,P
4774_04,Mars,True,TRAPPIST-1e,6.0,False,False,False,False,False,False,True,F,972.0,P
4775_01,Earth,False,TRAPPIST-1e,22.0,False,False,False,False,False,False,True,G,778.0,S
4777_01,Earth,True,TRAPPIST-1e,31.0,False,False,False,False,False,False,True,G,779.0,S
4778_01,Europa,False,TRAPPIST-1e,31.0,False,False,False,False,False,False,False,A,58.0,S
4780_01,Mars,False,TRAPPIST-1e,20.0,False,False,False,False,False,False,False,E,309.0,S
4780_02,Mars,True,TRAPPIST-1e,25.0,False,False,False,False,False,False,True,E,309.0,S
4782_01,Europa,True,55 Cancri e,23.0,False,False,False,False,False,False,True,F,427.0,S
4782_02,Europa,False,TRAPPIST-1e,53.0,False,False,False,False,False,False,False,C,189.0,S
4782_03,Europa,False,55 Cancri e,32.0,False,False,False,False,False,False,False,C,189.0,S
4782_04,Europa,True,55 Cancri e,27.0,False,False,False,False,False,False,True,C,189.0,S
4782_05,Europa,False,55 Cancri e,48.0,False,False,False,False,False,False,False,C,189.0,S
4783_01,Europa,False,TRAPPIST-1e,37.0,False,False,False,False,False,False,True,A,43.0,P
4784_01,Mars,True,TRAPPIST-1e,21.0,False,False,False,False,False,False,True,F,903.0,S
4785_01,Europa,True,55 Cancri e,29.0,False,False,False,False,False,False,True,B,159.0,P
4786_01,Europa,True,TRAPPIST-1e,46.0,True,True,True,True,True,True,True,B,160.0,P
4787_01,Earth,False,TRAPPIST-1e,19.0,False,False,False,False,False,False,False,G,780.0,S
4788_01,Earth,False,TRAPPIST-1e,22.0,False,False,False,False,False,False,False,F,904.0,S
4790_01,Europa,False,TRAPPIST-1e,54.0,True,True,True,True,True,True,False,B,189.0,S
4791_01,Earth,False,TRAPPIST-1e,43.0,False,False,False,False,False,False,True,G,781.0,S
4792_01,Earth,True,TRAPPIST-1e,18.0,False,False,False,False,False,False,True,G,782.0,S
4793_01,Europa,False,55 Cancri e,36.0,False,False,False,False,False,False,False,E,310.0,S
4793_02,Europa,False,TRAPPIST-1e,20.0,False,False,False,False,False,False,True,E,310.0,S
4794_01,Earth,False,TRAPPIST-1e,63.0,False,False,False,False,False,False,False,F,974.0,P
4795_01,Earth,False,TRAPPIST-1e,50.0,False,False,False,False,False,False,True,F,905.0,S
4796_01,Mars,False,TRAPPIST-1e,13.0,False,False,False,False,False,False,True,F,427.0,S
4796_02,Mars,True,TRAPPIST-1e,43.0,False,False,False,False,False,False,True,E,311.0,S
4797_01,Earth,True,PSO J318.5-22,16.0,False,False,False,False,False,False,True,G,783.0,S
4798_01,Mars,True,TRAPPIST-1e,31.0,False,False,False,False,False,False,True,F,975.0,P
4798_02,Mars,True,TRAPPIST-1e,0.0,False,False,False,False,False,False,True,F,975.0,P
4798_03,Mars,True,TRAPPIST-1e,10.0,False,False,False,False,False,False,True,F,975.0,P
4801_01,Earth,True,TRAPPIST-1e,10.0,False,False,False,False,False,False,False,G,773.0,P
4803_01,Earth,False,TRAPPIST-1e,55.0,False,False,False,False,False,False,False,F,977.0,P
4804_01,Earth,False,TRAPPIST-1e,18.0,False,False,False,False,False,False,True,F,906.0,S
4804_02,Earth,False,TRAPPIST-1e,7.0,False,False,False,False,False,False,True,G,785.0,S
4804_03,Earth,True,TRAPPIST-1e,1.0,False,False,False,False,False,False,True,G,785.0,S
4807_01,Earth,False,TRAPPIST-1e,44.0,False,False,False,False,False,False,False,G,776.0,P
4808_01,Mars,False,TRAPPIST-1e,27.0,False,False,False,False,False,False,False,E,299.0,P
4810_01,Earth,False,PSO J318.5-22,20.0,False,False,False,False,False,False,False,F,427.0,S
4813_01,Europa,False,55 Cancri e,49.0,False,False,False,False,False,False,True,C,190.0,S
4814_01,Earth,True,55 Cancri e,22.0,False,False,False,False,False,False,True,G,788.0,S
4815_01,Earth,False,55 Cancri e,21.0,False,False,False,False,False,False,True,F,907.0,S
4817_01,Mars,False,TRAPPIST-1e,26.0,False,False,False,False,False,False,False,F,979.0,P
4818_01,Mars,False,TRAPPIST-1e,65.0,False,False,False,False,False,False,True,D,150.0,S
4819_01,Mars,True,TRAPPIST-1e,20.0,False,False,False,False,False,False,True,F,980.0,P
4822_01,Mars,True,55 Cancri e,0.0,False,False,False,False,False,False,True,F,981.0,P
4822_02,Mars,True,TRAPPIST-1e,16.0,False,False,False,False,False,False,True,F,981.0,P
4822_03,Earth,True,TRAPPIST-1e,22.0,False,False,False,False,False,False,True,F,981.0,P
4822_04,Mars,False,TRAPPIST-1e,0.0,False,False,False,False,False,False,True,F,981.0,P
4823_01,Earth,False,TRAPPIST-1e,21.0,False,False,False,False,False,False,False,G,777.0,P
4827_01,Earth,True,PSO J318.5-22,30.0,False,False,False,False,False,False,True,G,789.0,S
4828_01,Earth,False,55 Cancri e,14.0,False,False,False,False,False,False,True,G,778.0,P
4829_01,Mars,False,TRAPPIST-1e,45.0,False,False,False,False,False,False,False,F,982.0,P
4830_01,Earth,False,TRAPPIST-1e,22.0,False,False,False,False,False,False,False,F,983.0,P
4831_01,Mars,True,TRAPPIST-1e,21.0,False,False,False,False,False,False,True,F,984.0,P
4832_01,Earth,False,TRAPPIST-1e,37.0,False,False,False,False,False,False,False,E,301.0,P
4836_01,Mars,True,TRAPPIST-1e,29.0,False,False,False,False,False,False,True,F,427.0,S
4836_02,Mars,False,TRAPPIST-1e,29.0,True,True,True,True,True,True,True,F,911.0,S
4837_01,Earth,False,TRAPPIST-1e,21.0,False,False,False,False,False,False,True,F,912.0,S
4838_01,Earth,False,TRAPPIST-1e,52.0,False,False,False,False,False,False,False,F,913.0,S
4840_01,Earth,True,TRAPPIST-1e,36.0,False,False,False,False,False,False,True,F,915.0,S
4841_01,Europa,True,55 Cancri e,59.0,False,False,False,False,False,False,True,B,192.0,S
4841_02,Europa,False,TRAPPIST-1e,21.0,False,False,False,False,False,False,False,B,192.0,S
4841_03,Europa,False,TRAPPIST-1e,25.0,False,False,False,False,False,False,False,B,192.0,S
4842_01,Mars,False,TRAPPIST-1e,23.0,False,False,False,False,False,False,False,D,152.0,S
4845_01,Europa,True,55 Cancri e,36.0,False,False,False,False,False,False,True,E,302.0,P
4846_01,Earth,False,TRAPPIST-1e,38.0,False,False,False,False,False,False,False,E,314.0,S
4846_02,Earth,True,TRAPPIST-1e,0.0,False,False,False,False,False,False,True,G,791.0,S
4847_01,Earth,False,TRAPPIST-1e,19.0,False,False,False,False,False,False,True,F,917.0,S
4848_01,Earth,False,TRAPPIST-1e,30.0,False,False,False,False,False,False,True,F,986.0,P
4850_01,Earth,False,TRAPPIST-1e,23.0,False,False,False,False,False,False,True,G,792.0,S
4850_02,Earth,False,TRAPPIST-1e,55.0,False,False,False,False,False,False,True,G,792.0,S
4851_01,Earth,False,PSO J318.5-22,44.0,False,False,False,False,False,False,True,F,918.0,S
4853_01,Europa,False,TRAPPIST-1e,30.0,False,False,False,False,False,False,False,C,153.0,P
4856_01,Earth,False,TRAPPIST-1e,39.0,False,False,False,False,False,False,True,F,920.0,S
4857_01,Earth,False,55 Cancri e,19.0,False,False,False,False,False,False,False,G,782.0,P
4862_01,Earth,False,TRAPPIST-1e,24.0,False,False,False,False,False,False,False,G,783.0,P
4863_01,Europa,False,TRAPPIST-1e,37.0,False,False,False,False,False,False,False,T,2.0,S
4864_01,Earth,False,55 Cancri e,24.0,False,False,False,False,False,False,False,G,784.0,P
4866_01,Earth,False,TRAPPIST-1e,17.0,False,False,False,False,False,False,True,F,922.0,S
4868_01,Earth,False,TRAPPIST-1e,17.0,False,False,False,False,False,False,True,E,304.0,P
4870_01,Earth,False,55 Cancri e,14.0,False,False,False,False,False,False,False,G,785.0,P
4871_01,Earth,False,PSO J318.5-22,13.0,False,False,False,False,False,False,False,F,990.0,P
4873_01,Europa,False,55 Cancri e,35.0,False,False,False,False,False,False,True,C,191.0,S
4874_01,Mars,False,TRAPPIST-1e,32.0,False,False,False,False,False,False,True,F,925.0,S
4874_02,Mars,True,TRAPPIST-1e,18.0,False,False,False,False,False,False,True,F,925.0,S
4875_01,Earth,False,TRAPPIST-1e,21.0,False,False,False,False,False,False,True,F,926.0,S
4876_01,Mars,False,TRAPPIST-1e,25.0,False,False,False,False,False,False,False,F,927.0,S
4878_01,Mars,False,TRAPPIST-1e,36.0,False,False,False,False,False,False,False,F,929.0,S
4879_01,Earth,False,TRAPPIST-1e,20.0,False,False,False,False,False,False,False,G,786.0,P
4880_01,Earth,False,55 Cancri e,22.0,False,False,False,False,False,False,False,G,787.0,P
4881_01,Mars,True,TRAPPIST-1e,27.0,False,False,False,False,False,False,True,E,315.0,S
4882_01,Europa,False,TRAPPIST-1e,27.0,False,False,False,False,False,False,False,B,193.0,S
4883_01,Earth,True,TRAPPIST-1e,38.0,False,False,False,False,False,False,True,G,788.0,P
4884_01,Mars,True,TRAPPIST-1e,23.0,False,False,False,False,False,False,False,E,316.0,S
4885_01,Mars,False,TRAPPIST-1e,21.0,False,False,False,False,False,False,True,F,930.0,S
4886_01,Earth,False,TRAPPIST-1e,18.0,False,False,False,False,False,False,False,F,931.0,S
4887_01,Earth,False,TRAPPIST-1e,20.0,False,False,False,False,False,False,True,F,991.0,P
4888_01,Europa,True,TRAPPIST-1e,28.0,False,False,False,False,False,False,True,C,192.0,S
4889_01,Earth,False,PSO J318.5-22,57.0,False,False,False,False,False,False,False,G,794.0,S
4890_01,Earth,False,55 Cancri e,10.0,False,False,False,False,False,False,True,G,795.0,S
4890_02,Earth,False,TRAPPIST-1e,23.0,False,False,False,False,False,False,True,F,932.0,S
4891_01,Europa,True,TRAPPIST-1e,22.0,False,False,False,False,False,False,True,B,194.0,S
4891_02,Europa,True,55 Cancri e,24.0,False,False,False,False,False,False,True,B,194.0,S
4892_01,Earth,False,TRAPPIST-1e,52.0,False,False,False,False,False,False,False,G,796.0,S
4893_01,Earth,True,55 Cancri e,31.0,False,False,False,False,False,False,True,G,797.0,S
4895_01,Earth,True,55 Cancri e,15.0,False,False,False,False,False,False,True,G,789.0,P
4896_01,Earth,False,TRAPPIST-1e,40.0,False,False,False,False,False,False,False,F,992.0,P
4897_01,Earth,False,TRAPPIST-1e,18.0,False,False,False,False,False,False,False,F,993.0,P
4898_01,Earth,False,TRAPPIST-1e,28.0,False,False,False,False,False,False,True,F,933.0,S
4899_01,Earth,True,TRAPPIST-1e,40.0,False,False,False,False,False,False,True,G,799.0,S
4899_02,Earth,False,PSO J318.5-22,32.0,False,False,False,False,False,False,True,G,799.0,S
4900_01,Earth,False,PSO J318.5-22,35.0,False,False,False,False,False,False,False,F,994.0,P
4901_01,Earth,False,TRAPPIST-1e,52.0,False,False,False,False,False,False,False,G,790.0,P
4901_02,Earth,False,TRAPPIST-1e,34.0,False,False,False,False,False,False,False,E,305.0,P
4902_01,Earth,True,TRAPPIST-1e,46.0,False,False,False,False,False,False,False,G,791.0,P
4903_01,Earth,False,55 Cancri e,23.0,False,False,False,False,False,False,False,F,995.0,P
4904_01,Earth,False,TRAPPIST-1e,44.0,False,False,False,False,False,False,False,E,317.0,S
4909_01,Earth,False,55 Cancri e,59.0,False,False,False,False,False,False,False,F,997.0,P
4910_01,Europa,False,TRAPPIST-1e,42.0,False,False,False,False,False,False,False,E,306.0,P
4911_01,Earth,False,TRAPPIST-1e,18.0,False,False,False,False,False,False,False,F,998.0,P
4912_01,Mars,False,TRAPPIST-1e,29.0,False,False,False,False,False,False,False,D,160.0,P
4912_02,Mars,True,TRAPPIST-1e,15.0,False,False,False,False,False,False,True,F,999.0,P
4913_01,Mars,False,TRAPPIST-1e,19.0,False,False,False,False,False,False,True,F,1000.0,P
4915_01,Earth,True,PSO J318.5-22,49.0,False,False,False,False,False,False,False,G,793.0,P
4916_01,Mars,True,TRAPPIST-1e,19.0,False,False,False,False,False,False,True,F,1001.0,P
4917_01,Europa,False,55 Cancri e,36.0,True,True,True,True,True,True,True,B,195.0,S
4918_01,Earth,True,55 Cancri e,59.0,False,False,False,False,False,False,True,G,794.0,P
4920_01,Earth,True,55 Cancri e,24.0,False,False,False,False,False,False,True,G,802.0,S
4923_01,Mars,True,TRAPPIST-1e,4.0,False,False,False,False,False,False,True,F,935.0,S
4923_02,Mars,True,TRAPPIST-1e,20.0,False,False,False,False,False,False,True,F,935.0,S
4923_03,Mars,False,TRAPPIST-1e,24.0,False,False,False,False,False,False,True,F,935.0,S
4924_01,Mars,False,55 Cancri e,31.0,False,False,False,False,False,False,False,F,1002.0,P
4925_01,Mars,False,TRAPPIST-1e,23.0,False,False,False,False,False,False,True,F,936.0,S
4927_01,Mars,False,TRAPPIST-1e,3.0,False,False,False,False,False,False,True,F,937.0,S
4927_02,Mars,True,TRAPPIST-1e,22.0,False,False,False,False,False,False,True,F,937.0,S
4927_03,Mars,False,TRAPPIST-1e,20.0,False,False,False,False,False,False,True,F,937.0,S
4927_04,Mars,False,TRAPPIST-1e,0.0,False,False,False,False,False,False,True,F,937.0,S
4929_01,Mars,True,55 Cancri e,13.0,False,False,False,False,False,False,True,F,1004.0,P
4930_01,Europa,True,TRAPPIST-1e,47.0,False,False,False,False,False,False,True,B,161.0,P
4930_02,Europa,False,TRAPPIST-1e,51.0,False,False,False,False,False,False,True,B,161.0,P
4932_01,Mars,False,TRAPPIST-1e,22.0,False,False,False,False,False,False,True,D,161.0,P
4932_02,Mars,True,55 Cancri e,3.0,False,False,False,False,False,False,True,F,1005.0,P
4933_01,Mars,False,TRAPPIST-1e,4.0,False,False,False,False,False,False,True,F,938.0,S
4933_02,Earth,False,TRAPPIST-1e,16.0,False,False,False,False,False,False,False,F,938.0,S
4933_03,Mars,False,TRAPPIST-1e,24.0,False,False,False,False,False,False,False,F,938.0,S
4933_04,Mars,True,TRAPPIST-1e,1.0,False,False,False,False,False,False,True,F,938.0,S
4934_01,Earth,False,TRAPPIST-1e,31.0,False,False,False,False,False,False,False,F,1006.0,P
4937_01,Earth,False,TRAPPIST-1e,34.0,False,False,False,False,False,False,False,G,803.0,S
4938_01,Earth,False,55 Cancri e,20.0,False,False,False,False,False,False,True,G,804.0,S
4939_01,Earth,False,TRAPPIST-1e,19.0,False,False,False,False,False,False,True,F,1007.0,P
4940_01,Earth,True,TRAPPIST-1e,19.0,False,False,False,False,False,False,True,G,805.0,S
4941_01,Mars,False,TRAPPIST-1e,35.0,False,False,False,False,False,False,False,F,1008.0,P
4942_01,Earth,True,TRAPPIST-1e,3.0,False,False,False,False,False,False,True,G,806.0,S
4942_02,Earth,True,TRAPPIST-1e,36.0,False,False,False,False,False,False,True,G,806.0,S
4943_01,Mars,True,TRAPPIST-1e,20.0,False,False,False,False,False,False,True,F,1009.0,P
4944_01,Europa,False,55 Cancri e,27.0,False,False,False,False,False,False,True,A,60.0,S
4944_02,Europa,False,55 Cancri e,58.0,False,False,False,False,False,False,False,A,60.0,S
4944_03,Europa,False,TRAPPIST-1e,56.0,False,False,False,False,False,False,False,A,60.0,S
4945_01,Earth,True,PSO J318.5-22,27.0,False,False,False,False,False,False,True,G,798.0,P
4946_01,Earth,True,TRAPPIST-1e,25.0,False,False,False,False,False,False,False,G,799.0,P
4950_01,Earth,True,PSO J318.5-22,39.0,False,False,False,False,False,False,False,G,800.0,P
4951_01,Mars,False,TRAPPIST-1e,43.0,False,False,False,False,False,False,True,F,1010.0,P
4952_01,Mars,True,TRAPPIST-1e,42.0,False,False,False,False,False,False,True,F,939.0,S
4954_01,Earth,False,TRAPPIST-1e,24.0,False,False,False,False,False,False,True,G,808.0,S
4956_01,Earth,True,TRAPPIST-1e,19.0,False,False,False,False,False,False,True,G,809.0,S
4958_01,Earth,False,TRAPPIST-1e,32.0,False,False,False,False,False,False,False,G,810.0,S
4961_01,Mars,False,TRAPPIST-1e,32.0,False,False,False,False,False,False,True,F,942.0,S
4963_01,Earth,True,TRAPPIST-1e,61.0,False,False,False,False,False,False,True,G,811.0,S
4964_01,Mars,False,TRAPPIST-1e,64.0,False,False,False,False,False,False,False,D,154.0,S
4965_01,Earth,False,TRAPPIST-1e,21.0,False,False,False,False,False,False,False,E,308.0,P
4970_01,Earth,False,PSO J318.5-22,26.0,False,False,False,False,False,False,False,F,943.0,S
4972_01,Europa,False,55 Cancri e,35.0,False,False,False,False,False,False,True,B,162.0,P
4973_01,Earth,False,TRAPPIST-1e,43.0,False,False,False,False,False,False,False,E,309.0,P
4973_02,Earth,True,55 Cancri e,3.0,False,False,False,False,False,False,True,G,803.0,P
4974_01,Europa,False,TRAPPIST-1e,56.0,False,False,False,False,False,False,False,A,44.0,P
4974_02,Europa,True,55 Cancri e,45.0,False,False,False,False,False,False,True,F,427.0,S
4975_01,Earth,True,PSO J318.5-22,25.0,False,False,False,False,False,False,True,G,813.0,S
4975_02,Earth,False,TRAPPIST-1e,12.0,False,False,False,False,False,False,True,G,813.0,S
4975_03,Earth,True,PSO J318.5-22,2.0,False,False,False,False,False,False,True,G,813.0,S
4977_01,Earth,False,TRAPPIST-1e,46.0,False,False,False,False,False,False,True,F,945.0,S
4977_02,Earth,False,TRAPPIST-1e,32.0,False,False,False,False,False,False,False,F,945.0,S
4978_01,Earth,False,TRAPPIST-1e,20.0,False,False,False,False,False,False,False,F,1015.0,P
4979_01,Earth,True,PSO J318.5-22,24.0,False,False,False,False,False,False,False,G,804.0,P
4980_01,Earth,False,TRAPPIST-1e,28.0,False,False,False,False,False,False,False,G,805.0,P
4980_02,Earth,False,TRAPPIST-1e,12.0,False,False,False,False,False,False,False,G,805.0,P
4980_03,Earth,False,TRAPPIST-1e,11.0,False,False,False,False,False,False,False,G,805.0,P
4981_01,Earth,False,TRAPPIST-1e,16.0,False,False,False,False,False,False,True,F,946.0,S
4981_02,Earth,False,PSO J318.5-22,29.0,False,False,False,False,False,False,True,G,814.0,S
4981_03,Earth,False,TRAPPIST-1e,24.0,False,False,False,False,False,False,False,G,814.0,S
4983_01,Earth,False,TRAPPIST-1e,22.0,False,False,False,False,False,False,True,F,1016.0,P
4987_01,Earth,False,TRAPPIST-1e,21.0,False,False,False,False,False,False,True,G,816.0,S
4989_01,Earth,False,TRAPPIST-1e,38.0,False,False,False,False,False,False,False,E,310.0,P
4990_01,Europa,True,TRAPPIST-1e,35.0,False,False,False,False,False,False,False,B,164.0,P
4991_01,Earth,False,TRAPPIST-1e,79.0,False,False,False,False,False,False,False,G,806.0,P
4992_01,Earth,False,PSO J318.5-22,22.0,False,False,False,False,False,False,False,F,1018.0,P
4995_01,Earth,False,55 Cancri e,42.0,False,False,False,False,False,False,True,G,807.0,P
4996_01,Mars,True,TRAPPIST-1e,34.0,False,False,False,False,False,False,True,F,949.0,S
4997_01,Europa,True,TRAPPIST-1e,52.0,False,False,False,False,False,False,True,C,156.0,P
4998_01,Earth,True,TRAPPIST-1e,43.0,False,False,False,False,False,False,True,G,818.0,S
4999_01,Earth,False,TRAPPIST-1e,30.0,False,False,False,False,False,False,False,F,950.0,S
5000_01,Earth,True,TRAPPIST-1e,35.0,False,False,False,False,False,False,True,G,808.0,P
5003_01,Earth,True,TRAPPIST-1e,18.0,False,False,False,False,False,False,False,G,809.0,P
5004_01,Europa,True,TRAPPIST-1e,27.0,False,False,False,False,False,False,True,B,165.0,P
5005_01,Earth,False,TRAPPIST-1e,46.0,False,False,False,False,False,False,False,F,1019.0,P
5006_01,Europa,True,TRAPPIST-1e,15.0,False,False,False,False,False,False,True,B,166.0,P
5006_02,Europa,True,55 Cancri e,44.0,False,False,False,False,False,False,True,B,166.0,P
5006_03,Europa,False,TRAPPIST-1e,20.0,False,False,False,False,False,False,False,B,166.0,P
5007_01,Mars,False,TRAPPIST-1e,35.0,False,False,False,False,False,False,False,F,951.0,S
5008_01,Mars,True,TRAPPIST-1e,19.0,False,False,False,False,False,False,True,F,952.0,S
5009_01,Mars,True,TRAPPIST-1e,47.0,False,False,False,False,False,False,True,F,1020.0,P
5010_01,Mars,False,TRAPPIST-1e,26.0,True,True,True,True,True,True,False,F,1021.0,P
5012_01,Earth,True,55 Cancri e,24.0,False,False,False,False,False,False,True,G,811.0,P
5013_01,Earth,False,TRAPPIST-1e,23.0,False,False,False,False,False,False,True,F,953.0,S
5014_01,Earth,False,TRAPPIST-1e,26.0,False,False,False,False,False,False,False,D,162.0,P
5014_02,Mars,True,TRAPPIST-1e,5.0,False,False,False,False,False,False,True,F,1022.0,P
5015_01,Europa,False,55 Cancri e,35.0,False,False,False,False,False,False,False,C,194.0,S
5016_01,Mars,False,TRAPPIST-1e,18.0,False,False,False,False,False,False,False,F,1023.0,P
5017_01,Mars,True,TRAPPIST-1e,32.0,False,False,False,False,False,False,True,F,954.0,S
5018_01,Earth,True,TRAPPIST-1e,13.0,False,False,False,False,False,False,True,G,812.0,P
5019_01,Earth,False,TRAPPIST-1e,15.0,False,False,False,False,False,False,False,F,955.0,S
5020_01,Earth,False,PSO J318.5-22,18.0,False,False,False,False,False,False,True,F,956.0,S
5021_01,Europa,False,TRAPPIST-1e,41.0,False,False,False,False,False,False,True,B,167.0,P
5023_01,Earth,False,55 Cancri e,36.0,False,False,False,False,False,False,False,G,813.0,P
5025_01,Earth,False,TRAPPIST-1e,33.0,False,False,False,False,False,False,False,F,1024.0,P
5027_01,Earth,False,55 Cancri e,41.0,False,False,False,False,False,False,False,E,321.0,S
5028_01,Europa,False,55 Cancri e,47.0,False,False,False,False,False,False,False,A,61.0,S
5032_01,Europa,True,TRAPPIST-1e,32.0,False,False,False,False,False,False,True,E,322.0,S
5034_01,Earth,False,TRAPPIST-1e,36.0,False,False,False,False,False,False,False,G,824.0,S
5035_01,Earth,True,TRAPPIST-1e,13.0,False,False,False,False,False,False,True,G,825.0,S
5036_01,Earth,True,PSO J318.5-22,34.0,False,False,False,False,False,False,False,G,814.0,P
5036_02,Earth,False,TRAPPIST-1e,24.0,False,False,False,False,False,False,False,G,814.0,P
5039_01,Mars,False,TRAPPIST-1e,16.0,False,False,False,False,False,False,False,F,958.0,S
5039_02,Mars,True,TRAPPIST-1e,12.0,False,False,False,False,False,False,True,F,958.0,S
5039_03,Mars,False,TRAPPIST-1e,24.0,False,False,False,False,False,False,True,F,958.0,S
5039_04,Mars,False,TRAPPIST-1e,35.0,False,False,False,False,False,False,False,F,958.0,S
5040_01,Europa,False,TRAPPIST-1e,26.0,False,False,False,False,False,False,False,C,195.0,S
5040_02,Europa,False,55 Cancri e,39.0,False,False,False,False,False,False,False,C,195.0,S
5042_01,Earth,False,TRAPPIST-1e,18.0,False,False,False,False,False,False,True,F,1026.0,P
5044_01,Earth,False,TRAPPIST-1e,23.0,False,False,False,False,False,False,False,G,826.0,S
5044_02,Earth,True,PSO J318.5-22,29.0,False,False,False,False,False,False,True,G,826.0,S
5048_01,Earth,False,TRAPPIST-1e,38.0,False,False,False,False,False,False,True,F,427.0,S
5050_01,Earth,False,TRAPPIST-1e,31.0,False,False,False,False,False,False,False,F,1028.0,P
5051_01,Mars,False,TRAPPIST-1e,49.0,False,False,False,False,False,False,False,E,324.0,S
5052_01,Mars,True,TRAPPIST-1e,17.0,False,False,False,False,False,False,True,F,961.0,S
5052_02,Mars,False,55 Cancri e,23.0,False,False,False,False,False,False,True,F,961.0,S
5057_01,Earth,True,55 Cancri e,15.0,False,False,False,False,False,False,True,G,816.0,P
5058_01,Mars,True,TRAPPIST-1e,11.0,False,False,False,False,False,False,True,F,963.0,S
5058_02,Mars,False,PSO J318.5-22,30.0,True,True,True,True,True,True,False,F,963.0,S
5058_03,Mars,True,TRAPPIST-1e,42.0,False,False,False,False,False,False,True,F,963.0,S
5059_01,Earth,False,55 Cancri e,21.0,False,False,False,False,False,False,False,F,1030.0,P
5060_01,Europa,True,55 Cancri e,41.0,False,False,False,False,False,False,True,C,157.0,P
5060_02,Europa,True,TRAPPIST-1e,14.0,False,False,False,False,False,False,True,C,157.0,P
5060_03,Europa,False,55 Cancri e,27.0,False,False,False,False,False,False,False,C,157.0,P
5060_04,Europa,False,55 Cancri e,29.0,True,True,True,True,True,True,False,C,157.0,P
5061_01,Europa,True,TRAPPIST-1e,25.0,False,False,False,False,False,False,True,C,196.0,S
5061_02,Europa,False,TRAPPIST-1e,54.0,False,False,False,False,False,False,True,C,196.0,S
5062_01,Earth,False,TRAPPIST-1e,46.0,False,False,False,False,False,False,False,E,325.0,S
5063_01,Earth,False,TRAPPIST-1e,18.0,False,False,False,False,False,False,True,G,830.0,S
5064_01,Europa,False,55 Cancri e,22.0,False,False,False,False,False,False,False,A,62.0,S
5065_01,Europa,True,55 Cancri e,29.0,False,False,False,False,False,False,True,E,326.0,S
5065_02,Europa,False,55 Cancri e,26.0,False,False,False,False,False,False,False,E,326.0,S
5067_01,Earth,False,55 Cancri e,36.0,False,False,False,False,False,False,True,F,964.0,S
5068_01,Earth,False,TRAPPIST-1e,19.0,False,False,False,False,False,False,True,E,314.0,P
5069_01,Earth,False,PSO J318.5-22,56.0,False,False,False,False,False,False,False,F,965.0,S
5070_01,Earth,False,TRAPPIST-1e,20.0,False,False,False,False,False,False,True,F,966.0,S
5072_01,Earth,False,TRAPPIST-1e,10.0,False,False,False,False,False,False,False,G,817.0,P
5072_02,Earth,True,PSO J318.5-22,14.0,False,False,False,False,False,False,False,G,817.0,P
5073_01,Mars,True,55 Cancri e,27.0,False,False,False,False,False,False,True,F,1033.0,P
5074_01,Mars,False,TRAPPIST-1e,35.0,False,False,False,False,False,False,False,F,967.0,S
5076_01,Earth,False,TRAPPIST-1e,13.0,False,False,False,False,False,False,False,G,818.0,P
5080_01,Earth,False,TRAPPIST-1e,21.0,False,False,False,False,False,False,False,F,969.0,S
5083_01,Earth,True,TRAPPIST-1e,22.0,False,False,False,False,False,False,False,G,820.0,P
5084_01,Europa,True,TRAPPIST-1e,29.0,False,False,False,False,False,False,False,E,315.0,P
5084_02,Europa,False,TRAPPIST-1e,32.0,False,False,False,False,False,False,False,E,315.0,P
5085_01,Earth,False,TRAPPIST-1e,20.0,False,False,False,False,False,False,True,F,970.0,S
5087_01,Mars,False,TRAPPIST-1e,44.0,False,False,False,False,False,False,False,F,1036.0,P
5088_01,Earth,False,55 Cancri e,22.0,False,False,False,False,False,False,True,F,972.0,S
5089_01,Europa,False,TRAPPIST-1e,39.0,False,False,False,False,False,False,False,B,170.0,P
5089_02,Europa,False,TRAPPIST-1e,19.0,False,False,False,False,False,False,True,B,170.0,P
5090_01,Earth,False,TRAPPIST-1e,0.0,False,False,False,False,False,False,False,G,821.0,P
5090_02,Earth,True,TRAPPIST-1e,0.0,False,False,False,False,False,False,False,G,821.0,P
5090_03,Earth,False,PSO J318.5-22,12.0,False,False,False,False,False,False,True,G,821.0,P
5090_04,Earth,True,TRAPPIST-1e,7.0,False,False,False,False,False,False,False,G,821.0,P
5090_05,Earth,False,PSO J318.5-22,32.0,False,False,False,False,False,False,False,E,316.0,P
5090_06,Earth,False,TRAPPIST-1e,11.0,False,False,False,False,False,False,True,G,821.0,P
5091_01,Earth,False,55 Cancri e,18.0,False,False,False,False,False,False,False,F,973.0,S
5093_01,Europa,False,55 Cancri e,49.0,True,True,True,True,True,True,False,C,158.0,P
5095_01,Mars,True,TRAPPIST-1e,61.0,False,False,False,False,False,False,True,F,1038.0,P
5097_01,Earth,True,55 Cancri e,7.0,False,False,False,False,False,False,True,G,823.0,P
5097_02,Earth,False,TRAPPIST-1e,25.0,False,False,False,False,False,False,True,G,823.0,P
5097_03,Earth,False,55 Cancri e,51.0,False,False,False,False,False,False,True,F,1039.0,P
5103_01,Europa,True,TRAPPIST-1e,56.0,False,False,False,False,False,False,True,E,317.0,P
5104_01,Earth,False,TRAPPIST-1e,31.0,False,False,False,False,False,False,True,G,833.0,S
5105_01,Earth,True,PSO J318.5-22,16.0,False,False,False,False,False,False,True,F,427.0,S
5106_01,Earth,True,TRAPPIST-1e,29.0,False,False,False,False,False,False,True,G,834.0,S
5108_01,Earth,True,PSO J318.5-22,17.0,False,False,False,False,False,False,True,G,825.0,P
5109_01,Earth,False,PSO J318.5-22,47.0,False,False,False,False,False,False,True,G,835.0,S
5111_01,Europa,False,TRAPPIST-1e,25.0,False,False,False,False,False,False,False,B,171.0,P
5111_02,Europa,False,TRAPPIST-1e,28.0,False,False,False,False,False,False,False,B,171.0,P
5111_03,Europa,False,TRAPPIST-1e,32.0,False,False,False,False,False,False,False,B,171.0,P
5112_01,Europa,True,55 Cancri e,56.0,False,False,False,False,False,False,True,C,198.0,S
5112_02,Europa,True,55 Cancri e,25.0,False,False,False,False,False,False,True,C,198.0,S
5112_03,Europa,True,TRAPPIST-1e,13.0,False,False,False,False,False,False,True,C,198.0,S
5115_01,Europa,True,TRAPPIST-1e,41.0,False,False,False,False,False,False,True,C,199.0,S
5115_02,Europa,True,55 Cancri e,28.0,False,False,False,False,False,False,True,C,199.0,S
5116_01,Mars,True,TRAPPIST-1e,25.0,False,False,False,False,False,False,True,F,980.0,S
5116_02,Mars,True,TRAPPIST-1e,11.0,False,False,False,False,False,False,True,F,980.0,S
5120_01,Mars,False,TRAPPIST-1e,20.0,False,False,False,False,False,False,False,E,320.0,P
5122_01,Earth,False,TRAPPIST-1e,24.0,False,False,False,False,False,False,True,F,981.0,S
5124_01,Earth,False,TRAPPIST-1e,41.0,False,False,False,False,False,False,False,F,1044.0,P
5125_01,Earth,False,55 Cancri e,29.0,False,False,False,False,False,False,False,F,982.0,S
5126_01,Europa,True,55 Cancri e,59.0,False,False,False,False,False,False,True,C,200.0,S
5127_01,Earth,False,TRAPPIST-1e,31.0,False,False,False,False,False,False,True,G,837.0,S
5127_02,Earth,False,TRAPPIST-1e,16.0,False,False,False,False,False,False,False,F,983.0,S
5128_01,Mars,False,TRAPPIST-1e,65.0,False,False,False,False,False,False,False,F,1045.0,P
5128_02,Mars,False,TRAPPIST-1e,21.0,False,False,False,False,False,False,True,F,1045.0,P
5129_01,Earth,True,TRAPPIST-1e,27.0,False,False,False,False,False,False,True,G,827.0,P
5130_01,Earth,True,TRAPPIST-1e,37.0,False,False,False,False,False,False,True,G,838.0,S
5132_01,Earth,False,TRAPPIST-1e,42.0,False,False,False,False,False,False,False,G,828.0,P
5133_01,Earth,False,55 Cancri e,36.0,False,False,False,False,False,False,True,G,829.0,P
5133_02,Earth,True,PSO J318.5-22,24.0,False,False,False,False,False,False,False,G,829.0,P
5133_03,Earth,True,PSO J318.5-22,27.0,False,False,False,False,False,False,True,G,829.0,P
5133_04,Earth,False,55 Cancri e,19.0,False,False,False,False,False,False,False,F,1046.0,P
5133_05,Earth,False,TRAPPIST-1e,26.0,False,False,False,False,False,False,False,F,1046.0,P
5133_06,Earth,True,55 Cancri e,19.0,False,False,False,False,False,False,True,G,829.0,P
5133_07,Earth,False,TRAPPIST-1e,26.0,False,False,False,False,False,False,False,F,1046.0,P
5133_08,Earth,False,TRAPPIST-1e,35.0,False,False,False,False,False,False,False,F,1046.0,P
5136_01,Earth,False,55 Cancri e,24.0,False,False,False,False,False,False,False,F,984.0,S
5137_01,Earth,False,TRAPPIST-1e,9.0,False,False,False,False,False,False,True,G,839.0,S
5138_01,Europa,False,55 Cancri e,40.0,False,False,False,False,False,False,True,A,47.0,P
5140_01,Earth,True,PSO J318.5-22,23.0,False,False,False,False,False,False,True,G,840.0,S
5142_01,Mars,False,TRAPPIST-1e,4.0,False,False,False,False,False,False,True,F,1050.0,P
5142_02,Mars,False,TRAPPIST-1e,20.0,False,False,False,False,False,False,False,F,1050.0,P
5142_03,Mars,True,TRAPPIST-1e,21.0,False,False,False,False,False,False,True,F,1050.0,P
5142_04,Mars,False,TRAPPIST-1e,4.0,False,False,False,False,False,False,True,F,1050.0,P
5144_01,Earth,True,TRAPPIST-1e,19.0,False,False,False,False,False,False,True,G,830.0,P
5145_01,Earth,True,TRAPPIST-1e,18.0,False,False,False,False,False,False,True,G,841.0,S
5146_01,Earth,False,55 Cancri e,26.0,False,False,False,False,False,False,True,F,986.0,S
5148_01,Earth,False,TRAPPIST-1e,13.0,False,False,False,False,False,False,False,F,1051.0,P
5148_02,Earth,True,TRAPPIST-1e,16.0,False,False,False,False,False,False,True,G,831.0,P
5151_01,Mars,True,TRAPPIST-1e,14.0,False,False,False,False,False,False,True,F,1052.0,P
5152_01,Europa,False,TRAPPIST-1e,40.0,False,False,False,False,False,False,False,B,199.0,S
5154_01,Mars,False,TRAPPIST-1e,34.0,True,True,True,True,True,True,False,E,321.0,P
5156_01,Europa,True,55 Cancri e,21.0,False,False,False,False,False,False,True,B,200.0,S
5156_02,Europa,False,TRAPPIST-1e,29.0,False,False,False,False,False,False,True,B,200.0,S
5157_01,Earth,False,TRAPPIST-1e,40.0,False,False,False,False,False,False,True,G,844.0,S
5158_01,Earth,False,TRAPPIST-1e,16.0,False,False,False,False,False,False,False,F,1054.0,P
5160_01,Earth,False,TRAPPIST-1e,37.0,False,False,False,False,False,False,False,G,832.0,P
5161_01,Mars,True,55 Cancri e,41.0,False,False,False,False,False,False,True,D,156.0,S
5162_01,Mars,True,55 Cancri e,16.0,False,False,False,False,False,False,True,F,988.0,S
5162_02,Mars,False,55 Cancri e,39.0,False,False,False,False,False,False,False,F,988.0,S
5163_01,Earth,True,TRAPPIST-1e,30.0,False,False,False,False,False,False,True,E,322.0,P
5163_02,Earth,False,TRAPPIST-1e,40.0,False,False,False,False,False,False,True,E,322.0,P
5165_01,Earth,False,TRAPPIST-1e,63.0,False,False,False,False,False,False,True,F,989.0,S
5166_01,Mars,False,TRAPPIST-1e,32.0,False,False,False,False,False,False,True,D,163.0,P
5167_01,Earth,False,TRAPPIST-1e,47.0,False,False,False,False,False,False,False,F,990.0,S
5170_01,Earth,False,55 Cancri e,23.0,False,False,False,False,False,False,False,F,1056.0,P
5171_01,Earth,False,TRAPPIST-1e,23.0,False,False,False,False,False,False,False,F,991.0,S
5173_01,Mars,True,TRAPPIST-1e,19.0,False,False,False,False,False,False,True,F,1057.0,P
5174_01,Europa,True,55 Cancri e,44.0,False,False,False,False,False,False,True,C,159.0,P
5174_02,Europa,False,TRAPPIST-1e,29.0,False,False,False,False,False,False,False,C,159.0,P
5175_01,Earth,False,TRAPPIST-1e,21.0,False,False,False,False,False,False,False,G,834.0,P
5176_01,Earth,False,TRAPPIST-1e,23.0,False,False,False,False,False,False,False,E,323.0,P
5177_01,Europa,False,TRAPPIST-1e,26.0,True,True,True,True,True,True,True,B,201.0,S
5179_01,Europa,True,55 Cancri e,47.0,False,False,False,False,False,False,True,C,160.0,P
5180_01,Earth,True,PSO J318.5-22,20.0,False,False,False,False,False,False,True,G,835.0,P
5181_01,Europa,False,TRAPPIST-1e,48.0,False,False,False,False,False,False,True,B,175.0,P
5182_01,Earth,True,TRAPPIST-1e,4.0,False,False,False,False,False,False,True,G,836.0,P
5182_02,Earth,False,TRAPPIST-1e,25.0,False,False,False,False,False,False,True,G,836.0,P
5184_01,Earth,False,TRAPPIST-1e,0.0,False,False,False,False,False,False,True,G,837.0,P
5185_01,Mars,False,TRAPPIST-1e,29.0,False,False,False,False,False,False,False,E,330.0,S
5186_01,Earth,False,TRAPPIST-1e,21.0,False,False,False,False,False,False,False,F,1058.0,P
5187_01,Earth,False,TRAPPIST-1e,20.0,False,False,False,False,False,False,False,E,324.0,P
5188_01,Earth,False,TRAPPIST-1e,34.0,False,False,False,False,False,False,False,G,838.0,P
5188_02,Earth,True,TRAPPIST-1e,9.0,False,False,False,False,False,False,True,G,838.0,P
5188_03,Earth,True,TRAPPIST-1e,12.0,False,False,False,False,False,False,False,G,838.0,P
5190_01,Earth,False,TRAPPIST-1e,13.0,False,False,False,False,False,False,False,F,994.0,S
5192_01,Mars,True,TRAPPIST-1e,27.0,False,False,False,False,False,False,True,F,995.0,S
5193_01,Europa,False,TRAPPIST-1e,34.0,False,False,False,False,False,False,True,C,202.0,S
5194_01,Europa,True,TRAPPIST-1e,18.0,False,False,False,False,False,False,True,B,176.0,P
5194_02,Europa,True,55 Cancri e,16.0,False,False,False,False,False,False,True,B,176.0,P
5196_01,Earth,True,TRAPPIST-1e,43.0,False,False,False,False,False,False,True,G,839.0,P
5196_02,Earth,True,TRAPPIST-1e,0.0,False,False,False,False,False,False,False,G,839.0,P
5197_01,Earth,False,TRAPPIST-1e,20.0,False,False,False,False,False,False,True,E,325.0,P
5198_01,Mars,False,TRAPPIST-1e,45.0,False,False,False,False,False,False,False,F,1059.0,P
5199_01,Europa,False,TRAPPIST-1e,35.0,False,False,False,False,False,False,False,D,158.0,S
5201_01,Earth,False,TRAPPIST-1e,21.0,False,False,False,False,False,False,False,F,1060.0,P
5202_01,Earth,True,TRAPPIST-1e,14.0,False,False,False,False,False,False,True,G,840.0,P
5204_01,Earth,False,PSO J318.5-22,46.0,False,False,False,False,False,False,False,F,1061.0,P
5205_01,Earth,False,TRAPPIST-1e,22.0,False,False,False,False,False,False,False,F,997.0,S
5205_02,Earth,False,TRAPPIST-1e,2.0,False,False,False,False,False,False,True,G,845.0,S
5205_03,Earth,False,TRAPPIST-1e,3.0,False,False,False,False,False,False,True,G,845.0,S
5206_01,Earth,True,55 Cancri e,28.0,False,False,False,False,False,False,True,G,841.0,P
5206_02,Earth,False,PSO J318.5-22,60.0,False,False,False,False,False,False,False,F,1062.0,P
5206_03,Earth,False,PSO J318.5-22,48.0,False,False,False,False,False,False,False,G,841.0,P
5207_01,Earth,False,55 Cancri e,18.0,False,False,False,False,False,False,True,E,331.0,S
5207_02,Earth,False,TRAPPIST-1e,31.0,False,False,False,False,False,False,False,F,998.0,S
5208_01,Europa,True,55 Cancri e,26.0,False,False,False,False,False,False,True,C,163.0,P
5208_02,Europa,False,55 Cancri e,41.0,False,False,False,False,False,False,False,C,163.0,P
5209_01,Earth,False,TRAPPIST-1e,26.0,False,False,False,False,False,False,True,F,999.0,S
5210_01,Earth,False,TRAPPIST-1e,29.0,False,False,False,False,False,False,True,F,1063.0,P
5211_01,Earth,False,TRAPPIST-1e,24.0,False,False,False,False,False,False,False,E,332.0,S
5213_01,Earth,False,TRAPPIST-1e,25.0,False,False,False,False,False,False,True,F,1064.0,P
5214_01,Earth,False,55 Cancri e,0.0,False,False,False,False,False,False,False,G,842.0,P
5216_01,Earth,True,TRAPPIST-1e,30.0,False,False,False,False,False,False,False,G,843.0,P
5217_01,Europa,True,55 Cancri e,18.0,False,False,False,False,False,False,True,B,177.0,P
5217_02,Europa,True,55 Cancri e,32.0,False,False,False,False,False,False,True,B,177.0,P
5218_01,Earth,False,TRAPPIST-1e,28.0,False,False,False,False,False,False,False,F,1000.0,S
5220_01,Mars,False,TRAPPIST-1e,21.0,False,False,False,False,False,False,False,D,165.0,P
5221_01,Earth,False,TRAPPIST-1e,25.0,False,False,False,False,False,False,False,F,1065.0,P
5223_01,Mars,False,55 Cancri e,47.0,False,False,False,False,False,False,True,F,1002.0,S
5223_02,Mars,True,PSO J318.5-22,27.0,False,False,False,False,False,False,True,F,1002.0,S
5223_03,Mars,True,TRAPPIST-1e,8.0,False,False,False,False,False,False,True,F,1002.0,S
5224_01,Earth,False,TRAPPIST-1e,24.0,False,False,False,False,False,False,False,F,1003.0,S
5225_01,Mars,True,TRAPPIST-1e,30.0,False,False,False,False,False,False,True,E,334.0,S
5226_01,Earth,True,PSO J318.5-22,24.0,False,False,False,False,False,False,True,G,848.0,S
5227_01,Earth,True,TRAPPIST-1e,13.0,False,False,False,False,False,False,True,G,849.0,S
5229_01,Earth,False,TRAPPIST-1e,16.0,False,False,False,False,False,False,False,E,335.0,S
5230_01,Mars,False,TRAPPIST-1e,23.0,False,False,False,False,False,False,True,F,1004.0,S
5234_01,Mars,False,TRAPPIST-1e,16.0,False,False,False,False,False,False,True,F,1067.0,P
5235_01,Earth,False,TRAPPIST-1e,29.0,False,False,False,False,False,False,False,G,844.0,P
5236_01,Earth,False,TRAPPIST-1e,46.0,False,False,False,False,False,False,True,E,326.0,P
5238_01,Earth,True,PSO J318.5-22,13.0,False,False,False,False,False,False,False,G,845.0,P
5239_01,Earth,True,TRAPPIST-1e,22.0,False,False,False,False,False,False,True,G,852.0,S
5240_01,Earth,True,TRAPPIST-1e,29.0,False,False,False,False,False,False,True,G,853.0,S
5242_01,Earth,True,TRAPPIST-1e,46.0,False,False,False,False,False,False,True,G,854.0,S
5243_01,Earth,False,TRAPPIST-1e,24.0,False,False,False,False,False,False,True,F,1005.0,S
5243_02,Earth,True,TRAPPIST-1e,33.0,False,False,False,False,False,False,True,G,855.0,S
5244_01,Mars,False,TRAPPIST-1e,38.0,False,False,False,False,False,False,False,F,1006.0,S
5246_01,Earth,True,TRAPPIST-1e,57.0,False,False,False,False,False,False,True,G,847.0,P
5246_02,Earth,False,TRAPPIST-1e,27.0,False,False,False,False,False,False,True,F,1070.0,P
5247_01,Earth,False,TRAPPIST-1e,38.0,False,False,False,False,False,False,True,G,848.0,P
5248_01,Earth,False,TRAPPIST-1e,28.0,False,False,False,False,False,False,True,G,856.0,S
5249_01,Mars,False,TRAPPIST-1e,25.0,False,False,False,False,False,False,False,E,327.0,P
5250_01,Mars,True,TRAPPIST-1e,22.0,False,False,False,False,False,False,True,F,1007.0,S
5251_01,Mars,False,TRAPPIST-1e,33.0,False,False,False,False,False,False,True,F,1071.0,P
5252_01,Earth,False,TRAPPIST-1e,35.0,False,False,False,False,False,False,True,F,1008.0,S
5253_01,Earth,False,TRAPPIST-1e,24.0,False,False,False,False,False,False,True,F,1009.0,S
5254_01,Europa,True,TRAPPIST-1e,31.0,False,False,False,False,False,False,True,B,202.0,S
5254_02,Europa,True,TRAPPIST-1e,16.0,False,False,False,False,False,False,True,B,202.0,S
5254_03,Europa,True,TRAPPIST-1e,28.0,False,False,False,False,False,False,True,F,427.0,S
5254_04,Europa,False,55 Cancri e,8.0,False,False,False,False,False,False,True,B,202.0,S
5255_01,Mars,True,TRAPPIST-1e,20.0,False,False,False,False,False,False,True,F,1010.0,S
5256_01,Mars,False,TRAPPIST-1e,26.0,False,False,False,False,False,False,False,D,159.0,S
5257_01,Europa,False,55 Cancri e,43.0,False,False,False,False,False,False,False,B,178.0,P
5258_01,Europa,False,TRAPPIST-1e,70.0,False,False,False,False,False,False,True,C,204.0,S
5260_01,Earth,True,55 Cancri e,17.0,False,False,False,False,False,False,True,G,849.0,P
5262_01,Earth,True,TRAPPIST-1e,14.0,False,False,False,False,False,False,True,G,850.0,P
5264_01,Earth,True,TRAPPIST-1e,21.0,False,False,False,False,False,False,True,G,858.0,S
5264_02,Earth,False,55 Cancri e,37.0,False,False,False,False,False,False,True,F,1012.0,S
5265_01,Earth,False,TRAPPIST-1e,15.0,False,False,False,False,False,False,False,F,1073.0,P
5266_01,Europa,False,55 Cancri e,20.0,False,False,False,False,False,False,False,A,64.0,S
5266_02,Europa,False,55 Cancri e,36.0,True,True,True,True,True,True,False,C,205.0,S
5268_01,Earth,False,TRAPPIST-1e,14.0,False,False,False,False,False,False,True,F,1013.0,S
5269_01,Earth,False,TRAPPIST-1e,21.0,False,False,False,False,False,False,True,E,336.0,S
5271_01,Earth,False,TRAPPIST-1e,28.0,False,False,False,False,False,False,False,F,1075.0,P
5272_01,Mars,True,TRAPPIST-1e,20.0,False,False,False,False,False,False,True,F,1076.0,P
5273_01,Earth,False,TRAPPIST-1e,26.0,False,False,False,False,False,False,False,F,1077.0,P
5274_01,Earth,False,TRAPPIST-1e,25.0,False,False,False,False,False,False,False,F,1078.0,P
5275_01,Earth,False,TRAPPIST-1e,29.0,False,False,False,False,False,False,False,F,1014.0,S
5276_01,Europa,False,55 Cancri e,39.0,True,True,True,True,True,True,True,B,179.0,P
5277_01,Earth,False,TRAPPIST-1e,18.0,False,False,False,False,False,False,True,F,1079.0,P
5278_01,Europa,True,55 Cancri e,37.0,False,False,False,False,False,False,True,B,203.0,S
5279_01,Earth,False,TRAPPIST-1e,28.0,False,False,False,False,False,False,False,G,852.0,P
5280_01,Earth,False,TRAPPIST-1e,18.0,False,False,False,False,False,False,True,F,1015.0,S
5281_01,Earth,False,TRAPPIST-1e,30.0,False,False,False,False,False,False,False,F,1080.0,P
5282_01,Earth,False,TRAPPIST-1e,35.0,False,False,False,False,False,False,True,E,337.0,S
5282_02,Earth,False,TRAPPIST-1e,26.0,False,False,False,False,False,False,True,F,1016.0,S
5282_03,Earth,True,55 Cancri e,0.0,False,False,False,False,False,False,True,G,860.0,S
5287_01,Earth,False,PSO J318.5-22,42.0,False,False,False,False,False,False,True,G,861.0,S
5288_01,Earth,False,TRAPPIST-1e,36.0,False,False,False,False,False,False,True,F,1081.0,P
5290_01,Earth,False,TRAPPIST-1e,31.0,False,False,False,False,False,False,False,F,1083.0,P
5291_01,Earth,False,55 Cancri e,27.0,False,False,False,False,False,False,False,G,854.0,P
5292_01,Europa,False,TRAPPIST-1e,25.0,False,False,False,False,False,False,True,C,206.0,S
5297_01,Earth,True,TRAPPIST-1e,32.0,False,False,False,False,False,False,True,G,856.0,P
5298_01,Earth,True,TRAPPIST-1e,14.0,False,False,False,False,False,False,True,G,862.0,S
5299_01,Earth,True,TRAPPIST-1e,16.0,False,False,False,False,False,False,True,G,863.0,S
5300_01,Earth,True,55 Cancri e,51.0,False,False,False,False,False,False,True,G,864.0,S
5301_01,Europa,True,TRAPPIST-1e,21.0,False,False,False,False,False,False,True,B,181.0,P
5301_02,Europa,True,55 Cancri e,31.0,False,False,False,False,False,False,True,B,181.0,P
5303_01,Earth,False,TRAPPIST-1e,9.0,False,False,False,False,False,False,False,F,427.0,S
5303_02,Earth,False,TRAPPIST-1e,7.0,False,False,False,False,False,False,True,G,857.0,P
5303_03,Earth,False,TRAPPIST-1e,3.0,False,False,False,False,False,False,True,G,857.0,P
5303_04,Earth,True,TRAPPIST-1e,2.0,False,False,False,False,False,False,True,G,857.0,P
5303_05,Earth,False,55 Cancri e,7.0,False,False,False,False,False,False,False,G,857.0,P
5304_01,Mars,False,TRAPPIST-1e,18.0,False,False,False,False,False,False,False,F,1019.0,S
5304_02,Mars,True,TRAPPIST-1e,33.0,False,False,False,False,False,False,True,F,1019.0,S
5305_01,Earth,False,TRAPPIST-1e,23.0,False,False,False,False,False,False,True,F,1084.0,P
5307_01,Europa,True,TRAPPIST-1e,13.0,False,False,False,False,False,False,True,B,204.0,S
5310_01,Mars,False,TRAPPIST-1e,32.0,False,False,False,False,False,False,False,F,1021.0,S
5312_01,Europa,True,TRAPPIST-1e,27.0,False,False,False,False,False,False,True,B,182.0,P
5313_01,Earth,False,TRAPPIST-1e,23.0,False,False,False,False,False,False,True,F,1085.0,P
5314_01,Europa,False,TRAPPIST-1e,25.0,False,False,False,False,False,False,True,C,208.0,S
5315_01,Earth,False,TRAPPIST-1e,18.0,False,False,False,False,False,False,False,F,1086.0,P
5316_01,Mars,True,55 Cancri e,23.0,False,False,False,False,False,False,True,F,1087.0,P
5320_01,Europa,True,55 Cancri e,31.0,False,False,False,False,False,False,True,E,330.0,P
5320_02,Europa,False,TRAPPIST-1e,32.0,False,False,False,False,False,False,False,E,330.0,P
5322_01,Mars,True,TRAPPIST-1e,22.0,False,False,False,False,False,False,True,F,1090.0,P
5323_01,Mars,True,TRAPPIST-1e,38.0,False,False,False,False,False,False,True,F,1091.0,P
5325_01,Earth,False,PSO J318.5-22,21.0,False,False,False,False,False,False,True,F,1023.0,S
5326_01,Mars,True,TRAPPIST-1e,28.0,False,False,False,False,False,False,True,F,1092.0,P
5327_01,Europa,False,TRAPPIST-1e,38.0,False,False,False,False,False,False,False,B,183.0,P
5330_01,Earth,False,TRAPPIST-1e,20.0,False,False,False,False,False,False,True,F,1094.0,P
5331_01,Earth,False,TRAPPIST-1e,23.0,False,False,False,False,False,False,False,F,1095.0,P
5333_01,Earth,False,TRAPPIST-1e,48.0,False,False,False,False,False,False,True,G,862.0,P
5334_01,Earth,True,55 Cancri e,15.0,False,False,False,False,False,False,True,G,867.0,S
5334_02,Earth,False,TRAPPIST-1e,30.0,False,False,False,False,False,False,True,G,867.0,S
5337_01,Mars,False,TRAPPIST-1e,40.0,False,False,False,False,False,False,True,F,1024.0,S
5340_01,Earth,False,TRAPPIST-1e,36.0,False,False,False,False,False,False,False,G,868.0,S
5341_01,Earth,True,TRAPPIST-1e,20.0,False,False,False,False,False,False,True,G,869.0,S
5343_01,Mars,False,TRAPPIST-1e,17.0,False,False,False,False,False,False,False,E,332.0,P
5344_01,Europa,False,55 Cancri e,38.0,False,False,False,False,False,False,False,C,168.0,P
5344_02,Europa,True,55 Cancri e,38.0,False,False,False,False,False,False,True,C,168.0,P
5345_01,Mars,False,TRAPPIST-1e,14.0,False,False,False,False,False,False,False,D,167.0,P
5345_02,Mars,False,TRAPPIST-1e,27.0,False,False,False,False,False,False,False,E,333.0,P
5346_01,Earth,False,TRAPPIST-1e,21.0,False,False,False,False,False,False,True,E,334.0,P
5347_01,Europa,False,TRAPPIST-1e,18.0,False,False,False,False,False,False,False,C,169.0,P
5348_01,Mars,False,TRAPPIST-1e,26.0,False,False,False,False,False,False,True,D,168.0,P
5350_01,Europa,False,TRAPPIST-1e,35.0,False,False,False,False,False,False,False,C,170.0,P
5351_01,Mars,False,55 Cancri e,46.0,False,False,False,False,False,False,False,F,1026.0,S
5353_01,Europa,True,55 Cancri e,13.0,False,False,False,False,False,False,True,B,205.0,S
5353_02,Europa,False,TRAPPIST-1e,39.0,False,False,False,False,False,False,True,B,205.0,S
5354_01,Mars,False,PSO J318.5-22,49.0,False,False,False,False,False,False,False,D,161.0,S
5354_02,Mars,False,TRAPPIST-1e,28.0,False,False,False,False,False,False,False,E,339.0,S
5355_01,Earth,False,TRAPPIST-1e,27.0,False,False,False,False,False,False,True,F,1098.0,P
5355_02,Earth,True,TRAPPIST-1e,21.0,False,False,False,False,False,False,True,G,865.0,P
5356_01,Earth,False,TRAPPIST-1e,29.0,False,False,False,False,False,False,False,E,340.0,S
5359_01,Earth,False,TRAPPIST-1e,27.0,False,False,False,False,False,False,False,F,1099.0,P
5360_01,Mars,True,TRAPPIST-1e,38.0,False,False,False,False,False,False,True,F,1100.0,P
5361_01,Earth,False,PSO J318.5-22,18.0,False,False,False,False,False,False,True,F,1101.0,P
5362_01,Europa,True,55 Cancri e,35.0,False,False,False,False,False,False,True,E,336.0,P
5363_01,Mars,True,TRAPPIST-1e,37.0,False,False,False,False,False,False,True,F,1102.0,P
5365_01,Earth,False,TRAPPIST-1e,60.0,False,False,False,False,False,False,False,E,337.0,P
5366_01,Europa,True,TRAPPIST-1e,31.0,False,False,False,False,False,False,True,E,338.0,P
5367_01,Europa,True,TRAPPIST-1e,4.0,False,False,False,False,False,False,True,C,209.0,S
5367_02,Earth,False,TRAPPIST-1e,34.0,False,False,False,False,False,False,True,C,209.0,S
5367_03,Europa,False,55 Cancri e,46.0,False,False,False,False,False,False,True,C,209.0,S
5368_01,Earth,False,TRAPPIST-1e,18.0,False,False,False,False,False,False,False,G,870.0,S
5372_01,Mars,False,TRAPPIST-1e,38.0,False,False,False,False,False,False,False,E,342.0,S
5374_01,Earth,False,TRAPPIST-1e,29.0,False,False,False,False,False,False,True,F,1029.0,S
5375_01,Europa,True,TRAPPIST-1e,13.0,False,False,False,False,False,False,True,C,210.0,S
5375_02,Europa,True,TRAPPIST-1e,26.0,False,False,False,False,False,False,True,C,210.0,S
5378_01,Europa,False,TRAPPIST-1e,30.0,False,False,False,False,False,False,False,C,173.0,P
5379_01,Earth,False,TRAPPIST-1e,42.0,False,False,False,False,False,False,False,F,1030.0,S
5380_01,Mars,False,TRAPPIST-1e,36.0,False,False,False,False,False,False,False,F,1104.0,P
5383_01,Earth,False,55 Cancri e,23.0,False,False,False,False,False,False,False,F,1105.0,P
5384_01,Europa,False,TRAPPIST-1e,34.0,True,True,True,True,True,True,True,A,65.0,S
5384_02,Europa,False,TRAPPIST-1e,26.0,False,False,False,False,False,False,True,A,65.0,S
5385_01,Mars,False,TRAPPIST-1e,31.0,False,False,False,False,False,False,False,D,170.0,P
5387_01,Mars,False,TRAPPIST-1e,48.0,False,False,False,False,False,False,False,D,171.0,P
5388_01,Earth,True,TRAPPIST-1e,10.0,False,False,False,False,False,False,True,G,871.0,S
5389_01,Mars,False,TRAPPIST-1e,27.0,False,False,False,False,False,False,True,F,1106.0,P
5389_02,Mars,False,TRAPPIST-1e,32.0,False,False,False,False,False,False,False,F,1106.0,P
5390_01,Earth,True,TRAPPIST-1e,24.0,False,False,False,False,False,False,True,G,872.0,S
5390_02,Earth,True,PSO J318.5-22,20.0,False,False,False,False,False,False,True,G,872.0,S
5390_03,Earth,False,TRAPPIST-1e,48.0,False,False,False,False,False,False,True,F,1032.0,S
5392_01,Mars,False,TRAPPIST-1e,35.0,True,True,True,True,True,True,False,E,343.0,S
5394_01,Mars,False,TRAPPIST-1e,14.0,False,False,False,False,False,False,True,D,172.0,P
5395_01,Mars,False,TRAPPIST-1e,28.0,False,False,False,False,False,False,True,D,173.0,P
5396_01,Mars,False,TRAPPIST-1e,27.0,False,False,False,False,False,False,False,F,1109.0,P
5397_01,Mars,True,TRAPPIST-1e,42.0,False,False,False,False,False,False,True,D,162.0,S
5397_02,Mars,True,TRAPPIST-1e,8.0,False,False,False,False,False,False,True,D,162.0,S
5397_03,Mars,True,55 Cancri e,30.0,False,False,False,False,False,False,True,D,162.0,S
5401_01,Earth,False,TRAPPIST-1e,44.0,False,False,False,False,False,False,False,G,869.0,P
5402_01,Mars,False,TRAPPIST-1e,40.0,False,False,False,False,False,False,False,F,1034.0,S
5404_01,Earth,False,TRAPPIST-1e,38.0,False,False,False,False,False,False,False,F,1111.0,P
5406_01,Earth,False,PSO J318.5-22,22.0,False,False,False,False,False,False,False,F,1035.0,S
5408_01,Mars,False,TRAPPIST-1e,32.0,False,False,False,False,False,False,False,D,174.0,P
5408_02,Mars,False,TRAPPIST-1e,16.0,False,False,False,False,False,False,False,D,174.0,P
5410_01,Mars,False,TRAPPIST-1e,33.0,False,False,False,False,False,False,False,D,163.0,S
5411_01,Europa,False,TRAPPIST-1e,38.0,False,False,False,False,False,False,False,B,206.0,S
5412_01,Earth,False,TRAPPIST-1e,23.0,False,False,False,False,False,False,True,G,870.0,P
5413_01,Earth,False,TRAPPIST-1e,16.0,False,False,False,False,False,False,True,G,871.0,P
5414_01,Earth,False,PSO J318.5-22,16.0,False,False,False,False,False,False,False,G,872.0,P
5414_02,Earth,False,TRAPPIST-1e,11.0,False,False,False,False,False,False,False,G,872.0,P
5414_03,Earth,False,TRAPPIST-1e,22.0,False,False,False,False,False,False,False,F,1112.0,P
5414_04,Earth,False,TRAPPIST-1e,43.0,False,False,False,False,False,False,False,F,1112.0,P
5414_05,Earth,True,PSO J318.5-22,20.0,False,False,False,False,False,False,True,G,872.0,P
5415_01,Earth,False,TRAPPIST-1e,22.0,False,False,False,False,False,False,False,F,1113.0,P
5416_01,Mars,False,TRAPPIST-1e,0.0,False,False,False,False,False,False,True,F,1114.0,P
5416_02,Mars,False,TRAPPIST-1e,30.0,False,False,False,False,False,False,False,E,340.0,P
5416_03,Mars,True,TRAPPIST-1e,18.0,False,False,False,False,False,False,True,F,1114.0,P
5416_04,Mars,False,55 Cancri e,0.0,False,False,False,False,False,False,True,F,1114.0,P
5418_01,Mars,False,TRAPPIST-1e,41.0,False,False,False,False,False,False,False,E,349.0,S
5420_01,Earth,False,TRAPPIST-1e,39.0,False,False,False,False,False,False,True,F,1036.0,S
5421_01,Earth,False,TRAPPIST-1e,37.0,False,False,False,False,False,False,False,G,873.0,S
5422_01,Europa,True,55 Cancri e,26.0,False,False,False,False,False,False,True,D,164.0,S
5423_01,Mars,False,TRAPPIST-1e,49.0,False,False,False,False,False,False,False,F,1116.0,P
5423_02,Mars,False,TRAPPIST-1e,28.0,False,False,False,False,False,False,True,E,341.0,P
5424_01,Mars,False,PSO J318.5-22,13.0,False,False,False,False,False,False,False,F,1117.0,P
5424_02,Earth,False,TRAPPIST-1e,64.0,False,False,False,False,False,False,False,E,342.0,P
5425_01,Earth,False,PSO J318.5-22,24.0,False,False,False,False,False,False,False,F,1037.0,S
5427_01,Earth,True,TRAPPIST-1e,18.0,False,False,False,False,False,False,True,F,1118.0,P
5427_02,Mars,False,TRAPPIST-1e,18.0,False,False,False,False,False,False,False,F,1118.0,P
5427_03,Mars,False,TRAPPIST-1e,25.0,False,False,False,False,False,False,False,F,1118.0,P
5430_01,Earth,True,TRAPPIST-1e,19.0,False,False,False,False,False,False,False,G,873.0,P
5431_01,Earth,False,55 Cancri e,33.0,False,False,False,False,False,False,True,E,350.0,S
5434_01,Earth,True,TRAPPIST-1e,27.0,False,False,False,False,False,False,True,G,874.0,P
5435_01,Mars,False,TRAPPIST-1e,50.0,False,False,False,False,False,False,False,F,1121.0,P
5436_01,Earth,False,TRAPPIST-1e,30.0,False,False,False,False,False,False,False,F,427.0,S
5437_01,Mars,False,TRAPPIST-1e,44.0,False,False,False,False,False,False,True,F,1123.0,P
5438_01,Earth,True,PSO J318.5-22,52.0,False,False,False,False,False,False,False,G,875.0,P
5440_01,Earth,True,TRAPPIST-1e,7.0,False,False,False,False,False,False,True,G,875.0,S
5440_02,Earth,False,55 Cancri e,30.0,False,False,False,False,False,False,False,F,1041.0,S
5440_03,Earth,False,TRAPPIST-1e,27.0,False,False,False,False,False,False,False,F,1041.0,S
5441_01,Europa,True,55 Cancri e,24.0,False,False,False,False,False,False,True,B,207.0,S
5443_01,Earth,False,55 Cancri e,13.0,False,False,False,False,False,False,False,F,1124.0,P
5445_01,Earth,False,TRAPPIST-1e,61.0,False,False,False,False,False,False,False,F,1125.0,P
5446_01,Earth,True,TRAPPIST-1e,32.0,False,False,False,False,False,False,True,G,876.0,P
5447_01,Mars,True,55 Cancri e,17.0,False,False,False,False,False,False,True,F,1126.0,P
5447_02,Mars,False,TRAPPIST-1e,36.0,False,False,False,False,False,False,True,F,1126.0,P
5450_01,Earth,True,PSO J318.5-22,16.0,False,False,False,False,False,False,True,G,877.0,P
5451_01,Earth,False,PSO J318.5-22,21.0,False,False,False,False,False,False,True,F,1127.0,P
5452_01,Europa,False,TRAPPIST-1e,24.0,False,False,False,False,False,False,True,C,212.0,S
5453_01,Earth,False,55 Cancri e,28.0,False,False,False,False,False,False,False,F,1044.0,S
5454_01,Mars,False,TRAPPIST-1e,27.0,False,False,False,False,False,False,False,E,343.0,P
5455_01,Mars,False,55 Cancri e,13.0,False,False,False,False,False,False,False,E,344.0,P
5457_01,Earth,False,TRAPPIST-1e,39.0,False,False,False,False,False,False,False,F,1129.0,P
5458_01,Earth,False,TRAPPIST-1e,24.0,False,False,False,False,False,False,False,E,351.0,S
5459_01,Europa,False,TRAPPIST-1e,38.0,False,False,False,False,False,False,False,C,213.0,S
5462_01,Mars,False,TRAPPIST-1e,20.0,False,False,False,False,False,False,False,F,1131.0,P
5463_01,Earth,False,TRAPPIST-1e,21.0,False,False,False,False,False,False,True,F,1045.0,S
5465_01,Mars,False,TRAPPIST-1e,27.0,False,False,False,False,False,False,False,F,1132.0,P
5465_02,Earth,False,TRAPPIST-1e,49.0,False,False,False,False,False,False,False,F,1132.0,P
5465_03,Mars,True,TRAPPIST-1e,6.0,False,False,False,False,False,False,True,F,1132.0,P
5466_01,Europa,True,55 Cancri e,41.0,False,False,False,False,False,False,True,B,185.0,P
5466_02,Europa,False,55 Cancri e,33.0,True,True,True,True,True,True,False,B,185.0,P
5466_03,Europa,False,TRAPPIST-1e,6.0,False,False,False,False,False,False,True,B,185.0,P
5466_04,Europa,False,55 Cancri e,35.0,False,False,False,False,False,False,False,B,185.0,P
5466_05,Europa,False,TRAPPIST-1e,46.0,False,False,False,False,False,False,False,B,185.0,P
5467_01,Earth,False,TRAPPIST-1e,31.0,False,False,False,False,False,False,False,F,1046.0,S
5468_01,Europa,True,TRAPPIST-1e,32.0,False,False,False,False,False,False,True,B,208.0,S
5469_01,Europa,True,55 Cancri e,31.0,False,False,False,False,False,False,True,A,50.0,P
5470_01,Earth,True,TRAPPIST-1e,20.0,False,False,False,False,False,False,False,G,878.0,P
5471_01,Earth,False,TRAPPIST-1e,57.0,False,False,False,False,False,False,False,G,877.0,S
5472_01,Earth,False,PSO J318.5-22,37.0,False,False,False,False,False,False,True,F,1047.0,S
5474_01,Earth,True,TRAPPIST-1e,21.0,False,False,False,False,False,False,True,F,427.0,S
5475_01,Earth,False,TRAPPIST-1e,43.0,False,False,False,False,False,False,False,F,1134.0,P
5476_01,Earth,False,TRAPPIST-1e,49.0,False,False,False,False,False,False,True,G,879.0,S
5477_01,Earth,False,TRAPPIST-1e,17.0,False,False,False,False,False,False,True,G,880.0,S
5478_01,Mars,False,TRAPPIST-1e,29.0,False,False,False,False,False,False,False,F,1048.0,S
5479_01,Earth,True,55 Cancri e,36.0,False,False,False,False,False,False,True,G,881.0,S
5480_01,Europa,False,TRAPPIST-1e,37.0,False,False,False,False,False,False,False,F,427.0,S
5483_01,Earth,False,PSO J318.5-22,17.0,False,False,False,False,False,False,False,F,1135.0,P
5484_01,Mars,True,55 Cancri e,45.0,False,False,False,False,False,False,True,F,1050.0,S
5485_01,Earth,False,TRAPPIST-1e,20.0,False,False,False,False,False,False,False,G,880.0,P
5487_01,Mars,True,TRAPPIST-1e,24.0,False,False,False,False,False,False,True,F,1136.0,P
5488_01,Europa,True,TRAPPIST-1e,28.0,False,False,False,False,False,False,True,B,186.0,P
5488_02,Europa,False,TRAPPIST-1e,15.0,False,False,False,False,False,False,True,B,186.0,P
5488_03,Europa,False,TRAPPIST-1e,53.0,False,False,False,False,False,False,False,B,186.0,P
5488_04,Europa,True,TRAPPIST-1e,51.0,False,False,False,False,False,False,True,B,186.0,P
5489_01,Earth,True,TRAPPIST-1e,14.0,False,False,False,False,False,False,True,G,881.0,P
5489_02,Earth,True,TRAPPIST-1e,1.0,False,False,False,False,False,False,False,G,881.0,P
5490_01,Mars,False,TRAPPIST-1e,26.0,False,False,False,False,False,False,False,F,1137.0,P
5491_01,Earth,False,TRAPPIST-1e,20.0,False,False,False,False,False,False,False,G,882.0,S
5492_01,Earth,False,TRAPPIST-1e,23.0,False,False,False,False,False,False,False,F,1052.0,S
5494_01,Earth,False,TRAPPIST-1e,22.0,False,False,False,False,False,False,True,F,1053.0,S
5496_01,Earth,True,55 Cancri e,22.0,False,False,False,False,False,False,True,G,882.0,P
5497_01,Europa,True,TRAPPIST-1e,13.0,False,False,False,False,False,False,True,B,210.0,S
5497_02,Europa,False,TRAPPIST-1e,28.0,False,False,False,False,False,False,True,B,210.0,S
5499_01,Earth,True,TRAPPIST-1e,40.0,False,False,False,False,False,False,True,G,884.0,S
5500_01,Mars,False,55 Cancri e,21.0,False,False,False,False,False,False,False,D,175.0,P
5501_01,Earth,False,TRAPPIST-1e,35.0,False,False,False,False,False,False,True,G,885.0,S
5504_01,Earth,False,TRAPPIST-1e,22.0,False,False,False,False,False,False,False,F,1140.0,P
5506_01,Europa,True,TRAPPIST-1e,37.0,False,False,False,False,False,False,True,D,166.0,S
5507_01,Mars,False,TRAPPIST-1e,21.0,False,False,False,False,False,False,False,E,356.0,S
5508_01,Earth,False,TRAPPIST-1e,50.0,False,False,False,False,False,False,False,F,427.0,S
5509_01,Earth,False,TRAPPIST-1e,27.0,False,False,False,False,False,False,True,F,1055.0,S
5510_01,Earth,True,TRAPPIST-1e,20.0,False,False,False,False,False,False,True,G,887.0,S
5511_01,Earth,True,TRAPPIST-1e,15.0,False,False,False,False,False,False,True,G,884.0,P
5511_02,Earth,False,PSO J318.5-22,25.0,False,False,False,False,False,False,False,E,346.0,P
5512_01,Europa,False,55 Cancri e,31.0,False,False,False,False,False,False,False,A,67.0,S
5512_02,Europa,False,55 Cancri e,27.0,False,False,False,False,False,False,True,B,211.0,S
5514_01,Earth,True,TRAPPIST-1e,18.0,False,False,False,False,False,False,True,G,889.0,S
5514_02,Earth,True,PSO J318.5-22,2.0,False,False,False,False,False,False,True,G,889.0,S
5514_03,Earth,False,TRAPPIST-1e,27.0,False,False,False,False,False,False,True,G,889.0,S
5514_04,Earth,False,TRAPPIST-1e,0.0,False,False,False,False,False,False,True,G,889.0,S
5515_01,Earth,False,TRAPPIST-1e,22.0,False,False,False,False,False,False,False,F,1141.0,P
5517_01,Mars,False,TRAPPIST-1e,27.0,False,False,False,False,False,False,False,E,357.0,S
5520_01,Earth,False,TRAPPIST-1e,56.0,False,False,False,False,False,False,True,G,890.0,S
5521_01,Earth,False,TRAPPIST-1e,28.0,False,False,False,False,False,False,False,F,1058.0,S
5522_01,Earth,False,55 Cancri e,42.0,False,False,False,False,False,False,True,E,358.0,S
5522_02,Earth,False,TRAPPIST-1e,20.0,False,False,False,False,False,False,True,F,1059.0,S
5522_03,Earth,False,TRAPPIST-1e,27.0,False,False,False,False,False,False,True,F,1059.0,S
5523_01,Earth,False,PSO J318.5-22,29.0,False,False,False,False,False,False,False,G,885.0,P
5524_01,Earth,False,55 Cancri e,36.0,False,False,False,False,False,False,True,F,1060.0,S
5526_01,Earth,False,TRAPPIST-1e,23.0,False,False,False,False,False,False,False,F,1061.0,S
5526_02,Earth,True,TRAPPIST-1e,64.0,False,False,False,False,False,False,True,G,891.0,S
5527_01,Earth,False,TRAPPIST-1e,19.0,False,False,False,False,False,False,False,G,886.0,P
5527_02,Earth,True,55 Cancri e,1.0,False,False,False,False,False,False,False,G,886.0,P
5527_03,Earth,True,TRAPPIST-1e,49.0,False,False,False,False,False,False,False,G,886.0,P
5527_04,Earth,True,55 Cancri e,0.0,False,False,False,False,False,False,True,G,886.0,P
5528_01,Earth,False,TRAPPIST-1e,18.0,False,False,False,False,False,False,False,F,1143.0,P
5529_01,Europa,False,55 Cancri e,39.0,False,False,False,False,False,False,False,C,174.0,P
5530_01,Mars,False,TRAPPIST-1e,37.0,False,False,False,False,False,False,False,E,347.0,P
5530_02,Mars,True,TRAPPIST-1e,44.0,False,False,False,False,False,False,True,F,1144.0,P
5531_01,Mars,False,PSO J318.5-22,43.0,False,False,False,False,False,False,False,F,1145.0,P
5531_02,Mars,True,TRAPPIST-1e,33.0,False,False,False,False,False,False,True,F,1145.0,P
5535_01,Earth,False,TRAPPIST-1e,20.0,False,False,False,False,False,False,True,G,893.0,S
5535_02,Earth,False,TRAPPIST-1e,0.0,False,False,False,False,False,False,True,G,893.0,S
5535_03,Earth,False,55 Cancri e,4.0,False,False,False,False,False,False,True,G,893.0,S
5536_01,Mars,True,TRAPPIST-1e,20.0,False,False,False,False,False,False,True,F,1062.0,S
5537_01,Mars,False,TRAPPIST-1e,50.0,False,False,False,False,False,False,False,F,1063.0,S
5538_01,Mars,True,TRAPPIST-1e,47.0,False,False,False,False,False,False,True,F,1146.0,P
5538_02,Mars,True,TRAPPIST-1e,17.0,False,False,False,False,False,False,True,F,1146.0,P
5539_01,Europa,False,TRAPPIST-1e,26.0,False,False,False,False,False,False,False,B,187.0,P
5540_01,Earth,False,TRAPPIST-1e,21.0,False,False,False,False,False,False,True,E,360.0,S
5541_01,Mars,True,TRAPPIST-1e,20.0,False,False,False,False,False,False,True,F,1147.0,P
5543_01,Europa,True,TRAPPIST-1e,26.0,False,False,False,False,False,False,True,C,175.0,P
5544_01,Mars,False,TRAPPIST-1e,27.0,True,True,True,True,True,True,False,F,1149.0,P
5545_01,Earth,False,PSO J318.5-22,34.0,False,False,False,False,False,False,True,G,894.0,S
5545_02,Earth,True,TRAPPIST-1e,11.0,False,False,False,False,False,False,True,G,894.0,S
5545_03,Earth,True,TRAPPIST-1e,0.0,False,False,False,False,False,False,True,G,894.0,S
5546_01,Europa,False,55 Cancri e,28.0,False,False,False,False,False,False,False,D,176.0,P
5550_01,Earth,False,TRAPPIST-1e,33.0,False,False,False,False,False,False,True,G,895.0,S
5551_01,Earth,True,TRAPPIST-1e,22.0,False,False,False,False,False,False,True,G,888.0,P
5552_01,Mars,False,TRAPPIST-1e,28.0,False,False,False,False,False,False,False,F,1150.0,P
5552_02,Mars,True,TRAPPIST-1e,11.0,False,False,False,False,False,False,True,F,1150.0,P
5552_03,Mars,False,TRAPPIST-1e,60.0,False,False,False,False,False,False,False,F,1150.0,P
5555_01,Earth,False,TRAPPIST-1e,43.0,False,False,False,False,False,False,True,G,896.0,S
5556_01,Earth,False,TRAPPIST-1e,27.0,False,False,False,False,False,False,False,E,361.0,S
5557_01,Earth,True,TRAPPIST-1e,37.0,False,False,False,False,False,False,True,G,890.0,P
5559_01,Earth,True,55 Cancri e,23.0,False,False,False,False,False,False,True,G,897.0,S
5560_01,Mars,False,TRAPPIST-1e,57.0,False,False,False,False,False,False,False,D,168.0,S
5561_01,Europa,True,TRAPPIST-1e,29.0,False,False,False,False,False,False,True,A,51.0,P
5561_02,Europa,False,TRAPPIST-1e,28.0,False,False,False,False,False,False,False,A,51.0,P
5561_03,Europa,False,TRAPPIST-1e,42.0,False,False,False,False,False,False,False,A,51.0,P
5561_04,Europa,False,TRAPPIST-1e,43.0,False,False,False,False,False,False,False,A,51.0,P
5563_01,Europa,True,TRAPPIST-1e,26.0,False,False,False,False,False,False,True,C,176.0,P
5566_01,Europa,False,55 Cancri e,72.0,False,False,False,False,False,False,False,E,349.0,P
5568_01,Europa,False,TRAPPIST-1e,49.0,False,False,False,False,False,False,False,B,188.0,P
5568_02,Europa,True,55 Cancri e,29.0,True,True,True,True,True,True,True,B,188.0,P
5569_01,Earth,True,TRAPPIST-1e,18.0,False,False,False,False,False,False,False,G,891.0,P
5571_01,Earth,False,55 Cancri e,26.0,False,False,False,False,False,False,True,G,900.0,S
5572_01,Mars,True,55 Cancri e,19.0,False,False,False,False,False,False,True,F,1153.0,P
5573_01,Earth,False,55 Cancri e,18.0,False,False,False,False,False,False,False,F,1154.0,P
5574_01,Earth,False,55 Cancri e,14.0,False,False,False,False,False,False,False,F,1155.0,P
5575_01,Mars,False,TRAPPIST-1e,44.0,False,False,False,False,False,False,False,F,1156.0,P
5575_02,Mars,True,TRAPPIST-1e,34.0,False,False,False,False,False,False,True,F,1156.0,P
5578_01,Earth,True,55 Cancri e,18.0,False,False,False,False,False,False,True,G,892.0,P
5580_01,Earth,True,PSO J318.5-22,36.0,False,False,False,False,False,False,True,G,902.0,S
5581_01,Europa,True,55 Cancri e,27.0,False,False,False,False,False,False,True,B,212.0,S
5582_01,Earth,False,TRAPPIST-1e,35.0,False,False,False,False,False,False,False,G,893.0,P
5583_01,Europa,False,TRAPPIST-1e,52.0,False,False,False,False,False,False,True,D,170.0,S
5585_01,Earth,False,PSO J318.5-22,22.0,False,False,False,False,False,False,False,G,894.0,P
5585_02,Earth,False,TRAPPIST-1e,34.0,False,False,False,False,False,False,True,F,1158.0,P
5586_01,Earth,False,PSO J318.5-22,37.0,False,False,False,False,False,False,False,G,895.0,P
5587_01,Earth,False,55 Cancri e,22.0,False,False,False,False,False,False,False,F,1159.0,P
5589_01,Earth,False,TRAPPIST-1e,26.0,False,False,False,False,False,False,True,F,1160.0,P
5591_01,Earth,False,55 Cancri e,14.0,False,False,False,False,False,False,False,E,363.0,S
5592_01,Mars,True,55 Cancri e,53.0,False,False,False,False,False,False,True,F,1161.0,P
5594_01,Earth,False,TRAPPIST-1e,17.0,False,False,False,False,False,False,False,F,1163.0,P
5595_01,Earth,False,TRAPPIST-1e,30.0,False,False,False,False,False,False,False,F,1067.0,S
5596_01,Europa,False,TRAPPIST-1e,65.0,False,False,False,False,False,False,False,D,179.0,P
5598_01,Earth,False,TRAPPIST-1e,19.0,False,False,False,False,False,False,True,G,903.0,S
5599_01,Europa,False,55 Cancri e,36.0,False,False,False,False,False,False,False,E,364.0,S
5601_01,Earth,True,TRAPPIST-1e,3.0,False,False,False,False,False,False,True,G,904.0,S
5601_02,Earth,False,TRAPPIST-1e,6.0,False,False,False,False,False,False,True,G,904.0,S
5601_03,Earth,False,55 Cancri e,4.0,False,False,False,False,False,False,True,F,427.0,S
5601_04,Earth,False,TRAPPIST-1e,21.0,False,False,False,False,False,False,True,F,1069.0,S
5601_05,Earth,True,55 Cancri e,8.0,False,False,False,False,False,False,True,G,904.0,S
5602_01,Europa,True,TRAPPIST-1e,35.0,False,False,False,False,False,False,True,B,190.0,P
5602_02,Europa,False,55 Cancri e,18.0,False,False,False,False,False,False,True,B,190.0,P
5603_01,Earth,False,TRAPPIST-1e,34.0,False,False,False,False,False,False,False,E,365.0,S
5606_01,Europa,True,55 Cancri e,45.0,False,False,False,False,False,False,True,B,213.0,S
5606_02,Europa,False,TRAPPIST-1e,31.0,False,False,False,False,False,False,True,B,213.0,S
5608_01,Earth,False,TRAPPIST-1e,14.0,False,False,False,False,False,False,True,F,1164.0,P
5609_01,Earth,False,TRAPPIST-1e,23.0,False,False,False,False,False,False,False,G,897.0,P
5610_01,Europa,True,TRAPPIST-1e,61.0,False,False,False,False,False,False,True,B,214.0,S
5610_02,Europa,False,55 Cancri e,54.0,True,True,True,True,True,True,False,B,214.0,S
5611_01,Europa,True,TRAPPIST-1e,28.0,False,False,False,False,False,False,True,D,171.0,S
5611_02,Europa,False,TRAPPIST-1e,46.0,False,False,False,False,False,False,False,D,171.0,S
5613_01,Earth,False,TRAPPIST-1e,32.0,False,False,False,False,False,False,True,F,1072.0,S
5614_01,Earth,True,55 Cancri e,49.0,False,False,False,False,False,False,True,G,906.0,S
5615_01,Earth,True,55 Cancri e,20.0,False,False,False,False,False,False,True,G,907.0,S
5616_01,Earth,False,PSO J318.5-22,25.0,False,False,False,False,False,False,True,F,1073.0,S
5618_01,Earth,False,TRAPPIST-1e,19.0,False,False,False,False,False,False,True,F,1075.0,S
5619_01,Earth,True,55 Cancri e,28.0,False,False,False,False,False,False,True,G,908.0,S
5622_01,Earth,False,TRAPPIST-1e,68.0,False,False,False,False,False,False,True,F,1076.0,S
5623_01,Earth,True,TRAPPIST-1e,16.0,False,False,False,False,False,False,True,G,898.0,P
5625_01,Mars,True,TRAPPIST-1e,19.0,False,False,False,False,False,False,False,E,352.0,P
5625_02,Mars,False,PSO J318.5-22,49.0,False,False,False,False,False,False,False,E,352.0,P
5625_03,Mars,False,TRAPPIST-1e,15.0,False,False,False,False,False,False,False,E,352.0,P
5625_04,Mars,True,TRAPPIST-1e,26.0,False,False,False,False,False,False,True,E,352.0,P
5625_05,Mars,False,TRAPPIST-1e,22.0,False,False,False,False,False,False,False,E,352.0,P
5626_01,Earth,True,PSO J318.5-22,23.0,False,False,False,False,False,False,True,G,911.0,S
5627_01,Earth,False,TRAPPIST-1e,31.0,False,False,False,False,False,False,False,G,899.0,P
5628_01,Earth,True,TRAPPIST-1e,27.0,False,False,False,False,False,False,False,G,900.0,P
5629_01,Earth,True,TRAPPIST-1e,28.0,False,False,False,False,False,False,True,G,901.0,P
5631_01,Earth,False,TRAPPIST-1e,20.0,False,False,False,False,False,False,False,F,1166.0,P
5637_01,Earth,False,TRAPPIST-1e,43.0,False,False,False,False,False,False,False,F,1168.0,P
5639_01,Earth,False,TRAPPIST-1e,22.0,False,False,False,False,False,False,True,G,913.0,S
5640_01,Europa,True,TRAPPIST-1e,27.0,False,False,False,False,False,False,True,E,368.0,S
5642_01,Europa,True,TRAPPIST-1e,35.0,False,False,False,False,False,False,True,B,216.0,S
5642_02,Europa,True,55 Cancri e,37.0,False,False,False,False,False,False,True,F,427.0,S
5643_01,Mars,False,TRAPPIST-1e,24.0,False,False,False,False,False,False,True,F,1077.0,S
5643_02,Mars,False,55 Cancri e,18.0,False,False,False,False,False,False,False,F,1077.0,S
5643_03,Mars,False,TRAPPIST-1e,15.0,False,False,False,False,False,False,False,F,1077.0,S
5644_01,Mars,False,TRAPPIST-1e,28.0,False,False,False,False,False,False,False,F,1169.0,P
5645_01,Earth,False,TRAPPIST-1e,24.0,False,False,False,False,False,False,True,F,1078.0,S
5646_01,Mars,True,55 Cancri e,39.0,False,False,False,False,False,False,True,F,1079.0,S
5647_01,Europa,True,TRAPPIST-1e,35.0,False,False,False,False,False,False,True,C,178.0,P
5647_02,Europa,False,55 Cancri e,52.0,False,False,False,False,False,False,True,C,178.0,P
5647_03,Europa,False,TRAPPIST-1e,48.0,False,False,False,False,False,False,False,C,178.0,P
5648_01,Europa,False,55 Cancri e,27.0,False,False,False,False,False,False,False,C,179.0,P
5648_02,Europa,False,55 Cancri e,50.0,False,False,False,False,False,False,False,C,179.0,P
5650_01,Earth,False,TRAPPIST-1e,24.0,False,False,False,False,False,False,False,G,902.0,P
5651_01,Earth,False,PSO J318.5-22,26.0,False,False,False,False,False,False,True,G,915.0,S
5652_01,Earth,False,TRAPPIST-1e,24.0,False,False,False,False,False,False,False,F,1171.0,P
5653_01,Earth,True,TRAPPIST-1e,15.0,False,False,False,False,False,False,False,G,903.0,P
5655_01,Earth,False,PSO J318.5-22,42.0,False,False,False,False,False,False,False,F,1172.0,P
5659_01,Earth,False,TRAPPIST-1e,51.0,False,False,False,False,False,False,False,F,1175.0,P
5661_01,Earth,False,PSO J318.5-22,43.0,False,False,False,False,False,False,True,E,355.0,P
5661_02,Earth,True,55 Cancri e,31.0,False,False,False,False,False,False,False,G,905.0,P
5662_01,Earth,True,TRAPPIST-1e,14.0,False,False,False,False,False,False,True,G,916.0,S
5662_02,Earth,False,TRAPPIST-1e,31.0,False,False,False,False,False,False,False,F,1080.0,S
5663_01,Europa,False,TRAPPIST-1e,33.0,False,False,False,False,False,False,True,A,71.0,S
5667_01,Earth,False,55 Cancri e,21.0,False,False,False,False,False,False,False,G,906.0,P
5671_01,Earth,False,TRAPPIST-1e,13.0,False,False,False,False,False,False,False,G,907.0,P
5673_01,Earth,False,TRAPPIST-1e,29.0,False,False,False,False,False,False,True,F,1083.0,S
5674_01,Europa,False,TRAPPIST-1e,22.0,False,False,False,False,False,False,False,B,217.0,S
5677_01,Mars,False,TRAPPIST-1e,22.0,False,False,False,False,False,False,False,E,357.0,P
5679_01,Earth,True,PSO J318.5-22,18.0,False,False,False,False,False,False,True,G,920.0,S
5679_02,Earth,True,55 Cancri e,35.0,False,False,False,False,False,False,True,G,920.0,S
5679_03,Earth,True,TRAPPIST-1e,20.0,False,False,False,False,False,False,True,G,920.0,S
5680_01,Earth,False,TRAPPIST-1e,18.0,False,False,False,False,False,False,True,E,359.0,P
5681_01,Earth,True,TRAPPIST-1e,66.0,False,False,False,False,False,False,True,G,921.0,S
5684_01,Earth,True,TRAPPIST-1e,33.0,False,False,False,False,False,False,True,B,218.0,S
5684_02,Europa,True,55 Cancri e,48.0,False,False,False,False,False,False,True,B,218.0,S
5684_03,Europa,False,55 Cancri e,38.0,False,False,False,False,False,False,False,B,218.0,S
5684_04,Europa,True,TRAPPIST-1e,62.0,False,False,False,False,False,False,True,B,218.0,S
5685_01,Earth,True,TRAPPIST-1e,19.0,False,False,False,False,False,False,False,G,910.0,P
5686_01,Mars,False,55 Cancri e,44.0,False,False,False,False,False,False,False,F,427.0,S
5686_02,Mars,False,55 Cancri e,25.0,False,False,False,False,False,False,False,D,180.0,P
5687_01,Earth,False,TRAPPIST-1e,15.0,False,False,False,False,False,False,False,F,1179.0,P
5688_01,Earth,False,TRAPPIST-1e,20.0,False,False,False,False,False,False,True,F,1084.0,S
5689_01,Earth,False,TRAPPIST-1e,34.0,False,False,False,False,False,False,False,F,1180.0,P
5692_01,Mars,False,TRAPPIST-1e,23.0,False,False,False,False,False,False,False,E,360.0,P
5693_01,Earth,False,TRAPPIST-1e,45.0,False,False,False,False,False,False,True,F,1087.0,S
5695_01,Earth,True,TRAPPIST-1e,39.0,False,False,False,False,False,False,True,G,922.0,S
5696_01,Earth,True,PSO J318.5-22,33.0,False,False,False,False,False,False,True,G,911.0,P
5698_01,Earth,False,TRAPPIST-1e,14.0,False,False,False,False,False,False,False,F,1088.0,S
5698_02,Earth,False,TRAPPIST-1e,26.0,False,False,False,False,False,False,True,G,923.0,S
5700_01,Earth,True,TRAPPIST-1e,47.0,False,False,False,False,False,False,True,G,924.0,S
5701_01,Mars,True,TRAPPIST-1e,27.0,False,False,False,False,False,False,True,D,173.0,S
5702_01,Earth,True,55 Cancri e,28.0,False,False,False,False,False,False,True,G,912.0,P
5704_01,Earth,True,TRAPPIST-1e,22.0,False,False,False,False,False,False,True,G,913.0,P
5705_01,Earth,True,TRAPPIST-1e,17.0,False,False,False,False,False,False,True,G,925.0,S
5706_01,Earth,False,TRAPPIST-1e,16.0,False,False,False,False,False,False,True,F,1090.0,S
5706_02,Earth,False,TRAPPIST-1e,9.0,False,False,False,False,False,False,True,G,926.0,S
5707_01,Earth,False,TRAPPIST-1e,15.0,False,False,False,False,False,False,True,F,1091.0,S
5709_01,Europa,False,TRAPPIST-1e,33.0,False,False,False,False,False,False,True,C,215.0,S
5710_01,Earth,False,TRAPPIST-1e,61.0,False,False,False,False,False,False,True,F,1092.0,S
5711_01,Earth,False,TRAPPIST-1e,19.0,False,False,False,False,False,False,False,F,1183.0,P
5712_01,Europa,True,TRAPPIST-1e,61.0,False,False,False,False,False,False,True,E,371.0,S
5713_01,Earth,False,TRAPPIST-1e,42.0,False,False,False,False,False,False,True,G,915.0,P
5714_01,Earth,False,TRAPPIST-1e,4.0,False,False,False,False,False,False,False,G,916.0,P
5714_02,Earth,False,TRAPPIST-1e,12.0,False,False,False,False,False,False,True,G,916.0,P
5714_03,Earth,False,TRAPPIST-1e,0.0,False,False,False,False,False,False,True,G,916.0,P
5714_04,Earth,True,TRAPPIST-1e,19.0,False,False,False,False,False,False,True,G,916.0,P
5714_05,Earth,True,TRAPPIST-1e,27.0,False,False,False,False,False,False,True,G,916.0,P
5716_01,Earth,False,PSO J318.5-22,29.0,False,False,False,False,False,False,True,F,1093.0,S
5717_01,Earth,False,TRAPPIST-1e,59.0,False,False,False,False,False,False,True,G,917.0,P
5718_01,Earth,True,TRAPPIST-1e,20.0,False,False,False,False,False,False,True,G,927.0,S
5719_01,Earth,False,TRAPPIST-1e,70.0,False,False,False,False,False,False,True,G,918.0,P
5719_02,Earth,True,TRAPPIST-1e,3.0,False,False,False,False,False,False,False,G,918.0,P
5721_01,Europa,True,TRAPPIST-1e,37.0,False,False,False,False,False,False,True,B,219.0,S
5721_02,Europa,False,TRAPPIST-1e,58.0,False,False,False,False,False,False,False,B,219.0,S
5722_01,Earth,False,TRAPPIST-1e,44.0,False,False,False,False,False,False,False,G,928.0,S
5723_01,Mars,True,TRAPPIST-1e,24.0,False,False,False,False,False,False,False,E,372.0,S
5724_01,Earth,True,PSO J318.5-22,20.0,False,False,False,False,False,False,True,G,919.0,P
5725_01,Earth,False,TRAPPIST-1e,24.0,False,False,False,False,False,False,True,F,1094.0,S
5726_01,Europa,True,55 Cancri e,27.0,False,False,False,False,False,False,True,B,192.0,P
5727_01,Earth,False,55 Cancri e,28.0,False,False,False,False,False,False,False,G,920.0,P
5728_01,Earth,False,TRAPPIST-1e,24.0,False,False,False,False,False,False,False,F,1185.0,P
5729_01,Mars,True,TRAPPIST-1e,29.0,False,False,False,False,False,False,True,F,1186.0,P
5730_01,Earth,False,TRAPPIST-1e,25.0,False,False,False,False,False,False,False,F,1187.0,P
5732_01,Earth,False,TRAPPIST-1e,20.0,False,False,False,False,False,False,False,G,921.0,P
5733_01,Earth,False,55 Cancri e,34.0,False,False,False,False,False,False,True,G,922.0,P
5733_02,Earth,False,TRAPPIST-1e,28.0,False,False,False,False,False,False,False,F,1188.0,P
5735_01,Earth,True,TRAPPIST-1e,27.0,False,False,False,False,False,False,True,E,362.0,P
5736_01,Earth,False,TRAPPIST-1e,23.0,False,False,False,False,False,False,False,F,1189.0,P
5737_01,Europa,False,TRAPPIST-1e,39.0,False,False,False,False,False,False,True,C,216.0,S
5737_02,Europa,False,TRAPPIST-1e,35.0,False,False,False,False,False,False,True,C,216.0,S
5738_01,Earth,True,TRAPPIST-1e,18.0,False,False,False,False,False,False,True,G,929.0,S
5739_01,Earth,True,TRAPPIST-1e,20.0,False,False,False,False,False,False,True,G,930.0,S
5740_01,Europa,False,TRAPPIST-1e,42.0,False,False,False,False,False,False,False,A,52.0,P
5740_02,Europa,False,55 Cancri e,32.0,False,False,False,False,False,False,False,A,52.0,P
5742_01,Earth,False,55 Cancri e,50.0,False,False,False,False,False,False,False,F,1096.0,S
5744_01,Earth,False,TRAPPIST-1e,23.0,False,False,False,False,False,False,True,G,931.0,S
5746_01,Earth,False,TRAPPIST-1e,19.0,False,False,False,False,False,False,False,G,932.0,S
5747_01,Earth,False,TRAPPIST-1e,29.0,False,False,False,False,False,False,False,F,1192.0,P
5748_01,Europa,False,TRAPPIST-1e,35.0,True,True,True,True,True,True,False,A,53.0,P
5750_01,Earth,False,TRAPPIST-1e,18.0,False,False,False,False,False,False,False,E,363.0,P
5751_01,Earth,False,PSO J318.5-22,24.0,False,False,False,False,False,False,False,G,924.0,P
5755_01,Earth,False,TRAPPIST-1e,23.0,False,False,False,False,False,False,True,G,933.0,S
5756_01,Earth,False,TRAPPIST-1e,51.0,False,False,False,False,False,False,False,F,1194.0,P
5756_02,Earth,False,TRAPPIST-1e,42.0,False,False,False,False,False,False,False,F,1194.0,P
5756_03,Earth,False,PSO J318.5-22,19.0,False,False,False,False,False,False,False,F,1194.0,P
5756_04,Earth,False,TRAPPIST-1e,23.0,False,False,False,False,False,False,False,F,1194.0,P
5756_05,Earth,True,TRAPPIST-1e,19.0,False,False,False,False,False,False,True,F,1194.0,P
5756_06,Earth,False,PSO J318.5-22,22.0,False,False,False,False,False,False,False,F,1194.0,P
5756_07,Earth,False,TRAPPIST-1e,25.0,False,False,False,False,False,False,False,F,427.0,S
5756_08,Earth,False,PSO J318.5-22,31.0,False,False,False,False,False,False,False,F,1194.0,P
5757_01,Earth,False,TRAPPIST-1e,23.0,False,False,False,False,False,False,False,F,1195.0,P
5758_01,Earth,True,TRAPPIST-1e,22.0,False,False,False,False,False,False,True,G,934.0,S
5761_01,Europa,True,TRAPPIST-1e,55.0,False,False,False,False,False,False,True,B,220.0,S
5763_01,Earth,False,TRAPPIST-1e,40.0,False,False,False,False,False,False,False,F,1099.0,S
5763_02,Earth,False,TRAPPIST-1e,24.0,False,False,False,False,False,False,False,F,1099.0,S
5764_01,Earth,False,TRAPPIST-1e,25.0,False,False,False,False,False,False,True,F,1100.0,S
5765_01,Europa,False,TRAPPIST-1e,42.0,False,False,False,False,False,False,False,C,181.0,P
5767_01,Earth,True,PSO J318.5-22,33.0,False,False,False,False,False,False,True,G,936.0,S
5768_01,Europa,True,TRAPPIST-1e,54.0,False,False,False,False,False,False,True,B,193.0,P
5768_02,Europa,True,55 Cancri e,22.0,False,False,False,False,False,False,True,B,193.0,P
5769_01,Europa,True,TRAPPIST-1e,22.0,False,False,False,False,False,False,True,B,194.0,P
5769_02,Europa,True,55 Cancri e,19.0,False,False,False,False,False,False,True,B,194.0,P
5771_01,Earth,False,TRAPPIST-1e,47.0,False,False,False,False,False,False,True,G,937.0,S
5772_01,Mars,False,55 Cancri e,23.0,False,False,False,False,False,False,False,F,1197.0,P
5773_01,Europa,True,55 Cancri e,61.0,False,False,False,False,False,False,True,C,217.0,S
5776_01,Earth,False,TRAPPIST-1e,21.0,False,False,False,False,False,False,False,F,1102.0,S
5777_01,Earth,False,PSO J318.5-22,46.0,False,False,False,False,False,False,False,F,1199.0,P
5778_01,Earth,False,TRAPPIST-1e,36.0,False,False,False,False,False,False,False,G,926.0,P
5779_01,Earth,False,TRAPPIST-1e,15.0,False,False,False,False,False,False,True,G,938.0,S
5780_01,Europa,False,TRAPPIST-1e,33.0,False,False,False,False,False,False,True,B,195.0,P
5780_02,Europa,True,TRAPPIST-1e,35.0,False,False,False,False,False,False,True,B,195.0,P
5780_03,Europa,True,55 Cancri e,21.0,False,False,False,False,False,False,True,B,195.0,P
5781_01,Earth,False,55 Cancri e,21.0,False,False,False,False,False,False,False,F,1200.0,P
5783_01,Earth,False,55 Cancri e,43.0,False,False,False,False,False,False,True,F,1201.0,P
5785_01,Earth,False,PSO J318.5-22,34.0,False,False,False,False,False,False,False,F,1104.0,S
5786_01,Earth,False,PSO J318.5-22,47.0,False,False,False,False,False,False,False,G,928.0,P
5788_01,Mars,False,TRAPPIST-1e,27.0,False,False,False,False,False,False,True,F,1105.0,S
5790_01,Europa,False,TRAPPIST-1e,46.0,False,False,False,False,False,False,False,C,218.0,S
5791_01,Earth,False,TRAPPIST-1e,46.0,False,False,False,False,False,False,True,G,941.0,S
5792_01,Europa,False,55 Cancri e,40.0,False,False,False,False,False,False,False,B,196.0,P
5793_01,Europa,True,55 Cancri e,59.0,False,False,False,False,False,False,True,E,375.0,S
5794_01,Europa,False,TRAPPIST-1e,45.0,False,False,False,False,False,False,False,D,182.0,P
5795_01,Earth,False,PSO J318.5-22,19.0,False,False,False,False,False,False,True,F,1106.0,S
5796_01,Mars,False,TRAPPIST-1e,32.0,False,False,False,False,False,False,False,F,1107.0,S
5799_01,Earth,True,55 Cancri e,39.0,False,False,False,False,False,False,True,F,1108.0,S
5800_01,Earth,False,TRAPPIST-1e,40.0,False,False,False,False,False,False,False,F,1203.0,P
5802_01,Mars,False,TRAPPIST-1e,44.0,False,False,False,False,False,False,True,D,175.0,S
5804_01,Earth,True,TRAPPIST-1e,26.0,False,False,False,False,False,False,False,G,933.0,P
5806_01,Earth,False,TRAPPIST-1e,22.0,False,False,False,False,False,False,False,F,1109.0,S
5808_01,Earth,False,TRAPPIST-1e,2.0,False,False,False,False,False,False,False,G,934.0,P
5808_02,Earth,False,TRAPPIST-1e,18.0,False,False,False,False,False,False,False,F,1204.0,P
5808_03,Earth,False,TRAPPIST-1e,53.0,False,False,False,False,False,False,False,F,1204.0,P
5809_01,Earth,False,TRAPPIST-1e,22.0,False,False,False,False,False,False,False,F,1205.0,P
5809_02,Earth,False,TRAPPIST-1e,46.0,False,False,False,False,False,False,True,F,1205.0,P
5810_01,Earth,True,TRAPPIST-1e,28.0,False,False,False,False,False,False,True,G,935.0,P
5810_02,Earth,False,TRAPPIST-1e,31.0,False,False,False,False,False,False,True,E,366.0,P
5811_01,Europa,False,55 Cancri e,36.0,False,False,False,False,False,False,False,A,54.0,P
5811_02,Europa,False,55 Cancri e,46.0,False,False,False,False,False,False,True,A,54.0,P
5812_01,Earth,True,TRAPPIST-1e,0.0,False,False,False,False,False,False,True,G,943.0,S
5812_02,Earth,False,TRAPPIST-1e,3.0,False,False,False,False,False,False,True,G,943.0,S
5812_03,Earth,True,TRAPPIST-1e,12.0,False,False,False,False,False,False,True,G,943.0,S
5812_04,Earth,True,TRAPPIST-1e,2.0,False,False,False,False,False,False,True,G,943.0,S
5812_05,Earth,True,TRAPPIST-1e,41.0,False,False,False,False,False,False,True,G,943.0,S
5812_06,Earth,True,55 Cancri e,11.0,False,False,False,False,False,False,True,G,943.0,S
5813_01,Earth,True,TRAPPIST-1e,41.0,False,False,False,False,False,False,True,G,936.0,P
5814_01,Mars,False,TRAPPIST-1e,17.0,False,False,False,False,False,False,False,D,176.0,S
5814_02,Mars,True,55 Cancri e,21.0,False,False,False,False,False,False,True,D,176.0,S
5814_03,Mars,True,55 Cancri e,21.0,False,False,False,False,False,False,True,D,176.0,S
5814_04,Mars,False,TRAPPIST-1e,27.0,False,False,False,False,False,False,True,D,176.0,S
5814_05,Mars,True,TRAPPIST-1e,54.0,False,False,False,False,False,False,True,D,176.0,S
5814_06,Mars,False,TRAPPIST-1e,15.0,False,False,False,False,False,False,False,D,176.0,S
5814_07,Mars,True,TRAPPIST-1e,39.0,False,False,False,False,False,False,True,D,176.0,S
5816_01,Earth,False,TRAPPIST-1e,31.0,False,False,False,False,False,False,True,G,937.0,P
5817_01,Mars,True,TRAPPIST-1e,28.0,False,False,False,False,False,False,True,F,1111.0,S
5818_01,Earth,False,TRAPPIST-1e,21.0,False,False,False,False,False,False,False,G,938.0,P
5819_01,Europa,True,TRAPPIST-1e,29.0,False,False,False,False,False,False,True,B,221.0,S
5820_01,Earth,False,TRAPPIST-1e,45.0,False,False,False,False,False,False,True,F,1112.0,S
5821_01,Europa,False,55 Cancri e,44.0,False,False,False,False,False,False,False,C,183.0,P
5822_01,Earth,True,TRAPPIST-1e,12.0,False,False,False,False,False,False,True,G,939.0,P
5823_01,Earth,True,55 Cancri e,18.0,False,False,False,False,False,False,True,G,944.0,S
5824_01,Earth,True,55 Cancri e,20.0,False,False,False,False,False,False,True,G,940.0,P
5825_01,Europa,False,TRAPPIST-1e,43.0,False,False,False,False,False,False,True,B,198.0,P
5826_01,Earth,True,55 Cancri e,46.0,False,False,False,False,False,False,True,E,367.0,P
5827_01,Earth,False,TRAPPIST-1e,53.0,False,False,False,False,False,False,True,G,945.0,S
5828_01,Earth,False,TRAPPIST-1e,21.0,False,False,False,False,False,False,False,G,941.0,P
5829_01,Earth,False,TRAPPIST-1e,23.0,False,False,False,False,False,False,False,F,1113.0,S
5831_01,Earth,False,55 Cancri e,9.0,False,False,False,False,False,False,False,F,427.0,S
5834_01,Earth,False,TRAPPIST-1e,19.0,False,False,False,False,False,False,False,F,1206.0,P
5835_01,Earth,True,PSO J318.5-22,52.0,False,False,False,False,False,False,True,G,946.0,S
5836_01,Europa,True,55 Cancri e,31.0,False,False,False,False,False,False,True,B,222.0,S
5837_01,Earth,False,TRAPPIST-1e,62.0,False,False,False,False,False,False,False,F,1114.0,S
5839_01,Europa,True,TRAPPIST-1e,27.0,False,False,False,False,False,False,True,C,219.0,S
5840_01,Earth,True,TRAPPIST-1e,23.0,False,False,False,False,False,False,False,G,946.0,P
5842_01,Europa,True,55 Cancri e,28.0,False,False,False,False,False,False,True,C,220.0,S
5842_02,Europa,True,55 Cancri e,27.0,False,False,False,False,False,False,True,C,220.0,S
5843_01,Earth,True,TRAPPIST-1e,58.0,False,False,False,False,False,False,True,G,947.0,S
5844_01,Earth,False,55 Cancri e,24.0,False,False,False,False,False,False,True,E,369.0,P
5846_01,Mars,False,TRAPPIST-1e,27.0,True,True,True,True,True,True,False,E,376.0,S
5847_01,Earth,False,TRAPPIST-1e,33.0,False,False,False,False,False,False,False,F,1115.0,S
5848_01,Earth,False,TRAPPIST-1e,28.0,False,False,False,False,False,False,True,E,377.0,S
5849_01,Earth,False,TRAPPIST-1e,39.0,False,False,False,False,False,False,False,F,1208.0,P
5852_01,Earth,False,TRAPPIST-1e,27.0,False,False,False,False,False,False,False,E,370.0,P
5854_01,Earth,False,TRAPPIST-1e,36.0,False,False,False,False,False,False,True,F,1117.0,S
5855_01,Earth,False,TRAPPIST-1e,64.0,False,False,False,False,False,False,True,F,1209.0,P
5855_02,Earth,False,PSO J318.5-22,41.0,False,False,False,False,False,False,True,G,949.0,P
5856_01,Europa,True,55 Cancri e,27.0,False,False,False,False,False,False,True,B,199.0,P
5856_02,Europa,True,TRAPPIST-1e,27.0,False,False,False,False,False,False,True,B,199.0,P
5857_01,Europa,False,TRAPPIST-1e,27.0,False,False,False,False,False,False,False,E,378.0,S
5858_01,Earth,False,55 Cancri e,22.0,False,False,False,False,False,False,True,G,948.0,S
5859_01,Earth,False,TRAPPIST-1e,23.0,False,False,False,False,False,False,True,E,371.0,P
5860_01,Mars,False,TRAPPIST-1e,40.0,False,False,False,False,False,False,False,F,1118.0,S
5860_02,Mars,True,TRAPPIST-1e,2.0,False,False,False,False,False,False,True,F,1118.0,S
5860_03,Mars,False,TRAPPIST-1e,0.0,False,False,False,False,False,False,True,F,1118.0,S
5861_01,Earth,False,TRAPPIST-1e,27.0,False,False,False,False,False,False,True,G,949.0,S
5863_01,Earth,False,55 Cancri e,0.0,False,False,False,False,False,False,True,G,950.0,P
5863_02,Earth,False,TRAPPIST-1e,17.0,False,False,False,False,False,False,False,F,1210.0,P
5867_01,Earth,False,TRAPPIST-1e,45.0,False,False,False,False,False,False,False,F,1212.0,P
5868_01,Earth,False,TRAPPIST-1e,62.0,False,False,False,False,False,False,False,E,379.0,S
5869_01,Earth,True,55 Cancri e,14.0,False,False,False,False,False,False,True,G,952.0,S
5871_01,Earth,False,55 Cancri e,24.0,False,False,False,False,False,False,True,F,1120.0,S
5874_01,Earth,True,PSO J318.5-22,51.0,False,False,False,False,False,False,True,G,953.0,S
5875_01,Earth,False,TRAPPIST-1e,49.0,False,False,False,False,False,False,False,E,381.0,S
5876_01,Mars,False,TRAPPIST-1e,52.0,False,False,False,False,False,False,True,D,184.0,P
5876_02,Mars,True,55 Cancri e,35.0,False,False,False,False,False,False,True,F,1213.0,P
5876_03,Mars,True,TRAPPIST-1e,22.0,False,False,False,False,False,False,True,F,1213.0,P
5877_01,Earth,False,TRAPPIST-1e,17.0,False,False,False,False,False,False,False,F,1121.0,S
5878_01,Europa,True,55 Cancri e,47.0,False,False,False,False,False,False,True,B,224.0,S
5879_01,Mars,True,TRAPPIST-1e,25.0,False,False,False,False,False,False,True,F,1122.0,S
5880_01,Earth,True,TRAPPIST-1e,11.0,False,False,False,False,False,False,True,G,953.0,P
5882_01,Earth,False,TRAPPIST-1e,17.0,False,False,False,False,False,False,False,F,1214.0,P
5885_01,Earth,False,TRAPPIST-1e,41.0,False,False,False,False,False,False,True,F,1123.0,S
5885_02,Earth,False,TRAPPIST-1e,55.0,False,False,False,False,False,False,True,F,1123.0,S
5885_03,Earth,False,TRAPPIST-1e,29.0,False,False,False,False,False,False,True,F,1123.0,S
5885_04,Earth,False,TRAPPIST-1e,19.0,False,False,False,False,False,False,False,G,954.0,S
5885_05,Earth,True,55 Cancri e,23.0,False,False,False,False,False,False,True,G,954.0,S
5885_06,Earth,False,TRAPPIST-1e,32.0,False,False,False,False,False,False,False,G,954.0,S
5885_07,Earth,False,TRAPPIST-1e,27.0,False,False,False,False,False,False,False,G,954.0,S
5885_08,Earth,False,TRAPPIST-1e,25.0,False,False,False,False,False,False,True,G,954.0,S
5886_01,Mars,False,TRAPPIST-1e,24.0,False,False,False,False,False,False,False,F,1216.0,P
5886_02,Mars,True,TRAPPIST-1e,30.0,False,False,False,False,False,False,False,E,373.0,P
5887_01,Earth,False,PSO J318.5-22,50.0,False,False,False,False,False,False,True,E,374.0,P
5887_02,Earth,False,TRAPPIST-1e,51.0,False,False,False,False,False,False,False,F,1217.0,P
5888_01,Mars,False,55 Cancri e,27.0,False,False,False,False,False,False,False,F,1218.0,P
5888_02,Mars,False,TRAPPIST-1e,35.0,False,False,False,False,False,False,False,F,1218.0,P
5889_01,Earth,False,TRAPPIST-1e,48.0,False,False,False,False,False,False,False,G,954.0,P
5890_01,Earth,True,TRAPPIST-1e,27.0,False,False,False,False,False,False,True,G,955.0,S
5891_01,Earth,True,PSO J318.5-22,19.0,False,False,False,False,False,False,True,G,955.0,P
5894_01,Earth,True,PSO J318.5-22,18.0,False,False,False,False,False,False,True,G,957.0,S
5897_01,Europa,False,55 Cancri e,25.0,False,False,False,False,False,False,True,C,221.0,S
5898_01,Earth,True,55 Cancri e,41.0,False,False,False,False,False,False,True,G,958.0,S
5900_01,Mars,True,TRAPPIST-1e,62.0,False,False,False,False,False,False,True,F,1220.0,P
5900_02,Mars,True,TRAPPIST-1e,30.0,False,False,False,False,False,False,True,F,1220.0,P
5900_03,Mars,True,TRAPPIST-1e,6.0,False,False,False,False,False,False,True,F,1220.0,P
5901_01,Earth,False,55 Cancri e,15.0,False,False,False,False,False,False,False,F,1221.0,P
5902_01,Mars,False,PSO J318.5-22,34.0,False,False,False,False,False,False,False,D,177.0,S
5903_01,Earth,False,TRAPPIST-1e,34.0,False,False,False,False,False,False,False,E,376.0,P
5905_01,Earth,False,TRAPPIST-1e,23.0,False,False,False,False,False,False,True,G,959.0,S
5906_01,Earth,False,TRAPPIST-1e,51.0,False,False,False,False,False,False,False,G,957.0,P
5907_01,Earth,True,PSO J318.5-22,63.0,False,False,False,False,False,False,True,G,960.0,S
5908_01,Earth,False,TRAPPIST-1e,42.0,False,False,False,False,False,False,True,F,1126.0,S
5909_01,Earth,False,55 Cancri e,19.0,False,False,False,False,False,False,True,F,1127.0,S
5909_02,Earth,True,TRAPPIST-1e,5.0,False,False,False,False,False,False,True,G,961.0,S
5909_03,Earth,True,55 Cancri e,2.0,False,False,False,False,False,False,True,G,961.0,S
5912_01,Earth,True,TRAPPIST-1e,15.0,False,False,False,False,False,False,True,G,963.0,S
5913_01,Europa,False,TRAPPIST-1e,36.0,False,False,False,False,False,False,False,D,185.0,P
5915_01,Earth,False,TRAPPIST-1e,32.0,False,False,False,False,False,False,False,E,382.0,S
5916_01,Earth,False,TRAPPIST-1e,19.0,False,False,False,False,False,False,True,E,383.0,S
5919_01,Europa,False,55 Cancri e,26.0,False,False,False,False,False,False,True,A,55.0,P
5920_01,Earth,False,TRAPPIST-1e,33.0,False,False,False,False,False,False,False,F,1223.0,P
5921_01,Earth,True,TRAPPIST-1e,38.0,False,False,False,False,False,False,True,G,959.0,P
5921_02,Earth,False,TRAPPIST-1e,22.0,False,False,False,False,False,False,False,F,1224.0,P
5922_01,Earth,False,TRAPPIST-1e,32.0,False,False,False,False,False,False,False,G,960.0,P
5923_01,Mars,True,55 Cancri e,30.0,False,False,False,False,False,False,True,F,1129.0,S
5924_01,Earth,False,TRAPPIST-1e,51.0,False,False,False,False,False,False,False,F,1225.0,P
5925_01,Europa,False,TRAPPIST-1e,29.0,False,False,False,False,False,False,False,B,226.0,S
5925_02,Europa,False,TRAPPIST-1e,16.0,False,False,False,False,False,False,True,B,226.0,S
5925_03,Europa,False,TRAPPIST-1e,32.0,False,False,False,False,False,False,False,B,226.0,S
5927_01,Europa,False,55 Cancri e,24.0,False,False,False,False,False,False,False,B,201.0,P
5927_02,Europa,False,TRAPPIST-1e,23.0,False,False,False,False,False,False,False,B,201.0,P
5927_03,Europa,True,55 Cancri e,46.0,False,False,False,False,False,False,True,B,201.0,P
5927_04,Europa,False,55 Cancri e,49.0,False,False,False,False,False,False,False,B,201.0,P
5927_05,Europa,True,TRAPPIST-1e,17.0,False,False,False,False,False,False,True,B,201.0,P
5927_06,Europa,False,55 Cancri e,35.0,False,False,False,False,False,False,False,B,201.0,P
5927_07,Europa,False,55 Cancri e,43.0,False,False,False,False,False,False,False,B,201.0,P
5928_01,Earth,False,TRAPPIST-1e,20.0,False,False,False,False,False,False,True,E,377.0,P
5930_01,Europa,True,55 Cancri e,24.0,False,False,False,False,False,False,True,B,227.0,S
5930_02,Europa,False,TRAPPIST-1e,28.0,False,False,False,False,False,False,False,B,227.0,S
5930_03,Europa,True,55 Cancri e,19.0,False,False,False,False,False,False,True,B,227.0,S
5931_01,Europa,False,55 Cancri e,39.0,False,False,False,False,False,False,False,A,56.0,P
5933_01,Mars,False,TRAPPIST-1e,34.0,False,False,False,False,False,False,False,F,1131.0,S
5934_01,Earth,False,TRAPPIST-1e,29.0,False,False,False,False,False,False,True,G,962.0,P
5938_01,Earth,False,55 Cancri e,14.0,False,False,False,False,False,False,True,E,384.0,S
5938_02,Earth,True,TRAPPIST-1e,27.0,False,False,False,False,False,False,True,G,967.0,S
5939_01,Earth,False,TRAPPIST-1e,30.0,False,False,False,False,False,False,False,E,385.0,S
5941_01,Earth,False,TRAPPIST-1e,27.0,False,False,False,False,False,False,True,E,386.0,S
5944_01,Earth,True,PSO J318.5-22,32.0,False,False,False,False,False,False,True,G,969.0,S
5945_01,Earth,True,TRAPPIST-1e,7.0,False,False,False,False,False,False,True,G,970.0,S
5945_02,Earth,True,55 Cancri e,34.0,False,False,False,False,False,False,True,G,970.0,S
5945_03,Earth,False,PSO J318.5-22,47.0,False,False,False,False,False,False,True,G,970.0,S
5946_01,Mars,False,TRAPPIST-1e,19.0,False,False,False,False,False,False,False,E,387.0,S
5947_01,Europa,True,TRAPPIST-1e,52.0,False,False,False,False,False,False,True,E,388.0,S
5949_01,Mars,False,TRAPPIST-1e,19.0,False,False,False,False,False,False,False,D,180.0,S
5949_02,Mars,True,TRAPPIST-1e,18.0,False,False,False,False,False,False,True,F,1132.0,S
5950_01,Earth,False,TRAPPIST-1e,32.0,False,False,False,False,False,False,False,E,378.0,P
5951_01,Earth,False,55 Cancri e,21.0,False,False,False,False,False,False,False,F,1133.0,S
5952_01,Mars,False,55 Cancri e,22.0,False,False,False,False,False,False,True,F,1134.0,S
5953_01,Mars,False,TRAPPIST-1e,13.0,False,False,False,False,False,False,False,E,390.0,S
5954_01,Mars,False,TRAPPIST-1e,25.0,False,False,False,False,False,False,False,E,391.0,S
5955_01,Mars,False,TRAPPIST-1e,33.0,False,False,False,False,False,False,False,E,392.0,S
5955_02,Mars,False,TRAPPIST-1e,27.0,False,False,False,False,False,False,False,F,1135.0,S
5956_01,Earth,False,TRAPPIST-1e,21.0,False,False,False,False,False,False,False,E,379.0,P
5957_01,Europa,True,55 Cancri e,17.0,False,False,False,False,False,False,True,B,203.0,P
5957_02,Europa,True,55 Cancri e,15.0,False,False,False,False,False,False,True,B,203.0,P
5957_03,Europa,False,55 Cancri e,58.0,True,True,True,True,True,True,False,B,203.0,P
5959_01,Europa,False,TRAPPIST-1e,29.0,False,False,False,False,False,False,False,D,181.0,S
5959_02,Europa,True,TRAPPIST-1e,34.0,False,False,False,False,False,False,True,D,181.0,S
5960_01,Europa,False,TRAPPIST-1e,28.0,False,False,False,False,False,False,True,C,222.0,S
5960_02,Europa,False,TRAPPIST-1e,29.0,False,False,False,False,False,False,True,C,222.0,S
5960_03,Europa,True,55 Cancri e,25.0,False,False,False,False,False,False,True,C,222.0,S
5963_01,Mars,False,55 Cancri e,23.0,False,False,False,False,False,False,False,F,1228.0,P
5965_01,Earth,False,TRAPPIST-1e,22.0,False,False,False,False,False,False,True,G,964.0,P
5967_01,Earth,True,55 Cancri e,38.0,False,False,False,False,False,False,True,G,965.0,P
5967_02,Earth,False,TRAPPIST-1e,38.0,False,False,False,False,False,False,True,G,965.0,P
5967_03,Earth,False,TRAPPIST-1e,0.0,False,False,False,False,False,False,False,G,965.0,P
5968_01,Earth,False,TRAPPIST-1e,27.0,False,False,False,False,False,False,False,F,1229.0,P
5969_01,Earth,True,TRAPPIST-1e,0.0,False,False,False,False,False,False,True,G,972.0,S
5969_02,Earth,False,55 Cancri e,37.0,False,False,False,False,False,False,False,F,1137.0,S
5969_03,Earth,False,TRAPPIST-1e,2.0,False,False,False,False,False,False,True,G,972.0,S
5970_01,Europa,True,55 Cancri e,40.0,False,False,False,False,False,False,True,B,229.0,S
5971_01,Mars,False,TRAPPIST-1e,47.0,False,False,False,False,False,False,False,F,1230.0,P
5972_01,Earth,False,TRAPPIST-1e,34.0,False,False,False,False,False,False,True,F,1138.0,S
5973_01,Mars,False,TRAPPIST-1e,43.0,False,False,False,False,False,False,False,F,1139.0,S
5974_01,Mars,True,55 Cancri e,21.0,False,False,False,False,False,False,True,D,186.0,P
5975_01,Europa,True,55 Cancri e,43.0,False,False,False,False,False,False,True,E,380.0,P
5976_01,Mars,False,TRAPPIST-1e,33.0,False,False,False,False,False,False,False,D,182.0,S
5977_01,Europa,False,TRAPPIST-1e,28.0,False,False,False,False,False,False,True,B,230.0,S
5977_02,Europa,False,55 Cancri e,57.0,False,False,False,False,False,False,False,B,230.0,S
5977_03,Europa,False,TRAPPIST-1e,27.0,False,False,False,False,False,False,True,B,230.0,S
5977_04,Europa,False,TRAPPIST-1e,46.0,False,False,False,False,False,False,False,B,230.0,S
5980_01,Europa,False,55 Cancri e,19.0,False,False,False,False,False,False,True,C,223.0,S
5981_01,Mars,False,TRAPPIST-1e,27.0,False,False,False,False,False,False,False,F,1140.0,S
5981_02,Earth,False,TRAPPIST-1e,2.0,False,False,False,False,False,False,True,F,1140.0,S
5981_03,Mars,False,TRAPPIST-1e,0.0,False,False,False,False,False,False,True,F,1140.0,S
5983_01,Mars,False,TRAPPIST-1e,25.0,True,True,True,True,True,True,False,F,1233.0,P
5983_02,Mars,True,TRAPPIST-1e,47.0,False,False,False,False,False,False,True,F,1233.0,P
5984_01,Mars,False,PSO J318.5-22,38.0,False,False,False,False,False,False,True,D,187.0,P
5984_02,Mars,False,TRAPPIST-1e,24.0,False,False,False,False,False,False,False,E,381.0,P
5985_01,Earth,False,TRAPPIST-1e,24.0,False,False,False,False,False,False,True,F,1234.0,P
5986_01,Europa,False,TRAPPIST-1e,25.0,False,False,False,False,False,False,True,D,188.0,P
5987_01,Earth,False,TRAPPIST-1e,29.0,False,False,False,False,False,False,True,G,973.0,S
5988_01,Mars,False,55 Cancri e,44.0,False,False,False,False,False,False,False,F,1235.0,P
5989_01,Earth,False,TRAPPIST-1e,20.0,False,False,False,False,False,False,False,F,1141.0,S
5990_01,Earth,True,TRAPPIST-1e,23.0,False,False,False,False,False,False,True,G,974.0,S
5991_01,Europa,False,55 Cancri e,26.0,False,False,False,False,False,False,True,C,224.0,S
5992_01,Earth,True,PSO J318.5-22,20.0,False,False,False,False,False,False,True,G,975.0,S
5993_01,Mars,True,TRAPPIST-1e,27.0,False,False,False,False,False,False,True,E,394.0,S
5994_01,Earth,False,55 Cancri e,23.0,False,False,False,False,False,False,False,F,1236.0,P
5995_01,Earth,True,PSO J318.5-22,33.0,False,False,False,False,False,False,True,G,967.0,P
5998_01,Earth,False,TRAPPIST-1e,30.0,False,False,False,False,False,False,True,G,977.0,S
5999_01,Earth,False,TRAPPIST-1e,32.0,False,False,False,False,False,False,True,G,968.0,P
6000_01,Mars,False,TRAPPIST-1e,19.0,False,False,False,False,False,False,False,F,427.0,S
6000_02,Mars,False,TRAPPIST-1e,41.0,False,False,False,False,False,False,False,D,189.0,P
6001_01,Earth,True,TRAPPIST-1e,50.0,False,False,False,False,False,False,False,G,969.0,P
6003_01,Earth,False,TRAPPIST-1e,36.0,False,False,False,False,False,False,False,G,970.0,P
6004_01,Mars,True,TRAPPIST-1e,21.0,False,False,False,False,False,False,True,F,1143.0,S
6006_01,Europa,False,55 Cancri e,45.0,True,True,True,True,True,True,False,D,190.0,P
6006_02,Europa,True,55 Cancri e,26.0,False,False,False,False,False,False,True,D,190.0,P
6007_01,Earth,True,TRAPPIST-1e,44.0,False,False,False,False,False,False,True,G,971.0,P
6008_01,Earth,False,PSO J318.5-22,24.0,False,False,False,False,False,False,True,F,1238.0,P
6010_01,Earth,True,55 Cancri e,15.0,False,False,False,False,False,False,True,G,979.0,S
6011_01,Earth,False,TRAPPIST-1e,58.0,False,False,False,False,False,False,False,F,1239.0,P
6014_01,Earth,False,TRAPPIST-1e,13.0,False,False,False,False,False,False,False,E,395.0,S
6015_01,Europa,True,TRAPPIST-1e,19.0,False,False,False,False,False,False,True,B,231.0,S
6015_02,Europa,False,55 Cancri e,25.0,False,False,False,False,False,False,True,B,231.0,S
6016_01,Earth,False,TRAPPIST-1e,24.0,False,False,False,False,False,False,False,E,383.0,P
6016_02,Earth,False,TRAPPIST-1e,20.0,False,False,False,False,False,False,False,G,973.0,P
6017_01,Mars,True,TRAPPIST-1e,34.0,False,False,False,False,False,False,True,F,1144.0,S
6017_02,Mars,True,TRAPPIST-1e,13.0,False,False,False,False,False,False,True,F,1144.0,S
6019_01,Earth,False,TRAPPIST-1e,27.0,False,False,False,False,False,False,True,F,1145.0,S
6020_01,Earth,True,55 Cancri e,39.0,False,False,False,False,False,False,False,G,974.0,P
6020_02,Earth,True,TRAPPIST-1e,0.0,False,False,False,False,False,False,False,G,974.0,P
6020_03,Earth,False,TRAPPIST-1e,10.0,False,False,False,False,False,False,False,G,974.0,P
6020_04,Earth,True,TRAPPIST-1e,9.0,False,False,False,False,False,False,False,G,974.0,P
6020_05,Earth,False,55 Cancri e,34.0,False,False,False,False,False,False,False,F,1242.0,P
6020_06,Earth,False,TRAPPIST-1e,11.0,False,False,False,False,False,False,False,G,974.0,P
6020_07,Earth,True,TRAPPIST-1e,0.0,False,False,False,False,False,False,False,G,974.0,P
6022_01,Earth,False,TRAPPIST-1e,24.0,False,False,False,False,False,False,False,F,1243.0,P
6024_01,Earth,True,PSO J318.5-22,16.0,False,False,False,False,False,False,True,G,975.0,P
6025_01,Earth,False,TRAPPIST-1e,42.0,False,False,False,False,False,False,False,F,1245.0,P
6026_01,Mars,False,TRAPPIST-1e,41.0,False,False,False,False,False,False,True,F,1246.0,P
6027_01,Europa,False,TRAPPIST-1e,36.0,False,False,False,False,False,False,True,B,232.0,S
6028_01,Europa,False,55 Cancri e,27.0,False,False,False,False,False,False,False,A,57.0,P
6028_02,Europa,False,TRAPPIST-1e,32.0,True,True,True,True,True,True,False,A,57.0,P
6028_03,Europa,False,55 Cancri e,11.0,False,False,False,False,False,False,True,A,57.0,P
6028_04,Europa,False,TRAPPIST-1e,26.0,True,True,True,True,True,True,True,F,427.0,S
6028_05,Europa,False,TRAPPIST-1e,28.0,False,False,False,False,False,False,True,A,57.0,P
6029_01,Earth,False,TRAPPIST-1e,25.0,False,False,False,False,False,False,False,E,396.0,S
6030_01,Earth,False,TRAPPIST-1e,5.0,False,False,False,False,False,False,True,G,981.0,S
6030_02,Earth,True,TRAPPIST-1e,27.0,False,False,False,False,False,False,True,G,981.0,S
6030_03,Earth,False,TRAPPIST-1e,13.0,False,False,False,False,False,False,True,G,981.0,S
6030_04,Earth,False,TRAPPIST-1e,30.0,False,False,False,False,False,False,True,G,981.0,S
6030_05,Earth,True,TRAPPIST-1e,15.0,False,False,False,False,False,False,True,G,981.0,S
6030_06,Earth,True,TRAPPIST-1e,0.0,False,False,False,False,False,False,True,G,981.0,S
6030_07,Earth,False,TRAPPIST-1e,49.0,False,False,False,False,False,False,True,G,981.0,S
6031_01,Earth,False,TRAPPIST-1e,52.0,False,False,False,False,False,False,True,F,1146.0,S
6032_01,Earth,True,TRAPPIST-1e,15.0,False,False,False,False,False,False,True,G,982.0,S
6032_02,Earth,False,TRAPPIST-1e,40.0,False,False,False,False,False,False,False,E,397.0,S
6032_03,Earth,True,55 Cancri e,0.0,False,False,False,False,False,False,True,G,982.0,S
6033_01,Mars,False,TRAPPIST-1e,32.0,False,False,False,False,False,False,False,E,384.0,P
6033_02,Mars,True,55 Cancri e,15.0,False,False,False,False,False,False,True,F,1247.0,P
6034_01,Mars,False,PSO J318.5-22,26.0,False,False,False,False,False,False,True,E,385.0,P
6034_02,Mars,True,PSO J318.5-22,31.0,False,False,False,False,False,False,False,E,385.0,P
6034_03,Mars,False,TRAPPIST-1e,8.0,False,False,False,False,False,False,True,E,385.0,P
6035_01,Earth,False,TRAPPIST-1e,18.0,False,False,False,False,False,False,True,E,386.0,P
6035_02,Earth,False,TRAPPIST-1e,3.0,False,False,False,False,False,False,False,G,976.0,P
6036_01,Europa,False,TRAPPIST-1e,44.0,False,False,False,False,False,False,True,C,225.0,S
6036_02,Earth,False,TRAPPIST-1e,15.0,False,False,False,False,False,False,True,C,225.0,S
6036_03,Europa,False,TRAPPIST-1e,27.0,False,False,False,False,False,False,True,C,225.0,S
6038_01,Mars,False,TRAPPIST-1e,22.0,False,False,False,False,False,False,False,F,1147.0,S
6039_01,Earth,False,TRAPPIST-1e,2.0,False,False,False,False,False,False,True,G,983.0,S
6039_02,Earth,False,TRAPPIST-1e,32.0,False,False,False,False,False,False,False,F,1148.0,S
6040_01,Earth,False,TRAPPIST-1e,16.0,False,False,False,False,False,False,True,G,984.0,S
6041_01,Mars,False,TRAPPIST-1e,34.0,False,False,False,False,False,False,False,F,1248.0,P
6042_01,Mars,False,TRAPPIST-1e,32.0,False,False,False,False,False,False,False,F,1249.0,P
6043_01,Earth,False,TRAPPIST-1e,28.0,False,False,False,False,False,False,False,G,978.0,P
6045_01,Europa,False,TRAPPIST-1e,27.0,False,False,False,False,False,False,False,B,233.0,S
6047_01,Earth,False,PSO J318.5-22,35.0,False,False,False,False,False,False,True,G,985.0,S
6048_01,Mars,True,TRAPPIST-1e,25.0,False,False,False,False,False,False,False,F,427.0,S
6049_01,Earth,False,TRAPPIST-1e,24.0,False,False,False,False,False,False,True,G,986.0,S
6052_01,Earth,True,TRAPPIST-1e,61.0,False,False,False,False,False,False,False,G,980.0,P
6054_01,Mars,True,TRAPPIST-1e,28.0,False,False,False,False,False,False,True,F,1151.0,S
6055_01,Europa,False,PSO J318.5-22,29.0,True,True,True,True,True,True,False,C,185.0,P
6055_02,Europa,True,TRAPPIST-1e,41.0,False,False,False,False,False,False,True,C,185.0,P
6055_03,Europa,False,TRAPPIST-1e,20.0,False,False,False,False,False,False,False,C,185.0,P
6058_01,Mars,False,55 Cancri e,18.0,False,False,False,False,False,False,False,F,1253.0,P
6059_01,Earth,False,TRAPPIST-1e,28.0,False,False,False,False,False,False,True,G,982.0,P
6061_01,Earth,False,TRAPPIST-1e,18.0,False,False,False,False,False,False,True,F,1153.0,S
6062_01,Mars,False,TRAPPIST-1e,33.0,False,False,False,False,False,False,False,F,1254.0,P
6062_02,Mars,False,TRAPPIST-1e,35.0,False,False,False,False,False,False,False,E,388.0,P
6064_01,Europa,False,55 Cancri e,68.0,False,False,False,False,False,False,False,C,186.0,P
6065_01,Earth,False,TRAPPIST-1e,19.0,False,False,False,False,False,False,True,E,398.0,S
6066_01,Europa,False,TRAPPIST-1e,33.0,False,False,False,False,False,False,False,C,226.0,S
6066_02,Europa,False,55 Cancri e,55.0,False,False,False,False,False,False,False,C,226.0,S
6066_03,Europa,False,TRAPPIST-1e,15.0,False,False,False,False,False,False,True,C,226.0,S
6067_01,Earth,False,TRAPPIST-1e,23.0,False,False,False,False,False,False,False,G,984.0,P
6068_01,Earth,False,TRAPPIST-1e,23.0,False,False,False,False,False,False,True,F,1154.0,S
6069_01,Mars,False,55 Cancri e,15.0,False,False,False,False,False,False,False,D,185.0,S
6070_01,Mars,False,TRAPPIST-1e,49.0,False,False,False,False,False,False,False,D,186.0,S
6071_01,Earth,False,TRAPPIST-1e,33.0,False,False,False,False,False,False,True,G,987.0,S
6073_01,Mars,True,55 Cancri e,26.0,False,False,False,False,False,False,True,F,1156.0,S
6075_01,Europa,True,TRAPPIST-1e,26.0,False,False,False,False,False,False,True,B,206.0,P
6076_01,Earth,False,TRAPPIST-1e,18.0,False,False,False,False,False,False,True,G,988.0,S
6077_01,Earth,True,TRAPPIST-1e,17.0,False,False,False,False,False,False,True,G,985.0,P
6080_01,Earth,False,TRAPPIST-1e,39.0,False,False,False,False,False,False,True,G,989.0,S
6082_01,Earth,False,TRAPPIST-1e,8.0,False,False,False,False,False,False,False,G,987.0,P
6085_01,Earth,False,TRAPPIST-1e,46.0,False,False,False,False,False,False,True,F,1257.0,P
6086_01,Europa,False,55 Cancri e,32.0,False,False,False,False,False,False,True,A,72.0,S
6087_01,Earth,False,TRAPPIST-1e,19.0,False,False,False,False,False,False,False,F,1160.0,S
6090_01,Mars,True,TRAPPIST-1e,36.0,False,False,False,False,False,False,True,F,1259.0,P
6091_01,Earth,True,TRAPPIST-1e,28.0,False,False,False,False,False,False,True,G,988.0,P
6091_02,Earth,False,TRAPPIST-1e,39.0,False,False,False,False,False,False,False,F,1260.0,P
6092_01,Earth,False,TRAPPIST-1e,16.0,False,False,False,False,False,False,True,F,1161.0,S
6092_02,Earth,True,PSO J318.5-22,7.0,False,False,False,False,False,False,True,G,991.0,S
6092_03,Earth,False,TRAPPIST-1e,1.0,False,False,False,False,False,False,True,G,991.0,S
6094_01,Europa,True,55 Cancri e,30.0,False,False,False,False,False,False,True,C,227.0,S
6094_02,Europa,True,55 Cancri e,44.0,False,False,False,False,False,False,True,C,227.0,S
6094_03,Europa,True,55 Cancri e,28.0,False,False,False,False,False,False,True,C,227.0,S
6095_01,Mars,False,TRAPPIST-1e,29.0,False,False,False,False,False,False,False,D,192.0,P
6096_01,Mars,False,TRAPPIST-1e,41.0,False,False,False,False,False,False,True,F,1162.0,S
6096_02,Mars,False,TRAPPIST-1e,13.0,False,False,False,False,False,False,True,F,1162.0,S
6096_03,Mars,False,TRAPPIST-1e,18.0,False,False,False,False,False,False,False,F,1162.0,S
6098_01,Earth,False,55 Cancri e,27.0,False,False,False,False,False,False,False,F,1163.0,S
6099_01,Earth,True,TRAPPIST-1e,26.0,False,False,False,False,False,False,True,G,992.0,S
6101_01,Earth,False,55 Cancri e,24.0,False,False,False,False,False,False,False,F,1261.0,P
6102_01,Earth,False,PSO J318.5-22,26.0,False,False,False,False,False,False,False,F,1165.0,S
6103_01,Earth,True,PSO J318.5-22,27.0,False,False,False,False,False,False,True,G,990.0,P
6105_01,Europa,False,TRAPPIST-1e,58.0,False,False,False,False,False,False,False,E,401.0,S
6106_01,Europa,True,55 Cancri e,54.0,False,False,False,False,False,False,True,C,228.0,S
6107_01,Earth,False,55 Cancri e,18.0,False,False,False,False,False,False,True,F,1263.0,P
6108_01,Earth,False,TRAPPIST-1e,13.0,False,False,False,False,False,False,False,F,1166.0,S
6109_01,Europa,False,TRAPPIST-1e,13.0,False,False,False,False,False,False,False,C,187.0,P
6109_02,Europa,True,TRAPPIST-1e,28.0,False,False,False,False,False,False,True,C,187.0,P
6110_01,Earth,False,55 Cancri e,57.0,False,False,False,False,False,False,True,E,389.0,P
6111_01,Europa,True,TRAPPIST-1e,32.0,False,False,False,False,False,False,True,A,58.0,P
6111_02,Europa,False,TRAPPIST-1e,32.0,False,False,False,False,False,False,False,A,58.0,P
6111_03,Europa,True,55 Cancri e,21.0,False,False,False,False,False,False,True,F,427.0,S
6111_04,Europa,True,55 Cancri e,34.0,False,False,False,False,False,False,True,A,58.0,P
6111_05,Europa,False,TRAPPIST-1e,33.0,False,False,False,False,False,False,True,A,58.0,P
6112_01,Mars,True,TRAPPIST-1e,36.0,False,False,False,False,False,False,True,F,1264.0,P
6115_01,Mars,False,TRAPPIST-1e,50.0,False,False,False,False,False,False,False,E,390.0,P
6116_01,Mars,False,TRAPPIST-1e,28.0,False,False,False,False,False,False,False,F,1167.0,S
6117_01,Europa,False,TRAPPIST-1e,56.0,False,False,False,False,False,False,False,B,234.0,S
6118_01,Mars,False,55 Cancri e,42.0,False,False,False,False,False,False,False,F,1266.0,P
6118_02,Mars,True,TRAPPIST-1e,39.0,False,False,False,False,False,False,False,E,391.0,P
6120_01,Earth,False,PSO J318.5-22,13.0,False,False,False,False,False,False,True,F,1169.0,S
6121_01,Europa,False,TRAPPIST-1e,28.0,False,False,False,False,False,False,True,C,229.0,S
6121_02,Europa,False,TRAPPIST-1e,55.0,False,False,False,False,False,False,False,C,229.0,S
6122_01,Earth,False,55 Cancri e,36.0,False,False,False,False,False,False,True,F,1267.0,P
6123_01,Mars,True,TRAPPIST-1e,27.0,False,False,False,False,False,False,True,F,1268.0,P
6124_01,Earth,False,PSO J318.5-22,37.0,False,False,False,False,False,False,True,G,991.0,P
6126_01,Europa,True,55 Cancri e,50.0,False,False,False,False,False,False,True,C,188.0,P
6127_01,Europa,False,TRAPPIST-1e,27.0,False,False,False,False,False,False,False,E,404.0,S
6128_01,Earth,True,TRAPPIST-1e,23.0,False,False,False,False,False,False,False,G,992.0,P
6128_02,Earth,False,TRAPPIST-1e,16.0,False,False,False,False,False,False,False,F,1270.0,P
6130_01,Europa,False,55 Cancri e,33.0,True,True,True,True,True,True,True,C,189.0,P
6132_01,Mars,True,TRAPPIST-1e,46.0,False,False,False,False,False,False,True,F,1170.0,S
6133_01,Earth,True,PSO J318.5-22,26.0,False,False,False,False,False,False,True,G,993.0,S
6135_01,Earth,False,TRAPPIST-1e,24.0,False,False,False,False,False,False,False,F,1272.0,P
6136_01,Earth,False,TRAPPIST-1e,26.0,False,False,False,False,False,False,False,F,1172.0,S
6137_01,Earth,False,TRAPPIST-1e,2.0,False,False,False,False,False,False,True,G,994.0,S
6137_02,Earth,False,TRAPPIST-1e,33.0,False,False,False,False,False,False,False,F,1173.0,S
6137_03,Earth,True,TRAPPIST-1e,32.0,False,False,False,False,False,False,True,G,994.0,S
6137_04,Earth,True,TRAPPIST-1e,3.0,False,False,False,False,False,False,True,G,994.0,S
6137_05,Earth,True,TRAPPIST-1e,2.0,False,False,False,False,False,False,True,G,994.0,S
6137_06,Earth,False,TRAPPIST-1e,6.0,False,False,False,False,False,False,True,G,994.0,S
6138_01,Mars,False,TRAPPIST-1e,27.0,False,False,False,False,False,False,True,E,406.0,S
6139_01,Europa,False,TRAPPIST-1e,0.0,False,False,False,False,False,False,True,C,230.0,S
6139_02,Europa,True,TRAPPIST-1e,4.0,False,False,False,False,False,False,True,C,230.0,S
6139_03,Europa,False,TRAPPIST-1e,58.0,False,False,False,False,False,False,True,C,230.0,S
6139_04,Europa,True,TRAPPIST-1e,22.0,False,False,False,False,False,False,True,C,230.0,S
6139_05,Europa,True,55 Cancri e,51.0,False,False,False,False,False,False,True,C,230.0,S
6139_06,Europa,True,55 Cancri e,37.0,False,False,False,False,False,False,True,C,230.0,S
6141_01,Earth,False,PSO J318.5-22,17.0,False,False,False,False,False,False,False,F,1174.0,S
6141_02,Earth,False,TRAPPIST-1e,21.0,False,False,False,False,False,False,False,F,427.0,S
6143_01,Earth,False,TRAPPIST-1e,27.0,False,False,False,False,False,False,True,F,1175.0,S
6145_01,Europa,False,55 Cancri e,27.0,False,False,False,False,False,False,False,C,231.0,S
6146_01,Europa,False,TRAPPIST-1e,31.0,False,False,False,False,False,False,False,B,207.0,P
6148_01,Mars,True,TRAPPIST-1e,43.0,False,False,False,False,False,False,True,F,1176.0,S
6148_02,Mars,True,TRAPPIST-1e,27.0,False,False,False,False,False,False,True,F,1176.0,S
6149_01,Earth,False,TRAPPIST-1e,15.0,False,False,False,False,False,False,True,G,995.0,S
6150_01,Earth,False,TRAPPIST-1e,18.0,False,False,False,False,False,False,True,F,1177.0,S
6152_01,Europa,True,TRAPPIST-1e,33.0,False,False,False,False,False,False,True,B,235.0,S
6152_02,Europa,False,TRAPPIST-1e,31.0,False,False,False,False,False,False,False,B,235.0,S
6153_01,Europa,True,55 Cancri e,41.0,False,False,False,False,False,False,True,B,236.0,S
6155_01,Earth,False,TRAPPIST-1e,22.0,False,False,False,False,False,False,False,F,1178.0,S
6156_01,Earth,False,TRAPPIST-1e,40.0,False,False,False,False,False,False,False,F,1179.0,S
6157_01,Mars,False,TRAPPIST-1e,49.0,False,False,False,False,False,False,False,E,407.0,S
6158_01,Earth,True,PSO J318.5-22,14.0,False,False,False,False,False,False,True,G,996.0,S
6162_01,Earth,False,55 Cancri e,22.0,False,False,False,False,False,False,False,F,1181.0,S
6163_01,Earth,False,TRAPPIST-1e,22.0,False,False,False,False,False,False,False,E,409.0,S
6166_01,Earth,False,TRAPPIST-1e,25.0,False,False,False,False,False,False,False,E,394.0,P
6167_01,Earth,True,PSO J318.5-22,42.0,False,False,False,False,False,False,True,G,998.0,S
6168_01,Earth,True,PSO J318.5-22,16.0,False,False,False,False,False,False,True,G,999.0,S
6168_02,Earth,False,55 Cancri e,12.0,False,False,False,False,False,False,True,G,999.0,S
6169_01,Earth,False,TRAPPIST-1e,18.0,False,False,False,False,False,False,True,G,1000.0,S
6170_01,Earth,False,TRAPPIST-1e,33.0,False,False,False,False,False,False,False,G,998.0,P
6171_01,Earth,False,TRAPPIST-1e,14.0,False,False,False,False,False,False,False,E,410.0,S
6172_01,Earth,True,TRAPPIST-1e,36.0,False,False,False,False,False,False,True,G,1001.0,S
6173_01,Europa,True,TRAPPIST-1e,23.0,False,False,False,False,False,False,True,B,208.0,P
6174_01,Earth,False,55 Cancri e,24.0,False,False,False,False,False,False,False,F,1274.0,P
6174_02,Earth,True,PSO J318.5-22,4.0,False,False,False,False,False,False,True,G,999.0,P
6174_03,Earth,True,TRAPPIST-1e,27.0,False,False,False,False,False,False,False,G,999.0,P
6175_01,Earth,False,TRAPPIST-1e,18.0,False,False,False,False,False,False,False,G,1000.0,P
6175_02,Earth,True,TRAPPIST-1e,21.0,False,False,False,False,False,False,True,G,1000.0,P
6175_03,Earth,False,TRAPPIST-1e,27.0,False,False,False,False,False,False,False,G,1000.0,P
6176_01,Mars,True,TRAPPIST-1e,34.0,False,False,False,False,False,False,True,F,1275.0,P
6178_01,Earth,True,PSO J318.5-22,28.0,False,False,False,False,False,False,False,G,1001.0,P
6179_01,Europa,True,TRAPPIST-1e,35.0,False,False,False,False,False,False,True,B,209.0,P
6180_01,Earth,True,PSO J318.5-22,16.0,False,False,False,False,False,False,True,G,1002.0,S
6181_01,Europa,False,TRAPPIST-1e,36.0,False,False,False,False,False,False,False,C,191.0,P
6182_01,Earth,True,TRAPPIST-1e,30.0,False,False,False,False,False,False,False,G,1002.0,P
6184_01,Earth,True,PSO J318.5-22,4.0,False,False,False,False,False,False,True,G,1003.0,S
6186_01,Mars,False,TRAPPIST-1e,19.0,True,True,True,True,True,True,True,E,396.0,P
6189_01,Earth,False,TRAPPIST-1e,3.0,False,False,False,False,False,False,True,G,1004.0,P
6191_01,Europa,True,TRAPPIST-1e,51.0,False,False,False,False,False,False,True,A,59.0,P
6191_02,Europa,True,TRAPPIST-1e,27.0,False,False,False,False,False,False,True,A,59.0,P
6191_03,Europa,True,TRAPPIST-1e,45.0,False,False,False,False,False,False,True,A,59.0,P
6191_04,Europa,True,TRAPPIST-1e,18.0,False,False,False,False,False,False,True,A,59.0,P
6192_01,Earth,False,PSO J318.5-22,23.0,False,False,False,False,False,False,True,F,1183.0,S
6194_01,Earth,False,TRAPPIST-1e,15.0,False,False,False,False,False,False,False,F,1185.0,S
6199_01,Mars,True,TRAPPIST-1e,34.0,False,False,False,False,False,False,True,E,412.0,S
6199_02,Mars,False,TRAPPIST-1e,47.0,False,False,False,False,False,False,True,D,188.0,S
6200_01,Europa,False,TRAPPIST-1e,27.0,False,False,False,False,False,False,True,B,238.0,S
6200_02,Europa,False,TRAPPIST-1e,26.0,False,False,False,False,False,False,False,B,238.0,S
6200_03,Europa,False,55 Cancri e,25.0,False,False,False,False,False,False,False,B,238.0,S
6201_01,Europa,False,55 Cancri e,34.0,True,True,True,True,True,True,False,A,60.0,P
6205_01,Mars,False,TRAPPIST-1e,27.0,True,True,True,True,True,True,False,D,189.0,S
6206_01,Earth,False,TRAPPIST-1e,39.0,False,False,False,False,False,False,False,F,1187.0,S
6207_01,Mars,False,TRAPPIST-1e,31.0,False,False,False,False,False,False,False,F,1278.0,P
6207_02,Mars,False,TRAPPIST-1e,4.0,False,False,False,False,False,False,True,F,1278.0,P
6207_03,Mars,False,TRAPPIST-1e,19.0,False,False,False,False,False,False,False,E,397.0,P
6208_01,Mars,True,55 Cancri e,59.0,False,False,False,False,False,False,True,F,1279.0,P
6211_01,Mars,False,TRAPPIST-1e,19.0,False,False,False,False,False,False,True,D,193.0,P
6213_01,Earth,False,55 Cancri e,25.0,False,False,False,False,False,False,True,F,1280.0,P
6215_01,Europa,False,55 Cancri e,28.0,False,False,False,False,False,False,True,B,239.0,S
6215_02,Europa,False,55 Cancri e,37.0,False,False,False,False,False,False,False,B,239.0,S
6216_01,Mars,False,TRAPPIST-1e,43.0,False,False,False,False,False,False,True,F,1282.0,P
6218_01,Earth,False,55 Cancri e,18.0,False,False,False,False,False,False,False,F,1188.0,S
6218_02,Earth,False,TRAPPIST-1e,36.0,False,False,False,False,False,False,False,E,413.0,S
6219_01,Earth,False,TRAPPIST-1e,14.0,False,False,False,False,False,False,False,F,1283.0,P
6220_01,Earth,False,PSO J318.5-22,42.0,False,False,False,False,False,False,False,F,1284.0,P
6222_01,Earth,False,PSO J318.5-22,29.0,False,False,False,False,False,False,False,F,1190.0,S
6223_01,Mars,False,TRAPPIST-1e,23.0,False,False,False,False,False,False,False,E,398.0,P
6224_01,Earth,False,TRAPPIST-1e,16.0,False,False,False,False,False,False,False,F,1191.0,S
6224_02,Earth,False,55 Cancri e,8.0,False,False,False,False,False,False,True,G,1006.0,S
6225_01,Earth,False,TRAPPIST-1e,20.0,False,False,False,False,False,False,False,G,1007.0,P
6227_01,Earth,False,PSO J318.5-22,50.0,False,False,False,False,False,False,False,F,1192.0,S
6228_01,Earth,False,TRAPPIST-1e,38.0,False,False,False,False,False,False,True,G,1007.0,S
6229_01,Mars,True,TRAPPIST-1e,39.0,False,False,False,False,False,False,True,F,1286.0,P
6230_01,Mars,False,TRAPPIST-1e,33.0,False,False,False,False,False,False,False,E,414.0,S
6232_01,Europa,True,55 Cancri e,30.0,False,False,False,False,False,False,True,B,241.0,S
6234_01,Mars,False,PSO J318.5-22,40.0,True,True,True,True,True,True,True,F,1287.0,P
6236_01,Earth,False,TRAPPIST-1e,22.0,False,False,False,False,False,False,False,F,1194.0,S
6237_01,Mars,True,TRAPPIST-1e,52.0,False,False,False,False,False,False,True,F,1195.0,S
6238_01,Mars,True,TRAPPIST-1e,26.0,False,False,False,False,False,False,True,F,1196.0,S
6239_01,Earth,False,TRAPPIST-1e,19.0,False,False,False,False,False,False,False,F,1197.0,S
6241_01,Earth,False,TRAPPIST-1e,33.0,False,False,False,False,False,False,False,F,1198.0,S
6243_01,Earth,True,PSO J318.5-22,33.0,False,False,False,False,False,False,True,G,1010.0,S
6245_01,Earth,False,TRAPPIST-1e,20.0,False,False,False,False,False,False,True,G,1011.0,S
6246_01,Mars,False,TRAPPIST-1e,28.0,False,False,False,False,False,False,False,F,1199.0,S
6248_01,Earth,True,55 Cancri e,10.0,False,False,False,False,False,False,True,G,1012.0,S
6249_01,Earth,False,TRAPPIST-1e,23.0,False,False,False,False,False,False,True,G,1008.0,P
6250_01,Earth,False,TRAPPIST-1e,28.0,False,False,False,False,False,False,True,G,1013.0,S
6251_01,Earth,False,TRAPPIST-1e,23.0,False,False,False,False,False,False,True,F,1200.0,S
6252_01,Mars,False,TRAPPIST-1e,54.0,False,False,False,False,False,False,False,F,1201.0,S
6253_01,Mars,False,TRAPPIST-1e,57.0,False,False,False,False,False,False,False,F,1289.0,P
6253_02,Mars,False,55 Cancri e,24.0,False,False,False,False,False,False,False,F,1289.0,P
6254_01,Europa,True,TRAPPIST-1e,37.0,False,False,False,False,False,False,True,B,243.0,S
6254_02,Europa,True,TRAPPIST-1e,59.0,False,False,False,False,False,False,True,B,243.0,S
6256_01,Earth,True,TRAPPIST-1e,53.0,False,False,False,False,False,False,True,G,1009.0,P
6262_01,Mars,True,TRAPPIST-1e,22.0,False,False,False,False,False,False,True,F,1293.0,P
6262_02,Earth,False,TRAPPIST-1e,18.0,False,False,False,False,False,False,False,D,195.0,P
6263_01,Europa,True,55 Cancri e,17.0,False,False,False,False,False,False,True,B,213.0,P
6263_02,Earth,False,55 Cancri e,25.0,False,False,False,False,False,False,False,B,213.0,P
6264_01,Earth,False,TRAPPIST-1e,18.0,False,False,False,False,False,False,False,F,1294.0,P
6265_01,Earth,False,TRAPPIST-1e,20.0,False,False,False,False,False,False,False,F,427.0,S
6266_01,Earth,False,TRAPPIST-1e,24.0,False,False,False,False,False,False,True,F,1296.0,P
6268_01,Mars,True,TRAPPIST-1e,33.0,False,False,False,False,False,False,True,F,1202.0,S
6270_01,Earth,False,TRAPPIST-1e,34.0,False,False,False,False,False,False,False,F,1297.0,P
6270_02,Earth,False,55 Cancri e,24.0,False,False,False,False,False,False,False,F,1297.0,P
6271_01,Europa,False,TRAPPIST-1e,37.0,False,False,False,False,False,False,True,A,62.0,P
6273_01,Mars,False,TRAPPIST-1e,23.0,False,False,False,False,False,False,False,D,196.0,P
6273_02,Mars,False,TRAPPIST-1e,32.0,False,False,False,False,False,False,False,D,196.0,P
6274_01,Mars,True,TRAPPIST-1e,13.0,False,False,False,False,False,False,True,F,1203.0,S
6276_01,Earth,True,55 Cancri e,23.0,False,False,False,False,False,False,True,G,1011.0,P
6277_01,Earth,True,TRAPPIST-1e,23.0,False,False,False,False,False,False,True,G,1014.0,S
6279_01,Europa,False,TRAPPIST-1e,27.0,False,False,False,False,False,False,False,A,74.0,S
6280_01,Earth,True,TRAPPIST-1e,47.0,False,False,False,False,False,False,True,G,1012.0,P
6281_01,Earth,False,TRAPPIST-1e,38.0,False,False,False,False,False,False,True,G,1015.0,S
6282_01,Mars,False,TRAPPIST-1e,28.0,False,False,False,False,False,False,False,F,1205.0,S
6283_01,Earth,False,TRAPPIST-1e,21.0,False,False,False,False,False,False,False,F,1206.0,S
6283_02,Earth,False,TRAPPIST-1e,27.0,False,False,False,False,False,False,False,F,1206.0,S
6285_01,Europa,False,55 Cancri e,64.0,False,False,False,False,False,False,True,B,245.0,S
6285_02,Europa,False,TRAPPIST-1e,43.0,False,False,False,False,False,False,True,B,245.0,S
6289_01,Earth,False,TRAPPIST-1e,21.0,False,False,False,False,False,False,True,G,1018.0,S
6290_01,Earth,False,TRAPPIST-1e,36.0,False,False,False,False,False,False,True,G,1013.0,P
6292_01,Earth,False,PSO J318.5-22,22.0,False,False,False,False,False,False,True,G,1020.0,S
6293_01,Earth,False,TRAPPIST-1e,24.0,False,False,False,False,False,False,False,F,1301.0,P
6296_01,Europa,True,TRAPPIST-1e,21.0,False,False,False,False,False,False,True,B,247.0,S
6297_01,Earth,False,TRAPPIST-1e,57.0,False,False,False,False,False,False,True,G,1014.0,P
6299_01,Europa,False,55 Cancri e,46.0,False,False,False,False,False,False,True,C,192.0,P
6300_01,Mars,True,TRAPPIST-1e,42.0,False,False,False,False,False,False,True,F,1303.0,P
6301_01,Earth,False,TRAPPIST-1e,16.0,False,False,False,False,False,False,False,F,1304.0,P
6302_01,Earth,False,TRAPPIST-1e,40.0,False,False,False,False,False,False,False,F,1305.0,P
6302_02,Earth,False,TRAPPIST-1e,3.0,False,False,False,False,False,False,False,G,1015.0,P
6302_03,Earth,False,TRAPPIST-1e,8.0,False,False,False,False,False,False,True,G,1015.0,P
6302_04,Earth,True,PSO J318.5-22,3.0,False,False,False,False,False,False,True,F,427.0,S
6302_05,Earth,False,55 Cancri e,35.0,False,False,False,False,False,False,False,G,1015.0,P
6302_06,Earth,False,55 Cancri e,12.0,False,False,False,False,False,False,True,G,1015.0,P
6302_07,Earth,True,TRAPPIST-1e,27.0,False,False,False,False,False,False,True,G,1015.0,P
6304_01,Europa,False,55 Cancri e,47.0,True,True,True,True,True,True,True,C,193.0,P
6305_01,Europa,True,55 Cancri e,19.0,False,False,False,False,False,False,True,B,248.0,S
6305_02,Europa,False,TRAPPIST-1e,46.0,False,False,False,False,False,False,False,B,248.0,S
6308_01,Earth,False,TRAPPIST-1e,28.0,False,False,False,False,False,False,False,G,1017.0,P
6309_01,Earth,False,TRAPPIST-1e,5.0,False,False,False,False,False,False,True,G,1023.0,S
6309_02,Earth,False,TRAPPIST-1e,7.0,False,False,False,False,False,False,True,G,1023.0,S
6309_03,Earth,True,TRAPPIST-1e,3.0,False,False,False,False,False,False,True,G,1023.0,S
6309_04,Earth,False,TRAPPIST-1e,1.0,False,False,False,False,False,False,True,G,1023.0,S
6309_05,Earth,False,55 Cancri e,7.0,False,False,False,False,False,False,True,G,1023.0,S
6313_01,Europa,False,TRAPPIST-1e,60.0,False,False,False,False,False,False,False,D,190.0,S
6313_02,Earth,False,TRAPPIST-1e,34.0,False,False,False,False,False,False,False,D,190.0,S
6315_01,Europa,False,TRAPPIST-1e,28.0,False,False,False,False,False,False,False,C,234.0,S
6316_01,Earth,False,55 Cancri e,64.0,False,False,False,False,False,False,False,E,401.0,P
6317_01,Earth,False,TRAPPIST-1e,13.0,False,False,False,False,False,False,False,F,1208.0,S
6318_01,Earth,True,TRAPPIST-1e,15.0,False,False,False,False,False,False,True,G,1018.0,P
6319_01,Earth,False,TRAPPIST-1e,65.0,False,False,False,False,False,False,False,G,1019.0,P
6320_01,Mars,False,TRAPPIST-1e,53.0,False,False,False,False,False,False,True,E,418.0,S
6321_01,Europa,True,55 Cancri e,58.0,False,False,False,False,False,False,True,C,194.0,P
6321_02,Europa,False,TRAPPIST-1e,19.0,False,False,False,False,False,False,False,C,194.0,P
6321_03,Europa,True,55 Cancri e,27.0,False,False,False,False,False,False,True,C,194.0,P
6322_01,Earth,False,TRAPPIST-1e,16.0,False,False,False,False,False,False,True,E,419.0,S
6323_01,Europa,False,55 Cancri e,48.0,False,False,False,False,False,False,False,C,235.0,S
6323_02,Europa,False,TRAPPIST-1e,33.0,False,False,False,False,False,False,True,C,235.0,S
6324_01,Earth,False,TRAPPIST-1e,31.0,False,False,False,False,False,False,False,E,420.0,S
6324_02,Earth,False,55 Cancri e,44.0,False,False,False,False,False,False,True,G,1025.0,S
6324_03,Earth,False,TRAPPIST-1e,40.0,False,False,False,False,False,False,True,G,1025.0,S
6325_01,Earth,True,TRAPPIST-1e,34.0,False,False,False,False,False,False,True,G,1026.0,S
6325_02,Earth,False,TRAPPIST-1e,21.0,False,False,False,False,False,False,False,F,1209.0,S
6326_01,Earth,False,TRAPPIST-1e,20.0,False,False,False,False,False,False,False,F,1307.0,P
6327_01,Mars,True,TRAPPIST-1e,9.0,False,False,False,False,False,False,True,F,1308.0,P
6328_01,Earth,True,TRAPPIST-1e,33.0,False,False,False,False,False,False,False,G,1020.0,P
6328_02,Earth,True,PSO J318.5-22,2.0,False,False,False,False,False,False,False,G,1020.0,P
6328_03,Earth,False,TRAPPIST-1e,53.0,False,False,False,False,False,False,False,F,1309.0,P
6328_04,Earth,False,55 Cancri e,0.0,False,False,False,False,False,False,True,G,1020.0,P
6330_01,Earth,True,PSO J318.5-22,38.0,False,False,False,False,False,False,True,G,1027.0,S
6331_01,Europa,True,55 Cancri e,21.0,False,False,False,False,False,False,True,C,237.0,S
6334_01,Earth,True,TRAPPIST-1e,31.0,False,False,False,False,False,False,True,G,1028.0,S
6334_02,Earth,True,PSO J318.5-22,7.0,False,False,False,False,False,False,True,G,1028.0,S
6334_03,Earth,False,55 Cancri e,12.0,False,False,False,False,False,False,True,G,1028.0,S
6334_04,Earth,True,PSO J318.5-22,0.0,False,False,False,False,False,False,True,G,1028.0,S
6334_05,Earth,False,TRAPPIST-1e,17.0,False,False,False,False,False,False,True,E,421.0,S
6334_06,Earth,False,TRAPPIST-1e,55.0,False,False,False,False,False,False,False,F,1210.0,S
6334_07,Earth,False,55 Cancri e,2.0,False,False,False,False,False,False,True,G,1028.0,S
6335_01,Earth,False,TRAPPIST-1e,32.0,False,False,False,False,False,False,False,F,1312.0,P
6338_01,Earth,False,55 Cancri e,16.0,False,False,False,False,False,False,False,F,1313.0,P
6339_01,Earth,False,TRAPPIST-1e,0.0,False,False,False,False,False,False,False,G,1022.0,P
6340_01,Europa,False,TRAPPIST-1e,29.0,False,False,False,False,False,False,True,C,195.0,P
6340_02,Europa,False,55 Cancri e,25.0,False,False,False,False,False,False,False,C,195.0,P
6341_01,Mars,False,55 Cancri e,39.0,False,False,False,False,False,False,False,D,191.0,S
6343_01,Mars,True,TRAPPIST-1e,42.0,False,False,False,False,False,False,True,E,423.0,S
6344_01,Earth,False,55 Cancri e,0.0,False,False,False,False,False,False,True,G,1023.0,P
6344_02,Earth,True,TRAPPIST-1e,14.0,False,False,False,False,False,False,True,G,1023.0,P
6346_01,Mars,False,TRAPPIST-1e,29.0,False,False,False,False,False,False,False,F,1212.0,S
6346_02,Mars,False,TRAPPIST-1e,54.0,False,False,False,False,False,False,False,F,1212.0,S
6347_01,Earth,True,TRAPPIST-1e,35.0,False,False,False,False,False,False,True,G,1030.0,S
6348_01,Europa,False,55 Cancri e,27.0,False,False,False,False,False,False,False,C,238.0,S
6349_01,Mars,False,TRAPPIST-1e,18.0,False,False,False,False,False,False,True,F,1314.0,P
6351_01,Earth,False,55 Cancri e,14.0,False,False,False,False,False,False,True,E,403.0,P
6353_01,Europa,True,TRAPPIST-1e,53.0,False,False,False,False,False,False,True,D,199.0,P
6354_01,Earth,False,TRAPPIST-1e,48.0,False,False,False,False,False,False,True,F,1315.0,P
6355_01,Earth,False,55 Cancri e,21.0,False,False,False,False,False,False,True,F,1213.0,S
6356_01,Earth,False,TRAPPIST-1e,44.0,False,False,False,False,False,False,True,F,1316.0,P
6357_01,Earth,False,TRAPPIST-1e,25.0,False,False,False,False,False,False,False,F,1214.0,S
6360_01,Europa,False,TRAPPIST-1e,0.0,False,False,False,False,False,False,True,A,75.0,S
6360_02,Europa,True,TRAPPIST-1e,27.0,False,False,False,False,False,False,True,A,75.0,S
6360_03,Europa,True,TRAPPIST-1e,40.0,False,False,False,False,False,False,True,A,75.0,S
6361_01,Earth,False,TRAPPIST-1e,44.0,False,False,False,False,False,False,True,G,1031.0,S
6363_01,Earth,True,TRAPPIST-1e,36.0,False,False,False,False,False,False,False,F,427.0,S
6363_02,Earth,True,55 Cancri e,3.0,False,False,False,False,False,False,True,G,1026.0,P
6363_03,Earth,True,TRAPPIST-1e,9.0,False,False,False,False,False,False,False,G,1026.0,P
6363_04,Earth,True,TRAPPIST-1e,1.0,False,False,False,False,False,False,False,G,1026.0,P
6363_05,Earth,False,TRAPPIST-1e,17.0,False,False,False,False,False,False,True,E,405.0,P
6363_06,Earth,True,TRAPPIST-1e,47.0,False,False,False,False,False,False,False,G,1026.0,P
6363_07,Earth,True,TRAPPIST-1e,27.0,False,False,False,False,False,False,False,G,1026.0,P
6365_01,Europa,False,55 Cancri e,33.0,False,False,False,False,False,False,False,A,64.0,P
6366_01,Earth,False,PSO J318.5-22,16.0,False,False,False,False,False,False,True,E,424.0,S
6367_01,Mars,False,TRAPPIST-1e,30.0,True,True,True,True,True,True,False,F,1215.0,S
6367_02,Mars,False,55 Cancri e,18.0,False,False,False,False,False,False,True,F,1215.0,S
6368_01,Earth,False,TRAPPIST-1e,26.0,False,False,False,False,False,False,False,G,1033.0,S
6369_01,Earth,False,PSO J318.5-22,19.0,False,False,False,False,False,False,True,F,1318.0,P
6370_01,Mars,True,TRAPPIST-1e,28.0,False,False,False,False,False,False,True,F,1216.0,S
6371_01,Earth,False,TRAPPIST-1e,35.0,False,False,False,False,False,False,False,G,1027.0,P
6372_01,Europa,False,TRAPPIST-1e,40.0,False,False,False,False,False,False,True,B,216.0,P
6372_02,Europa,False,TRAPPIST-1e,26.0,True,True,True,True,True,True,False,B,216.0,P
6372_03,Europa,False,55 Cancri e,45.0,False,False,False,False,False,False,True,B,216.0,P
6372_04,Europa,True,55 Cancri e,18.0,False,False,False,False,False,False,True,B,216.0,P
6373_01,Earth,False,55 Cancri e,54.0,False,False,False,False,False,False,True,F,1319.0,P
6374_01,Earth,False,TRAPPIST-1e,13.0,False,False,False,False,False,False,False,F,1320.0,P
6376_01,Mars,True,55 Cancri e,26.0,False,False,False,False,False,False,True,F,1217.0,S
6378_01,Earth,True,PSO J318.5-22,16.0,False,False,False,False,False,False,True,G,1034.0,S
6380_01,Earth,False,TRAPPIST-1e,37.0,False,False,False,False,False,False,False,F,1322.0,P
6380_02,Earth,True,TRAPPIST-1e,17.0,False,False,False,False,False,False,True,G,1028.0,P
6380_03,Earth,False,55 Cancri e,16.0,False,False,False,False,False,False,False,F,1322.0,P
6381_01,Earth,False,TRAPPIST-1e,18.0,False,False,False,False,False,False,False,F,1323.0,P
6385_01,Mars,False,PSO J318.5-22,21.0,False,False,False,False,False,False,False,F,427.0,S
6388_01,Earth,False,TRAPPIST-1e,24.0,False,False,False,False,False,False,True,G,1029.0,P
6390_01,Earth,True,TRAPPIST-1e,22.0,False,False,False,False,False,False,True,G,1036.0,S
6394_01,Earth,True,TRAPPIST-1e,41.0,False,False,False,False,False,False,True,G,1037.0,S
6394_02,Earth,True,TRAPPIST-1e,15.0,False,False,False,False,False,False,True,G,1037.0,S
6394_03,Earth,True,TRAPPIST-1e,36.0,False,False,False,False,False,False,True,G,1037.0,S
6394_04,Earth,False,55 Cancri e,23.0,False,False,False,False,False,False,False,G,1037.0,S
6396_01,Earth,False,TRAPPIST-1e,31.0,False,False,False,False,False,False,False,E,427.0,S
6397_01,Earth,False,TRAPPIST-1e,19.0,False,False,False,False,False,False,False,F,1223.0,S
6398_01,Earth,True,55 Cancri e,23.0,False,False,False,False,False,False,True,G,1030.0,P
6399_01,Earth,False,TRAPPIST-1e,47.0,False,False,False,False,False,False,False,G,1031.0,P
6400_01,Europa,False,55 Cancri e,40.0,False,False,False,False,False,False,True,A,76.0,S
6400_02,Europa,False,55 Cancri e,34.0,True,True,True,True,True,True,False,A,76.0,S
6402_01,Earth,False,TRAPPIST-1e,2.0,False,False,False,False,False,False,False,G,1032.0,P
6402_02,Earth,True,TRAPPIST-1e,8.0,False,False,False,False,False,False,False,G,1032.0,P
6402_03,Earth,True,TRAPPIST-1e,0.0,False,False,False,False,False,False,True,G,1032.0,P
6402_04,Earth,False,PSO J318.5-22,18.0,False,False,False,False,False,False,True,G,1032.0,P
6402_05,Earth,False,TRAPPIST-1e,11.0,False,False,False,False,False,False,False,G,1032.0,P
6404_01,Earth,False,TRAPPIST-1e,18.0,False,False,False,False,False,False,True,G,1038.0,S
6405_01,Earth,False,PSO J318.5-22,19.0,False,False,False,False,False,False,False,F,1224.0,S
6405_02,Earth,False,TRAPPIST-1e,2.0,False,False,False,False,False,False,True,F,427.0,S
6405_03,Earth,True,TRAPPIST-1e,25.0,False,False,False,False,False,False,True,G,1039.0,S
6405_04,Earth,False,55 Cancri e,0.0,False,False,False,False,False,False,True,G,1039.0,S
6406_01,Europa,True,55 Cancri e,27.0,False,False,False,False,False,False,True,F,427.0,S
6406_02,Europa,True,55 Cancri e,34.0,False,False,False,False,False,False,True,B,249.0,S
6407_01,Earth,True,TRAPPIST-1e,19.0,False,False,False,False,False,False,True,G,1033.0,P
6408_01,Earth,False,PSO J318.5-22,22.0,False,False,False,False,False,False,False,G,1034.0,P
6409_01,Earth,False,TRAPPIST-1e,22.0,False,False,False,False,False,False,False,G,1035.0,P
6411_01,Earth,False,PSO J318.5-22,52.0,False,False,False,False,False,False,False,F,1328.0,P
6412_01,Earth,False,TRAPPIST-1e,30.0,False,False,False,False,False,False,False,E,407.0,P
6413_01,Europa,False,TRAPPIST-1e,65.0,False,False,False,False,False,False,False,A,77.0,S
6414_01,Earth,False,TRAPPIST-1e,31.0,False,False,False,False,False,False,True,G,1040.0,S
6415_01,Mars,True,TRAPPIST-1e,51.0,False,False,False,False,False,False,True,F,1225.0,S
6416_01,Earth,False,TRAPPIST-1e,21.0,False,False,False,False,False,False,True,F,427.0,S
6418_01,Earth,False,TRAPPIST-1e,27.0,False,False,False,False,False,False,False,F,1329.0,P
6419_01,Earth,False,TRAPPIST-1e,31.0,False,False,False,False,False,False,True,E,428.0,S
6421_01,Europa,True,55 Cancri e,28.0,False,False,False,False,False,False,True,C,197.0,P
6421_02,Europa,False,TRAPPIST-1e,29.0,False,False,False,False,False,False,False,F,427.0,S
6422_01,Mars,False,TRAPPIST-1e,23.0,False,False,False,False,False,False,False,F,1330.0,P
6422_02,Mars,True,TRAPPIST-1e,11.0,False,False,False,False,False,False,True,F,1330.0,P
6422_03,Mars,False,TRAPPIST-1e,23.0,False,False,False,False,False,False,False,F,1330.0,P
6422_04,Mars,False,TRAPPIST-1e,34.0,False,False,False,False,False,False,False,E,408.0,P
6424_01,Earth,False,TRAPPIST-1e,20.0,False,False,False,False,False,False,False,F,1331.0,P
6428_01,Europa,True,55 Cancri e,20.0,False,False,False,False,False,False,True,C,198.0,P
6428_02,Europa,True,TRAPPIST-1e,16.0,False,False,False,False,False,False,True,C,198.0,P
6430_01,Earth,True,TRAPPIST-1e,18.0,False,False,False,False,False,False,False,G,1037.0,P
6431_01,Earth,False,55 Cancri e,20.0,False,False,False,False,False,False,False,F,1334.0,P
6431_02,Earth,True,PSO J318.5-22,20.0,False,False,False,False,False,False,True,G,1038.0,P
6431_03,Earth,False,55 Cancri e,27.0,False,False,False,False,False,False,False,G,1038.0,P
6432_01,Europa,False,55 Cancri e,55.0,False,False,False,False,False,False,False,D,202.0,P
6433_01,Mars,False,55 Cancri e,53.0,False,False,False,False,False,False,True,D,193.0,S
6433_02,Mars,True,TRAPPIST-1e,37.0,False,False,False,False,False,False,True,D,193.0,S
6434_01,Earth,True,PSO J318.5-22,55.0,False,False,False,False,False,False,True,G,1039.0,P
6436_01,Earth,False,TRAPPIST-1e,24.0,False,False,False,False,False,False,True,G,1043.0,S
6437_01,Earth,False,55 Cancri e,24.0,False,False,False,False,False,False,True,F,1228.0,S
6439_01,Earth,True,PSO J318.5-22,49.0,False,False,False,False,False,False,True,G,1044.0,S
6442_01,Earth,False,TRAPPIST-1e,17.0,False,False,False,False,False,False,False,G,1045.0,S
6443_01,Earth,False,TRAPPIST-1e,39.0,False,False,False,False,False,False,True,G,1046.0,S
6443_02,Earth,True,55 Cancri e,5.0,False,False,False,False,False,False,True,G,1046.0,S
6443_03,Earth,False,TRAPPIST-1e,10.0,False,False,False,False,False,False,True,G,1046.0,S
6443_04,Earth,True,TRAPPIST-1e,1.0,False,False,False,False,False,False,True,G,1046.0,S
6443_05,Earth,False,TRAPPIST-1e,16.0,False,False,False,False,False,False,False,F,1229.0,S
6443_06,Earth,False,TRAPPIST-1e,51.0,False,False,False,False,False,False,False,G,1046.0,S
6443_07,Earth,True,TRAPPIST-1e,5.0,False,False,False,False,False,False,True,G,1046.0,S
6444_01,Earth,False,TRAPPIST-1e,19.0,False,False,False,False,False,False,False,G,1041.0,P
6444_02,Earth,True,TRAPPIST-1e,0.0,False,False,False,False,False,False,True,G,1041.0,P
6446_01,Earth,False,TRAPPIST-1e,20.0,False,False,False,False,False,False,False,G,1047.0,S
6446_02,Earth,True,TRAPPIST-1e,0.0,False,False,False,False,False,False,True,G,1047.0,S
6446_03,Earth,True,TRAPPIST-1e,1.0,False,False,False,False,False,False,True,G,1047.0,S
6447_01,Earth,True,PSO J318.5-22,38.0,False,False,False,False,False,False,True,G,1043.0,P
6448_01,Earth,False,TRAPPIST-1e,40.0,False,False,False,False,False,False,False,F,1230.0,S
6449_01,Mars,False,TRAPPIST-1e,18.0,False,False,False,False,False,False,False,E,430.0,S
6449_02,Mars,False,TRAPPIST-1e,36.0,False,False,False,False,False,False,False,F,1231.0,S
6450_01,Europa,False,TRAPPIST-1e,23.0,False,False,False,False,False,False,False,C,200.0,P
6450_02,Europa,True,55 Cancri e,42.0,False,False,False,False,False,False,True,C,200.0,P
6451_01,Mars,False,TRAPPIST-1e,37.0,False,False,False,False,False,False,False,F,427.0,S
6452_01,Earth,False,TRAPPIST-1e,24.0,False,False,False,False,False,False,True,F,1336.0,P
6452_02,Earth,False,TRAPPIST-1e,12.0,False,False,False,False,False,False,True,G,1044.0,P
6452_03,Earth,True,TRAPPIST-1e,2.0,False,False,False,False,False,False,True,G,1044.0,P
6453_01,Earth,False,PSO J318.5-22,28.0,False,False,False,False,False,False,False,G,1045.0,P
6454_01,Earth,True,TRAPPIST-1e,44.0,False,False,False,False,False,False,True,G,1046.0,P
6455_01,Europa,False,TRAPPIST-1e,26.0,False,False,False,False,False,False,False,D,203.0,P
6456_01,Earth,False,TRAPPIST-1e,36.0,False,False,False,False,False,False,False,E,410.0,P
6457_01,Earth,False,55 Cancri e,28.0,False,False,False,False,False,False,True,F,1337.0,P
6458_01,Mars,False,TRAPPIST-1e,14.0,False,False,False,False,False,False,False,E,431.0,S
6459_01,Earth,True,TRAPPIST-1e,14.0,False,False,False,False,False,False,False,G,1047.0,P
6461_01,Earth,False,TRAPPIST-1e,28.0,False,False,False,False,False,False,True,F,1232.0,S
6462_01,Mars,True,TRAPPIST-1e,27.0,False,False,False,False,False,False,True,F,1233.0,S
6462_02,Mars,False,TRAPPIST-1e,21.0,False,False,False,False,False,False,True,F,1233.0,S
6463_01,Earth,False,TRAPPIST-1e,24.0,False,False,False,False,False,False,False,F,1234.0,S
6464_01,Earth,False,PSO J318.5-22,18.0,False,False,False,False,False,False,False,F,1338.0,P
6468_01,Mars,True,TRAPPIST-1e,24.0,False,False,False,False,False,False,True,F,1339.0,P
6468_02,Mars,True,TRAPPIST-1e,8.0,False,False,False,False,False,False,True,F,1339.0,P
6468_03,Mars,True,TRAPPIST-1e,36.0,False,False,False,False,False,False,False,E,411.0,P
6468_04,Mars,False,TRAPPIST-1e,32.0,True,True,True,True,True,True,False,D,204.0,P
6470_01,Earth,False,TRAPPIST-1e,19.0,False,False,False,False,False,False,False,E,432.0,S
6471_01,Earth,False,TRAPPIST-1e,12.0,False,False,False,False,False,False,True,G,1050.0,S
6472_01,Europa,True,TRAPPIST-1e,21.0,False,False,False,False,False,False,True,B,250.0,S
6472_02,Europa,True,55 Cancri e,13.0,False,False,False,False,False,False,True,B,250.0,S
6473_01,Mars,True,TRAPPIST-1e,20.0,False,False,False,False,False,False,True,F,1236.0,S
6475_01,Mars,True,TRAPPIST-1e,35.0,False,False,False,False,False,False,True,F,1340.0,P
6477_01,Europa,False,55 Cancri e,23.0,False,False,False,False,False,False,False,D,196.0,S
6477_02,Europa,False,55 Cancri e,17.0,False,False,False,False,False,False,False,D,196.0,S
6478_01,Mars,False,TRAPPIST-1e,29.0,False,False,False,False,False,False,False,E,412.0,P
6480_01,Earth,False,TRAPPIST-1e,27.0,False,False,False,False,False,False,False,E,433.0,S
6481_01,Earth,False,TRAPPIST-1e,22.0,False,False,False,False,False,False,True,G,1052.0,S
6482_01,Mars,False,55 Cancri e,26.0,False,False,False,False,False,False,False,F,1237.0,S
6482_02,Mars,True,TRAPPIST-1e,1.0,False,False,False,False,False,False,True,F,1237.0,S
6482_03,Mars,True,TRAPPIST-1e,7.0,False,False,False,False,False,False,True,F,1237.0,S
6485_01,Earth,False,55 Cancri e,78.0,False,False,False,False,False,False,True,F,1238.0,S
6485_02,Earth,False,TRAPPIST-1e,24.0,False,False,False,False,False,False,True,G,1053.0,S
6487_01,Earth,False,TRAPPIST-1e,26.0,False,False,False,False,False,False,False,F,1343.0,P
6488_01,Europa,False,TRAPPIST-1e,50.0,False,False,False,False,False,False,False,A,79.0,S
6489_01,Earth,True,TRAPPIST-1e,16.0,False,False,False,False,False,False,False,G,1049.0,P
6490_01,Europa,True,55 Cancri e,57.0,False,False,False,False,False,False,True,C,201.0,P
6490_02,Europa,False,55 Cancri e,29.0,False,False,False,False,False,False,False,C,201.0,P
6490_03,Europa,False,55 Cancri e,27.0,False,False,False,False,False,False,True,C,201.0,P
6490_04,Earth,False,TRAPPIST-1e,42.0,False,False,False,False,False,False,True,C,201.0,P
6492_01,Earth,True,PSO J318.5-22,28.0,False,False,False,False,False,False,True,G,1055.0,S
6493_01,Earth,True,PSO J318.5-22,18.0,False,False,False,False,False,False,True,G,1050.0,P
6494_01,Mars,False,TRAPPIST-1e,38.0,False,False,False,False,False,False,False,F,1344.0,P
6500_01,Earth,False,TRAPPIST-1e,32.0,False,False,False,False,False,False,False,E,413.0,P
6501_01,Earth,False,TRAPPIST-1e,21.0,False,False,False,False,False,False,True,F,1240.0,S
6502_01,Earth,False,TRAPPIST-1e,6.0,False,False,False,False,False,False,True,G,1058.0,S
6503_01,Earth,False,TRAPPIST-1e,27.0,False,False,False,False,False,False,False,F,1347.0,P
6508_01,Earth,False,PSO J318.5-22,32.0,False,False,False,False,False,False,False,F,1242.0,S
6509_01,Earth,False,PSO J318.5-22,23.0,False,False,False,False,False,False,True,F,1243.0,S
6510_01,Europa,False,TRAPPIST-1e,29.0,False,False,False,False,False,False,False,D,205.0,P
6511_01,Earth,False,TRAPPIST-1e,22.0,False,False,False,False,False,False,False,F,1348.0,P
6511_02,Earth,True,TRAPPIST-1e,31.0,False,False,False,False,False,False,False,G,1055.0,P
6511_03,Earth,True,55 Cancri e,0.0,False,False,False,False,False,False,True,G,1055.0,P
6512_01,Europa,False,TRAPPIST-1e,2.0,False,False,False,False,False,False,True,A,80.0,S
6512_02,Earth,True,TRAPPIST-1e,27.0,False,False,False,False,False,False,True,A,80.0,S
6512_03,Europa,False,TRAPPIST-1e,28.0,False,False,False,False,False,False,False,A,80.0,S
6513_01,Mars,False,TRAPPIST-1e,20.0,False,False,False,False,False,False,False,F,1244.0,S
6514_01,Europa,False,55 Cancri e,28.0,True,True,True,True,True,True,False,B,251.0,S
6514_02,Europa,False,TRAPPIST-1e,42.0,False,False,False,False,False,False,False,B,251.0,S
6517_01,Earth,False,PSO J318.5-22,32.0,False,False,False,False,False,False,False,F,1350.0,P
6520_01,Earth,False,TRAPPIST-1e,19.0,False,False,False,False,False,False,False,G,1060.0,S
6522_01,Earth,False,55 Cancri e,20.0,False,False,False,False,False,False,True,F,1245.0,S
6523_01,Earth,True,PSO J318.5-22,20.0,False,False,False,False,False,False,True,F,1246.0,S
6525_01,Earth,False,TRAPPIST-1e,21.0,False,False,False,False,False,False,False,F,1248.0,S
6525_02,Earth,True,PSO J318.5-22,32.0,False,False,False,False,False,False,True,G,1061.0,S
6525_03,Earth,True,TRAPPIST-1e,16.0,False,False,False,False,False,False,True,G,1061.0,S
6526_01,Earth,True,TRAPPIST-1e,21.0,False,False,False,False,False,False,True,G,1056.0,P
6526_02,Earth,False,55 Cancri e,12.0,False,False,False,False,False,False,False,G,1056.0,P
6529_01,Earth,True,PSO J318.5-22,21.0,False,False,False,False,False,False,True,G,1063.0,S
6530_01,Mars,False,TRAPPIST-1e,31.0,False,False,False,False,False,False,False,E,436.0,S
6531_01,Earth,True,55 Cancri e,18.0,False,False,False,False,False,False,True,G,1064.0,S
6535_01,Mars,False,TRAPPIST-1e,35.0,False,False,False,False,False,False,False,E,415.0,P
6539_01,Europa,False,TRAPPIST-1e,44.0,False,False,False,False,False,False,False,C,242.0,S
6540_01,Earth,False,TRAPPIST-1e,13.0,False,False,False,False,False,False,True,G,1059.0,P
6541_01,Earth,False,TRAPPIST-1e,21.0,False,False,False,False,False,False,False,F,1356.0,P
6544_01,Europa,False,TRAPPIST-1e,37.0,False,False,False,False,False,False,True,C,243.0,S
6545_01,Earth,False,TRAPPIST-1e,27.0,False,False,False,False,False,False,True,F,1250.0,S
6546_01,Earth,False,TRAPPIST-1e,34.0,False,False,False,False,False,False,False,G,1060.0,P
6547_01,Mars,False,55 Cancri e,21.0,False,False,False,False,False,False,False,F,1358.0,P
6548_01,Earth,False,TRAPPIST-1e,38.0,False,False,False,False,False,False,True,G,1065.0,S
6549_01,Mars,False,TRAPPIST-1e,31.0,False,False,False,False,False,False,False,F,1251.0,S
6549_02,Mars,False,TRAPPIST-1e,61.0,False,False,False,False,False,False,False,D,198.0,S
6552_01,Earth,False,TRAPPIST-1e,20.0,False,False,False,False,False,False,False,G,1061.0,P
6553_01,Earth,False,PSO J318.5-22,39.0,False,False,False,False,False,False,False,F,1360.0,P
6556_01,Mars,True,TRAPPIST-1e,29.0,False,False,False,False,False,False,True,F,1362.0,P
6556_02,Mars,True,55 Cancri e,68.0,False,False,False,False,False,False,True,F,1362.0,P
6557_01,Europa,False,55 Cancri e,38.0,False,False,False,False,False,False,False,E,417.0,P
6558_01,Earth,False,TRAPPIST-1e,31.0,False,False,False,False,False,False,True,F,1363.0,P
6560_01,Earth,False,TRAPPIST-1e,41.0,False,False,False,False,False,False,True,F,1253.0,S
6561_01,Europa,False,TRAPPIST-1e,29.0,False,False,False,False,False,False,False,B,253.0,S
6561_02,Earth,False,TRAPPIST-1e,25.0,False,False,False,False,False,False,True,B,253.0,S
6562_01,Earth,False,TRAPPIST-1e,27.0,False,False,False,False,False,False,False,F,1364.0,P
6563_01,Earth,False,TRAPPIST-1e,21.0,False,False,False,False,False,False,True,F,1254.0,S
6563_02,Earth,False,TRAPPIST-1e,30.0,False,False,False,False,False,False,False,G,1067.0,S
6565_01,Mars,False,TRAPPIST-1e,40.0,False,False,False,False,False,False,False,E,437.0,S
6565_02,Mars,False,TRAPPIST-1e,59.0,False,False,False,False,False,False,False,F,1255.0,S
6567_01,Earth,True,TRAPPIST-1e,35.0,False,False,False,False,False,False,False,G,1063.0,P
6567_02,Earth,False,TRAPPIST-1e,41.0,False,False,False,False,False,False,False,F,1365.0,P
6568_01,Earth,False,55 Cancri e,36.0,False,False,False,False,False,False,False,F,1366.0,P
6569_01,Earth,True,55 Cancri e,58.0,False,False,False,False,False,False,True,G,1064.0,P
6570_01,Earth,False,TRAPPIST-1e,27.0,False,False,False,False,False,False,False,G,1068.0,S
6572_01,Earth,False,TRAPPIST-1e,24.0,False,False,False,False,False,False,False,F,1256.0,S
6573_01,Earth,False,TRAPPIST-1e,50.0,False,False,False,False,False,False,True,F,1257.0,S
6574_01,Europa,False,TRAPPIST-1e,22.0,False,False,False,False,False,False,False,A,65.0,P
6578_01,Mars,True,TRAPPIST-1e,26.0,False,False,False,False,False,False,False,E,438.0,S
6578_02,Mars,True,TRAPPIST-1e,16.0,False,False,False,False,False,False,True,F,1259.0,S
6580_01,Earth,False,TRAPPIST-1e,56.0,False,False,False,False,False,False,False,G,1066.0,P
6582_01,Europa,False,55 Cancri e,25.0,False,False,False,False,False,False,False,A,66.0,P
6583_01,Europa,False,TRAPPIST-1e,13.0,False,False,False,False,False,False,True,B,254.0,S
6583_02,Europa,False,55 Cancri e,53.0,False,False,False,False,False,False,True,B,254.0,S
6585_01,Earth,True,TRAPPIST-1e,21.0,False,False,False,False,False,False,True,G,1071.0,S
6585_02,Earth,False,TRAPPIST-1e,18.0,False,False,False,False,False,False,True,F,1260.0,S
6588_01,Earth,False,TRAPPIST-1e,38.0,False,False,False,False,False,False,True,G,1073.0,S
6588_02,Earth,True,TRAPPIST-1e,20.0,False,False,False,False,False,False,True,G,1073.0,S
6590_01,Europa,True,TRAPPIST-1e,24.0,False,False,False,False,False,False,False,B,217.0,P
6590_02,Europa,False,TRAPPIST-1e,56.0,False,False,False,False,False,False,True,B,217.0,P
6591_01,Earth,False,TRAPPIST-1e,47.0,False,False,False,False,False,False,False,F,1261.0,S
6592_01,Mars,True,TRAPPIST-1e,21.0,False,False,False,False,False,False,True,F,1262.0,S
6593_01,Earth,False,PSO J318.5-22,27.0,False,False,False,False,False,False,True,F,1370.0,P
6593_02,Earth,False,TRAPPIST-1e,26.0,False,False,False,False,False,False,False,F,1370.0,P
6594_01,Earth,True,55 Cancri e,34.0,False,False,False,False,False,False,True,G,1067.0,P
6595_01,Earth,False,TRAPPIST-1e,35.0,False,False,False,False,False,False,True,G,1074.0,S
6598_01,Mars,True,TRAPPIST-1e,35.0,False,False,False,False,False,False,True,F,1263.0,S
6599_01,Europa,True,TRAPPIST-1e,49.0,False,False,False,False,False,False,True,C,245.0,S
6601_01,Earth,False,TRAPPIST-1e,24.0,False,False,False,False,False,False,False,F,1372.0,P
6602_01,Earth,False,TRAPPIST-1e,62.0,False,False,False,False,False,False,True,F,1265.0,S
6603_01,Mars,False,TRAPPIST-1e,25.0,False,False,False,False,False,False,True,D,208.0,P
6604_01,Europa,True,55 Cancri e,42.0,False,False,False,False,False,False,True,C,205.0,P
6606_01,Earth,False,PSO J318.5-22,25.0,False,False,False,False,False,False,False,F,1266.0,S
6608_01,Earth,False,TRAPPIST-1e,21.0,False,False,False,False,False,False,False,F,1374.0,P
6609_01,Mars,True,TRAPPIST-1e,17.0,False,False,False,False,False,False,False,E,420.0,P
6611_01,Earth,False,55 Cancri e,41.0,False,False,False,False,False,False,True,E,421.0,P
6611_02,Earth,True,TRAPPIST-1e,50.0,False,False,False,False,False,False,False,G,1069.0,P
6611_03,Earth,False,PSO J318.5-22,20.0,False,False,False,False,False,False,True,F,1375.0,P
6613_01,Earth,True,TRAPPIST-1e,15.0,False,False,False,False,False,False,True,G,1078.0,S
6614_01,Mars,True,TRAPPIST-1e,29.0,False,False,False,False,False,False,True,F,1268.0,S
6616_01,Earth,False,TRAPPIST-1e,20.0,False,False,False,False,False,False,True,F,1377.0,P
6618_01,Europa,False,TRAPPIST-1e,35.0,False,False,False,False,False,False,True,C,246.0,S
6620_01,Earth,False,PSO J318.5-22,22.0,False,False,False,False,False,False,True,G,1079.0,S
6621_01,Earth,False,55 Cancri e,43.0,False,False,False,False,False,False,True,F,1378.0,P
6622_01,Earth,False,55 Cancri e,54.0,False,False,False,False,False,False,False,G,1070.0,P
6622_02,Earth,True,TRAPPIST-1e,15.0,False,False,False,False,False,False,True,G,1070.0,P
6623_01,Earth,True,55 Cancri e,38.0,False,False,False,False,False,False,True,B,218.0,P
6624_01,Earth,False,TRAPPIST-1e,44.0,False,False,False,False,False,False,False,G,1071.0,P
6625_01,Earth,True,PSO J318.5-22,34.0,False,False,False,False,False,False,True,G,1072.0,P
6625_02,Earth,False,55 Cancri e,15.0,False,False,False,False,False,False,False,F,1379.0,P
6626_01,Earth,True,TRAPPIST-1e,24.0,False,False,False,False,False,False,False,G,1073.0,P
6628_01,Earth,False,TRAPPIST-1e,29.0,False,False,False,False,False,False,False,F,1381.0,P
6630_01,Earth,False,TRAPPIST-1e,19.0,False,False,False,False,False,False,True,F,1270.0,S
6631_01,Europa,False,TRAPPIST-1e,27.0,False,False,False,False,False,False,False,C,208.0,P
6633_01,Europa,False,TRAPPIST-1e,26.0,False,False,False,False,False,False,True,B,255.0,S
6634_01,Europa,True,55 Cancri e,46.0,False,False,False,False,False,False,True,B,219.0,P
6634_02,Earth,True,TRAPPIST-1e,64.0,False,False,False,False,False,False,True,F,427.0,S
6635_01,Europa,False,TRAPPIST-1e,17.0,False,False,False,False,False,False,False,C,209.0,P
6635_02,Europa,False,55 Cancri e,45.0,False,False,False,False,False,False,False,C,209.0,P
6637_01,Mars,False,TRAPPIST-1e,27.0,False,False,False,False,False,False,False,F,1271.0,S
6638_01,Earth,True,TRAPPIST-1e,29.0,False,False,False,False,False,False,False,G,1074.0,P
6639_01,Earth,True,PSO J318.5-22,18.0,False,False,False,False,False,False,True,G,1075.0,P
6641_01,Europa,True,TRAPPIST-1e,26.0,False,False,False,False,False,False,True,C,247.0,S
6641_02,Europa,True,55 Cancri e,39.0,False,False,False,False,False,False,True,C,247.0,S
6642_01,Earth,True,TRAPPIST-1e,59.0,False,False,False,False,False,False,True,G,1081.0,S
6643_01,Earth,False,TRAPPIST-1e,20.0,False,False,False,False,False,False,False,F,1272.0,S
6645_01,Earth,True,55 Cancri e,17.0,False,False,False,False,False,False,True,G,1083.0,S
6646_01,Earth,True,TRAPPIST-1e,47.0,False,False,False,False,False,False,True,G,1084.0,S
6647_01,Earth,False,PSO J318.5-22,29.0,False,False,False,False,False,False,True,F,1273.0,S
6649_01,Earth,False,TRAPPIST-1e,16.0,False,False,False,False,False,False,False,F,1274.0,S
6650_01,Earth,False,TRAPPIST-1e,48.0,False,False,False,False,False,False,False,G,1077.0,P
6652_01,Earth,False,PSO J318.5-22,39.0,False,False,False,False,False,False,False,F,427.0,S
6654_01,Earth,True,55 Cancri e,28.0,False,False,False,False,False,False,True,G,1086.0,S
6654_02,Earth,True,55 Cancri e,12.0,False,False,False,False,False,False,True,G,1086.0,S
6654_03,Earth,True,TRAPPIST-1e,24.0,False,False,False,False,False,False,True,G,1086.0,S
6655_01,Mars,True,TRAPPIST-1e,30.0,False,False,False,False,False,False,True,E,422.0,P
6656_01,Europa,True,TRAPPIST-1e,34.0,False,False,False,False,False,False,True,B,221.0,P
6659_01,Mars,False,TRAPPIST-1e,37.0,False,False,False,False,False,False,True,F,1383.0,P
6660_01,Earth,False,TRAPPIST-1e,47.0,False,False,False,False,False,False,False,F,1384.0,P
6662_01,Earth,False,TRAPPIST-1e,0.0,False,False,False,False,False,False,False,G,1087.0,S
6662_02,Earth,False,TRAPPIST-1e,23.0,False,False,False,False,False,False,True,G,1087.0,S
6662_03,Earth,True,55 Cancri e,0.0,False,False,False,False,False,False,True,G,1087.0,S
6663_01,Earth,False,TRAPPIST-1e,20.0,False,False,False,False,False,False,False,G,1079.0,P
6663_02,Earth,False,TRAPPIST-1e,35.0,False,False,False,False,False,False,False,F,1385.0,P
6664_01,Earth,False,TRAPPIST-1e,18.0,False,False,False,False,False,False,True,G,1088.0,S
6665_01,Europa,True,55 Cancri e,17.0,False,False,False,False,False,False,True,B,222.0,P
6665_02,Europa,False,TRAPPIST-1e,18.0,False,False,False,False,False,False,False,B,222.0,P
6665_03,Europa,False,TRAPPIST-1e,53.0,False,False,False,False,False,False,True,B,222.0,P
6665_04,Europa,False,55 Cancri e,35.0,False,False,False,False,False,False,False,B,222.0,P
6667_01,Europa,True,TRAPPIST-1e,48.0,False,False,False,False,False,False,True,C,248.0,S
6668_01,Earth,False,TRAPPIST-1e,68.0,False,False,False,False,False,False,True,G,1089.0,S
6668_02,Earth,False,TRAPPIST-1e,27.0,False,False,False,False,False,False,False,G,1089.0,S
6669_01,Earth,False,55 Cancri e,28.0,False,False,False,False,False,False,True,E,423.0,P
6670_01,Earth,False,TRAPPIST-1e,37.0,False,False,False,False,False,False,False,F,1278.0,S
6671_01,Mars,True,TRAPPIST-1e,35.0,False,False,False,False,False,False,True,F,1279.0,S
6671_02,Mars,False,TRAPPIST-1e,31.0,False,False,False,False,False,False,True,F,1279.0,S
6671_03,Mars,False,55 Cancri e,14.0,False,False,False,False,False,False,False,E,440.0,S
6672_01,Mars,False,TRAPPIST-1e,1.0,False,False,False,False,False,False,True,F,1387.0,P
6672_02,Mars,False,55 Cancri e,4.0,False,False,False,False,False,False,True,F,1387.0,P
6672_03,Mars,False,PSO J318.5-22,30.0,False,False,False,False,False,False,False,E,424.0,P
6672_04,Mars,True,TRAPPIST-1e,11.0,False,False,False,False,False,False,True,F,1387.0,P
6673_01,Earth,False,TRAPPIST-1e,45.0,False,False,False,False,False,False,False,E,425.0,P
6674_01,Europa,False,TRAPPIST-1e,29.0,False,False,False,False,False,False,False,E,426.0,P
6674_02,Europa,True,TRAPPIST-1e,32.0,False,False,False,False,False,False,True,E,426.0,P
6674_03,Europa,False,55 Cancri e,15.0,False,False,False,False,False,False,True,E,426.0,P
6674_04,Europa,True,TRAPPIST-1e,25.0,False,False,False,False,False,False,True,E,426.0,P
6674_05,Europa,False,TRAPPIST-1e,25.0,False,False,False,False,False,False,False,E,426.0,P
6675_01,Earth,False,TRAPPIST-1e,60.0,False,False,False,False,False,False,False,F,1388.0,P
6675_02,Earth,False,PSO J318.5-22,24.0,False,False,False,False,False,False,False,E,427.0,P
6676_01,Europa,True,TRAPPIST-1e,35.0,False,False,False,False,False,False,True,D,200.0,S
6680_01,Earth,False,TRAPPIST-1e,36.0,False,False,False,False,False,False,True,G,1082.0,P
6681_01,Earth,False,55 Cancri e,22.0,False,False,False,False,False,False,True,F,1280.0,S
6683_01,Earth,True,PSO J318.5-22,32.0,False,False,False,False,False,False,True,G,1083.0,P
6684_01,Europa,False,TRAPPIST-1e,57.0,False,False,False,False,False,False,False,C,210.0,P
6684_02,Europa,False,TRAPPIST-1e,30.0,False,False,False,False,False,False,True,C,210.0,P
6684_03,Europa,False,TRAPPIST-1e,46.0,False,False,False,False,False,False,False,C,210.0,P
6691_01,Earth,False,TRAPPIST-1e,28.0,False,False,False,False,False,False,True,F,1390.0,P
6692_01,Europa,True,55 Cancri e,26.0,False,False,False,False,False,False,True,B,256.0,S
6693_01,Earth,False,TRAPPIST-1e,55.0,False,False,False,False,False,False,False,E,428.0,P
6694_01,Earth,True,TRAPPIST-1e,66.0,False,False,False,False,False,False,True,G,1084.0,P
6697_01,Earth,False,TRAPPIST-1e,20.0,False,False,False,False,False,False,False,G,1085.0,P
6698_01,Earth,False,PSO J318.5-22,31.0,False,False,False,False,False,False,False,F,1393.0,P
6699_01,Mars,False,TRAPPIST-1e,13.0,False,False,False,False,False,False,False,E,429.0,P
6702_01,Earth,True,TRAPPIST-1e,50.0,False,False,False,False,False,False,True,G,1087.0,P
6706_01,Europa,True,TRAPPIST-1e,21.0,False,False,False,False,False,False,True,B,224.0,P
6706_02,Europa,True,TRAPPIST-1e,25.0,False,False,False,False,False,False,True,B,224.0,P
6707_01,Earth,True,TRAPPIST-1e,46.0,False,False,False,False,False,False,True,G,1091.0,S
6708_01,Europa,False,TRAPPIST-1e,0.0,False,False,False,False,False,False,True,A,67.0,P
6708_02,Europa,False,TRAPPIST-1e,2.0,False,False,False,False,False,False,True,A,67.0,P
6708_03,Europa,False,TRAPPIST-1e,36.0,False,False,False,False,False,False,False,A,67.0,P
6708_04,Europa,True,55 Cancri e,19.0,False,False,False,False,False,False,True,A,67.0,P
6708_05,Europa,True,55 Cancri e,35.0,False,False,False,False,False,False,True,A,67.0,P
6708_06,Europa,True,55 Cancri e,41.0,True,True,True,True,True,True,True,A,67.0,P
6709_01,Earth,True,TRAPPIST-1e,22.0,False,False,False,False,False,False,True,G,1092.0,S
6711_01,Mars,False,TRAPPIST-1e,25.0,True,True,True,True,True,True,False,D,210.0,P
6713_01,Earth,False,55 Cancri e,24.0,False,False,False,False,False,False,False,F,1395.0,P
6718_01,Earth,False,TRAPPIST-1e,37.0,False,False,False,False,False,False,False,G,1088.0,P
6718_02,Earth,True,TRAPPIST-1e,5.0,False,False,False,False,False,False,False,G,1088.0,P
6718_03,Earth,True,TRAPPIST-1e,27.0,False,False,False,False,False,False,True,G,1088.0,P
6719_01,Mars,True,TRAPPIST-1e,41.0,False,False,False,False,False,False,True,F,1396.0,P
6720_01,Europa,False,TRAPPIST-1e,44.0,False,False,False,False,False,False,True,A,81.0,S
6721_01,Earth,False,TRAPPIST-1e,23.0,False,False,False,False,False,False,True,G,1095.0,S
6722_01,Europa,True,55 Cancri e,28.0,False,False,False,False,False,False,True,E,445.0,S
6722_02,Europa,False,55 Cancri e,27.0,False,False,False,False,False,False,False,E,445.0,S
6722_03,Europa,True,55 Cancri e,40.0,False,False,False,False,False,False,True,E,445.0,S
6724_01,Europa,True,55 Cancri e,27.0,False,False,False,False,False,False,True,C,213.0,P
6724_02,Europa,True,55 Cancri e,17.0,False,False,False,False,False,False,True,C,213.0,P
6725_01,Europa,False,TRAPPIST-1e,32.0,False,False,False,False,False,False,False,C,214.0,P
6726_01,Earth,False,TRAPPIST-1e,29.0,False,False,False,False,False,False,True,G,1089.0,P
6727_01,Earth,False,TRAPPIST-1e,29.0,False,False,False,False,False,False,True,G,1090.0,P
6729_01,Europa,False,TRAPPIST-1e,41.0,False,False,False,False,False,False,False,A,82.0,S
6729_02,Europa,True,55 Cancri e,48.0,False,False,False,False,False,False,True,A,82.0,S
6729_03,Europa,False,TRAPPIST-1e,27.0,False,False,False,False,False,False,False,A,82.0,S
6730_01,Earth,False,TRAPPIST-1e,14.0,False,False,False,False,False,False,True,G,1096.0,S
6731_01,Earth,False,TRAPPIST-1e,32.0,False,False,False,False,False,False,False,F,1397.0,P
6734_01,Europa,False,55 Cancri e,47.0,False,False,False,False,False,False,True,C,249.0,S
6734_02,Europa,True,55 Cancri e,14.0,False,False,False,False,False,False,True,C,249.0,S
6734_03,Europa,True,55 Cancri e,37.0,True,True,True,True,True,True,True,C,249.0,S
6734_04,Europa,True,55 Cancri e,33.0,False,False,False,False,False,False,True,C,249.0,S
6736_01,Mars,False,TRAPPIST-1e,33.0,False,False,False,False,False,False,True,D,203.0,S
6739_01,Earth,False,TRAPPIST-1e,44.0,False,False,False,False,False,False,True,G,1097.0,S
6741_01,Earth,False,TRAPPIST-1e,37.0,False,False,False,False,False,False,True,G,1098.0,S
6741_02,Earth,False,PSO J318.5-22,18.0,False,False,False,False,False,False,False,F,1286.0,S
6742_01,Earth,False,TRAPPIST-1e,33.0,False,False,False,False,False,False,True,F,1287.0,S
6744_01,Mars,False,TRAPPIST-1e,21.0,False,False,False,False,False,False,False,F,1399.0,P
6744_02,Mars,False,TRAPPIST-1e,38.0,False,False,False,False,False,False,False,F,1399.0,P
6744_03,Mars,False,55 Cancri e,16.0,False,False,False,False,False,False,False,D,212.0,P
6744_04,Mars,True,TRAPPIST-1e,58.0,False,False,False,False,False,False,False,E,431.0,P
6744_05,Mars,False,TRAPPIST-1e,41.0,False,False,False,False,False,False,False,E,431.0,P
6745_01,Earth,False,PSO J318.5-22,28.0,False,False,False,False,False,False,False,F,1400.0,P
6746_01,Earth,True,TRAPPIST-1e,28.0,False,False,False,False,False,False,True,G,1092.0,P
6747_01,Europa,True,TRAPPIST-1e,31.0,False,False,False,False,False,False,True,C,215.0,P
6748_01,Mars,True,TRAPPIST-1e,27.0,False,False,False,False,False,False,True,F,1289.0,S
6748_02,Mars,False,TRAPPIST-1e,7.0,False,False,False,False,False,False,True,F,1289.0,S
6748_03,Mars,False,TRAPPIST-1e,25.0,False,False,False,False,False,False,False,F,1289.0,S
6748_04,Mars,False,TRAPPIST-1e,34.0,False,False,False,False,False,False,False,D,205.0,S
6749_01,Earth,False,TRAPPIST-1e,21.0,False,False,False,False,False,False,True,G,1093.0,P
6750_01,Earth,False,TRAPPIST-1e,29.0,False,False,False,False,False,False,False,G,1094.0,P
6751_01,Mars,True,TRAPPIST-1e,23.0,False,False,False,False,False,False,True,F,1290.0,S
6751_02,Mars,True,TRAPPIST-1e,31.0,False,False,False,False,False,False,False,E,446.0,S
6753_01,Europa,True,TRAPPIST-1e,50.0,False,False,False,False,False,False,True,B,226.0,P
6753_02,Europa,False,TRAPPIST-1e,25.0,False,False,False,False,False,False,False,B,226.0,P
6754_01,Europa,False,TRAPPIST-1e,25.0,True,True,True,True,True,True,True,C,250.0,S
6756_01,Earth,False,TRAPPIST-1e,23.0,False,False,False,False,False,False,False,F,1402.0,P
6756_02,Earth,False,PSO J318.5-22,46.0,False,False,False,False,False,False,True,G,1095.0,P
6756_03,Earth,False,TRAPPIST-1e,0.0,False,False,False,False,False,False,True,G,1095.0,P
6757_01,Mars,False,TRAPPIST-1e,53.0,False,False,False,False,False,False,False,F,1292.0,S
6758_01,Earth,False,55 Cancri e,25.0,False,False,False,False,False,False,False,F,1403.0,P
6760_01,Mars,False,PSO J318.5-22,30.0,False,False,False,False,False,False,True,F,1404.0,P
6761_01,Mars,True,TRAPPIST-1e,18.0,False,False,False,False,False,False,True,F,1405.0,P
6761_02,Mars,False,TRAPPIST-1e,20.0,False,False,False,False,False,False,False,E,432.0,P
6762_01,Earth,False,55 Cancri e,54.0,False,False,False,False,False,False,False,F,1293.0,S
6763_01,Earth,False,TRAPPIST-1e,20.0,False,False,False,False,False,False,True,G,1097.0,P
6764_01,Mars,False,TRAPPIST-1e,32.0,False,False,False,False,False,False,False,F,1294.0,S
6764_02,Mars,False,TRAPPIST-1e,31.0,False,False,False,False,False,False,True,F,1294.0,S
6765_01,Mars,True,TRAPPIST-1e,55.0,False,False,False,False,False,False,True,F,1295.0,S
6766_01,Earth,False,PSO J318.5-22,16.0,False,False,False,False,False,False,False,G,1098.0,P
6766_02,Earth,True,TRAPPIST-1e,0.0,False,False,False,False,False,False,True,G,1098.0,P
6766_03,Earth,True,TRAPPIST-1e,3.0,False,False,False,False,False,False,True,G,1098.0,P
6773_01,Earth,False,TRAPPIST-1e,33.0,False,False,False,False,False,False,False,F,1407.0,P
6774_01,Earth,True,TRAPPIST-1e,45.0,False,False,False,False,False,False,True,G,1100.0,P
6774_02,Earth,True,TRAPPIST-1e,6.0,False,False,False,False,False,False,False,G,1100.0,P
6774_03,Earth,False,TRAPPIST-1e,33.0,False,False,False,False,False,False,False,F,1408.0,P
6775_01,Earth,True,55 Cancri e,14.0,False,False,False,False,False,False,True,G,1101.0,S
6776_01,Earth,False,55 Cancri e,24.0,False,False,False,False,False,False,False,F,1409.0,P
6778_01,Earth,False,TRAPPIST-1e,47.0,False,False,False,False,False,False,False,F,1299.0,S
6779_01,Europa,False,TRAPPIST-1e,37.0,False,False,False,False,False,False,True,B,258.0,S
6779_02,Europa,True,55 Cancri e,14.0,False,False,False,False,False,False,True,B,258.0,S
6779_03,Europa,True,TRAPPIST-1e,44.0,False,False,False,False,False,False,True,B,258.0,S
6779_04,Europa,False,TRAPPIST-1e,11.0,False,False,False,False,False,False,True,B,258.0,S
6780_01,Europa,True,55 Cancri e,15.0,False,False,False,False,False,False,True,C,251.0,S
6780_02,Europa,False,TRAPPIST-1e,39.0,False,False,False,False,False,False,True,C,251.0,S
6782_01,Earth,False,PSO J318.5-22,15.0,False,False,False,False,False,False,False,F,1300.0,S
6784_01,Earth,False,55 Cancri e,60.0,False,False,False,False,False,False,False,G,1102.0,S
6784_02,Earth,False,TRAPPIST-1e,49.0,False,False,False,False,False,False,True,G,1102.0,S
6786_01,Earth,False,PSO J318.5-22,23.0,False,False,False,False,False,False,False,F,1410.0,P
6787_01,Earth,False,TRAPPIST-1e,9.0,False,False,False,False,False,False,True,F,1411.0,P
6787_02,Earth,False,TRAPPIST-1e,0.0,False,False,False,False,False,False,False,F,1411.0,P
6787_03,Earth,False,TRAPPIST-1e,17.0,False,False,False,False,False,False,False,F,1411.0,P
6787_04,Earth,True,PSO J318.5-22,42.0,False,False,False,False,False,False,True,F,1411.0,P
6787_05,Earth,True,TRAPPIST-1e,16.0,False,False,False,False,False,False,True,F,1411.0,P
6787_06,Earth,False,55 Cancri e,0.0,False,False,False,False,False,False,True,F,1411.0,P
6787_07,Earth,False,TRAPPIST-1e,26.0,False,False,False,False,False,False,False,F,1411.0,P
6788_01,Earth,False,TRAPPIST-1e,56.0,False,False,False,False,False,False,False,G,1103.0,P
6789_01,Mars,False,55 Cancri e,26.0,False,False,False,False,False,False,True,D,213.0,P
6792_01,Mars,False,TRAPPIST-1e,41.0,False,False,False,False,False,False,True,F,1412.0,P
6794_01,Mars,False,TRAPPIST-1e,27.0,False,False,False,False,False,False,True,D,206.0,S
6796_01,Earth,False,TRAPPIST-1e,31.0,False,False,False,False,False,False,False,G,1104.0,P
6798_01,Earth,False,TRAPPIST-1e,40.0,False,False,False,False,False,False,True,F,1414.0,P
6799_01,Europa,True,55 Cancri e,40.0,False,False,False,False,False,False,True,C,252.0,S
6800_01,Earth,True,TRAPPIST-1e,15.0,False,False,False,False,False,False,True,G,1105.0,P
6801_01,Europa,False,TRAPPIST-1e,50.0,True,True,True,True,True,True,True,B,259.0,S
6802_01,Europa,False,55 Cancri e,42.0,False,False,False,False,False,False,False,A,68.0,P
6805_01,Europa,False,TRAPPIST-1e,50.0,False,False,False,False,False,False,False,E,449.0,S
6806_01,Earth,False,TRAPPIST-1e,39.0,False,False,False,False,False,False,True,G,1104.0,S
6808_01,Earth,False,TRAPPIST-1e,27.0,False,False,False,False,False,False,False,F,1416.0,P
6810_01,Mars,True,TRAPPIST-1e,20.0,False,False,False,False,False,False,True,E,450.0,S
6810_02,Mars,False,TRAPPIST-1e,30.0,False,False,False,False,False,False,True,E,450.0,S
6810_03,Mars,True,TRAPPIST-1e,16.0,False,False,False,False,False,False,True,F,427.0,S
6810_04,Earth,True,TRAPPIST-1e,36.0,False,False,False,False,False,False,True,E,450.0,S
6810_05,Mars,True,55 Cancri e,68.0,False,False,False,False,False,False,True,E,450.0,S
6813_01,Earth,False,55 Cancri e,22.0,False,False,False,False,False,False,False,F,1417.0,P
6814_01,Mars,False,55 Cancri e,36.0,False,False,False,False,False,False,True,E,451.0,S
6816_01,Earth,True,55 Cancri e,3.0,False,False,False,False,False,False,False,G,1108.0,P
6816_02,Earth,False,TRAPPIST-1e,28.0,False,False,False,False,False,False,False,G,1108.0,P
6816_03,Earth,True,PSO J318.5-22,32.0,False,False,False,False,False,False,True,G,1108.0,P
6816_04,Earth,False,TRAPPIST-1e,10.0,False,False,False,False,False,False,True,G,1108.0,P
6816_05,Earth,True,55 Cancri e,0.0,False,False,False,False,False,False,False,G,1108.0,P
6816_06,Earth,True,TRAPPIST-1e,9.0,False,False,False,False,False,False,True,G,1108.0,P
6817_01,Earth,False,TRAPPIST-1e,37.0,False,False,False,False,False,False,False,F,1304.0,S
6818_01,Earth,False,TRAPPIST-1e,31.0,False,False,False,False,False,False,True,F,1418.0,P
6820_01,Earth,False,TRAPPIST-1e,31.0,False,False,False,False,False,False,False,F,1419.0,P
6821_01,Earth,False,TRAPPIST-1e,43.0,False,False,False,False,False,False,False,F,1420.0,P
6822_01,Earth,False,TRAPPIST-1e,15.0,False,False,False,False,False,False,False,F,1305.0,S
6824_01,Earth,False,TRAPPIST-1e,58.0,False,False,False,False,False,False,True,G,1108.0,S
6825_01,Mars,True,TRAPPIST-1e,30.0,False,False,False,False,False,False,True,F,1306.0,S
6825_02,Mars,False,TRAPPIST-1e,24.0,False,False,False,False,False,False,False,F,1306.0,S
6826_01,Earth,False,TRAPPIST-1e,49.0,False,False,False,False,False,False,False,G,1109.0,S
6827_01,Europa,False,55 Cancri e,73.0,False,False,False,False,False,False,False,A,84.0,S
6827_02,Europa,True,TRAPPIST-1e,14.0,False,False,False,False,False,False,True,A,84.0,S
6827_03,Europa,True,TRAPPIST-1e,50.0,False,False,False,False,False,False,True,A,84.0,S
6827_04,Europa,False,TRAPPIST-1e,12.0,False,False,False,False,False,False,True,A,84.0,S
6829_01,Earth,True,TRAPPIST-1e,2.0,False,False,False,False,False,False,True,G,1109.0,P
6829_02,Earth,False,TRAPPIST-1e,49.0,False,False,False,False,False,False,False,G,1109.0,P
6829_03,Earth,True,TRAPPIST-1e,32.0,False,False,False,False,False,False,False,G,1109.0,P
6831_01,Earth,True,TRAPPIST-1e,27.0,False,False,False,False,False,False,False,G,1111.0,P
6832_01,Mars,True,TRAPPIST-1e,33.0,False,False,False,False,False,False,True,F,1421.0,P
6833_01,Earth,False,TRAPPIST-1e,23.0,False,False,False,False,False,False,True,E,452.0,S
6834_01,Earth,True,TRAPPIST-1e,23.0,False,False,False,False,False,False,True,G,1111.0,S
6837_01,Mars,True,TRAPPIST-1e,43.0,False,False,False,False,False,False,True,E,435.0,P
6839_01,Earth,False,TRAPPIST-1e,36.0,False,False,False,False,False,False,False,F,1307.0,S
6840_01,Mars,True,TRAPPIST-1e,26.0,False,False,False,False,False,False,True,F,1422.0,P
6841_01,Mars,True,55 Cancri e,29.0,False,False,False,False,False,False,True,E,454.0,S
6843_01,Europa,True,TRAPPIST-1e,21.0,False,False,False,False,False,False,True,B,260.0,S
6843_02,Europa,True,55 Cancri e,30.0,False,False,False,False,False,False,True,B,260.0,S
6844_01,Mars,False,55 Cancri e,23.0,False,False,False,False,False,False,False,E,455.0,S
6848_01,Europa,True,TRAPPIST-1e,13.0,False,False,False,False,False,False,True,D,214.0,P
6850_01,Earth,False,TRAPPIST-1e,22.0,False,False,False,False,False,False,False,F,1424.0,P
6850_02,Earth,True,PSO J318.5-22,25.0,False,False,False,False,False,False,False,G,1113.0,P
6850_03,Earth,False,TRAPPIST-1e,52.0,False,False,False,False,False,False,False,E,436.0,P
6851_01,Earth,False,TRAPPIST-1e,22.0,False,False,False,False,False,False,True,E,456.0,S
6853_01,Europa,False,55 Cancri e,31.0,False,False,False,False,False,False,False,C,218.0,P
6854_01,Mars,False,TRAPPIST-1e,23.0,False,False,False,False,False,False,False,E,437.0,P
6857_01,Earth,False,PSO J318.5-22,35.0,False,False,False,False,False,False,False,F,1310.0,S
6858_01,Europa,True,TRAPPIST-1e,26.0,False,False,False,False,False,False,True,B,229.0,P
6858_02,Europa,True,TRAPPIST-1e,14.0,False,False,False,False,False,False,True,B,229.0,P
6858_03,Europa,False,55 Cancri e,39.0,False,False,False,False,False,False,False,B,229.0,P
6858_04,Europa,False,TRAPPIST-1e,8.0,False,False,False,False,False,False,True,B,229.0,P
6859_01,Earth,True,PSO J318.5-22,29.0,False,False,False,False,False,False,True,G,1113.0,S
6861_01,Earth,True,PSO J318.5-22,15.0,False,False,False,False,False,False,True,G,1114.0,S
6862_01,Earth,True,TRAPPIST-1e,48.0,False,False,False,False,False,False,True,G,1115.0,S
6862_02,Earth,False,TRAPPIST-1e,9.0,False,False,False,False,False,False,False,G,1115.0,S
6863_01,Earth,False,TRAPPIST-1e,25.0,False,False,False,False,False,False,False,F,1311.0,S
6864_01,Europa,True,TRAPPIST-1e,13.0,False,False,False,False,False,False,True,A,71.0,P
6864_02,Europa,True,55 Cancri e,25.0,False,False,False,False,False,False,True,A,71.0,P
6865_01,Europa,False,TRAPPIST-1e,27.0,False,False,False,False,False,False,False,D,208.0,S
6865_02,Europa,True,TRAPPIST-1e,32.0,False,False,False,False,False,False,True,D,208.0,S
6866_01,Europa,False,55 Cancri e,20.0,False,False,False,False,False,False,True,C,253.0,S
6866_02,Europa,False,55 Cancri e,40.0,False,False,False,False,False,False,False,C,253.0,S
6868_01,Earth,False,TRAPPIST-1e,18.0,False,False,False,False,False,False,False,F,1427.0,P
6869_01,Earth,False,TRAPPIST-1e,21.0,False,False,False,False,False,False,False,F,1428.0,P
6871_01,Earth,False,TRAPPIST-1e,38.0,False,False,False,False,False,False,True,G,1116.0,S
6873_01,Europa,False,55 Cancri e,62.0,False,False,False,False,False,False,True,A,72.0,P
6879_01,Earth,True,TRAPPIST-1e,23.0,False,False,False,False,False,False,True,G,1119.0,S
6880_01,Mars,False,TRAPPIST-1e,48.0,True,True,True,True,True,True,False,F,1315.0,S
6880_02,Mars,True,TRAPPIST-1e,27.0,False,False,False,False,False,False,False,E,457.0,S
6882_01,Mars,True,55 Cancri e,32.0,False,False,False,False,False,False,True,F,1430.0,P
6882_02,Mars,False,TRAPPIST-1e,53.0,False,False,False,False,False,False,False,E,438.0,P
6883_01,Earth,False,TRAPPIST-1e,26.0,False,False,False,False,False,False,True,G,1120.0,S
6885_01,Mars,True,TRAPPIST-1e,46.0,False,False,False,False,False,False,True,F,1316.0,S
6887_01,Earth,False,TRAPPIST-1e,32.0,False,False,False,False,False,False,False,G,1122.0,S
6889_01,Earth,False,TRAPPIST-1e,40.0,False,False,False,False,False,False,False,F,1317.0,S
6891_01,Mars,False,TRAPPIST-1e,27.0,False,False,False,False,False,False,True,D,215.0,P
6892_01,Earth,False,TRAPPIST-1e,28.0,False,False,False,False,False,False,True,F,1318.0,S
6893_01,Europa,True,TRAPPIST-1e,29.0,False,False,False,False,False,False,True,B,261.0,S
6894_01,Mars,True,TRAPPIST-1e,37.0,False,False,False,False,False,False,True,F,1319.0,S
6894_02,Mars,False,TRAPPIST-1e,0.0,False,False,False,False,False,False,True,F,1319.0,S
6894_03,Mars,False,TRAPPIST-1e,12.0,False,False,False,False,False,False,True,F,1319.0,S
6895_01,Europa,False,TRAPPIST-1e,25.0,False,False,False,False,False,False,False,C,220.0,P
6896_01,Mars,False,TRAPPIST-1e,27.0,False,False,False,False,False,False,False,E,459.0,S
6896_02,Mars,False,TRAPPIST-1e,3.0,False,False,False,False,False,False,True,F,1320.0,S
6896_03,Mars,False,TRAPPIST-1e,9.0,False,False,False,False,False,False,True,F,1320.0,S
6898_01,Europa,False,55 Cancri e,27.0,False,False,False,False,False,False,True,F,427.0,S
6899_01,Europa,False,TRAPPIST-1e,59.0,False,False,False,False,False,False,True,A,73.0,P
6899_02,Europa,False,TRAPPIST-1e,24.0,False,False,False,False,False,False,False,A,73.0,P
6900_01,Earth,True,TRAPPIST-1e,16.0,False,False,False,False,False,False,True,G,1123.0,S
6901_01,Mars,False,TRAPPIST-1e,16.0,False,False,False,False,False,False,False,F,1321.0,S
6902_01,Europa,True,TRAPPIST-1e,46.0,False,False,False,False,False,False,True,D,217.0,P
6903_01,Earth,False,PSO J318.5-22,25.0,False,False,False,False,False,False,False,F,1431.0,P
6905_01,Earth,False,TRAPPIST-1e,39.0,False,False,False,False,False,False,False,F,1322.0,S
6905_02,Earth,False,TRAPPIST-1e,15.0,False,False,False,False,False,False,False,E,460.0,S
6905_03,Earth,False,55 Cancri e,16.0,False,False,False,False,False,False,True,F,1322.0,S
6906_01,Mars,False,TRAPPIST-1e,35.0,False,False,False,False,False,False,True,F,1432.0,P
6906_02,Mars,False,55 Cancri e,43.0,False,False,False,False,False,False,False,E,440.0,P
6906_03,Mars,True,TRAPPIST-1e,7.0,False,False,False,False,False,False,True,F,1432.0,P
6907_01,Earth,True,TRAPPIST-1e,29.0,False,False,False,False,False,False,True,G,1117.0,P
6908_01,Europa,False,TRAPPIST-1e,60.0,False,False,False,False,False,False,False,C,254.0,S
6910_01,Earth,False,TRAPPIST-1e,49.0,False,False,False,False,False,False,False,G,1124.0,S
6911_01,Mars,False,TRAPPIST-1e,50.0,False,False,False,False,False,False,True,F,1323.0,S
6912_01,Europa,False,TRAPPIST-1e,40.0,False,False,False,False,False,False,False,C,221.0,P
6913_01,Mars,True,TRAPPIST-1e,49.0,False,False,False,False,False,False,True,F,1324.0,S
6913_02,Mars,False,TRAPPIST-1e,18.0,False,False,False,False,False,False,False,E,461.0,S
6915_01,Mars,True,TRAPPIST-1e,29.0,False,False,False,False,False,False,True,F,1325.0,S
6917_01,Mars,False,TRAPPIST-1e,56.0,True,True,True,True,True,True,False,F,1433.0,P
6918_01,Earth,True,PSO J318.5-22,29.0,False,False,False,False,False,False,True,G,1126.0,S
6920_01,Earth,False,TRAPPIST-1e,29.0,False,False,False,False,False,False,False,E,462.0,S
6921_01,Europa,False,TRAPPIST-1e,22.0,False,False,False,False,False,False,True,C,255.0,S
6921_02,Europa,True,55 Cancri e,24.0,False,False,False,False,False,False,True,C,255.0,S
6921_03,Europa,False,TRAPPIST-1e,23.0,False,False,False,False,False,False,True,C,255.0,S
6921_04,Europa,False,TRAPPIST-1e,28.0,True,True,True,True,True,True,True,C,255.0,S
6921_05,Europa,True,55 Cancri e,19.0,False,False,False,False,False,False,True,C,255.0,S
6921_06,Europa,False,TRAPPIST-1e,32.0,False,False,False,False,False,False,False,C,255.0,S
6924_01,Earth,False,TRAPPIST-1e,37.0,False,False,False,False,False,False,True,G,1127.0,S
6925_01,Earth,False,TRAPPIST-1e,26.0,False,False,False,False,False,False,False,G,1120.0,P
6926_01,Earth,False,TRAPPIST-1e,43.0,False,False,False,False,False,False,True,F,1435.0,P
6928_01,Earth,False,TRAPPIST-1e,25.0,False,False,False,False,False,False,False,E,463.0,S
6928_02,Earth,False,TRAPPIST-1e,11.0,False,False,False,False,False,False,False,G,1128.0,S
6929_01,Earth,False,TRAPPIST-1e,4.0,False,False,False,False,False,False,True,G,1122.0,P
6929_02,Earth,True,TRAPPIST-1e,32.0,False,False,False,False,False,False,True,G,1122.0,P
6929_03,Earth,False,TRAPPIST-1e,15.0,False,False,False,False,False,False,True,E,441.0,P
6930_01,Earth,True,TRAPPIST-1e,17.0,False,False,False,False,False,False,True,G,1129.0,S
6931_01,Europa,True,55 Cancri e,37.0,False,False,False,False,False,False,True,C,222.0,P
6932_01,Earth,False,TRAPPIST-1e,20.0,False,False,False,False,False,False,True,G,1130.0,S
6934_01,Mars,False,TRAPPIST-1e,47.0,False,False,False,False,False,False,True,F,1436.0,P
6934_02,Mars,False,55 Cancri e,16.0,False,False,False,False,False,False,False,E,443.0,P
6937_01,Earth,True,TRAPPIST-1e,8.0,False,False,False,False,False,False,True,G,1131.0,S
6939_01,Earth,False,TRAPPIST-1e,22.0,False,False,False,False,False,False,False,G,1124.0,P
6940_01,Mars,False,TRAPPIST-1e,39.0,False,False,False,False,False,False,True,F,1326.0,S
6943_01,Europa,True,55 Cancri e,57.0,False,False,False,False,False,False,True,B,262.0,S
6944_01,Europa,True,TRAPPIST-1e,29.0,False,False,False,False,False,False,True,C,223.0,P
6945_01,Europa,True,55 Cancri e,27.0,False,False,False,False,False,False,True,B,263.0,S
6946_01,Earth,False,TRAPPIST-1e,70.0,False,False,False,False,False,False,False,F,1439.0,P
6947_01,Europa,True,TRAPPIST-1e,13.0,False,False,False,False,False,False,True,B,264.0,S
6947_02,Europa,False,TRAPPIST-1e,49.0,False,False,False,False,False,False,True,B,264.0,S
6949_01,Earth,False,55 Cancri e,25.0,False,False,False,False,False,False,False,E,464.0,S
6950_01,Europa,True,55 Cancri e,19.0,False,False,False,False,False,False,True,B,265.0,S
6950_02,Europa,True,55 Cancri e,15.0,False,False,False,False,False,False,True,B,265.0,S
6951_01,Europa,False,TRAPPIST-1e,37.0,False,False,False,False,False,False,True,D,219.0,P
6951_02,Europa,True,TRAPPIST-1e,27.0,False,False,False,False,False,False,True,D,219.0,P
6954_01,Mars,False,TRAPPIST-1e,28.0,False,False,False,False,False,False,False,E,445.0,P
6954_02,Earth,False,TRAPPIST-1e,22.0,False,False,False,False,False,False,False,E,445.0,P
6957_01,Europa,False,TRAPPIST-1e,26.0,False,False,False,False,False,False,True,B,266.0,S
6960_01,Earth,False,PSO J318.5-22,25.0,False,False,False,False,False,False,False,G,1135.0,S
6962_01,Earth,False,TRAPPIST-1e,19.0,False,False,False,False,False,False,False,G,1136.0,S
6963_01,Mars,False,TRAPPIST-1e,20.0,False,False,False,False,False,False,False,F,1328.0,S
6964_01,Earth,False,55 Cancri e,35.0,False,False,False,False,False,False,False,F,1444.0,P
6966_01,Earth,False,TRAPPIST-1e,37.0,False,False,False,False,False,False,False,F,1446.0,P
6967_01,Europa,False,55 Cancri e,37.0,False,False,False,False,False,False,False,C,256.0,S
6968_01,Earth,False,TRAPPIST-1e,13.0,False,False,False,False,False,False,False,F,1447.0,P
6968_02,Earth,False,PSO J318.5-22,20.0,False,False,False,False,False,False,False,F,1447.0,P
6970_01,Mars,False,TRAPPIST-1e,65.0,False,False,False,False,False,False,False,F,427.0,S
6970_02,Mars,False,TRAPPIST-1e,29.0,False,False,False,False,False,False,False,E,465.0,S
6971_01,Europa,False,TRAPPIST-1e,0.0,False,False,False,False,False,False,True,C,225.0,P
6971_02,Europa,False,TRAPPIST-1e,4.0,False,False,False,False,False,False,True,C,225.0,P
6971_03,Europa,True,TRAPPIST-1e,19.0,False,False,False,False,False,False,True,C,225.0,P
6971_04,Europa,True,55 Cancri e,17.0,False,False,False,False,False,False,True,C,225.0,P
6971_05,Europa,False,55 Cancri e,28.0,False,False,False,False,False,False,True,C,225.0,P
6971_06,Europa,False,55 Cancri e,28.0,False,False,False,False,False,False,False,C,225.0,P
6972_01,Earth,False,TRAPPIST-1e,21.0,False,False,False,False,False,False,False,G,1126.0,P
6973_01,Earth,False,PSO J318.5-22,45.0,False,False,False,False,False,False,False,E,466.0,S
6976_01,Earth,False,TRAPPIST-1e,21.0,False,False,False,False,False,False,True,G,1127.0,P
6977_01,Earth,True,PSO J318.5-22,20.0,False,False,False,False,False,False,True,G,1137.0,S
6977_02,Earth,False,TRAPPIST-1e,38.0,False,False,False,False,False,False,True,G,1137.0,S
6978_01,Earth,False,55 Cancri e,24.0,False,False,False,False,False,False,True,E,446.0,P
6979_01,Earth,False,TRAPPIST-1e,22.0,False,False,False,False,False,False,False,E,447.0,P
6980_01,Earth,False,TRAPPIST-1e,44.0,False,False,False,False,False,False,True,F,1331.0,S
6981_01,Earth,False,PSO J318.5-22,41.0,False,False,False,False,False,False,False,F,1332.0,S
6982_01,Earth,True,TRAPPIST-1e,21.0,False,False,False,False,False,False,True,G,1128.0,P
6984_01,Mars,False,TRAPPIST-1e,26.0,False,False,False,False,False,False,False,F,1450.0,P
6984_02,Mars,True,TRAPPIST-1e,54.0,False,False,False,False,False,False,True,F,1450.0,P
6984_03,Mars,False,TRAPPIST-1e,19.0,False,False,False,False,False,False,False,F,1450.0,P
6985_01,Earth,False,TRAPPIST-1e,32.0,False,False,False,False,False,False,False,G,1138.0,S
6987_01,Earth,True,TRAPPIST-1e,27.0,False,False,False,False,False,False,True,G,1139.0,S
6988_01,Europa,False,TRAPPIST-1e,26.0,False,False,False,False,False,False,False,C,226.0,P
6988_02,Europa,False,TRAPPIST-1e,28.0,False,False,False,False,False,False,True,C,226.0,P
6990_01,Earth,False,PSO J318.5-22,21.0,False,False,False,False,False,False,False,F,427.0,S
6991_01,Europa,False,55 Cancri e,38.0,False,False,False,False,False,False,False,B,233.0,P
6991_02,Europa,True,TRAPPIST-1e,43.0,False,False,False,False,False,False,True,B,233.0,P
6992_01,Earth,False,TRAPPIST-1e,12.0,False,False,False,False,False,False,False,G,1131.0,P
6992_02,Earth,True,TRAPPIST-1e,25.0,False,False,False,False,False,False,False,G,1131.0,P
6992_03,Earth,True,TRAPPIST-1e,27.0,False,False,False,False,False,False,True,G,1131.0,P
6994_01,Europa,True,TRAPPIST-1e,22.0,False,False,False,False,False,False,True,B,267.0,S
6994_02,Europa,False,TRAPPIST-1e,20.0,False,False,False,False,False,False,False,B,267.0,S
6995_01,Earth,False,55 Cancri e,24.0,False,False,False,False,False,False,False,F,1334.0,S
6996_01,Earth,False,55 Cancri e,34.0,False,False,False,False,False,False,False,F,1452.0,P
6997_01,Mars,False,TRAPPIST-1e,42.0,False,False,False,False,False,False,False,D,220.0,P
6997_02,Mars,False,TRAPPIST-1e,24.0,False,False,False,False,False,False,False,F,1453.0,P
6998_01,Earth,False,TRAPPIST-1e,28.0,False,False,False,False,False,False,False,F,1454.0,P
6999_01,Mars,False,TRAPPIST-1e,29.0,False,False,False,False,False,False,False,E,449.0,P
7001_01,Europa,True,TRAPPIST-1e,31.0,False,False,False,False,False,False,True,D,213.0,S
7002_01,Earth,False,TRAPPIST-1e,29.0,False,False,False,False,False,False,False,G,1141.0,S
7004_01,Earth,False,55 Cancri e,14.0,False,False,False,False,False,False,False,F,1337.0,S
7005_01,Earth,False,55 Cancri e,16.0,False,False,False,False,False,False,True,F,1338.0,S
7006_01,Earth,True,PSO J318.5-22,16.0,False,False,False,False,False,False,True,G,1142.0,S
7007_01,Europa,False,TRAPPIST-1e,27.0,False,False,False,False,False,False,True,E,450.0,P
7007_02,Europa,False,TRAPPIST-1e,27.0,False,False,False,False,False,False,False,E,450.0,P
7008_01,Earth,False,TRAPPIST-1e,23.0,False,False,False,False,False,False,False,F,1339.0,S
7010_01,Earth,False,TRAPPIST-1e,16.0,False,False,False,False,False,False,False,G,1143.0,S
7010_02,Earth,False,TRAPPIST-1e,30.0,False,False,False,False,False,False,True,F,1340.0,S
7011_01,Earth,False,TRAPPIST-1e,24.0,False,False,False,False,False,False,False,F,1455.0,P
7013_01,Earth,True,TRAPPIST-1e,36.0,False,False,False,False,False,False,True,G,1144.0,S
7014_01,Europa,False,55 Cancri e,25.0,False,False,False,False,False,False,True,C,257.0,S
7015_01,Europa,True,TRAPPIST-1e,29.0,False,False,False,False,False,False,True,C,227.0,P
7016_01,Earth,True,PSO J318.5-22,21.0,False,False,False,False,False,False,False,G,1132.0,P
7017_01,Earth,True,TRAPPIST-1e,26.0,False,False,False,False,False,False,True,G,1133.0,P
7018_01,Mars,False,TRAPPIST-1e,30.0,False,False,False,False,False,False,False,E,467.0,S
7019_01,Earth,False,TRAPPIST-1e,31.0,False,False,False,False,False,False,False,F,1457.0,P
7019_02,Earth,False,TRAPPIST-1e,20.0,False,False,False,False,False,False,False,F,1457.0,P
7020_01,Earth,True,TRAPPIST-1e,27.0,False,False,False,False,False,False,True,G,1145.0,S
7021_01,Earth,True,55 Cancri e,33.0,False,False,False,False,False,False,True,G,1146.0,S
7022_01,Europa,False,TRAPPIST-1e,35.0,False,False,False,False,False,False,True,D,215.0,S
7022_02,Europa,False,TRAPPIST-1e,46.0,False,False,False,False,False,False,False,D,215.0,S
7025_01,Earth,True,TRAPPIST-1e,63.0,False,False,False,False,False,False,True,G,1147.0,S
7026_01,Europa,False,55 Cancri e,37.0,False,False,False,False,False,False,False,A,86.0,S
7027_01,Earth,False,TRAPPIST-1e,23.0,False,False,False,False,False,False,True,E,451.0,P
7028_01,Earth,False,55 Cancri e,5.0,False,False,False,False,False,False,True,G,1148.0,S
7028_02,Earth,True,TRAPPIST-1e,16.0,False,False,False,False,False,False,True,G,1148.0,S
7029_01,Earth,False,TRAPPIST-1e,20.0,False,False,False,False,False,False,True,F,1458.0,P
7029_02,Earth,True,PSO J318.5-22,49.0,False,False,False,False,False,False,False,F,1458.0,P
7031_01,Earth,False,TRAPPIST-1e,3.0,False,False,False,False,False,False,True,G,1135.0,P
7032_01,Earth,False,TRAPPIST-1e,41.0,False,False,False,False,False,False,False,F,1459.0,P
7034_01,Mars,False,TRAPPIST-1e,27.0,False,False,False,False,False,False,False,F,1341.0,S
7036_01,Earth,True,TRAPPIST-1e,14.0,False,False,False,False,False,False,True,G,1136.0,P
7037_01,Mars,False,TRAPPIST-1e,26.0,False,False,False,False,False,False,False,D,216.0,S
7038_01,Earth,True,TRAPPIST-1e,51.0,False,False,False,False,False,False,False,G,1137.0,P
7039_01,Earth,False,PSO J318.5-22,36.0,False,False,False,False,False,False,False,F,1461.0,P
7040_01,Earth,True,TRAPPIST-1e,16.0,False,False,False,False,False,False,True,G,1150.0,S
7041_01,Mars,True,TRAPPIST-1e,18.0,False,False,False,False,False,False,True,F,1343.0,S
7042_01,Earth,True,PSO J318.5-22,48.0,False,False,False,False,False,False,False,G,1138.0,P
7044_01,Mars,False,TRAPPIST-1e,24.0,False,False,False,False,False,False,False,D,221.0,P
7045_01,Mars,False,55 Cancri e,19.0,False,False,False,False,False,False,False,D,222.0,P
7047_01,Earth,True,55 Cancri e,21.0,False,False,False,False,False,False,True,G,1152.0,S
7048_01,Earth,False,TRAPPIST-1e,24.0,False,False,False,False,False,False,False,F,1462.0,P
7049_01,Earth,True,TRAPPIST-1e,21.0,False,False,False,False,False,False,True,G,1153.0,S
7050_01,Earth,False,TRAPPIST-1e,13.0,False,False,False,False,False,False,True,F,1344.0,S
7051_01,Mars,False,TRAPPIST-1e,39.0,False,False,False,False,False,False,False,D,223.0,P
7052_01,Europa,False,55 Cancri e,27.0,False,False,False,False,False,False,True,E,469.0,S
7053_01,Earth,False,PSO J318.5-22,23.0,False,False,False,False,False,False,False,F,1463.0,P
7056_01,Europa,False,55 Cancri e,43.0,False,False,False,False,False,False,False,D,217.0,S
7057_01,Mars,False,TRAPPIST-1e,19.0,False,False,False,False,False,False,False,F,1346.0,S
7058_01,Mars,True,55 Cancri e,30.0,False,False,False,False,False,False,True,F,1347.0,S
7059_01,Earth,True,TRAPPIST-1e,52.0,False,False,False,False,False,False,True,G,1154.0,S
7060_01,Earth,False,TRAPPIST-1e,35.0,False,False,False,False,False,False,False,G,1155.0,S
7061_01,Earth,False,TRAPPIST-1e,16.0,False,False,False,False,False,False,True,G,1156.0,S
7062_01,Earth,False,TRAPPIST-1e,21.0,False,False,False,False,False,False,False,F,1464.0,P
7068_01,Earth,False,PSO J318.5-22,45.0,False,False,False,False,False,False,False,F,1350.0,S
7069_01,Earth,False,TRAPPIST-1e,22.0,False,False,False,False,False,False,False,E,472.0,S
7069_02,Earth,True,55 Cancri e,27.0,False,False,False,False,False,False,False,G,1159.0,S
7069_03,Earth,False,TRAPPIST-1e,0.0,False,False,False,False,False,False,True,G,1159.0,S
7071_01,Earth,False,PSO J318.5-22,63.0,False,False,False,False,False,False,False,G,1160.0,S
7072_01,Earth,False,PSO J318.5-22,56.0,False,False,False,False,False,False,False,F,1351.0,S
7073_01,Earth,True,TRAPPIST-1e,40.0,False,False,False,False,False,False,True,G,1161.0,S
7074_01,Earth,True,TRAPPIST-1e,1.0,False,False,False,False,False,False,True,G,1162.0,S
7074_02,Earth,False,TRAPPIST-1e,24.0,False,False,False,False,False,False,False,F,1352.0,S
7077_01,Earth,False,TRAPPIST-1e,36.0,False,False,False,False,False,False,False,F,1353.0,S
7078_01,Earth,False,TRAPPIST-1e,13.0,False,False,False,False,False,False,False,G,1163.0,S
7079_01,Earth,False,55 Cancri e,13.0,False,False,False,False,False,False,False,F,1354.0,S
7080_01,Earth,True,55 Cancri e,37.0,False,False,False,False,False,False,True,G,1140.0,P
7082_01,Earth,False,TRAPPIST-1e,44.0,False,False,False,False,False,False,False,E,473.0,S
7083_01,Europa,True,TRAPPIST-1e,32.0,False,False,False,False,False,False,True,C,259.0,S
7083_02,Europa,False,55 Cancri e,57.0,False,False,False,False,False,False,True,C,259.0,S
7084_01,Earth,False,55 Cancri e,26.0,False,False,False,False,False,False,False,F,1355.0,S
7085_01,Mars,False,TRAPPIST-1e,62.0,False,False,False,False,False,False,False,F,1466.0,P
7085_02,Mars,True,55 Cancri e,2.0,False,False,False,False,False,False,True,F,1466.0,P
7085_03,Mars,True,TRAPPIST-1e,1.0,False,False,False,False,False,False,True,F,1466.0,P
7086_01,Earth,False,TRAPPIST-1e,24.0,False,False,False,False,False,False,False,F,1467.0,P
7087_01,Earth,True,TRAPPIST-1e,1.0,False,False,False,False,False,False,True,G,1141.0,P
7088_01,Earth,False,TRAPPIST-1e,63.0,False,False,False,False,False,False,False,F,1468.0,P
7089_01,Europa,False,TRAPPIST-1e,20.0,False,False,False,False,False,False,True,D,218.0,S
7090_01,Earth,False,TRAPPIST-1e,15.0,False,False,False,False,False,False,False,F,1469.0,P
7091_01,Earth,True,TRAPPIST-1e,32.0,False,False,False,False,False,False,True,G,1142.0,P
7092_01,Earth,False,TRAPPIST-1e,24.0,False,False,False,False,False,False,True,F,1470.0,P
7093_01,Earth,True,TRAPPIST-1e,32.0,False,False,False,False,False,False,False,G,1143.0,P
7094_01,Europa,False,TRAPPIST-1e,36.0,False,False,False,False,False,False,True,E,454.0,P
7095_01,Earth,True,PSO J318.5-22,13.0,False,False,False,False,False,False,True,G,1144.0,P
7096_01,Europa,True,TRAPPIST-1e,29.0,False,False,False,False,False,False,True,C,260.0,S
7096_02,Europa,False,TRAPPIST-1e,27.0,False,False,False,False,False,False,False,C,260.0,S
7096_03,Europa,True,TRAPPIST-1e,30.0,False,False,False,False,False,False,True,C,260.0,S
7097_01,Europa,False,55 Cancri e,27.0,False,False,False,False,False,False,True,A,75.0,P
7097_02,Europa,False,TRAPPIST-1e,14.0,False,False,False,False,False,False,False,A,75.0,P
7097_03,Europa,False,TRAPPIST-1e,32.0,True,True,True,True,True,True,False,A,75.0,P
7097_04,Europa,False,55 Cancri e,33.0,True,True,True,True,True,True,False,A,75.0,P
7098_01,Earth,False,TRAPPIST-1e,35.0,False,False,False,False,False,False,True,F,1356.0,S
7099_01,Earth,False,55 Cancri e,21.0,False,False,False,False,False,False,False,F,1471.0,P
7104_01,Earth,False,TRAPPIST-1e,57.0,False,False,False,False,False,False,False,C,228.0,P
7104_02,Europa,False,TRAPPIST-1e,42.0,False,False,False,False,False,False,True,C,228.0,P
7105_01,Earth,False,55 Cancri e,20.0,False,False,False,False,False,False,True,F,1473.0,P
7106_01,Mars,True,TRAPPIST-1e,18.0,False,False,False,False,False,False,True,F,1357.0,S
7109_01,Europa,False,55 Cancri e,49.0,False,False,False,False,False,False,False,B,268.0,S
7110_01,Earth,False,PSO J318.5-22,23.0,False,False,False,False,False,False,False,F,1358.0,S
7111_01,Mars,False,TRAPPIST-1e,24.0,False,False,False,False,False,False,False,F,1359.0,S
7113_01,Earth,False,TRAPPIST-1e,24.0,False,False,False,False,False,False,False,F,1361.0,S
7113_02,Earth,False,55 Cancri e,23.0,False,False,False,False,False,False,True,F,1361.0,S
7114_01,Earth,False,TRAPPIST-1e,24.0,False,False,False,False,False,False,False,F,1362.0,S
7116_01,Earth,True,PSO J318.5-22,26.0,False,False,False,False,False,False,False,G,1146.0,P
7117_01,Europa,True,55 Cancri e,28.0,False,False,False,False,False,False,True,B,236.0,P
7118_01,Earth,False,PSO J318.5-22,17.0,False,False,False,False,False,False,False,F,1475.0,P
7119_01,Earth,False,TRAPPIST-1e,20.0,False,False,False,False,False,False,False,F,1476.0,P
7120_01,Earth,False,TRAPPIST-1e,22.0,False,False,False,False,False,False,False,F,1363.0,S
7121_01,Europa,True,55 Cancri e,23.0,False,False,False,False,False,False,True,B,269.0,S
7121_02,Europa,True,55 Cancri e,22.0,False,False,False,False,False,False,True,B,269.0,S
7126_01,Earth,False,TRAPPIST-1e,29.0,False,False,False,False,False,False,False,F,1366.0,S
7127_01,Europa,False,TRAPPIST-1e,27.0,False,False,False,False,False,False,False,B,237.0,P
7127_02,Europa,True,TRAPPIST-1e,31.0,False,False,False,False,False,False,True,B,237.0,P
7128_01,Europa,False,55 Cancri e,37.0,False,False,False,False,False,False,False,B,238.0,P
7128_02,Europa,False,55 Cancri e,44.0,False,False,False,False,False,False,True,B,238.0,P
7128_03,Europa,False,55 Cancri e,34.0,False,False,False,False,False,False,False,B,238.0,P
7132_01,Earth,False,55 Cancri e,23.0,False,False,False,False,False,False,False,G,1165.0,S
7133_01,Earth,False,TRAPPIST-1e,18.0,False,False,False,False,False,False,False,F,1368.0,S
7134_01,Earth,True,PSO J318.5-22,18.0,False,False,False,False,False,False,True,G,1148.0,P
7137_01,Earth,False,TRAPPIST-1e,23.0,False,False,False,False,False,False,False,F,1479.0,P
7140_01,Earth,False,TRAPPIST-1e,18.0,False,False,False,False,False,False,False,F,1371.0,S
7142_01,Mars,False,TRAPPIST-1e,22.0,False,False,False,False,False,False,False,E,474.0,S
7142_02,Mars,False,TRAPPIST-1e,10.0,False,False,False,False,False,False,True,E,474.0,S
7142_03,Mars,True,TRAPPIST-1e,27.0,False,False,False,False,False,False,False,E,474.0,S
7143_01,Mars,False,TRAPPIST-1e,31.0,False,False,False,False,False,False,False,F,1372.0,S
7144_01,Earth,True,TRAPPIST-1e,48.0,False,False,False,False,False,False,False,G,1150.0,P
7148_01,Europa,False,55 Cancri e,51.0,True,True,True,True,True,True,True,A,87.0,S
7149_01,Mars,True,PSO J318.5-22,25.0,False,False,False,False,False,False,True,F,1482.0,P
7151_01,Mars,False,TRAPPIST-1e,32.0,False,False,False,False,False,False,False,E,459.0,P
7152_01,Earth,False,TRAPPIST-1e,8.0,False,False,False,False,False,False,True,G,1167.0,S
7152_02,Earth,True,PSO J318.5-22,49.0,False,False,False,False,False,False,True,G,1167.0,S
7155_01,Earth,False,PSO J318.5-22,28.0,False,False,False,False,False,False,False,F,1375.0,S
7156_01,Mars,False,TRAPPIST-1e,3.0,False,False,False,False,False,False,True,E,475.0,S
7156_02,Mars,False,TRAPPIST-1e,27.0,False,False,False,False,False,False,True,E,475.0,S
7156_03,Mars,True,TRAPPIST-1e,31.0,False,False,False,False,False,False,True,E,475.0,S
7156_04,Mars,False,TRAPPIST-1e,11.0,False,False,False,False,False,False,True,E,475.0,S
7157_01,Mars,True,TRAPPIST-1e,27.0,False,False,False,False,False,False,True,F,427.0,S
7157_02,Mars,False,TRAPPIST-1e,33.0,False,False,False,False,False,False,False,D,219.0,S
7159_01,Europa,True,PSO J318.5-22,32.0,False,False,False,False,False,False,True,C,263.0,S
7160_01,Earth,True,TRAPPIST-1e,20.0,False,False,False,False,False,False,True,G,1152.0,P
7161_01,Europa,False,TRAPPIST-1e,33.0,False,False,False,False,False,False,False,E,476.0,S
7162_01,Earth,False,TRAPPIST-1e,65.0,False,False,False,False,False,False,False,F,1485.0,P
7165_01,Mars,True,TRAPPIST-1e,18.0,False,False,False,False,False,False,True,F,1377.0,S
7166_01,Mars,False,TRAPPIST-1e,19.0,False,False,False,False,False,False,False,F,1378.0,S
7167_01,Europa,False,55 Cancri e,33.0,False,False,False,False,False,False,True,B,270.0,S
7168_01,Earth,False,TRAPPIST-1e,27.0,False,False,False,False,False,False,True,G,1168.0,S
7170_01,Earth,True,PSO J318.5-22,31.0,False,False,False,False,False,False,False,G,1154.0,P
7171_01,Earth,True,TRAPPIST-1e,37.0,False,False,False,False,False,False,True,G,1155.0,P
7173_01,Earth,True,PSO J318.5-22,19.0,False,False,False,False,False,False,True,G,1156.0,P
7175_01,Earth,False,TRAPPIST-1e,18.0,False,False,False,False,False,False,False,F,1486.0,P
7176_01,Europa,True,55 Cancri e,47.0,False,False,False,False,False,False,True,C,232.0,P
7176_02,Europa,False,TRAPPIST-1e,26.0,False,False,False,False,False,False,False,C,232.0,P
7176_03,Europa,False,TRAPPIST-1e,25.0,False,False,False,False,False,False,True,C,232.0,P
7177_01,Earth,False,TRAPPIST-1e,38.0,False,False,False,False,False,False,False,F,1380.0,S
7179_01,Earth,False,TRAPPIST-1e,53.0,False,False,False,False,False,False,True,E,460.0,P
7180_01,Earth,False,TRAPPIST-1e,38.0,False,False,False,False,False,False,False,E,478.0,S
7181_01,Mars,True,TRAPPIST-1e,28.0,False,False,False,False,False,False,True,F,1488.0,P
7182_01,Earth,False,TRAPPIST-1e,46.0,False,False,False,False,False,False,False,F,427.0,S
7184_01,Earth,False,TRAPPIST-1e,18.0,False,False,False,False,False,False,True,G,1170.0,S
7186_01,Europa,True,TRAPPIST-1e,14.0,False,False,False,False,False,False,True,E,461.0,P
7186_02,Europa,False,TRAPPIST-1e,32.0,False,False,False,False,False,False,False,E,461.0,P
7186_03,Europa,False,TRAPPIST-1e,44.0,False,False,False,False,False,False,False,E,461.0,P
7187_01,Earth,True,PSO J318.5-22,28.0,False,False,False,False,False,False,True,G,1158.0,P
7188_01,Europa,False,TRAPPIST-1e,2.0,False,False,False,False,False,False,True,C,233.0,P
7188_02,Europa,False,TRAPPIST-1e,28.0,False,False,False,False,False,False,False,C,233.0,P
7188_03,Europa,True,TRAPPIST-1e,27.0,True,True,True,True,True,True,True,C,233.0,P
7189_01,Europa,True,TRAPPIST-1e,29.0,False,False,False,False,False,False,True,C,234.0,P
7190_01,Earth,True,55 Cancri e,14.0,False,False,False,False,False,False,True,G,1171.0,S
7191_01,Earth,False,TRAPPIST-1e,14.0,False,False,False,False,False,False,False,F,1490.0,P
7192_01,Earth,True,TRAPPIST-1e,17.0,False,False,False,False,False,False,True,G,1172.0,S
7193_01,Earth,False,TRAPPIST-1e,35.0,False,False,False,False,False,False,True,F,1381.0,S
7194_01,Earth,False,TRAPPIST-1e,36.0,False,False,False,False,False,False,False,F,1382.0,S
7197_01,Mars,False,TRAPPIST-1e,51.0,False,False,False,False,False,False,False,F,1383.0,S
7199_01,Earth,False,TRAPPIST-1e,54.0,False,False,False,False,False,False,False,G,1174.0,S
7200_01,Europa,False,TRAPPIST-1e,37.0,False,False,False,False,False,False,True,C,264.0,S
7202_01,Earth,False,TRAPPIST-1e,37.0,False,False,False,False,False,False,False,E,462.0,P
7203_01,Earth,False,TRAPPIST-1e,24.0,False,False,False,False,False,False,True,E,463.0,P
7205_01,Mars,False,TRAPPIST-1e,27.0,False,False,False,False,False,False,False,F,1386.0,S
7206_01,Earth,False,TRAPPIST-1e,38.0,False,False,False,False,False,False,False,F,1387.0,S
7207_01,Earth,True,TRAPPIST-1e,28.0,False,False,False,False,False,False,True,G,1160.0,P
7208_01,Earth,False,TRAPPIST-1e,0.0,False,False,False,False,False,False,True,G,1161.0,P
7208_02,Earth,False,TRAPPIST-1e,16.0,False,False,False,False,False,False,False,F,1492.0,P
7210_01,Earth,False,TRAPPIST-1e,25.0,False,False,False,False,False,False,False,F,1493.0,P
7214_01,Earth,False,55 Cancri e,22.0,False,False,False,False,False,False,True,F,1389.0,S
7215_01,Mars,True,TRAPPIST-1e,24.0,False,False,False,False,False,False,True,F,1494.0,P
7216_01,Earth,False,PSO J318.5-22,37.0,False,False,False,False,False,False,True,E,464.0,P
7217_01,Mars,False,TRAPPIST-1e,21.0,False,False,False,False,False,False,True,F,1495.0,P
7218_01,Europa,False,TRAPPIST-1e,53.0,False,False,False,False,False,False,True,B,271.0,S
7219_01,Europa,False,TRAPPIST-1e,0.0,False,False,False,False,False,False,True,C,235.0,P
7219_02,Europa,True,TRAPPIST-1e,2.0,False,False,False,False,False,False,False,C,235.0,P
7219_03,Europa,True,TRAPPIST-1e,64.0,False,False,False,False,False,False,True,C,235.0,P
7219_04,Europa,False,TRAPPIST-1e,24.0,False,False,False,False,False,False,False,F,427.0,S
7219_05,Europa,True,TRAPPIST-1e,40.0,False,False,False,False,False,False,True,C,235.0,P
7219_06,Europa,False,TRAPPIST-1e,32.0,False,False,False,False,False,False,False,C,235.0,P
7221_01,Europa,False,55 Cancri e,54.0,True,True,True,True,True,True,False,B,239.0,P
7224_01,Earth,True,TRAPPIST-1e,30.0,False,False,False,False,False,False,True,G,1175.0,S
7225_01,Europa,False,55 Cancri e,37.0,False,False,False,False,False,False,False,A,77.0,P
7226_01,Mars,False,TRAPPIST-1e,20.0,False,False,False,False,False,False,False,E,481.0,S
7227_01,Mars,False,TRAPPIST-1e,22.0,False,False,False,False,False,False,False,F,1497.0,P
7229_01,Earth,False,PSO J318.5-22,57.0,False,False,False,False,False,False,False,F,1391.0,S
7230_01,Earth,True,TRAPPIST-1e,34.0,False,False,False,False,False,False,True,G,1177.0,S
7232_01,Europa,False,TRAPPIST-1e,51.0,False,False,False,False,False,False,False,B,240.0,P
7233_01,Mars,True,TRAPPIST-1e,47.0,False,False,False,False,False,False,False,E,465.0,P
7234_01,Earth,False,TRAPPIST-1e,22.0,False,False,False,False,False,False,False,G,1163.0,P
7235_01,Europa,False,TRAPPIST-1e,36.0,False,False,False,False,False,False,False,B,241.0,P
7236_01,Earth,True,TRAPPIST-1e,16.0,False,False,False,False,False,False,True,F,427.0,S
7238_01,Mars,False,TRAPPIST-1e,60.0,False,False,False,False,False,False,False,F,1499.0,P
7240_01,Mars,False,TRAPPIST-1e,39.0,False,False,False,False,False,False,True,F,1392.0,S
7240_02,Mars,False,TRAPPIST-1e,18.0,False,False,False,False,False,False,True,F,1392.0,S
7242_01,Europa,True,55 Cancri e,30.0,False,False,False,False,False,False,True,B,273.0,S
7246_01,Mars,False,TRAPPIST-1e,45.0,False,False,False,False,False,False,False,F,1395.0,S
7247_01,Earth,False,TRAPPIST-1e,30.0,False,False,False,False,False,False,False,F,1396.0,S
7249_01,Earth,False,TRAPPIST-1e,21.0,False,False,False,False,False,False,False,E,482.0,S
7249_02,Mars,False,TRAPPIST-1e,0.0,False,False,False,False,False,False,True,F,1397.0,S
7250_01,Mars,False,55 Cancri e,51.0,False,False,False,False,False,False,True,F,1501.0,P
7252_01,Mars,False,TRAPPIST-1e,22.0,False,False,False,False,False,False,False,E,466.0,P
7253_01,Europa,False,TRAPPIST-1e,26.0,False,False,False,False,False,False,True,D,225.0,P
7255_01,Earth,False,TRAPPIST-1e,10.0,False,False,False,False,False,False,False,G,1166.0,P
7256_01,Earth,False,TRAPPIST-1e,21.0,False,False,False,False,False,False,False,E,484.0,S
7257_01,Earth,True,55 Cancri e,14.0,False,False,False,False,False,False,True,G,1167.0,P
7257_02,Earth,False,TRAPPIST-1e,27.0,False,False,False,False,False,False,False,E,467.0,P
7258_01,Earth,False,TRAPPIST-1e,43.0,False,False,False,False,False,False,True,F,1502.0,P
7259_01,Earth,False,PSO J318.5-22,22.0,False,False,False,False,False,False,True,F,1503.0,P
7260_01,Earth,False,TRAPPIST-1e,22.0,False,False,False,False,False,False,False,F,1398.0,S
7261_01,Earth,True,PSO J318.5-22,23.0,False,False,False,False,False,False,True,G,1168.0,P
7267_01,Europa,True,TRAPPIST-1e,25.0,False,False,False,False,False,False,True,C,265.0,S
7267_02,Europa,False,TRAPPIST-1e,35.0,False,False,False,False,False,False,True,C,265.0,S
7268_01,Earth,False,TRAPPIST-1e,30.0,False,False,False,False,False,False,False,E,468.0,P
7270_01,Earth,True,TRAPPIST-1e,37.0,False,False,False,False,False,False,True,G,1170.0,P
7271_01,Earth,False,55 Cancri e,21.0,False,False,False,False,False,False,False,G,1171.0,P
7273_01,Earth,False,55 Cancri e,36.0,False,False,False,False,False,False,True,G,1183.0,S
7274_01,Earth,False,TRAPPIST-1e,13.0,False,False,False,False,False,False,False,F,1506.0,P
7276_01,Earth,False,55 Cancri e,22.0,False,False,False,False,False,False,False,F,1507.0,P
7277_01,Earth,True,TRAPPIST-1e,36.0,False,False,False,False,False,False,True,G,1184.0,S
7278_01,Earth,False,TRAPPIST-1e,17.0,False,False,False,False,False,False,True,E,485.0,S
7279_01,Europa,True,55 Cancri e,38.0,False,False,False,False,False,False,True,C,236.0,P
7280_01,Mars,False,TRAPPIST-1e,34.0,False,False,False,False,False,False,False,F,1508.0,P
7283_01,Mars,False,TRAPPIST-1e,20.0,False,False,False,False,False,False,True,F,1509.0,P
7284_01,Earth,False,TRAPPIST-1e,17.0,False,False,False,False,False,False,False,G,1174.0,P
7285_01,Earth,True,PSO J318.5-22,36.0,False,False,False,False,False,False,True,G,1185.0,S
7289_01,Europa,False,55 Cancri e,52.0,False,False,False,False,False,False,True,A,78.0,P
7290_01,Europa,True,55 Cancri e,32.0,False,False,False,False,False,False,True,D,227.0,P
7290_02,Europa,True,55 Cancri e,35.0,False,False,False,False,False,False,True,D,227.0,P
7290_03,Europa,True,55 Cancri e,27.0,False,False,False,False,False,False,True,D,227.0,P
7290_04,Europa,False,TRAPPIST-1e,36.0,False,False,False,False,False,False,False,D,227.0,P
7290_05,Europa,False,TRAPPIST-1e,36.0,False,False,False,False,False,False,False,D,227.0,P
7292_01,Mars,False,55 Cancri e,21.0,False,False,False,False,False,False,False,D,220.0,S
7296_01,Mars,False,TRAPPIST-1e,33.0,False,False,False,False,False,False,False,D,228.0,P
7297_01,Earth,False,TRAPPIST-1e,40.0,False,False,False,False,False,False,False,G,1188.0,S
7298_01,Earth,False,TRAPPIST-1e,24.0,False,False,False,False,False,False,True,F,1510.0,P
7300_01,Earth,False,TRAPPIST-1e,35.0,False,False,False,False,False,False,True,G,1189.0,S
7301_01,Mars,True,TRAPPIST-1e,29.0,False,False,False,False,False,False,True,F,1511.0,P
7302_01,Mars,False,TRAPPIST-1e,33.0,False,False,False,False,False,False,False,E,486.0,S
7303_01,Earth,False,TRAPPIST-1e,51.0,False,False,False,False,False,False,False,E,487.0,S
7304_01,Mars,True,TRAPPIST-1e,10.0,False,False,False,False,False,False,True,F,1512.0,P
7305_01,Earth,True,TRAPPIST-1e,41.0,False,False,False,False,False,False,True,G,1190.0,S
7306_01,Earth,False,55 Cancri e,26.0,False,False,False,False,False,False,True,E,471.0,P
7307_01,Earth,False,TRAPPIST-1e,39.0,False,False,False,False,False,False,False,F,1405.0,S
7309_01,Mars,False,TRAPPIST-1e,14.0,False,False,False,False,False,False,False,F,1513.0,P
7310_01,Mars,False,TRAPPIST-1e,28.0,False,False,False,False,False,False,False,D,229.0,P
7311_01,Earth,False,TRAPPIST-1e,18.0,False,False,False,False,False,False,False,F,1514.0,P
7313_01,Mars,False,TRAPPIST-1e,41.0,False,False,False,False,False,False,False,D,231.0,P
7314_01,Europa,False,TRAPPIST-1e,33.0,False,False,False,False,False,False,True,C,237.0,P
7320_01,Earth,False,TRAPPIST-1e,26.0,False,False,False,False,False,False,False,F,1517.0,P
7321_01,Mars,True,TRAPPIST-1e,31.0,False,False,False,False,False,False,True,F,1518.0,P
7322_01,Earth,False,TRAPPIST-1e,63.0,False,False,False,False,False,False,False,F,1408.0,S
7323_01,Earth,False,TRAPPIST-1e,30.0,False,False,False,False,False,False,False,F,1409.0,S
7324_01,Europa,False,TRAPPIST-1e,27.0,False,False,False,False,False,False,True,C,238.0,P
7326_01,Earth,False,TRAPPIST-1e,47.0,False,False,False,False,False,False,False,F,1519.0,P
7327_01,Mars,False,TRAPPIST-1e,37.0,False,False,False,False,False,False,True,F,1520.0,P
7328_01,Earth,False,TRAPPIST-1e,14.0,False,False,False,False,False,False,False,F,1410.0,S
7330_01,Earth,False,TRAPPIST-1e,27.0,False,False,False,False,False,False,False,C,268.0,S
7331_01,Mars,False,TRAPPIST-1e,61.0,False,False,False,False,False,False,False,D,232.0,P
7332_01,Earth,False,TRAPPIST-1e,39.0,False,False,False,False,False,False,False,E,488.0,S
7334_01,Earth,False,TRAPPIST-1e,22.0,False,False,False,False,False,False,False,E,490.0,S
7336_01,Earth,False,TRAPPIST-1e,30.0,False,False,False,False,False,False,False,F,1411.0,S
7336_02,Earth,False,TRAPPIST-1e,26.0,False,False,False,False,False,False,False,F,1411.0,S
7337_01,Europa,False,TRAPPIST-1e,25.0,False,False,False,False,False,False,False,A,89.0,S
7338_01,Mars,False,TRAPPIST-1e,42.0,False,False,False,False,False,False,False,D,233.0,P
7339_01,Europa,False,TRAPPIST-1e,33.0,False,False,False,False,False,False,False,E,474.0,P
7340_01,Europa,False,TRAPPIST-1e,60.0,False,False,False,False,False,False,False,E,475.0,P
7341_01,Earth,True,55 Cancri e,16.0,False,False,False,False,False,False,True,G,1191.0,S
7342_01,Earth,False,TRAPPIST-1e,50.0,False,False,False,False,False,False,True,G,1178.0,P
7343_01,Earth,False,TRAPPIST-1e,22.0,False,False,False,False,False,False,False,F,1412.0,S
7344_01,Earth,False,PSO J318.5-22,15.0,False,False,False,False,False,False,False,F,1413.0,S
7346_01,Mars,False,TRAPPIST-1e,27.0,False,False,False,False,False,False,False,E,476.0,P
7347_01,Earth,False,55 Cancri e,58.0,False,False,False,False,False,False,False,G,1179.0,P
7350_01,Earth,True,TRAPPIST-1e,48.0,False,False,False,False,False,False,True,G,1192.0,S
7351_01,Europa,True,55 Cancri e,36.0,False,False,False,False,False,False,True,D,221.0,S
7353_01,Europa,False,TRAPPIST-1e,60.0,False,False,False,False,False,False,False,C,269.0,S
7353_02,Europa,True,TRAPPIST-1e,46.0,False,False,False,False,False,False,True,C,269.0,S
7353_03,Europa,False,TRAPPIST-1e,58.0,False,False,False,False,False,False,True,F,427.0,S
7356_01,Earth,True,TRAPPIST-1e,40.0,False,False,False,False,False,False,False,G,1181.0,P
7356_02,Earth,True,TRAPPIST-1e,3.0,False,False,False,False,False,False,True,G,1181.0,P
7358_01,Earth,False,55 Cancri e,23.0,False,False,False,False,False,False,False,F,1522.0,P
7359_01,Earth,False,PSO J318.5-22,21.0,False,False,False,False,False,False,True,E,492.0,S
7360_01,Earth,True,55 Cancri e,29.0,False,False,False,False,False,False,True,G,1194.0,S
7361_01,Europa,True,55 Cancri e,23.0,False,False,False,False,False,False,True,C,239.0,P
7361_02,Europa,True,55 Cancri e,41.0,False,False,False,False,False,False,True,C,239.0,P
7365_01,Earth,False,TRAPPIST-1e,20.0,False,False,False,False,False,False,False,G,1183.0,P
7366_01,Earth,False,TRAPPIST-1e,24.0,False,False,False,False,False,False,False,G,1184.0,P
7367_01,Mars,False,TRAPPIST-1e,21.0,False,False,False,False,False,False,False,D,234.0,P
7367_02,Mars,False,TRAPPIST-1e,55.0,False,False,False,False,False,False,False,F,1523.0,P
7370_01,Earth,False,TRAPPIST-1e,21.0,False,False,False,False,False,False,False,F,1525.0,P
7371_01,Earth,True,55 Cancri e,42.0,False,False,False,False,False,False,True,G,1185.0,P
7372_01,Earth,False,TRAPPIST-1e,40.0,False,False,False,False,False,False,False,F,1526.0,P
7374_01,Mars,True,TRAPPIST-1e,30.0,False,False,False,False,False,False,True,F,1527.0,P
7376_01,Europa,True,TRAPPIST-1e,26.0,False,False,False,False,False,False,True,E,477.0,P
7377_01,Earth,True,PSO J318.5-22,43.0,False,False,False,False,False,False,False,G,1186.0,P
7379_01,Earth,False,TRAPPIST-1e,20.0,False,False,False,False,False,False,False,F,1416.0,S
7385_01,Earth,False,PSO J318.5-22,19.0,False,False,False,False,False,False,False,F,1417.0,S
7387_01,Europa,False,TRAPPIST-1e,40.0,False,False,False,False,False,False,True,C,240.0,P
7388_01,Earth,True,PSO J318.5-22,17.0,False,False,False,False,False,False,True,G,1198.0,S
7390_01,Earth,False,TRAPPIST-1e,62.0,False,False,False,False,False,False,False,G,1190.0,P
7391_01,Earth,True,TRAPPIST-1e,32.0,False,False,False,False,False,False,False,G,1191.0,P
7392_01,Earth,True,TRAPPIST-1e,37.0,False,False,False,False,False,False,False,G,1192.0,P
7393_01,Earth,False,TRAPPIST-1e,40.0,False,False,False,False,False,False,False,E,478.0,P
7394_01,Earth,False,55 Cancri e,25.0,False,False,False,False,False,False,False,G,1193.0,P
7395_01,Europa,True,55 Cancri e,17.0,False,False,False,False,False,False,True,B,277.0,S
7395_02,Europa,True,TRAPPIST-1e,46.0,False,False,False,False,False,False,True,B,277.0,S
7395_03,Europa,False,TRAPPIST-1e,38.0,False,False,False,False,False,False,False,B,277.0,S
7395_04,Europa,False,55 Cancri e,43.0,True,True,True,True,True,True,False,B,277.0,S
7396_01,Europa,False,55 Cancri e,28.0,False,False,False,False,False,False,True,C,271.0,S
7396_02,Europa,True,TRAPPIST-1e,31.0,True,True,True,True,True,True,True,C,271.0,S
7396_03,Europa,True,PSO J318.5-22,35.0,False,False,False,False,False,False,True,C,271.0,S
7398_01,Earth,False,TRAPPIST-1e,19.0,False,False,False,False,False,False,True,F,1531.0,P
7399_01,Earth,False,TRAPPIST-1e,24.0,False,False,False,False,False,False,False,F,1418.0,S
7401_01,Mars,False,55 Cancri e,20.0,False,False,False,False,False,False,False,E,479.0,P
7402_01,Europa,False,TRAPPIST-1e,16.0,False,False,False,False,False,False,True,C,272.0,S
7402_02,Europa,True,55 Cancri e,45.0,False,False,False,False,False,False,True,C,272.0,S
7403_01,Earth,False,TRAPPIST-1e,19.0,False,False,False,False,False,False,False,G,1194.0,P
7405_01,Earth,False,TRAPPIST-1e,23.0,False,False,False,False,False,False,True,F,1419.0,S
7406_01,Earth,False,TRAPPIST-1e,19.0,False,False,False,False,False,False,False,G,1195.0,P
7408_01,Mars,False,TRAPPIST-1e,32.0,False,False,False,False,False,False,False,F,1420.0,S
7410_01,Earth,False,TRAPPIST-1e,41.0,False,False,False,False,False,False,True,G,1201.0,S
7411_01,Earth,False,TRAPPIST-1e,30.0,False,False,False,False,False,False,False,F,1533.0,P
7416_01,Europa,False,55 Cancri e,41.0,False,False,False,False,False,False,False,B,278.0,S
7418_01,Mars,False,TRAPPIST-1e,7.0,False,False,False,False,False,False,True,F,1534.0,P
7419_01,Earth,False,TRAPPIST-1e,39.0,False,False,False,False,False,False,True,G,1197.0,P
7419_02,Earth,False,TRAPPIST-1e,47.0,False,False,False,False,False,False,True,F,1535.0,P
7422_01,Earth,False,TRAPPIST-1e,21.0,False,False,False,False,False,False,False,G,1204.0,S
7425_01,Earth,True,TRAPPIST-1e,29.0,False,False,False,False,False,False,True,G,1200.0,P
7425_02,Earth,False,TRAPPIST-1e,19.0,False,False,False,False,False,False,False,G,1200.0,P
7427_01,Mars,False,TRAPPIST-1e,50.0,False,False,False,False,False,False,True,F,1423.0,S
7428_01,Europa,False,TRAPPIST-1e,28.0,False,False,False,False,False,False,False,A,79.0,P
7429_01,Mars,False,TRAPPIST-1e,38.0,False,False,False,False,False,False,False,F,427.0,S
7430_01,Earth,False,PSO J318.5-22,24.0,False,False,False,False,False,False,False,G,1205.0,S
7431_01,Europa,False,55 Cancri e,31.0,False,False,False,False,False,False,False,A,90.0,S
7432_01,Europa,True,TRAPPIST-1e,38.0,False,False,False,False,False,False,True,E,481.0,P
7435_01,Europa,True,55 Cancri e,26.0,False,False,False,False,False,False,True,B,244.0,P
7436_01,Earth,False,TRAPPIST-1e,28.0,False,False,False,False,False,False,False,G,1202.0,P
7437_01,Europa,True,55 Cancri e,45.0,False,False,False,False,False,False,True,B,279.0,S
7437_02,Europa,True,TRAPPIST-1e,47.0,False,False,False,False,False,False,True,B,279.0,S
7437_03,Europa,True,TRAPPIST-1e,60.0,False,False,False,False,False,False,True,B,279.0,S
7438_01,Earth,False,55 Cancri e,42.0,False,False,False,False,False,False,True,E,483.0,P
7442_01,Earth,False,TRAPPIST-1e,43.0,False,False,False,False,False,False,False,E,495.0,S
7442_02,Earth,True,PSO J318.5-22,17.0,False,False,False,False,False,False,False,F,427.0,S
7444_01,Earth,True,TRAPPIST-1e,17.0,False,False,False,False,False,False,False,G,1203.0,P
7445_01,Earth,True,TRAPPIST-1e,20.0,False,False,False,False,False,False,False,G,1208.0,S
7446_01,Earth,False,TRAPPIST-1e,18.0,False,False,False,False,False,False,False,G,1204.0,P
7447_01,Mars,False,TRAPPIST-1e,24.0,False,False,False,False,False,False,False,F,1539.0,P
7448_01,Earth,False,55 Cancri e,25.0,False,False,False,False,False,False,False,F,1540.0,P
7449_01,Earth,False,PSO J318.5-22,20.0,False,False,False,False,False,False,False,F,1541.0,P
7450_01,Earth,False,TRAPPIST-1e,23.0,False,False,False,False,False,False,False,G,1205.0,P
7452_01,Europa,True,TRAPPIST-1e,48.0,False,False,False,False,False,False,True,B,281.0,S
7452_02,Europa,False,55 Cancri e,26.0,False,False,False,False,False,False,True,B,281.0,S
7452_03,Europa,True,55 Cancri e,36.0,False,False,False,False,False,False,True,B,281.0,S
7453_01,Europa,True,55 Cancri e,27.0,False,False,False,False,False,False,True,C,275.0,S
7455_01,Europa,False,55 Cancri e,41.0,False,False,False,False,False,False,True,A,80.0,P
7456_01,Earth,True,TRAPPIST-1e,21.0,False,False,False,False,False,False,True,G,1210.0,S
7457_01,Mars,False,TRAPPIST-1e,71.0,False,False,False,False,False,False,False,E,496.0,S
7458_01,Earth,True,TRAPPIST-1e,64.0,False,False,False,False,False,False,False,G,1211.0,S
7459_01,Europa,False,TRAPPIST-1e,33.0,False,False,False,False,False,False,False,B,282.0,S
7460_01,Earth,False,55 Cancri e,24.0,False,False,False,False,False,False,True,F,1543.0,P
7461_01,Europa,True,TRAPPIST-1e,35.0,False,False,False,False,False,False,True,D,223.0,S
7462_01,Earth,True,PSO J318.5-22,13.0,False,False,False,False,False,False,True,G,1206.0,P
7464_01,Earth,True,TRAPPIST-1e,11.0,False,False,False,False,False,False,True,G,1207.0,P
7472_01,Mars,True,TRAPPIST-1e,27.0,False,False,False,False,False,False,True,F,1426.0,S
7475_01,Mars,True,TRAPPIST-1e,43.0,False,False,False,False,False,False,True,F,1545.0,P
7475_02,Mars,True,TRAPPIST-1e,36.0,False,False,False,False,False,False,True,F,1545.0,P
7477_01,Earth,False,PSO J318.5-22,22.0,False,False,False,False,False,False,False,F,1546.0,P
7478_01,Europa,False,TRAPPIST-1e,56.0,False,False,False,False,False,False,True,C,276.0,S
7479_01,Mars,True,TRAPPIST-1e,34.0,False,False,False,False,False,False,True,F,1429.0,S
7481_01,Earth,False,TRAPPIST-1e,46.0,False,False,False,False,False,False,False,G,1215.0,S
7483_01,Mars,False,PSO J318.5-22,43.0,False,False,False,False,False,False,True,E,485.0,P
7484_01,Earth,False,55 Cancri e,25.0,False,False,False,False,False,False,True,G,1209.0,P
7485_01,Europa,False,TRAPPIST-1e,26.0,False,False,False,False,False,False,False,F,427.0,S
7486_01,Earth,False,55 Cancri e,14.0,False,False,False,False,False,False,False,G,1210.0,P
7487_01,Earth,False,TRAPPIST-1e,63.0,False,False,False,False,False,False,True,G,1216.0,S
7488_01,Mars,False,TRAPPIST-1e,29.0,False,False,False,False,False,False,False,E,486.0,P
7488_02,Mars,True,PSO J318.5-22,45.0,False,False,False,False,False,False,True,E,486.0,P
7490_01,Earth,True,TRAPPIST-1e,15.0,False,False,False,False,False,False,True,G,1217.0,S
7492_01,Mars,False,TRAPPIST-1e,19.0,False,False,False,False,False,False,True,D,224.0,S
7494_01,Earth,False,TRAPPIST-1e,53.0,False,False,False,False,False,False,False,E,487.0,P
7495_01,Mars,False,TRAPPIST-1e,45.0,False,False,False,False,False,False,False,F,1431.0,S
7496_01,Europa,False,55 Cancri e,41.0,False,False,False,False,False,False,True,C,278.0,S
7498_01,Mars,False,TRAPPIST-1e,68.0,True,True,True,True,True,True,False,F,1550.0,P
7498_02,Mars,True,TRAPPIST-1e,5.0,False,False,False,False,False,False,True,F,1550.0,P
7498_03,Mars,False,TRAPPIST-1e,27.0,True,True,True,True,True,True,True,F,1550.0,P
7499_01,Earth,False,55 Cancri e,20.0,False,False,False,False,False,False,True,F,1551.0,P
7500_01,Earth,False,TRAPPIST-1e,54.0,True,True,True,True,True,True,False,F,1432.0,S
7501_01,Earth,False,TRAPPIST-1e,18.0,False,False,False,False,False,False,False,F,1433.0,S
7502_01,Europa,False,55 Cancri e,45.0,False,False,False,False,False,False,True,C,241.0,P
7503_01,Europa,True,TRAPPIST-1e,26.0,False,False,False,False,False,False,True,B,283.0,S
7503_02,Europa,False,TRAPPIST-1e,37.0,False,False,False,False,False,False,True,B,283.0,S
7504_01,Earth,False,TRAPPIST-1e,30.0,False,False,False,False,False,False,False,F,1552.0,P
7505_01,Mars,False,TRAPPIST-1e,51.0,True,True,True,True,True,True,False,F,1553.0,P
7505_02,Mars,True,TRAPPIST-1e,3.0,False,False,False,False,False,False,True,F,1553.0,P
7505_03,Mars,True,TRAPPIST-1e,3.0,False,False,False,False,False,False,True,F,1553.0,P
7506_01,Earth,False,TRAPPIST-1e,19.0,False,False,False,False,False,False,False,F,1554.0,P
7507_01,Earth,False,TRAPPIST-1e,19.0,False,False,False,False,False,False,False,E,499.0,S
7507_02,Earth,False,TRAPPIST-1e,6.0,False,False,False,False,False,False,True,E,499.0,S
7507_03,Earth,False,55 Cancri e,4.0,False,False,False,False,False,False,True,E,499.0,S
7508_01,Europa,False,TRAPPIST-1e,23.0,False,False,False,False,False,False,False,B,284.0,S
7509_01,Earth,False,TRAPPIST-1e,37.0,False,False,False,False,False,False,False,F,1434.0,S
7510_01,Mars,False,55 Cancri e,18.0,False,False,False,False,False,False,False,F,1435.0,S
7512_01,Earth,False,PSO J318.5-22,29.0,False,False,False,False,False,False,False,F,1436.0,S
7513_01,Earth,False,TRAPPIST-1e,25.0,False,False,False,False,False,False,False,E,488.0,P
7514_01,Earth,False,TRAPPIST-1e,52.0,False,False,False,False,False,False,False,F,1555.0,P
7515_01,Mars,True,TRAPPIST-1e,24.0,False,False,False,False,False,False,False,F,1437.0,S
7515_02,Mars,False,TRAPPIST-1e,0.0,False,False,False,False,False,False,True,F,1437.0,S
7517_01,Earth,False,PSO J318.5-22,25.0,False,False,False,False,False,False,False,F,1557.0,P
7518_01,Europa,True,TRAPPIST-1e,26.0,False,False,False,False,False,False,True,B,246.0,P
7518_02,Europa,False,PSO J318.5-22,32.0,True,True,True,True,True,True,False,B,246.0,P
7520_01,Earth,False,TRAPPIST-1e,58.0,False,False,False,False,False,False,False,F,1559.0,P
7521_01,Earth,False,TRAPPIST-1e,44.0,False,False,False,False,False,False,False,F,1560.0,P
7522_01,Earth,False,TRAPPIST-1e,41.0,False,False,False,False,False,False,False,G,1214.0,P
7523_01,Earth,False,TRAPPIST-1e,24.0,False,False,False,False,False,False,True,G,1219.0,S
7524_01,Earth,True,TRAPPIST-1e,41.0,False,False,False,False,False,False,True,G,1215.0,P
7524_02,Earth,True,PSO J318.5-22,23.0,False,False,False,False,False,False,True,G,1215.0,P
7525_01,Europa,False,TRAPPIST-1e,27.0,False,False,False,False,False,False,False,C,279.0,S
7525_02,Europa,True,55 Cancri e,61.0,False,False,False,False,False,False,True,C,279.0,S
7527_01,Earth,False,TRAPPIST-1e,18.0,False,False,False,False,False,False,True,F,1561.0,P
7529_01,Earth,True,TRAPPIST-1e,18.0,False,False,False,False,False,False,True,G,1221.0,S
7531_01,Europa,True,TRAPPIST-1e,27.0,False,False,False,False,False,False,True,B,286.0,S
7531_02,Europa,True,55 Cancri e,15.0,False,False,False,False,False,False,True,B,286.0,S
7533_01,Earth,False,55 Cancri e,12.0,False,False,False,False,False,False,True,G,1223.0,S
7534_01,Earth,False,PSO J318.5-22,40.0,False,False,False,False,False,False,False,F,1439.0,S
7535_01,Earth,False,TRAPPIST-1e,19.0,False,False,False,False,False,False,True,F,1562.0,P
7536_01,Mars,True,TRAPPIST-1e,18.0,False,False,False,False,False,False,True,F,1440.0,S
7538_01,Europa,False,TRAPPIST-1e,48.0,True,True,True,True,True,True,False,A,81.0,P
7538_02,Europa,False,55 Cancri e,37.0,False,False,False,False,False,False,False,A,81.0,P
7542_01,Earth,False,TRAPPIST-1e,35.0,False,False,False,False,False,False,False,F,1442.0,S
7543_01,Earth,False,TRAPPIST-1e,29.0,False,False,False,False,False,False,False,F,1564.0,P
7544_01,Earth,False,TRAPPIST-1e,54.0,False,False,False,False,False,False,False,E,501.0,S
7545_01,Earth,True,TRAPPIST-1e,27.0,False,False,False,False,False,False,False,G,1225.0,S
7549_01,Earth,False,TRAPPIST-1e,22.0,False,False,False,False,False,False,True,E,489.0,P
7550_01,Earth,True,PSO J318.5-22,18.0,False,False,False,False,False,False,True,G,1216.0,P
7552_01,Earth,False,TRAPPIST-1e,26.0,False,False,False,False,False,False,True,E,490.0,P
7553_01,Earth,False,PSO J318.5-22,19.0,False,False,False,False,False,False,False,F,1444.0,S
7559_01,Earth,False,TRAPPIST-1e,22.0,False,False,False,False,False,False,False,F,1569.0,P
7560_01,Europa,False,TRAPPIST-1e,17.0,False,False,False,False,False,False,True,C,244.0,P
7561_01,Earth,False,TRAPPIST-1e,18.0,False,False,False,False,False,False,False,F,1445.0,S
7563_01,Mars,True,55 Cancri e,39.0,False,False,False,False,False,False,True,F,1570.0,P
7565_01,Europa,False,TRAPPIST-1e,37.0,False,False,False,False,False,False,True,B,247.0,P
7565_02,Europa,True,55 Cancri e,17.0,False,False,False,False,False,False,True,B,247.0,P
7565_03,Europa,False,55 Cancri e,25.0,False,False,False,False,False,False,False,B,247.0,P
7565_04,Europa,False,TRAPPIST-1e,9.0,False,False,False,False,False,False,True,B,247.0,P
7567_01,Earth,True,55 Cancri e,15.0,False,False,False,False,False,False,False,G,1227.0,S
7568_01,Earth,False,TRAPPIST-1e,19.0,False,False,False,False,False,False,False,F,1571.0,P
7569_01,Mars,False,TRAPPIST-1e,18.0,False,False,False,False,False,False,False,E,493.0,P
7569_02,Mars,False,TRAPPIST-1e,50.0,True,True,True,True,True,True,False,D,237.0,P
7572_01,Earth,True,TRAPPIST-1e,14.0,False,False,False,False,False,False,False,G,1228.0,S
7573_01,Earth,True,PSO J318.5-22,19.0,False,False,False,False,False,False,False,G,1217.0,P
7574_01,Europa,True,55 Cancri e,33.0,False,False,False,False,False,False,True,B,287.0,S
7576_01,Europa,False,TRAPPIST-1e,23.0,False,False,False,False,False,False,True,D,239.0,P
7576_02,Europa,False,TRAPPIST-1e,39.0,False,False,False,False,False,False,False,D,239.0,P
7577_01,Earth,False,PSO J318.5-22,14.0,False,False,False,False,False,False,False,E,502.0,S
7578_01,Earth,False,55 Cancri e,14.0,False,False,False,False,False,False,False,F,1572.0,P
7579_01,Earth,False,PSO J318.5-22,45.0,False,False,False,False,False,False,True,G,1229.0,S
7580_01,Earth,True,TRAPPIST-1e,22.0,False,False,False,False,False,False,True,G,1230.0,S
7583_01,Mars,False,TRAPPIST-1e,36.0,False,False,False,False,False,False,True,F,1574.0,P
7584_01,Europa,False,TRAPPIST-1e,19.0,False,False,False,False,False,False,True,B,288.0,S
7584_02,Europa,True,TRAPPIST-1e,59.0,False,False,False,False,False,False,True,B,288.0,S
7584_03,Earth,False,TRAPPIST-1e,31.0,False,False,False,False,False,False,False,B,288.0,S
7585_01,Europa,True,55 Cancri e,31.0,False,False,False,False,False,False,True,C,281.0,S
7585_02,Europa,False,TRAPPIST-1e,39.0,False,False,False,False,False,False,False,C,281.0,S
7585_03,Europa,False,TRAPPIST-1e,28.0,False,False,False,False,False,False,True,C,281.0,S
7585_04,Europa,True,TRAPPIST-1e,19.0,False,False,False,False,False,False,True,C,281.0,S
7586_01,Europa,False,TRAPPIST-1e,29.0,False,False,False,False,False,False,True,C,245.0,P
7588_01,Earth,True,55 Cancri e,0.0,False,False,False,False,False,False,True,G,1219.0,P
7588_02,Earth,False,55 Cancri e,15.0,False,False,False,False,False,False,True,G,1219.0,P
7592_01,Earth,False,TRAPPIST-1e,18.0,False,False,False,False,False,False,False,F,1450.0,S
7594_01,Europa,True,55 Cancri e,49.0,False,False,False,False,False,False,True,C,282.0,S
7595_01,Earth,False,TRAPPIST-1e,36.0,False,False,False,False,False,False,True,F,1451.0,S
7596_01,Europa,True,55 Cancri e,40.0,False,False,False,False,False,False,True,C,283.0,S
7596_02,Europa,True,TRAPPIST-1e,56.0,False,False,False,False,False,False,True,C,283.0,S
7598_01,Earth,True,PSO J318.5-22,67.0,False,False,False,False,False,False,True,G,1231.0,S
7599_01,Earth,False,TRAPPIST-1e,44.0,False,False,False,False,False,False,False,E,495.0,P
7601_01,Earth,False,TRAPPIST-1e,17.0,False,False,False,False,False,False,False,G,1232.0,S
7604_01,Mars,True,TRAPPIST-1e,27.0,False,False,False,False,False,False,True,F,1579.0,P
7604_02,Mars,False,TRAPPIST-1e,23.0,False,False,False,False,False,False,False,F,1579.0,P
7605_01,Mars,False,55 Cancri e,28.0,False,False,False,False,False,False,False,F,1452.0,S
7606_01,Mars,True,TRAPPIST-1e,54.0,False,False,False,False,False,False,True,F,1453.0,S
7608_01,Mars,True,TRAPPIST-1e,26.0,False,False,False,False,False,False,True,F,1454.0,S
7609_01,Europa,False,55 Cancri e,40.0,True,True,True,True,True,True,False,A,83.0,P
7609_02,Europa,True,TRAPPIST-1e,39.0,False,False,False,False,False,False,True,A,83.0,P
7614_01,Europa,True,55 Cancri e,40.0,False,False,False,False,False,False,True,C,246.0,P
7616_01,Earth,False,PSO J318.5-22,20.0,False,False,False,False,False,False,True,F,1457.0,S
7618_01,Earth,False,TRAPPIST-1e,18.0,False,False,False,False,False,False,True,G,1235.0,S
7620_01,Mars,False,TRAPPIST-1e,17.0,False,False,False,False,False,False,False,F,1583.0,P
7621_01,Europa,True,55 Cancri e,35.0,False,False,False,False,False,False,True,B,250.0,P
7622_01,Earth,False,TRAPPIST-1e,31.0,False,False,False,False,False,False,False,G,1237.0,S
7623_01,Earth,False,TRAPPIST-1e,40.0,False,False,False,False,False,False,False,G,1223.0,P
7624_01,Europa,True,PSO J318.5-22,50.0,False,False,False,False,False,False,True,C,284.0,S
7625_01,Earth,False,TRAPPIST-1e,21.0,False,False,False,False,False,False,False,F,1458.0,S
7626_01,Earth,False,TRAPPIST-1e,29.0,False,False,False,False,False,False,False,E,496.0,P
7627_01,Europa,False,55 Cancri e,63.0,False,False,False,False,False,False,True,A,92.0,S
7628_01,Mars,False,TRAPPIST-1e,19.0,False,False,False,False,False,False,True,F,1584.0,P
7628_02,Mars,False,TRAPPIST-1e,36.0,False,False,False,False,False,False,False,D,240.0,P
7630_01,Earth,False,55 Cancri e,48.0,False,False,False,False,False,False,False,F,1585.0,P
7631_01,Europa,False,TRAPPIST-1e,33.0,False,False,False,False,False,False,False,E,497.0,P
7632_01,Mars,False,TRAPPIST-1e,28.0,False,False,False,False,False,False,False,D,226.0,S
7633_01,Earth,False,TRAPPIST-1e,39.0,False,False,False,False,False,False,False,G,1224.0,P
7634_01,Earth,True,TRAPPIST-1e,27.0,False,False,False,False,False,False,True,G,1239.0,S
7635_01,Europa,True,55 Cancri e,58.0,False,False,False,False,False,False,True,B,289.0,S
7639_01,Europa,True,55 Cancri e,44.0,False,False,False,False,False,False,True,B,290.0,S
7640_01,Earth,True,TRAPPIST-1e,23.0,False,False,False,False,False,False,True,G,1226.0,P
7641_01,Earth,False,55 Cancri e,21.0,False,False,False,False,False,False,True,F,1586.0,P
7643_01,Europa,False,55 Cancri e,53.0,False,False,False,False,False,False,False,C,247.0,P
7643_02,Europa,True,TRAPPIST-1e,14.0,False,False,False,False,False,False,True,C,247.0,P
7644_01,Earth,True,PSO J318.5-22,17.0,False,False,False,False,False,False,True,G,1227.0,P
7646_01,Europa,False,55 Cancri e,25.0,False,False,False,False,False,False,True,C,285.0,S
7646_02,Europa,False,55 Cancri e,44.0,True,True,True,True,True,True,False,C,285.0,S
7646_03,Europa,False,55 Cancri e,24.0,False,False,False,False,False,False,True,C,285.0,S
7647_01,Earth,False,TRAPPIST-1e,24.0,False,False,False,False,False,False,False,G,1240.0,S
7649_01,Earth,True,TRAPPIST-1e,24.0,False,False,False,False,False,False,True,G,1241.0,S
7650_01,Earth,True,TRAPPIST-1e,0.0,False,False,False,False,False,False,True,G,1242.0,S
7650_02,Earth,True,55 Cancri e,7.0,False,False,False,False,False,False,False,G,1242.0,S
7650_03,Earth,True,PSO J318.5-22,3.0,False,False,False,False,False,False,True,G,1242.0,S
7650_04,Earth,False,TRAPPIST-1e,18.0,False,False,False,False,False,False,True,F,1461.0,S
7650_05,Earth,True,TRAPPIST-1e,4.0,False,False,False,False,False,False,False,G,1242.0,S
7652_01,Europa,True,55 Cancri e,40.0,False,False,False,False,False,False,True,B,292.0,S
7656_01,Earth,True,TRAPPIST-1e,16.0,False,False,False,False,False,False,False,G,1244.0,S
7660_01,Europa,True,55 Cancri e,25.0,False,False,False,False,False,False,True,B,294.0,S
7661_01,Earth,True,TRAPPIST-1e,10.0,False,False,False,False,False,False,True,G,1245.0,S
7665_01,Earth,True,TRAPPIST-1e,40.0,False,False,False,False,False,False,True,G,1229.0,P
7666_01,Mars,True,TRAPPIST-1e,19.0,False,False,False,False,False,False,True,F,1591.0,P
7667_01,Europa,True,55 Cancri e,15.0,False,False,False,False,False,False,True,B,251.0,P
7669_01,Earth,False,TRAPPIST-1e,24.0,False,False,False,False,False,False,False,G,1230.0,P
7670_01,Mars,True,TRAPPIST-1e,21.0,False,False,False,False,False,False,True,F,1465.0,S
7671_01,Earth,False,TRAPPIST-1e,29.0,False,False,False,False,False,False,False,F,1466.0,S
7676_01,Mars,False,TRAPPIST-1e,37.0,True,True,True,True,True,True,False,D,227.0,S
7677_01,Earth,True,PSO J318.5-22,49.0,False,False,False,False,False,False,False,G,1247.0,S
7678_01,Earth,False,TRAPPIST-1e,42.0,False,False,False,False,False,False,False,G,1231.0,P
7678_02,Earth,True,TRAPPIST-1e,54.0,False,False,False,False,False,False,True,G,1231.0,P
7679_01,Earth,True,TRAPPIST-1e,33.0,False,False,False,False,False,False,False,G,1232.0,P
7680_01,Europa,False,TRAPPIST-1e,27.0,False,False,False,False,False,False,False,C,250.0,P
7682_01,Earth,True,TRAPPIST-1e,53.0,False,False,False,False,False,False,False,G,1248.0,S
7683_01,Earth,False,TRAPPIST-1e,28.0,False,False,False,False,False,False,True,F,1467.0,S
7684_01,Europa,False,TRAPPIST-1e,24.0,False,False,False,False,False,False,True,C,286.0,S
7687_01,Earth,False,PSO J318.5-22,20.0,False,False,False,False,False,False,False,F,1596.0,P
7688_01,Earth,False,TRAPPIST-1e,0.0,False,False,False,False,False,False,False,G,1233.0,P
7689_01,Earth,False,TRAPPIST-1e,24.0,False,False,False,False,False,False,False,F,1597.0,P
7690_01,Earth,False,TRAPPIST-1e,28.0,False,False,False,False,False,False,True,G,1234.0,P
7691_01,Mars,True,TRAPPIST-1e,42.0,False,False,False,False,False,False,True,F,1598.0,P
7692_01,Europa,False,55 Cancri e,32.0,True,True,True,True,True,True,False,C,287.0,S
7693_01,Europa,False,TRAPPIST-1e,36.0,False,False,False,False,False,False,True,B,252.0,P
7693_02,Europa,False,TRAPPIST-1e,40.0,False,False,False,False,False,False,True,B,252.0,P
7694_01,Earth,False,TRAPPIST-1e,30.0,False,False,False,False,False,False,False,F,1599.0,P
7696_01,Mars,False,TRAPPIST-1e,34.0,False,False,False,False,False,False,False,E,499.0,P
7696_02,Mars,False,TRAPPIST-1e,37.0,False,False,False,False,False,False,False,F,1601.0,P
7697_01,Europa,False,TRAPPIST-1e,41.0,False,False,False,False,False,False,True,B,295.0,S
7697_02,Europa,True,55 Cancri e,25.0,False,False,False,False,False,False,True,B,295.0,S
7698_01,Mars,False,TRAPPIST-1e,39.0,False,False,False,False,False,False,True,F,1602.0,P
7699_01,Earth,False,55 Cancri e,0.0,False,False,False,False,False,False,True,G,1235.0,P
7700_01,Mars,False,TRAPPIST-1e,54.0,False,False,False,False,False,False,False,F,1603.0,P
7702_01,Earth,True,TRAPPIST-1e,16.0,False,False,False,False,False,False,False,G,1236.0,P
7703_01,Earth,False,TRAPPIST-1e,0.0,False,False,False,False,False,False,True,G,1251.0,S
7703_02,Earth,True,TRAPPIST-1e,13.0,False,False,False,False,False,False,True,G,1251.0,S
7705_01,Mars,False,TRAPPIST-1e,46.0,False,False,False,False,False,False,False,F,1470.0,S
7707_01,Earth,False,TRAPPIST-1e,23.0,False,False,False,False,False,False,False,G,1237.0,P
7708_01,Earth,False,TRAPPIST-1e,18.0,False,False,False,False,False,False,False,F,1471.0,S
7709_01,Earth,False,PSO J318.5-22,27.0,False,False,False,False,False,False,False,F,1604.0,P
7709_02,Earth,True,PSO J318.5-22,24.0,False,False,False,False,False,False,False,G,1238.0,P
7710_01,Europa,False,TRAPPIST-1e,27.0,False,False,False,False,False,False,True,B,253.0,P
7711_01,Earth,False,TRAPPIST-1e,24.0,False,False,False,False,False,False,False,D,241.0,P
7712_01,Europa,False,TRAPPIST-1e,25.0,True,True,True,True,True,True,True,A,93.0,S
7713_01,Europa,True,TRAPPIST-1e,30.0,False,False,False,False,False,False,True,B,296.0,S
7714_01,Earth,False,TRAPPIST-1e,19.0,False,False,False,False,False,False,False,G,1239.0,P
7715_01,Earth,False,55 Cancri e,18.0,False,False,False,False,False,False,False,F,1605.0,P
7716_01,Europa,True,55 Cancri e,49.0,False,False,False,False,False,False,True,E,500.0,P
7717_01,Earth,False,TRAPPIST-1e,64.0,False,False,False,False,False,False,False,G,1240.0,P
7719_01,Mars,True,TRAPPIST-1e,26.0,False,False,False,False,False,False,True,E,506.0,S
7720_01,Earth,False,55 Cancri e,53.0,False,False,False,False,False,False,False,F,1606.0,P
7721_01,Mars,False,TRAPPIST-1e,27.0,False,False,False,False,False,False,True,D,242.0,P
7723_01,Europa,True,TRAPPIST-1e,27.0,False,False,False,False,False,False,True,B,254.0,P
7724_01,Mars,False,TRAPPIST-1e,25.0,False,False,False,False,False,False,False,F,1472.0,S
7727_01,Earth,False,55 Cancri e,33.0,False,False,False,False,False,False,True,E,507.0,S
7728_01,Europa,False,TRAPPIST-1e,27.0,False,False,False,False,False,False,False,C,289.0,S
7729_01,Europa,True,55 Cancri e,20.0,False,False,False,False,False,False,True,C,251.0,P
7731_01,Europa,True,55 Cancri e,39.0,False,False,False,False,False,False,True,B,255.0,P
7736_01,Mars,False,TRAPPIST-1e,27.0,False,False,False,False,False,False,False,E,502.0,P
7738_01,Mars,True,TRAPPIST-1e,19.0,False,False,False,False,False,False,True,F,1476.0,S
7739_01,Earth,False,TRAPPIST-1e,22.0,False,False,False,False,False,False,False,F,1609.0,P
7741_01,Earth,False,TRAPPIST-1e,3.0,False,False,False,False,False,False,False,G,1252.0,S
7741_02,Earth,False,TRAPPIST-1e,24.0,False,False,False,False,False,False,False,E,508.0,S
7742_01,Mars,True,TRAPPIST-1e,41.0,False,False,False,False,False,False,True,F,1477.0,S
7742_02,Mars,True,TRAPPIST-1e,18.0,False,False,False,False,False,False,True,F,1477.0,S
7743_01,Earth,False,TRAPPIST-1e,63.0,False,False,False,False,False,False,False,G,1244.0,P
7744_01,Europa,False,TRAPPIST-1e,19.0,False,False,False,False,False,False,False,B,298.0,S
7744_02,Europa,True,TRAPPIST-1e,39.0,False,False,False,False,False,False,True,B,298.0,S
7746_01,Europa,True,55 Cancri e,27.0,False,False,False,False,False,False,True,F,427.0,S
7747_01,Mars,False,TRAPPIST-1e,41.0,False,False,False,False,False,False,False,F,1611.0,P
7748_01,Europa,False,TRAPPIST-1e,44.0,False,False,False,False,False,False,False,A,94.0,S
7748_02,Europa,False,TRAPPIST-1e,39.0,True,True,True,True,True,True,False,A,94.0,S
7749_01,Mars,True,55 Cancri e,29.0,False,False,False,False,False,False,True,D,244.0,P
7749_02,Mars,False,TRAPPIST-1e,37.0,False,False,False,False,False,False,False,D,244.0,P
7751_01,Europa,True,55 Cancri e,41.0,False,False,False,False,False,False,True,C,252.0,P
7752_01,Earth,False,PSO J318.5-22,18.0,False,False,False,False,False,False,False,F,1480.0,S
7753_01,Earth,True,55 Cancri e,27.0,False,False,False,False,False,False,False,G,1245.0,P
7754_01,Europa,False,55 Cancri e,55.0,False,False,False,False,False,False,True,B,299.0,S
7755_01,Earth,True,TRAPPIST-1e,21.0,False,False,False,False,False,False,True,E,503.0,P
7757_01,Europa,True,TRAPPIST-1e,28.0,False,False,False,False,False,False,True,B,300.0,S
7757_02,Europa,False,TRAPPIST-1e,43.0,False,False,False,False,False,False,True,B,300.0,S
7760_01,Earth,False,PSO J318.5-22,32.0,False,False,False,False,False,False,False,G,1253.0,S
7761_01,Earth,False,TRAPPIST-1e,23.0,False,False,False,False,False,False,True,F,1612.0,P
7761_02,Earth,True,55 Cancri e,5.0,False,False,False,False,False,False,True,G,1246.0,P
7763_01,Earth,False,55 Cancri e,14.0,False,False,False,False,False,False,False,G,1254.0,S
7764_01,Earth,False,TRAPPIST-1e,24.0,False,False,False,False,False,False,False,F,1613.0,P
7767_01,Earth,True,PSO J318.5-22,22.0,False,False,False,False,False,False,True,G,1257.0,S
7768_01,Earth,False,TRAPPIST-1e,14.0,False,False,False,False,False,False,True,F,1484.0,S
7769_01,Earth,False,TRAPPIST-1e,20.0,False,False,False,False,False,False,False,E,504.0,P
7770_01,Earth,False,TRAPPIST-1e,17.0,False,False,False,False,False,False,False,G,1258.0,S
7770_02,Earth,False,55 Cancri e,20.0,False,False,False,False,False,False,False,F,1485.0,S
7771_01,Earth,False,TRAPPIST-1e,22.0,False,False,False,False,False,False,True,G,1259.0,S
7773_01,Earth,True,TRAPPIST-1e,15.0,False,False,False,False,False,False,True,G,1248.0,P
7774_01,Mars,False,55 Cancri e,67.0,False,False,False,False,False,False,True,D,245.0,P
7775_01,Europa,False,55 Cancri e,28.0,False,False,False,False,False,False,False,C,253.0,P
7776_01,Europa,False,TRAPPIST-1e,57.0,False,False,False,False,False,False,False,D,246.0,P
7777_01,Earth,True,PSO J318.5-22,21.0,False,False,False,False,False,False,True,G,1249.0,P
7778_01,Mars,False,TRAPPIST-1e,34.0,False,False,False,False,False,False,False,F,1486.0,S
7778_02,Mars,True,TRAPPIST-1e,17.0,False,False,False,False,False,False,False,E,510.0,S
7780_01,Earth,False,55 Cancri e,33.0,False,False,False,False,False,False,True,F,1614.0,P
7782_01,Europa,False,55 Cancri e,33.0,False,False,False,False,False,False,False,C,291.0,S
7782_02,Europa,False,TRAPPIST-1e,28.0,False,False,False,False,False,False,False,C,291.0,S
7783_01,Mars,True,TRAPPIST-1e,18.0,False,False,False,False,False,False,True,F,1487.0,S
7784_01,Mars,True,TRAPPIST-1e,28.0,False,False,False,False,False,False,True,F,1615.0,P
7785_01,Earth,False,TRAPPIST-1e,13.0,False,False,False,False,False,False,False,G,1261.0,S
7786_01,Earth,False,TRAPPIST-1e,38.0,False,False,False,False,False,False,False,F,1616.0,P
7787_01,Europa,False,55 Cancri e,39.0,False,False,False,False,False,False,False,B,301.0,S
7787_02,Europa,True,TRAPPIST-1e,18.0,False,False,False,False,False,False,True,F,427.0,S
7788_01,Earth,False,PSO J318.5-22,43.0,False,False,False,False,False,False,False,F,1488.0,S
7789_01,Earth,False,TRAPPIST-1e,32.0,False,False,False,False,False,False,False,F,1489.0,S
7790_01,Earth,True,TRAPPIST-1e,29.0,False,False,False,False,False,False,False,F,1490.0,S
7790_02,Mars,False,55 Cancri e,45.0,False,False,False,False,False,False,False,F,1490.0,S
7790_03,Mars,True,TRAPPIST-1e,25.0,False,False,False,False,False,False,True,F,1490.0,S
7791_01,Earth,False,55 Cancri e,64.0,False,False,False,False,False,False,False,F,1491.0,S
7793_01,Earth,False,TRAPPIST-1e,18.0,False,False,False,False,False,False,False,F,1617.0,P
7797_01,Earth,False,TRAPPIST-1e,44.0,False,False,False,False,False,False,False,E,506.0,P
7800_01,Earth,True,TRAPPIST-1e,15.0,False,False,False,False,False,False,True,G,1251.0,P
7801_01,Earth,False,55 Cancri e,21.0,False,False,False,False,False,False,False,F,427.0,S
7802_01,Mars,False,TRAPPIST-1e,33.0,False,False,False,False,False,False,False,F,1620.0,P
7803_01,Earth,False,55 Cancri e,3.0,False,False,False,False,False,False,False,G,1253.0,P
7803_02,Earth,True,55 Cancri e,19.0,False,False,False,False,False,False,True,G,1253.0,P
7805_01,Earth,False,TRAPPIST-1e,37.0,False,False,False,False,False,False,False,G,1254.0,P
7806_01,Earth,False,55 Cancri e,24.0,False,False,False,False,False,False,False,F,1621.0,P
7808_01,Earth,False,TRAPPIST-1e,26.0,False,False,False,False,False,False,False,G,1256.0,P
7809_01,Mars,True,TRAPPIST-1e,26.0,False,False,False,False,False,False,True,F,1493.0,S
7809_02,Mars,True,TRAPPIST-1e,26.0,False,False,False,False,False,False,True,F,1493.0,S
7810_01,Earth,False,TRAPPIST-1e,22.0,False,False,False,False,False,False,False,F,1494.0,S
7812_01,Mars,False,TRAPPIST-1e,26.0,False,False,False,False,False,False,False,F,1495.0,S
7813_01,Earth,False,TRAPPIST-1e,27.0,False,False,False,False,False,False,False,F,1622.0,P
7815_01,Earth,False,PSO J318.5-22,27.0,False,False,False,False,False,False,True,F,1496.0,S
7816_01,Earth,False,PSO J318.5-22,37.0,False,False,False,False,False,False,True,F,1497.0,S
7818_01,Earth,True,TRAPPIST-1e,22.0,False,False,False,False,False,False,False,G,1257.0,P
7820_01,Earth,False,55 Cancri e,24.0,False,False,False,False,False,False,True,G,1258.0,P
7821_01,Earth,False,TRAPPIST-1e,23.0,False,False,False,False,False,False,False,G,1264.0,S
7824_01,Earth,False,PSO J318.5-22,18.0,False,False,False,False,False,False,False,F,1624.0,P
7828_01,Earth,True,TRAPPIST-1e,28.0,False,False,False,False,False,False,False,G,1266.0,S
7829_01,Earth,True,TRAPPIST-1e,4.0,False,False,False,False,False,False,True,G,1267.0,S
7830_01,Earth,True,PSO J318.5-22,23.0,False,False,False,False,False,False,True,G,1268.0,S
7830_02,Earth,True,PSO J318.5-22,2.0,False,False,False,False,False,False,True,G,1268.0,S
7830_03,Earth,False,TRAPPIST-1e,46.0,False,False,False,False,False,False,False,G,1268.0,S
7830_04,Earth,False,TRAPPIST-1e,0.0,False,False,False,False,False,False,False,G,1268.0,S
7831_01,Mars,False,TRAPPIST-1e,16.0,False,False,False,False,False,False,False,F,1626.0,P
7832_01,Mars,False,TRAPPIST-1e,19.0,False,False,False,False,False,False,False,D,228.0,S
7833_01,Europa,False,55 Cancri e,34.0,False,False,False,False,False,False,False,B,305.0,S
7833_02,Europa,False,TRAPPIST-1e,34.0,False,False,False,False,False,False,True,B,305.0,S
7834_01,Earth,False,TRAPPIST-1e,24.0,False,False,False,False,False,False,False,G,1269.0,S
7835_01,Earth,True,PSO J318.5-22,28.0,False,False,False,False,False,False,False,G,1270.0,S
7837_01,Europa,True,55 Cancri e,44.0,False,False,False,False,False,False,True,B,306.0,S
7837_02,Europa,True,TRAPPIST-1e,35.0,False,False,False,False,False,False,True,B,306.0,S
7839_01,Earth,False,TRAPPIST-1e,20.0,False,False,False,False,False,False,False,G,1259.0,P
7840_01,Earth,False,PSO J318.5-22,18.0,False,False,False,False,False,False,False,F,1500.0,S
7841_01,Earth,False,PSO J318.5-22,43.0,False,False,False,False,False,False,False,G,1260.0,P
7841_02,Earth,False,PSO J318.5-22,48.0,False,False,False,False,False,False,False,F,1627.0,P
7842_01,Mars,False,TRAPPIST-1e,46.0,False,False,False,False,False,False,True,E,513.0,S
7843_01,Mars,True,TRAPPIST-1e,75.0,False,False,False,False,False,False,True,F,427.0,S
7845_01,Europa,True,55 Cancri e,24.0,False,False,False,False,False,False,True,B,307.0,S
7847_01,Earth,False,TRAPPIST-1e,34.0,False,False,False,False,False,False,False,G,1261.0,P
7848_01,Mars,False,TRAPPIST-1e,29.0,False,False,False,False,False,False,False,F,427.0,S
7848_02,Mars,True,TRAPPIST-1e,46.0,False,False,False,False,False,False,True,F,1501.0,S
7849_01,Earth,False,TRAPPIST-1e,22.0,False,False,False,False,False,False,False,G,1271.0,S
7850_01,Mars,True,TRAPPIST-1e,42.0,False,False,False,False,False,False,False,E,514.0,S
7851_01,Mars,True,TRAPPIST-1e,46.0,False,False,False,False,False,False,True,F,1629.0,P
7852_01,Earth,False,TRAPPIST-1e,15.0,False,False,False,False,False,False,False,E,508.0,P
7853_01,Earth,False,TRAPPIST-1e,42.0,False,False,False,False,False,False,False,F,1502.0,S
7853_02,Mars,False,TRAPPIST-1e,31.0,False,False,False,False,False,False,False,E,515.0,S
7853_03,Mars,True,TRAPPIST-1e,9.0,False,False,False,False,False,False,True,F,1502.0,S
7856_01,Earth,False,TRAPPIST-1e,34.0,False,False,False,False,False,False,False,F,1503.0,S
7858_01,Earth,False,TRAPPIST-1e,21.0,False,False,False,False,False,False,False,G,1264.0,P
7858_02,Earth,False,55 Cancri e,16.0,False,False,False,False,False,False,False,F,1630.0,P
7858_03,Earth,False,TRAPPIST-1e,40.0,False,False,False,False,False,False,False,F,1630.0,P
7859_01,Earth,False,TRAPPIST-1e,23.0,False,False,False,False,False,False,True,F,1504.0,S
7861_01,Earth,True,TRAPPIST-1e,6.0,False,False,False,False,False,False,False,G,1265.0,P
7863_01,Earth,False,TRAPPIST-1e,17.0,False,False,False,False,False,False,True,F,1505.0,S
7864_01,Earth,False,55 Cancri e,37.0,False,False,False,False,False,False,True,F,1506.0,S
7865_01,Europa,True,PSO J318.5-22,30.0,False,False,False,False,False,False,True,C,293.0,S
7865_02,Europa,True,TRAPPIST-1e,32.0,False,False,False,False,False,False,True,C,293.0,S
7865_03,Europa,True,55 Cancri e,41.0,False,False,False,False,False,False,True,C,293.0,S
7866_01,Europa,False,55 Cancri e,43.0,False,False,False,False,False,False,False,C,255.0,P
7868_01,Earth,False,55 Cancri e,17.0,False,False,False,False,False,False,False,E,517.0,S
7870_01,Europa,True,TRAPPIST-1e,37.0,False,False,False,False,False,False,True,B,257.0,P
7871_01,Earth,True,TRAPPIST-1e,18.0,False,False,False,False,False,False,True,F,427.0,S
7872_01,Earth,False,TRAPPIST-1e,1.0,False,False,False,False,False,False,False,G,1267.0,P
7872_02,Earth,False,TRAPPIST-1e,38.0,False,False,False,False,False,False,False,G,1267.0,P
7872_03,Earth,False,TRAPPIST-1e,25.0,False,False,False,False,False,False,False,F,1633.0,P
7872_04,Earth,False,TRAPPIST-1e,6.0,False,False,False,False,False,False,False,G,1267.0,P
7872_05,Earth,True,TRAPPIST-1e,1.0,False,False,False,False,False,False,True,G,1267.0,P
7872_06,Earth,False,PSO J318.5-22,7.0,False,False,False,False,False,False,True,G,1267.0,P
7873_01,Earth,False,TRAPPIST-1e,24.0,False,False,False,False,False,False,False,F,1634.0,P
7873_02,Earth,False,TRAPPIST-1e,19.0,False,False,False,False,False,False,True,F,1634.0,P
7875_01,Europa,True,55 Cancri e,26.0,False,False,False,False,False,False,True,B,309.0,S
7877_01,Earth,False,TRAPPIST-1e,49.0,False,False,False,False,False,False,False,G,1268.0,P
7878_01,Earth,False,TRAPPIST-1e,18.0,False,False,False,False,False,False,False,G,1269.0,P
7879_01,Earth,False,TRAPPIST-1e,25.0,False,False,False,False,False,False,False,G,1270.0,P
7881_01,Earth,False,TRAPPIST-1e,46.0,False,False,False,False,False,False,False,F,1507.0,S
7882_01,Earth,True,TRAPPIST-1e,33.0,False,False,False,False,False,False,False,G,1271.0,P
7882_02,Earth,False,TRAPPIST-1e,10.0,False,False,False,False,False,False,True,G,1271.0,P
7883_01,Earth,True,TRAPPIST-1e,38.0,False,False,False,False,False,False,True,G,1272.0,P
7884_01,Mars,False,TRAPPIST-1e,23.0,False,False,False,False,False,False,False,E,512.0,P
7885_01,Earth,True,TRAPPIST-1e,26.0,False,False,False,False,False,False,True,G,1273.0,P
7886_01,Earth,False,TRAPPIST-1e,16.0,False,False,False,False,False,False,False,G,1274.0,P
7888_01,Earth,False,TRAPPIST-1e,29.0,False,False,False,False,False,False,True,E,518.0,S
7889_01,Europa,True,PSO J318.5-22,35.0,False,False,False,False,False,False,True,C,256.0,P
7890_01,Earth,False,TRAPPIST-1e,58.0,False,False,False,False,False,False,False,F,1508.0,S
7890_02,Earth,True,55 Cancri e,17.0,False,False,False,False,False,False,True,G,1273.0,S
7890_03,Earth,True,TRAPPIST-1e,16.0,False,False,False,False,False,False,True,F,427.0,S
7891_01,Earth,True,55 Cancri e,2.0,False,False,False,False,False,False,True,G,1274.0,S
7891_02,Earth,False,TRAPPIST-1e,13.0,False,False,False,False,False,False,False,F,427.0,S
7892_01,Mars,False,TRAPPIST-1e,18.0,False,False,False,False,False,False,True,F,1636.0,P
7894_01,Earth,False,55 Cancri e,29.0,False,False,False,False,False,False,True,E,519.0,S
7895_01,Earth,False,55 Cancri e,21.0,False,False,False,False,False,False,False,F,1509.0,S
7897_01,Europa,True,55 Cancri e,43.0,False,False,False,False,False,False,True,C,295.0,S
7899_01,Earth,True,TRAPPIST-1e,69.0,False,False,False,False,False,False,False,G,1275.0,S
7899_02,Earth,False,TRAPPIST-1e,40.0,False,False,False,False,False,False,False,G,1275.0,S
7899_03,Earth,True,TRAPPIST-1e,1.0,False,False,False,False,False,False,True,G,1275.0,S
7901_01,Mars,True,TRAPPIST-1e,36.0,False,False,False,False,False,False,True,F,1512.0,S
7902_01,Earth,False,TRAPPIST-1e,60.0,False,False,False,False,False,False,False,G,1276.0,P
7902_02,Earth,True,PSO J318.5-22,17.0,False,False,False,False,False,False,True,G,1276.0,P
7902_03,Earth,True,TRAPPIST-1e,49.0,False,False,False,False,False,False,False,G,1276.0,P
7902_04,Earth,False,TRAPPIST-1e,23.0,False,False,False,False,False,False,False,G,1276.0,P
7903_01,Earth,False,TRAPPIST-1e,39.0,False,False,False,False,False,False,False,F,1638.0,P
7904_01,Earth,True,TRAPPIST-1e,53.0,False,False,False,False,False,False,True,F,427.0,S
7904_02,Earth,False,TRAPPIST-1e,26.0,False,False,False,False,False,False,True,G,1277.0,P
7905_01,Europa,False,TRAPPIST-1e,31.0,False,False,False,False,False,False,False,C,296.0,S
7905_02,Europa,True,TRAPPIST-1e,48.0,False,False,False,False,False,False,True,C,296.0,S
7905_03,Europa,False,55 Cancri e,26.0,False,False,False,False,False,False,False,C,296.0,S
7907_01,Mars,True,TRAPPIST-1e,25.0,False,False,False,False,False,False,True,F,1513.0,S
7908_01,Europa,True,55 Cancri e,25.0,False,False,False,False,False,False,True,B,310.0,S
7910_01,Earth,False,TRAPPIST-1e,30.0,False,False,False,False,False,False,False,F,1639.0,P
7913_01,Earth,True,TRAPPIST-1e,27.0,False,False,False,False,False,False,True,G,1278.0,S
7914_01,Earth,True,TRAPPIST-1e,23.0,False,False,False,False,False,False,False,G,1278.0,P
7914_02,Earth,False,TRAPPIST-1e,24.0,False,False,False,False,False,False,False,G,1278.0,P
7914_03,Earth,False,TRAPPIST-1e,47.0,False,False,False,False,False,False,True,G,1278.0,P
7916_01,Earth,True,TRAPPIST-1e,37.0,False,False,False,False,False,False,False,G,1279.0,P
7918_01,Mars,True,TRAPPIST-1e,24.0,False,False,False,False,False,False,True,F,1640.0,P
7919_01,Earth,False,TRAPPIST-1e,21.0,False,False,False,False,False,False,False,G,1281.0,P
7920_01,Mars,True,TRAPPIST-1e,42.0,False,False,False,False,False,False,True,F,1515.0,S
7922_01,Earth,False,TRAPPIST-1e,39.0,False,False,False,False,False,False,False,F,1517.0,S
7924_01,Earth,False,TRAPPIST-1e,28.0,False,False,False,False,False,False,False,F,1642.0,P
7926_01,Earth,False,TRAPPIST-1e,32.0,False,False,False,False,False,False,False,E,514.0,P
7929_01,Europa,False,TRAPPIST-1e,31.0,False,False,False,False,False,False,False,B,311.0,S
7930_01,Earth,True,TRAPPIST-1e,13.0,False,False,False,False,False,False,True,F,427.0,S
7935_01,Earth,False,TRAPPIST-1e,41.0,False,False,False,False,False,False,True,F,1520.0,S
7936_01,Earth,False,TRAPPIST-1e,21.0,False,False,False,False,False,False,False,F,1644.0,P
7936_02,Earth,False,TRAPPIST-1e,27.0,False,False,False,False,False,False,False,G,1284.0,P
7936_03,Earth,False,TRAPPIST-1e,9.0,False,False,False,False,False,False,True,G,1284.0,P
7937_01,Europa,False,TRAPPIST-1e,36.0,False,False,False,False,False,False,False,D,229.0,S
7937_02,Europa,True,55 Cancri e,30.0,False,False,False,False,False,False,True,D,229.0,S
7939_01,Earth,False,TRAPPIST-1e,27.0,False,False,False,False,False,False,False,G,1281.0,S
7940_01,Earth,False,TRAPPIST-1e,40.0,False,False,False,False,False,False,False,F,1521.0,S
7941_01,Europa,False,TRAPPIST-1e,41.0,False,False,False,False,False,False,False,C,257.0,P
7943_01,Europa,True,55 Cancri e,16.0,False,False,False,False,False,False,True,B,258.0,P
7943_02,Europa,False,PSO J318.5-22,36.0,True,True,True,True,True,True,True,B,258.0,P
7944_01,Europa,False,TRAPPIST-1e,15.0,False,False,False,False,False,False,False,D,230.0,S
7944_02,Europa,True,TRAPPIST-1e,39.0,False,False,False,False,False,False,True,D,230.0,S
7945_01,Mars,True,TRAPPIST-1e,21.0,False,False,False,False,False,False,True,F,1522.0,S
7946_01,Earth,False,PSO J318.5-22,24.0,False,False,False,False,False,False,True,F,1645.0,P
7947_01,Mars,False,TRAPPIST-1e,28.0,False,False,False,False,False,False,False,F,1646.0,P
7949_01,Earth,False,TRAPPIST-1e,47.0,False,False,False,False,False,False,False,G,1283.0,S
7950_01,Earth,False,TRAPPIST-1e,55.0,False,False,False,False,False,False,False,G,1287.0,P
7950_02,Earth,True,TRAPPIST-1e,27.0,False,False,False,False,False,False,True,G,1287.0,P
7950_03,Earth,False,55 Cancri e,22.0,False,False,False,False,False,False,True,E,516.0,P
7950_04,Earth,True,TRAPPIST-1e,26.0,False,False,False,False,False,False,True,G,1287.0,P
7952_01,Mars,False,TRAPPIST-1e,62.0,False,False,False,False,False,False,False,F,1523.0,S
7952_02,Mars,False,TRAPPIST-1e,53.0,False,False,False,False,False,False,False,E,524.0,S
7954_01,Earth,False,55 Cancri e,29.0,False,False,False,False,False,False,False,G,1284.0,S
7955_01,Earth,False,TRAPPIST-1e,21.0,False,False,False,False,False,False,False,G,1288.0,P
7957_01,Earth,True,PSO J318.5-22,18.0,False,False,False,False,False,False,True,G,1285.0,S
7958_01,Mars,True,TRAPPIST-1e,34.0,False,False,False,False,False,False,True,E,525.0,S
7960_01,Earth,False,TRAPPIST-1e,19.0,False,False,False,False,False,False,False,F,1648.0,P
7962_01,Earth,False,TRAPPIST-1e,14.0,False,False,False,False,False,False,False,G,1290.0,P
7967_01,Earth,False,TRAPPIST-1e,21.0,False,False,False,False,False,False,False,G,1288.0,S
7968_01,Mars,False,TRAPPIST-1e,55.0,False,False,False,False,False,False,True,D,232.0,S
7970_01,Europa,False,55 Cancri e,18.0,False,False,False,False,False,False,True,C,258.0,P
7972_01,Europa,True,55 Cancri e,33.0,False,False,False,False,False,False,True,B,260.0,P
7972_02,Europa,False,TRAPPIST-1e,35.0,False,False,False,False,False,False,False,B,260.0,P
7973_01,Earth,True,TRAPPIST-1e,31.0,False,False,False,False,False,False,True,C,297.0,S
7974_01,Europa,False,TRAPPIST-1e,27.0,False,False,False,False,False,False,False,C,259.0,P
7974_02,Europa,False,TRAPPIST-1e,27.0,False,False,False,False,False,False,False,C,259.0,P
7976_01,Earth,True,PSO J318.5-22,13.0,False,False,False,False,False,False,True,G,1289.0,S
7981_01,Earth,False,TRAPPIST-1e,24.0,False,False,False,False,False,False,False,F,1652.0,P
7981_02,Earth,False,TRAPPIST-1e,22.0,False,False,False,False,False,False,False,G,1293.0,P
7982_01,Europa,True,TRAPPIST-1e,32.0,False,False,False,False,False,False,False,B,261.0,P
7982_02,Europa,True,TRAPPIST-1e,18.0,False,False,False,False,False,False,True,B,261.0,P
7983_01,Europa,True,TRAPPIST-1e,53.0,False,False,False,False,False,False,True,F,427.0,S
7984_01,Mars,False,TRAPPIST-1e,4.0,False,False,False,False,False,False,True,F,1653.0,P
7984_02,Mars,True,TRAPPIST-1e,24.0,False,False,False,False,False,False,True,F,1653.0,P
7984_03,Mars,False,TRAPPIST-1e,23.0,False,False,False,False,False,False,True,F,1653.0,P
7984_04,Mars,False,TRAPPIST-1e,1.0,False,False,False,False,False,False,True,F,1653.0,P
7985_01,Earth,False,TRAPPIST-1e,18.0,False,False,False,False,False,False,True,F,1654.0,P
7986_01,Mars,False,TRAPPIST-1e,21.0,False,False,False,False,False,False,False,F,1655.0,P
7987_01,Mars,False,TRAPPIST-1e,40.0,False,False,False,False,False,False,False,D,248.0,P
7988_01,Europa,True,TRAPPIST-1e,49.0,False,False,False,False,False,False,True,B,313.0,S
7989_01,Earth,True,PSO J318.5-22,25.0,False,False,False,False,False,False,False,G,1290.0,S
7990_01,Earth,True,55 Cancri e,21.0,False,False,False,False,False,False,True,G,1294.0,P
7993_01,Europa,True,TRAPPIST-1e,40.0,False,False,False,False,False,False,True,A,96.0,S
7993_02,Europa,True,55 Cancri e,47.0,True,True,True,True,True,True,True,A,96.0,S
7994_01,Earth,False,PSO J318.5-22,25.0,False,False,False,False,False,False,False,G,1295.0,P
7995_01,Europa,True,TRAPPIST-1e,36.0,False,False,False,False,False,False,True,F,427.0,S
7996_01,Earth,False,TRAPPIST-1e,39.0,False,False,False,False,False,False,False,F,1657.0,P
7999_01,Europa,True,55 Cancri e,26.0,False,False,False,False,False,False,True,B,262.0,P
8000_01,Earth,False,TRAPPIST-1e,0.0,False,False,False,False,False,False,True,G,1292.0,S
8000_02,Earth,True,TRAPPIST-1e,14.0,False,False,False,False,False,False,True,G,1292.0,S
8003_01,Mars,False,TRAPPIST-1e,7.0,False,False,False,False,False,False,True,F,1659.0,P
8004_01,Mars,True,55 Cancri e,50.0,False,False,False,False,False,False,True,F,1527.0,S
8005_01,Earth,False,55 Cancri e,22.0,False,False,False,False,False,False,False,F,1528.0,S
8005_02,Earth,True,PSO J318.5-22,17.0,False,False,False,False,False,False,True,G,1293.0,S
8005_03,Earth,False,TRAPPIST-1e,35.0,False,False,False,False,False,False,False,F,1528.0,S
8006_01,Earth,False,TRAPPIST-1e,22.0,False,False,False,False,False,False,False,F,1529.0,S
8007_01,Earth,False,TRAPPIST-1e,26.0,False,False,False,False,False,False,False,G,1296.0,P
8007_02,Earth,False,PSO J318.5-22,24.0,False,False,False,False,False,False,True,E,517.0,P
8010_01,Europa,False,TRAPPIST-1e,59.0,False,False,False,False,False,False,True,C,300.0,S
8012_01,Mars,True,TRAPPIST-1e,24.0,False,False,False,False,False,False,True,F,1531.0,S
8012_02,Mars,False,TRAPPIST-1e,17.0,False,False,False,False,False,False,False,E,530.0,S
8012_03,Mars,True,TRAPPIST-1e,28.0,False,False,False,False,False,False,True,F,1531.0,S
8014_01,Earth,True,TRAPPIST-1e,38.0,False,False,False,False,False,False,True,G,1294.0,S
8015_01,Europa,False,TRAPPIST-1e,2.0,False,False,False,False,False,False,True,B,315.0,S
8015_02,Europa,False,TRAPPIST-1e,36.0,False,False,False,False,False,False,False,B,315.0,S
8015_03,Europa,True,55 Cancri e,32.0,False,False,False,False,False,False,True,B,315.0,S
8016_01,Earth,False,TRAPPIST-1e,15.0,False,False,False,False,False,False,False,E,531.0,S
8018_01,Earth,False,TRAPPIST-1e,54.0,False,False,False,False,False,False,False,F,1532.0,S
8019_01,Mars,True,TRAPPIST-1e,18.0,False,False,False,False,False,False,True,F,1660.0,P
8020_01,Earth,False,TRAPPIST-1e,22.0,False,False,False,False,False,False,False,F,1661.0,P
8021_01,Earth,True,TRAPPIST-1e,23.0,False,False,False,False,False,False,False,G,1298.0,P
8023_01,Europa,False,TRAPPIST-1e,14.0,False,False,False,False,False,False,True,D,249.0,P
8023_02,Europa,True,TRAPPIST-1e,26.0,False,False,False,False,False,False,True,D,249.0,P
8024_01,Earth,False,TRAPPIST-1e,73.0,False,False,False,False,False,False,False,F,1533.0,S
8025_01,Europa,False,TRAPPIST-1e,29.0,False,False,False,False,False,False,True,B,263.0,P
8026_01,Mars,True,TRAPPIST-1e,29.0,False,False,False,False,False,False,True,F,1534.0,S
8027_01,Earth,False,TRAPPIST-1e,12.0,False,False,False,False,False,False,False,G,1297.0,S
8027_02,Earth,False,55 Cancri e,27.0,False,False,False,False,False,False,False,F,1535.0,S
8029_01,Earth,False,TRAPPIST-1e,31.0,False,False,False,False,False,False,False,G,1298.0,S
8030_01,Earth,True,PSO J318.5-22,26.0,False,False,False,False,False,False,False,G,1299.0,S
8031_01,Europa,True,55 Cancri e,35.0,False,False,False,False,False,False,True,D,250.0,P
8032_01,Europa,True,TRAPPIST-1e,25.0,False,False,False,False,False,False,True,A,85.0,P
8032_02,Europa,True,TRAPPIST-1e,40.0,False,False,False,False,False,False,True,A,85.0,P
8034_01,Mars,True,TRAPPIST-1e,18.0,False,False,False,False,False,False,False,E,532.0,S
8034_02,Mars,False,TRAPPIST-1e,52.0,False,False,False,False,False,False,False,E,532.0,S
8035_01,Mars,True,TRAPPIST-1e,35.0,False,False,False,False,False,False,True,F,1536.0,S
8036_01,Earth,False,TRAPPIST-1e,51.0,False,False,False,False,False,False,False,F,1537.0,S
8036_02,Earth,False,TRAPPIST-1e,35.0,False,False,False,False,False,False,False,F,1537.0,S
8037_01,Earth,False,TRAPPIST-1e,14.0,False,False,False,False,False,False,False,F,1538.0,S
8038_01,Europa,True,55 Cancri e,27.0,False,False,False,False,False,False,True,C,301.0,S
8038_02,Europa,True,55 Cancri e,26.0,False,False,False,False,False,False,True,C,301.0,S
8042_01,Earth,True,55 Cancri e,21.0,False,False,False,False,False,False,False,G,1299.0,P
8043_01,Europa,False,55 Cancri e,45.0,False,False,False,False,False,False,True,A,97.0,S
8043_02,Europa,False,TRAPPIST-1e,29.0,False,False,False,False,False,False,True,A,97.0,S
8043_03,Europa,False,TRAPPIST-1e,39.0,True,True,True,True,True,True,True,A,97.0,S
8043_04,Europa,True,55 Cancri e,37.0,False,False,False,False,False,False,True,A,97.0,S
8046_01,Earth,True,PSO J318.5-22,22.0,False,False,False,False,False,False,True,G,1300.0,P
8049_01,Earth,False,TRAPPIST-1e,22.0,False,False,False,False,False,False,False,G,1301.0,P
8050_01,Earth,False,PSO J318.5-22,30.0,False,False,False,False,False,False,False,G,1300.0,S
8050_02,Earth,True,TRAPPIST-1e,1.0,False,False,False,False,False,False,True,F,427.0,S
8050_03,Earth,True,PSO J318.5-22,0.0,False,False,False,False,False,False,True,G,1300.0,S
8052_01,Earth,False,TRAPPIST-1e,9.0,False,False,False,False,False,False,False,G,1302.0,S
8052_02,Earth,False,PSO J318.5-22,18.0,False,False,False,False,False,False,False,G,1302.0,S
8053_01,Mars,False,TRAPPIST-1e,29.0,False,False,False,False,False,False,False,F,1663.0,P
8054_01,Mars,False,55 Cancri e,52.0,False,False,False,False,False,False,False,F,1540.0,S
8055_01,Earth,False,TRAPPIST-1e,27.0,False,False,False,False,False,False,False,E,533.0,S
8056_01,Europa,False,TRAPPIST-1e,54.0,False,False,False,False,False,False,False,C,262.0,P
8056_02,Europa,False,TRAPPIST-1e,28.0,False,False,False,False,False,False,True,C,262.0,P
8057_01,Europa,True,TRAPPIST-1e,65.0,False,False,False,False,False,False,True,B,267.0,P
8057_02,Europa,True,55 Cancri e,26.0,False,False,False,False,False,False,True,B,267.0,P
8058_01,Earth,False,TRAPPIST-1e,29.0,False,False,False,False,False,False,False,F,1664.0,P
8059_01,Earth,False,TRAPPIST-1e,20.0,False,False,False,False,False,False,False,G,1302.0,P
8060_01,Mars,False,TRAPPIST-1e,39.0,False,False,False,False,False,False,False,F,1541.0,S
8060_02,Mars,True,TRAPPIST-1e,37.0,False,False,False,False,False,False,True,F,1541.0,S
8063_01,Earth,False,TRAPPIST-1e,20.0,False,False,False,False,False,False,False,F,1543.0,S
8064_01,Mars,True,TRAPPIST-1e,40.0,False,False,False,False,False,False,True,F,427.0,S
8064_02,Mars,False,TRAPPIST-1e,0.0,False,False,False,False,False,False,True,E,534.0,S
8064_03,Mars,True,TRAPPIST-1e,33.0,False,False,False,False,False,False,False,E,534.0,S
8066_01,Mars,True,TRAPPIST-1e,23.0,False,False,False,False,False,False,True,F,1544.0,S
8067_01,Earth,False,55 Cancri e,32.0,False,False,False,False,False,False,False,F,1666.0,P
8068_01,Earth,False,TRAPPIST-1e,20.0,False,False,False,False,False,False,False,F,1545.0,S
8069_01,Europa,True,55 Cancri e,60.0,False,False,False,False,False,False,True,D,234.0,S
8071_01,Earth,False,TRAPPIST-1e,53.0,False,False,False,False,False,False,True,F,1546.0,S
8072_01,Europa,True,TRAPPIST-1e,26.0,False,False,False,False,False,False,True,D,236.0,S
8072_02,Europa,False,55 Cancri e,35.0,False,False,False,False,False,False,False,D,236.0,S
8075_01,Earth,False,55 Cancri e,19.0,False,False,False,False,False,False,False,F,1547.0,S
8076_01,Europa,False,55 Cancri e,43.0,False,False,False,False,False,False,False,C,263.0,P
8076_02,Europa,False,55 Cancri e,29.0,False,False,False,False,False,False,False,C,263.0,P
8077_01,Earth,False,TRAPPIST-1e,20.0,False,False,False,False,False,False,False,G,1304.0,P
8078_01,Earth,False,TRAPPIST-1e,19.0,False,False,False,False,False,False,False,F,1667.0,P
8079_01,Earth,False,PSO J318.5-22,21.0,False,False,False,False,False,False,True,F,1548.0,S
8081_01,Europa,False,55 Cancri e,39.0,False,False,False,False,False,False,True,D,251.0,P
8082_01,Earth,True,TRAPPIST-1e,12.0,False,False,False,False,False,False,False,G,1305.0,P
8082_02,Earth,False,55 Cancri e,20.0,False,False,False,False,False,False,True,F,1668.0,P
8083_01,Earth,False,TRAPPIST-1e,18.0,False,False,False,False,False,False,False,F,1669.0,P
8084_01,Europa,False,TRAPPIST-1e,31.0,False,False,False,False,False,False,False,C,264.0,P
8085_01,Earth,False,PSO J318.5-22,35.0,False,False,False,False,False,False,False,F,1549.0,S
8086_01,Earth,True,PSO J318.5-22,44.0,False,False,False,False,False,False,True,G,1306.0,P
8087_01,Europa,False,TRAPPIST-1e,62.0,False,False,False,False,False,False,True,B,268.0,P
8088_01,Mars,False,TRAPPIST-1e,23.0,False,False,False,False,False,False,False,E,521.0,P
8088_02,Mars,False,TRAPPIST-1e,23.0,True,True,True,True,True,True,False,F,1670.0,P
8089_01,Earth,False,TRAPPIST-1e,19.0,False,False,False,False,False,False,True,F,1671.0,P
8091_01,Earth,False,TRAPPIST-1e,29.0,False,False,False,False,False,False,False,F,1672.0,P
8092_01,Europa,False,TRAPPIST-1e,31.0,False,False,False,False,False,False,True,D,238.0,S
8092_02,Europa,True,55 Cancri e,33.0,True,True,True,True,True,True,True,D,238.0,S
8092_03,Europa,False,TRAPPIST-1e,41.0,False,False,False,False,False,False,False,D,238.0,S
8094_01,Europa,False,TRAPPIST-1e,60.0,False,False,False,False,False,False,True,C,265.0,P
8097_01,Europa,True,TRAPPIST-1e,41.0,False,False,False,False,False,False,True,B,317.0,S
8098_01,Europa,False,TRAPPIST-1e,69.0,True,True,True,True,True,True,False,B,269.0,P
8098_02,Europa,False,55 Cancri e,44.0,False,False,False,False,False,False,True,B,269.0,P
8098_03,Europa,True,55 Cancri e,18.0,False,False,False,False,False,False,True,B,269.0,P
8098_04,Europa,False,55 Cancri e,26.0,False,False,False,False,False,False,True,B,269.0,P
8102_01,Earth,False,TRAPPIST-1e,30.0,False,False,False,False,False,False,False,F,1674.0,P
8103_01,Mars,False,TRAPPIST-1e,34.0,False,False,False,False,False,False,False,F,1675.0,P
8105_01,Earth,False,PSO J318.5-22,18.0,False,False,False,False,False,False,False,F,1677.0,P
8106_01,Earth,True,55 Cancri e,49.0,False,False,False,False,False,False,True,G,1306.0,S
8107_01,Earth,False,PSO J318.5-22,71.0,False,False,False,False,False,False,False,F,1678.0,P
8108_01,Earth,False,PSO J318.5-22,19.0,False,False,False,False,False,False,False,F,1552.0,S
8112_01,Earth,False,PSO J318.5-22,23.0,False,False,False,False,False,False,False,F,1553.0,S
8115_01,Europa,True,TRAPPIST-1e,31.0,False,False,False,False,False,False,True,B,318.0,S
8115_02,Europa,True,TRAPPIST-1e,40.0,False,False,False,False,False,False,True,B,318.0,S
8116_01,Mars,False,55 Cancri e,28.0,False,False,False,False,False,False,False,D,252.0,P
8117_01,Europa,True,TRAPPIST-1e,17.0,False,False,False,False,False,False,True,B,319.0,S
8117_02,Europa,False,TRAPPIST-1e,24.0,False,False,False,False,False,False,False,B,319.0,S
8117_03,Europa,True,55 Cancri e,54.0,False,False,False,False,False,False,True,B,319.0,S
8118_01,Earth,True,TRAPPIST-1e,21.0,False,False,False,False,False,False,False,G,1310.0,P
8119_01,Earth,True,55 Cancri e,2.0,False,False,False,False,False,False,False,F,1555.0,S
8119_02,Earth,False,55 Cancri e,20.0,False,False,False,False,False,False,True,F,1555.0,S
8119_03,Earth,False,55 Cancri e,20.0,False,False,False,False,False,False,False,F,1555.0,S
8120_01,Europa,False,55 Cancri e,36.0,False,False,False,False,False,False,True,D,253.0,P
8121_01,Earth,True,TRAPPIST-1e,25.0,False,False,False,False,False,False,True,G,1311.0,P
8122_01,Europa,False,55 Cancri e,58.0,False,False,False,False,False,False,False,C,302.0,S
8122_02,Europa,False,TRAPPIST-1e,37.0,False,False,False,False,False,False,True,C,302.0,S
8122_03,Europa,False,TRAPPIST-1e,26.0,False,False,False,False,False,False,False,C,302.0,S
8123_01,Earth,True,TRAPPIST-1e,45.0,False,False,False,False,False,False,False,G,1312.0,P
8124_01,Earth,False,TRAPPIST-1e,44.0,False,False,False,False,False,False,False,F,1681.0,P
8128_01,Mars,True,TRAPPIST-1e,24.0,False,False,False,False,False,False,True,F,1682.0,P
8129_01,Earth,True,55 Cancri e,13.0,False,False,False,False,False,False,True,F,427.0,S
8129_02,Earth,False,TRAPPIST-1e,4.0,False,False,False,False,False,False,True,G,1313.0,P
8129_03,Earth,False,TRAPPIST-1e,24.0,False,False,False,False,False,False,False,F,1683.0,P
8129_04,Earth,False,55 Cancri e,27.0,False,False,False,False,False,False,False,F,1683.0,P
8129_05,Earth,False,TRAPPIST-1e,39.0,False,False,False,False,False,False,False,E,522.0,P
8130_01,Earth,True,TRAPPIST-1e,23.0,False,False,False,False,False,False,False,G,1308.0,S
8130_02,Earth,False,55 Cancri e,4.0,False,False,False,False,False,False,False,G,1308.0,S
8130_03,Earth,True,TRAPPIST-1e,0.0,False,False,False,False,False,False,False,G,1308.0,S
8131_01,Mars,True,TRAPPIST-1e,22.0,False,False,False,False,False,False,True,F,1557.0,S
8133_01,Mars,False,TRAPPIST-1e,27.0,False,False,False,False,False,False,False,D,254.0,P
8135_01,Europa,True,TRAPPIST-1e,22.0,False,False,False,False,False,False,True,C,267.0,P
8136_01,Europa,True,55 Cancri e,26.0,False,False,False,False,False,False,True,C,268.0,P
8136_02,Europa,False,TRAPPIST-1e,60.0,False,False,False,False,False,False,False,C,268.0,P
8137_01,Earth,False,TRAPPIST-1e,18.0,False,False,False,False,False,False,False,G,1314.0,P
8138_01,Earth,True,55 Cancri e,20.0,False,False,False,False,False,False,False,G,1315.0,P
8139_01,Earth,False,TRAPPIST-1e,25.0,False,False,False,False,False,False,True,E,523.0,P
8140_01,Earth,True,PSO J318.5-22,24.0,False,False,False,False,False,False,True,G,1309.0,S
8141_01,Earth,True,TRAPPIST-1e,38.0,False,False,False,False,False,False,True,G,1310.0,S
8143_01,Earth,False,TRAPPIST-1e,18.0,False,False,False,False,False,False,True,F,1558.0,S
8144_01,Europa,True,55 Cancri e,45.0,False,False,False,False,False,False,True,B,270.0,P
8144_02,Europa,False,TRAPPIST-1e,13.0,False,False,False,False,False,False,False,B,270.0,P
8144_03,Europa,False,TRAPPIST-1e,28.0,False,False,False,False,False,False,True,B,270.0,P
8144_04,Europa,False,TRAPPIST-1e,5.0,False,False,False,False,False,False,True,B,270.0,P
8147_01,Earth,False,TRAPPIST-1e,20.0,False,False,False,False,False,False,False,G,1317.0,P
8147_02,Earth,True,TRAPPIST-1e,2.0,False,False,False,False,False,False,True,F,427.0,S
8147_03,Earth,False,TRAPPIST-1e,42.0,False,False,False,False,False,False,False,G,1317.0,P
8147_04,Earth,False,55 Cancri e,0.0,False,False,False,False,False,False,True,G,1317.0,P
8148_01,Earth,False,TRAPPIST-1e,18.0,False,False,False,False,False,False,False,G,1318.0,P
8149_01,Earth,True,PSO J318.5-22,26.0,False,False,False,False,False,False,False,G,1319.0,P
8150_01,Mars,True,55 Cancri e,3.0,False,False,False,False,False,False,True,E,539.0,S
8150_02,Mars,True,PSO J318.5-22,49.0,False,False,False,False,False,False,True,E,539.0,S
8150_03,Mars,False,TRAPPIST-1e,19.0,False,False,False,False,False,False,False,E,539.0,S
8152_01,Earth,True,TRAPPIST-1e,19.0,False,False,False,False,False,False,False,G,1312.0,S
8153_01,Earth,True,TRAPPIST-1e,15.0,False,False,False,False,False,False,False,G,1320.0,P
8156_01,Earth,False,PSO J318.5-22,53.0,False,False,False,False,False,False,False,G,1321.0,P
8157_01,Earth,False,TRAPPIST-1e,0.0,False,False,False,False,False,False,True,G,1313.0,S
8157_02,Earth,False,55 Cancri e,39.0,False,False,False,False,False,False,False,F,1560.0,S
8157_03,Earth,False,TRAPPIST-1e,45.0,False,False,False,False,False,False,False,G,1313.0,S
8157_04,Earth,True,TRAPPIST-1e,10.0,False,False,False,False,False,False,True,G,1313.0,S
8157_05,Earth,False,55 Cancri e,1.0,False,False,False,False,False,False,True,G,1313.0,S
8157_06,Earth,False,TRAPPIST-1e,9.0,False,False,False,False,False,False,True,G,1313.0,S
8158_01,Mars,False,TRAPPIST-1e,40.0,False,False,False,False,False,False,False,F,1686.0,P
8159_01,Earth,False,TRAPPIST-1e,26.0,False,False,False,False,False,False,False,F,1687.0,P
8161_01,Earth,False,TRAPPIST-1e,18.0,False,False,False,False,False,False,False,F,1688.0,P
8162_01,Europa,False,TRAPPIST-1e,47.0,False,False,False,False,False,False,False,E,524.0,P
8164_01,Earth,False,TRAPPIST-1e,31.0,False,False,False,False,False,False,False,G,1314.0,S
8165_01,Mars,False,TRAPPIST-1e,27.0,False,False,False,False,False,False,False,E,525.0,P
8167_01,Earth,True,PSO J318.5-22,23.0,False,False,False,False,False,False,True,G,1315.0,S
8168_01,Earth,False,55 Cancri e,32.0,False,False,False,False,False,False,False,F,1561.0,S
8168_02,Earth,False,TRAPPIST-1e,32.0,False,False,False,False,False,False,False,F,1561.0,S
8168_03,Earth,False,TRAPPIST-1e,21.0,False,False,False,False,False,False,False,F,1561.0,S
8168_04,Earth,False,TRAPPIST-1e,27.0,False,False,False,False,False,False,False,F,1561.0,S
8168_05,Earth,False,TRAPPIST-1e,22.0,False,False,False,False,False,False,False,G,1316.0,S
8168_06,Earth,False,TRAPPIST-1e,18.0,False,False,False,False,False,False,True,G,1316.0,S
8168_07,Earth,True,PSO J318.5-22,28.0,False,False,False,False,False,False,True,G,1316.0,S
8168_08,Earth,True,TRAPPIST-1e,38.0,False,False,False,False,False,False,True,G,1316.0,S
8171_01,Earth,False,TRAPPIST-1e,46.0,False,False,False,False,False,False,False,F,1690.0,P
8173_01,Europa,False,TRAPPIST-1e,44.0,False,False,False,False,False,False,True,C,304.0,S
8175_01,Europa,True,TRAPPIST-1e,38.0,False,False,False,False,False,False,True,C,305.0,S
8176_01,Europa,False,55 Cancri e,28.0,False,False,False,False,False,False,False,A,98.0,S
8177_01,Earth,False,TRAPPIST-1e,31.0,False,False,False,False,False,False,False,G,1317.0,S
8178_01,Earth,True,TRAPPIST-1e,18.0,False,False,False,False,False,False,True,G,1318.0,S
8182_01,Earth,False,PSO J318.5-22,18.0,False,False,False,False,False,False,False,F,1564.0,S
8186_01,Earth,False,55 Cancri e,4.0,False,False,False,False,False,False,True,G,1319.0,S
8186_02,Earth,True,PSO J318.5-22,0.0,False,False,False,False,False,False,True,G,1319.0,S
8186_03,Earth,False,TRAPPIST-1e,0.0,False,False,False,False,False,False,False,G,1319.0,S
8186_04,Earth,True,PSO J318.5-22,23.0,False,False,False,False,False,False,False,G,1319.0,S
8189_01,Europa,False,TRAPPIST-1e,35.0,False,False,False,False,False,False,False,C,271.0,P
8190_01,Europa,True,55 Cancri e,43.0,False,False,False,False,False,False,True,B,320.0,S
8191_01,Earth,False,PSO J318.5-22,18.0,False,False,False,False,False,False,False,G,1320.0,S
8192_01,Earth,False,TRAPPIST-1e,18.0,False,False,False,False,False,False,False,F,1566.0,S
8194_01,Earth,False,TRAPPIST-1e,18.0,False,False,False,False,False,False,True,F,1567.0,S
8197_01,Earth,False,55 Cancri e,49.0,False,False,False,False,False,False,False,F,1693.0,P
8199_01,Earth,False,TRAPPIST-1e,19.0,False,False,False,False,False,False,False,G,1329.0,P
8200_01,Earth,True,PSO J318.5-22,22.0,False,False,False,False,False,False,True,G,1330.0,P
8202_01,Europa,False,TRAPPIST-1e,4.0,False,False,False,False,False,False,True,C,306.0,S
8202_02,Europa,False,TRAPPIST-1e,0.0,False,False,False,False,False,False,True,C,306.0,S
8202_03,Earth,True,TRAPPIST-1e,27.0,False,False,False,False,False,False,True,C,306.0,S
8202_04,Europa,False,TRAPPIST-1e,39.0,False,False,False,False,False,False,True,C,306.0,S
8202_05,Europa,False,55 Cancri e,36.0,False,False,False,False,False,False,False,C,306.0,S
8202_06,Europa,True,TRAPPIST-1e,53.0,False,False,False,False,False,False,True,C,306.0,S
8203_01,Europa,False,55 Cancri e,23.0,False,False,False,False,False,False,False,C,307.0,S
8203_02,Europa,True,TRAPPIST-1e,24.0,False,False,False,False,False,False,True,C,307.0,S
8204_01,Europa,False,TRAPPIST-1e,25.0,False,False,False,False,False,False,False,E,541.0,S
8204_02,Europa,False,TRAPPIST-1e,30.0,False,False,False,False,False,False,False,E,541.0,S
8205_01,Earth,False,TRAPPIST-1e,20.0,False,False,False,False,False,False,False,G,1331.0,P
8207_01,Mars,True,TRAPPIST-1e,40.0,False,False,False,False,False,False,True,F,1695.0,P
8208_01,Earth,True,PSO J318.5-22,18.0,False,False,False,False,False,False,True,G,1322.0,S
8209_01,Earth,False,TRAPPIST-1e,57.0,False,False,False,False,False,False,True,G,1332.0,P
8210_01,Mars,False,TRAPPIST-1e,47.0,False,False,False,False,False,False,False,D,241.0,S
8211_01,Earth,True,55 Cancri e,26.0,False,False,False,False,False,False,True,G,1323.0,S
8212_01,Earth,False,PSO J318.5-22,29.0,False,False,False,False,False,False,False,F,1569.0,S
8213_01,Earth,False,TRAPPIST-1e,32.0,False,False,False,False,False,False,False,G,1333.0,P
8214_01,Europa,True,TRAPPIST-1e,30.0,False,False,False,False,False,False,True,D,242.0,S
8216_01,Earth,False,TRAPPIST-1e,18.0,False,False,False,False,False,False,True,G,1334.0,P
8217_01,Earth,False,TRAPPIST-1e,49.0,False,False,False,False,False,False,False,F,1570.0,S
8218_01,Europa,True,TRAPPIST-1e,33.0,False,False,False,False,False,False,True,B,272.0,P
8219_01,Earth,False,TRAPPIST-1e,18.0,False,False,False,False,False,False,False,G,1335.0,P
8220_01,Europa,False,TRAPPIST-1e,29.0,False,False,False,False,False,False,True,A,99.0,S
8221_01,Mars,True,TRAPPIST-1e,34.0,False,False,False,False,False,False,True,F,1696.0,P
8222_01,Mars,False,TRAPPIST-1e,43.0,False,False,False,False,False,False,False,D,257.0,P
8222_02,Mars,False,TRAPPIST-1e,18.0,False,False,False,False,False,False,True,F,1697.0,P
8224_01,Earth,True,TRAPPIST-1e,31.0,False,False,False,False,False,False,False,G,1325.0,S
8225_01,Mars,False,TRAPPIST-1e,15.0,False,False,False,False,False,False,False,F,427.0,S
8226_01,Mars,True,TRAPPIST-1e,3.0,False,False,False,False,False,False,True,F,1572.0,S
8226_02,Mars,True,TRAPPIST-1e,37.0,False,False,False,False,False,False,True,F,1572.0,S
8226_03,Mars,True,TRAPPIST-1e,1.0,False,False,False,False,False,False,True,F,1572.0,S
8227_01,Earth,False,TRAPPIST-1e,27.0,False,False,False,False,False,False,True,E,527.0,P
8229_01,Earth,True,TRAPPIST-1e,15.0,False,False,False,False,False,False,True,G,1336.0,P
8231_01,Earth,False,TRAPPIST-1e,33.0,False,False,False,False,False,False,True,G,1327.0,S
8231_02,Earth,False,TRAPPIST-1e,65.0,False,False,False,False,False,False,False,G,1327.0,S
8232_01,Earth,False,TRAPPIST-1e,19.0,False,False,False,False,False,False,False,F,1574.0,S
8233_01,Earth,False,TRAPPIST-1e,30.0,False,False,False,False,False,False,False,F,1575.0,S
8233_02,Earth,False,TRAPPIST-1e,37.0,False,False,False,False,False,False,False,F,1575.0,S
8235_01,Earth,False,TRAPPIST-1e,15.0,False,False,False,False,False,False,False,F,1576.0,S
8237_01,Earth,False,TRAPPIST-1e,19.0,False,False,False,False,False,False,False,F,1577.0,S
8238_01,Earth,False,TRAPPIST-1e,20.0,False,False,False,False,False,False,False,F,1578.0,S
8238_02,Earth,True,55 Cancri e,19.0,False,False,False,False,False,False,False,G,1328.0,S
8239_01,Earth,False,55 Cancri e,21.0,False,False,False,False,False,False,False,F,1579.0,S
8242_01,Earth,False,TRAPPIST-1e,20.0,False,False,False,False,False,False,True,G,1330.0,S
8243_01,Earth,False,TRAPPIST-1e,18.0,False,False,False,False,False,False,False,G,1331.0,S
8244_01,Earth,False,TRAPPIST-1e,27.0,False,False,False,False,False,False,False,G,1337.0,P
8247_01,Europa,False,TRAPPIST-1e,23.0,False,False,False,False,False,False,True,D,258.0,P
8248_01,Earth,True,TRAPPIST-1e,25.0,False,False,False,False,False,False,False,G,1339.0,P
8248_02,Earth,False,PSO J318.5-22,72.0,False,False,False,False,False,False,False,G,1339.0,P
8251_01,Earth,True,TRAPPIST-1e,35.0,False,False,False,False,False,False,True,G,1332.0,S
8252_01,Earth,False,55 Cancri e,29.0,False,False,False,False,False,False,False,F,1699.0,P
8252_02,Earth,False,TRAPPIST-1e,11.0,False,False,False,False,False,False,False,G,1341.0,P
8252_03,Earth,True,TRAPPIST-1e,7.0,False,False,False,False,False,False,False,G,1341.0,P
8254_01,Mars,True,TRAPPIST-1e,27.0,False,False,False,False,False,False,True,F,1700.0,P
8255_01,Earth,False,TRAPPIST-1e,28.0,False,False,False,False,False,False,False,G,1333.0,S
8257_01,Mars,False,TRAPPIST-1e,41.0,False,False,False,False,False,False,False,E,529.0,P
8259_01,Earth,False,TRAPPIST-1e,27.0,False,False,False,False,False,False,False,G,1342.0,P
8260_01,Earth,False,55 Cancri e,19.0,False,False,False,False,False,False,False,F,1582.0,S
8260_02,Earth,False,55 Cancri e,8.0,False,False,False,False,False,False,True,G,1334.0,S
8260_03,Earth,True,55 Cancri e,4.0,False,False,False,False,False,False,True,G,1334.0,S
8261_01,Earth,True,PSO J318.5-22,38.0,False,False,False,False,False,False,False,G,1343.0,P
8264_01,Mars,False,TRAPPIST-1e,21.0,False,False,False,False,False,False,True,F,1584.0,S
8265_01,Earth,True,TRAPPIST-1e,18.0,False,False,False,False,False,False,False,G,1344.0,P
8266_01,Earth,True,TRAPPIST-1e,10.0,False,False,False,False,False,False,True,G,1345.0,P
8267_01,Mars,False,TRAPPIST-1e,29.0,False,False,False,False,False,False,False,E,530.0,P
8267_02,Mars,True,TRAPPIST-1e,25.0,False,False,False,False,False,False,True,F,1701.0,P
8268_01,Europa,True,TRAPPIST-1e,40.0,False,False,False,False,False,False,True,B,321.0,S
8268_02,Europa,False,TRAPPIST-1e,19.0,False,False,False,False,False,False,False,B,321.0,S
8270_01,Mars,False,TRAPPIST-1e,38.0,False,False,False,False,False,False,True,F,1702.0,P
8271_01,Earth,False,TRAPPIST-1e,19.0,False,False,False,False,False,False,True,F,1586.0,S
8272_01,Mars,False,TRAPPIST-1e,0.0,False,False,False,False,False,False,True,F,1587.0,S
8272_02,Mars,True,TRAPPIST-1e,4.0,False,False,False,False,False,False,True,F,1587.0,S
8272_03,Mars,True,TRAPPIST-1e,29.0,False,False,False,False,False,False,True,F,1587.0,S
8273_01,Earth,False,TRAPPIST-1e,46.0,False,False,False,False,False,False,False,G,1346.0,P
8275_01,Mars,True,TRAPPIST-1e,32.0,False,False,False,False,False,False,True,F,1588.0,S
8276_01,Europa,False,TRAPPIST-1e,26.0,False,False,False,False,False,False,True,C,273.0,P
8276_02,Europa,True,TRAPPIST-1e,23.0,False,False,False,False,False,False,True,C,273.0,P
8277_01,Earth,True,55 Cancri e,32.0,False,False,False,False,False,False,True,G,1348.0,P
8279_01,Earth,False,TRAPPIST-1e,31.0,False,False,False,False,False,False,True,G,1349.0,P
8280_01,Earth,False,TRAPPIST-1e,34.0,False,False,False,False,False,False,True,F,1703.0,P
8281_01,Earth,False,TRAPPIST-1e,45.0,False,False,False,False,False,False,False,F,1704.0,P
8282_01,Earth,False,TRAPPIST-1e,61.0,False,False,False,False,False,False,False,G,1336.0,S
8287_01,Mars,False,TRAPPIST-1e,21.0,False,False,False,False,False,False,False,E,542.0,S
8288_01,Mars,False,TRAPPIST-1e,27.0,False,False,False,False,False,False,False,D,259.0,P
8288_02,Mars,False,TRAPPIST-1e,15.0,False,False,False,False,False,False,False,F,1705.0,P
8289_01,Earth,True,TRAPPIST-1e,14.0,False,False,False,False,False,False,False,G,1350.0,P
8291_01,Earth,True,TRAPPIST-1e,18.0,False,False,False,False,False,False,True,G,1339.0,S
8292_01,Europa,True,TRAPPIST-1e,39.0,False,False,False,False,False,False,True,C,310.0,S
8294_01,Mars,True,TRAPPIST-1e,62.0,False,False,False,False,False,False,True,E,543.0,S
8295_01,Mars,False,TRAPPIST-1e,40.0,False,False,False,False,False,False,False,F,1591.0,S
8297_01,Earth,False,TRAPPIST-1e,21.0,False,False,False,False,False,False,False,F,1592.0,S
8298_01,Mars,True,TRAPPIST-1e,12.0,False,False,False,False,False,False,True,F,1593.0,S
8300_01,Europa,False,TRAPPIST-1e,27.0,False,False,False,False,False,False,True,C,274.0,P
8301_01,Europa,False,TRAPPIST-1e,28.0,False,False,False,False,False,False,False,C,275.0,P
8302_01,Earth,False,TRAPPIST-1e,0.0,False,False,False,False,False,False,True,G,1340.0,S
8302_02,Earth,False,TRAPPIST-1e,17.0,False,False,False,False,False,False,False,F,1594.0,S
8303_01,Mars,False,55 Cancri e,23.0,False,False,False,False,False,False,False,F,1595.0,S
8306_01,Earth,False,TRAPPIST-1e,6.0,False,False,False,False,False,False,True,G,1351.0,P
8306_02,Earth,True,PSO J318.5-22,29.0,False,False,False,False,False,False,True,G,1351.0,P
8306_03,Earth,False,TRAPPIST-1e,41.0,False,False,False,False,False,False,False,G,1351.0,P
8307_01,Europa,False,55 Cancri e,27.0,True,True,True,True,True,True,True,A,100.0,S
8307_02,Europa,True,TRAPPIST-1e,34.0,False,False,False,False,False,False,True,A,100.0,S
8310_01,Europa,True,55 Cancri e,36.0,False,False,False,False,False,False,True,E,545.0,S
8313_01,Earth,False,TRAPPIST-1e,30.0,False,False,False,False,False,False,False,G,1341.0,S
8314_01,Europa,False,TRAPPIST-1e,30.0,False,False,False,False,False,False,False,D,245.0,S
8314_02,Earth,False,55 Cancri e,29.0,True,True,True,True,True,True,True,D,245.0,S
8315_01,Earth,False,TRAPPIST-1e,21.0,False,False,False,False,False,False,False,F,1598.0,S
8316_01,Earth,False,55 Cancri e,21.0,False,False,False,False,False,False,False,F,1709.0,P
8317_01,Earth,False,55 Cancri e,18.0,False,False,False,False,False,False,False,F,1710.0,P
8318_01,Mars,True,TRAPPIST-1e,11.0,False,False,False,False,False,False,True,F,1711.0,P
8318_02,Mars,False,TRAPPIST-1e,65.0,False,False,False,False,False,False,False,F,1711.0,P
8318_03,Mars,False,55 Cancri e,25.0,False,False,False,False,False,False,False,F,1711.0,P
8318_04,Mars,True,55 Cancri e,0.0,False,False,False,False,False,False,True,F,1711.0,P
8319_01,Earth,False,TRAPPIST-1e,24.0,False,False,False,False,False,False,False,F,1712.0,P
8320_01,Earth,True,PSO J318.5-22,19.0,False,False,False,False,False,False,True,G,1352.0,P
8321_01,Earth,False,TRAPPIST-1e,23.0,False,False,False,False,False,False,False,F,1713.0,P
8322_01,Europa,False,PSO J318.5-22,45.0,True,True,True,True,True,True,False,F,427.0,S
8322_02,Earth,True,55 Cancri e,52.0,False,False,False,False,False,False,True,C,312.0,S
8323_01,Earth,False,PSO J318.5-22,55.0,False,False,False,False,False,False,True,E,546.0,S
8324_01,Earth,True,PSO J318.5-22,24.0,False,False,False,False,False,False,False,G,1353.0,P
8326_01,Earth,False,TRAPPIST-1e,31.0,False,False,False,False,False,False,False,G,1354.0,P
8328_01,Earth,True,TRAPPIST-1e,18.0,False,False,False,False,False,False,False,G,1356.0,P
8329_01,Earth,True,TRAPPIST-1e,22.0,False,False,False,False,False,False,False,G,1357.0,P
8330_01,Earth,False,TRAPPIST-1e,39.0,False,False,False,False,False,False,False,F,1600.0,S
8332_01,Earth,True,PSO J318.5-22,19.0,False,False,False,False,False,False,True,G,1358.0,P
8333_01,Europa,False,55 Cancri e,33.0,False,False,False,False,False,False,False,C,313.0,S
8334_01,Earth,True,PSO J318.5-22,14.0,False,False,False,False,False,False,True,G,1359.0,P
8335_01,Mars,False,TRAPPIST-1e,30.0,False,False,False,False,False,False,False,E,531.0,P
8336_01,Mars,True,TRAPPIST-1e,30.0,False,False,False,False,False,False,True,E,547.0,S
8338_01,Mars,True,TRAPPIST-1e,21.0,False,False,False,False,False,False,True,F,1716.0,P
8338_02,Mars,False,TRAPPIST-1e,45.0,False,False,False,False,False,False,False,F,1716.0,P
8338_03,Mars,True,TRAPPIST-1e,17.0,False,False,False,False,False,False,True,F,1716.0,P
8339_01,Europa,False,TRAPPIST-1e,39.0,False,False,False,False,False,False,False,D,246.0,S
8339_02,Europa,False,TRAPPIST-1e,22.0,False,False,False,False,False,False,False,D,246.0,S
8341_01,Earth,False,TRAPPIST-1e,37.0,False,False,False,False,False,False,False,F,1601.0,S
8342_01,Europa,False,TRAPPIST-1e,48.0,False,False,False,False,False,False,True,E,548.0,S
8342_02,Europa,True,TRAPPIST-1e,33.0,False,False,False,False,False,False,True,E,548.0,S
8342_03,Europa,False,55 Cancri e,37.0,False,False,False,False,False,False,False,E,548.0,S
8343_01,Earth,False,TRAPPIST-1e,27.0,False,False,False,False,False,False,False,F,1717.0,P
8344_01,Mars,True,TRAPPIST-1e,29.0,False,False,False,False,False,False,True,D,247.0,S
8344_02,Mars,False,TRAPPIST-1e,38.0,False,False,False,False,False,False,True,D,247.0,S
8344_03,Mars,True,TRAPPIST-1e,16.0,False,False,False,False,False,False,True,D,247.0,S
8345_01,Earth,False,PSO J318.5-22,18.0,False,False,False,False,False,False,False,F,1602.0,S
8346_01,Earth,False,TRAPPIST-1e,27.0,False,False,False,False,False,False,False,F,1718.0,P
8348_01,Mars,True,TRAPPIST-1e,47.0,False,False,False,False,False,False,True,E,532.0,P
8354_01,Europa,True,TRAPPIST-1e,15.0,False,False,False,False,False,False,True,B,323.0,S
8354_02,Europa,True,TRAPPIST-1e,13.0,False,False,False,False,False,False,True,B,323.0,S
8356_01,Earth,True,PSO J318.5-22,19.0,False,False,False,False,False,False,False,G,1361.0,P
8360_01,Europa,True,TRAPPIST-1e,17.0,False,False,False,False,False,False,True,B,326.0,S
8360_02,Europa,True,TRAPPIST-1e,31.0,False,False,False,False,False,False,True,B,326.0,S
8362_01,Earth,False,TRAPPIST-1e,19.0,False,False,False,False,False,False,True,F,1720.0,P
8363_01,Europa,False,55 Cancri e,25.0,False,False,False,False,False,False,False,A,101.0,S
8363_02,Europa,False,TRAPPIST-1e,26.0,False,False,False,False,False,False,False,A,101.0,S
8365_01,Earth,True,55 Cancri e,25.0,False,False,False,False,False,False,True,G,1363.0,P
8366_01,Earth,False,TRAPPIST-1e,2.0,False,False,False,False,False,False,False,G,1364.0,P
8366_02,Earth,False,TRAPPIST-1e,7.0,False,False,False,False,False,False,False,F,427.0,S
8366_03,Earth,True,TRAPPIST-1e,2.0,False,False,False,False,False,False,True,G,1364.0,P
8366_04,Earth,False,TRAPPIST-1e,19.0,False,False,False,False,False,False,False,G,1364.0,P
8366_05,Earth,False,TRAPPIST-1e,1.0,False,False,False,False,False,False,False,G,1364.0,P
8368_01,Earth,True,TRAPPIST-1e,4.0,False,False,False,False,False,False,True,G,1365.0,P
8368_02,Earth,False,55 Cancri e,49.0,False,False,False,False,False,False,True,F,1721.0,P
8369_01,Mars,True,TRAPPIST-1e,61.0,False,False,False,False,False,False,True,F,1604.0,S
8369_02,Mars,False,TRAPPIST-1e,57.0,True,True,True,True,True,True,True,E,549.0,S
8371_01,Earth,False,55 Cancri e,52.0,False,False,False,False,False,False,True,F,1605.0,S
8373_01,Earth,False,TRAPPIST-1e,22.0,False,False,False,False,False,False,False,F,1606.0,S
8374_01,Europa,True,55 Cancri e,37.0,False,False,False,False,False,False,True,F,427.0,S
8375_01,Earth,False,PSO J318.5-22,15.0,False,False,False,False,False,False,True,F,427.0,S
8376_01,Mars,True,TRAPPIST-1e,28.0,False,False,False,False,False,False,True,F,1607.0,S
8377_01,Mars,False,TRAPPIST-1e,40.0,False,False,False,False,False,False,False,E,537.0,P
8378_01,Earth,False,TRAPPIST-1e,13.0,False,False,False,False,False,False,False,F,1608.0,S
8379_01,Earth,False,TRAPPIST-1e,24.0,False,False,False,False,False,False,False,F,1609.0,S
8380_01,Earth,True,PSO J318.5-22,25.0,False,False,False,False,False,False,True,G,1367.0,P
8381_01,Earth,False,TRAPPIST-1e,25.0,False,False,False,False,False,False,False,E,550.0,S
8382_01,Europa,False,TRAPPIST-1e,43.0,False,False,False,False,False,False,False,C,277.0,P
8383_01,Earth,True,TRAPPIST-1e,46.0,False,False,False,False,False,False,False,G,1368.0,P
8383_02,Earth,True,TRAPPIST-1e,3.0,False,False,False,False,False,False,False,G,1368.0,P
8383_03,Earth,False,TRAPPIST-1e,3.0,False,False,False,False,False,False,True,G,1368.0,P
8383_04,Earth,True,TRAPPIST-1e,3.0,False,False,False,False,False,False,True,G,1368.0,P
8383_05,Earth,False,TRAPPIST-1e,8.0,False,False,False,False,False,False,False,G,1368.0,P
8383_06,Earth,False,TRAPPIST-1e,57.0,False,False,False,False,False,False,True,G,1368.0,P
8383_07,Earth,False,TRAPPIST-1e,11.0,False,False,False,False,False,False,False,G,1368.0,P
8384_01,Earth,False,TRAPPIST-1e,20.0,False,False,False,False,False,False,False,F,1722.0,P
8386_01,Earth,False,55 Cancri e,27.0,False,False,False,False,False,False,False,G,1369.0,P
8388_01,Earth,False,TRAPPIST-1e,20.0,False,False,False,False,False,False,True,F,1724.0,P
8390_01,Earth,True,PSO J318.5-22,14.0,False,False,False,False,False,False,True,G,1370.0,P
8392_01,Earth,False,PSO J318.5-22,24.0,False,False,False,False,False,False,False,F,1610.0,S
8393_01,Earth,False,TRAPPIST-1e,21.0,False,False,False,False,False,False,False,F,1725.0,P
8394_01,Europa,False,55 Cancri e,33.0,True,True,True,True,True,True,False,B,276.0,P
8395_01,Europa,False,TRAPPIST-1e,32.0,False,False,False,False,False,False,False,D,260.0,P
8397_01,Earth,False,PSO J318.5-22,22.0,False,False,False,False,False,False,True,G,1371.0,P
8398_01,Europa,True,TRAPPIST-1e,15.0,False,False,False,False,False,False,True,B,329.0,S
8398_02,Europa,True,TRAPPIST-1e,41.0,False,False,False,False,False,False,True,B,329.0,S
8401_01,Europa,True,55 Cancri e,31.0,False,False,False,False,False,False,True,C,315.0,S
8403_01,Europa,True,55 Cancri e,35.0,False,False,False,False,False,False,True,C,316.0,S
8404_01,Earth,True,TRAPPIST-1e,48.0,False,False,False,False,False,False,True,G,1346.0,S
8404_02,Earth,True,TRAPPIST-1e,15.0,False,False,False,False,False,False,True,G,1346.0,S
8405_01,Earth,False,TRAPPIST-1e,37.0,False,False,False,False,False,False,True,G,1372.0,P
8406_01,Mars,False,TRAPPIST-1e,21.0,False,False,False,False,False,False,False,D,250.0,S
8407_01,Earth,False,TRAPPIST-1e,34.0,False,False,False,False,False,False,False,F,1613.0,S
8409_01,Earth,True,TRAPPIST-1e,19.0,False,False,False,False,False,False,False,G,1373.0,P
8410_01,Earth,False,TRAPPIST-1e,52.0,False,False,False,False,False,False,False,F,1615.0,S
8411_01,Earth,False,TRAPPIST-1e,15.0,False,False,False,False,False,False,True,F,1726.0,P
8414_01,Earth,False,TRAPPIST-1e,24.0,False,False,False,False,False,False,False,G,1374.0,P
8416_01,Earth,False,TRAPPIST-1e,45.0,False,False,False,False,False,False,True,E,553.0,S
8418_01,Europa,True,55 Cancri e,13.0,False,False,False,False,False,False,True,B,330.0,S
8418_02,Europa,False,TRAPPIST-1e,18.0,False,False,False,False,False,False,False,B,330.0,S
8419_01,Earth,False,TRAPPIST-1e,19.0,False,False,False,False,False,False,True,F,1618.0,S
8419_02,Earth,True,TRAPPIST-1e,20.0,False,False,False,False,False,False,True,G,1349.0,S
8420_01,Earth,False,TRAPPIST-1e,20.0,False,False,False,False,False,False,False,E,554.0,S
8421_01,Earth,False,TRAPPIST-1e,27.0,False,False,False,False,False,False,True,F,1619.0,S
8423_01,Earth,False,TRAPPIST-1e,22.0,False,False,False,False,False,False,False,F,1620.0,S
8427_01,Earth,True,PSO J318.5-22,17.0,False,False,False,False,False,False,False,G,1376.0,P
8429_01,Earth,True,55 Cancri e,23.0,False,False,False,False,False,False,True,G,1351.0,S
8430_01,Earth,False,TRAPPIST-1e,29.0,False,False,False,False,False,False,False,F,1621.0,S
8431_01,Europa,True,55 Cancri e,24.0,False,False,False,False,False,False,True,B,277.0,P
8431_02,Europa,False,55 Cancri e,26.0,False,False,False,False,False,False,False,B,277.0,P
8432_01,Earth,True,TRAPPIST-1e,36.0,False,False,False,False,False,False,False,G,1377.0,P
8433_01,Earth,False,TRAPPIST-1e,25.0,False,False,False,False,False,False,True,F,1729.0,P
8437_01,Earth,False,PSO J318.5-22,36.0,False,False,False,False,False,False,False,F,427.0,S
8438_01,Mars,False,TRAPPIST-1e,32.0,False,False,False,False,False,False,False,F,1624.0,S
8441_01,Earth,True,55 Cancri e,16.0,False,False,False,False,False,False,True,G,1352.0,S
8442_01,Mars,False,TRAPPIST-1e,32.0,False,False,False,False,False,False,False,E,540.0,P
8444_01,Earth,False,TRAPPIST-1e,48.0,False,False,False,False,False,False,False,F,1733.0,P
8447_01,Earth,False,TRAPPIST-1e,25.0,False,False,False,False,False,False,False,F,1734.0,P
8448_01,Europa,True,55 Cancri e,46.0,False,False,False,False,False,False,True,B,278.0,P
8449_01,Europa,False,55 Cancri e,32.0,False,False,False,False,False,False,False,C,317.0,S
8449_02,Europa,False,TRAPPIST-1e,50.0,False,False,False,False,False,False,True,C,317.0,S
8451_01,Mars,False,55 Cancri e,31.0,False,False,False,False,False,False,False,F,1625.0,S
8451_02,Mars,True,TRAPPIST-1e,27.0,False,False,False,False,False,False,True,F,1625.0,S
8452_01,Europa,False,55 Cancri e,52.0,True,True,True,True,True,True,False,C,279.0,P
8452_02,Europa,True,TRAPPIST-1e,34.0,False,False,False,False,False,False,True,C,279.0,P
8452_03,Europa,True,55 Cancri e,40.0,False,False,False,False,False,False,True,C,279.0,P
8452_04,Europa,False,TRAPPIST-1e,36.0,False,False,False,False,False,False,True,C,279.0,P
8454_01,Earth,False,TRAPPIST-1e,19.0,False,False,False,False,False,False,False,G,1354.0,S
8456_01,Europa,True,55 Cancri e,33.0,False,False,False,False,False,False,True,C,280.0,P
8457_01,Earth,False,TRAPPIST-1e,23.0,False,False,False,False,False,False,False,F,1627.0,S
8458_01,Europa,False,55 Cancri e,57.0,False,False,False,False,False,False,False,C,319.0,S
8458_02,Europa,True,55 Cancri e,24.0,False,False,False,False,False,False,True,C,319.0,S
8458_03,Europa,True,55 Cancri e,19.0,False,False,False,False,False,False,True,C,319.0,S
8458_04,Europa,True,TRAPPIST-1e,54.0,False,False,False,False,False,False,True,C,319.0,S
8458_05,Europa,False,TRAPPIST-1e,28.0,False,False,False,False,False,False,True,C,319.0,S
8458_06,Europa,False,TRAPPIST-1e,26.0,True,True,True,True,True,True,True,C,319.0,S
8459_01,Earth,True,PSO J318.5-22,43.0,False,False,False,False,False,False,False,G,1355.0,S
8460_01,Earth,False,TRAPPIST-1e,39.0,False,False,False,False,False,False,False,F,1628.0,S
8462_01,Earth,False,TRAPPIST-1e,21.0,False,False,False,False,False,False,True,F,1629.0,S
8463_01,Earth,False,55 Cancri e,24.0,False,False,False,False,False,False,False,F,1630.0,S
8465_01,Mars,False,TRAPPIST-1e,35.0,False,False,False,False,False,False,False,E,542.0,P
8465_02,Mars,True,TRAPPIST-1e,61.0,False,False,False,False,False,False,True,F,1736.0,P
8466_01,Earth,False,TRAPPIST-1e,21.0,False,False,False,False,False,False,False,F,1737.0,P
8467_01,Earth,True,55 Cancri e,14.0,False,False,False,False,False,False,True,G,1379.0,P
8468_01,Mars,False,55 Cancri e,38.0,False,False,False,False,False,False,False,D,263.0,P
8469_01,Earth,True,55 Cancri e,23.0,False,False,False,False,False,False,True,G,1356.0,S
8470_01,Europa,False,55 Cancri e,31.0,True,True,True,True,True,True,False,C,281.0,P
8471_01,Europa,False,55 Cancri e,66.0,True,True,True,True,True,True,False,E,556.0,S
8472_01,Earth,True,TRAPPIST-1e,56.0,False,False,False,False,False,False,False,G,1380.0,P
8474_01,Earth,False,55 Cancri e,21.0,False,False,False,False,False,False,False,F,1632.0,S
8475_01,Europa,False,55 Cancri e,49.0,False,False,False,False,False,False,False,B,331.0,S
8475_02,Europa,False,55 Cancri e,21.0,False,False,False,False,False,False,False,B,331.0,S
8476_01,Mars,False,TRAPPIST-1e,27.0,False,False,False,False,False,False,True,D,252.0,S
8477_01,Earth,False,TRAPPIST-1e,23.0,False,False,False,False,False,False,False,F,1633.0,S
8479_01,Earth,False,TRAPPIST-1e,27.0,False,False,False,False,False,False,False,F,1738.0,P
8480_01,Earth,False,TRAPPIST-1e,49.0,False,False,False,False,False,False,False,G,1382.0,P
8480_02,Earth,False,TRAPPIST-1e,38.0,False,False,False,False,False,False,False,G,1382.0,P
8481_01,Europa,True,TRAPPIST-1e,60.0,False,False,False,False,False,False,True,B,332.0,S
8482_01,Earth,True,55 Cancri e,47.0,False,False,False,False,False,False,False,G,1358.0,S
8483_01,Europa,True,TRAPPIST-1e,29.0,True,True,True,True,True,True,True,D,253.0,S
8486_01,Earth,True,TRAPPIST-1e,19.0,False,False,False,False,False,False,True,G,1360.0,S
8487_01,Europa,False,55 Cancri e,32.0,True,True,True,True,True,True,False,C,282.0,P
8489_01,Earth,True,PSO J318.5-22,22.0,False,False,False,False,False,False,True,G,1383.0,P
8491_01,Mars,False,55 Cancri e,35.0,False,False,False,False,False,False,True,F,1635.0,S
8492_01,Earth,False,TRAPPIST-1e,28.0,False,False,False,False,False,False,True,F,1740.0,P
8493_01,Earth,True,PSO J318.5-22,22.0,False,False,False,False,False,False,False,G,1384.0,P
8494_01,Mars,False,TRAPPIST-1e,42.0,False,False,False,False,False,False,True,E,543.0,P
8495_01,Europa,False,55 Cancri e,37.0,False,False,False,False,False,False,True,C,283.0,P
8500_01,Mars,False,TRAPPIST-1e,31.0,False,False,False,False,False,False,True,F,1743.0,P
8502_01,Mars,False,TRAPPIST-1e,33.0,True,True,True,True,True,True,False,D,254.0,S
8503_01,Europa,False,TRAPPIST-1e,48.0,False,False,False,False,False,False,False,B,279.0,P
8503_02,Europa,False,TRAPPIST-1e,31.0,False,False,False,False,False,False,False,B,279.0,P
8503_03,Europa,True,55 Cancri e,18.0,False,False,False,False,False,False,True,B,279.0,P
8504_01,Earth,False,TRAPPIST-1e,44.0,False,False,False,False,False,False,True,F,1744.0,P
8504_02,Earth,True,55 Cancri e,22.0,False,False,False,False,False,False,True,G,1385.0,P
8506_01,Earth,False,TRAPPIST-1e,18.0,False,False,False,False,False,False,False,F,1746.0,P
8508_01,Mars,True,TRAPPIST-1e,48.0,False,False,False,False,False,False,True,F,1747.0,P
8508_02,Mars,True,TRAPPIST-1e,2.0,False,False,False,False,False,False,True,F,1747.0,P
8508_03,Mars,False,TRAPPIST-1e,0.0,False,False,False,False,False,False,True,F,1747.0,P
8509_01,Earth,False,TRAPPIST-1e,43.0,False,False,False,False,False,False,False,G,1364.0,S
8511_01,Earth,False,PSO J318.5-22,51.0,False,False,False,False,False,False,False,G,1365.0,S
8512_01,Earth,False,55 Cancri e,48.0,False,False,False,False,False,False,True,F,1637.0,S
8514_01,Mars,False,TRAPPIST-1e,51.0,False,False,False,False,False,False,False,F,1748.0,P
8516_01,Earth,False,TRAPPIST-1e,20.0,False,False,False,False,False,False,True,F,1750.0,P
8521_01,Europa,False,TRAPPIST-1e,41.0,False,False,False,False,False,False,False,A,102.0,S
8522_01,Earth,False,TRAPPIST-1e,27.0,False,False,False,False,False,False,True,F,1751.0,P
8523_01,Europa,False,55 Cancri e,56.0,False,False,False,False,False,False,False,C,320.0,S
8524_01,Europa,True,55 Cancri e,26.0,False,False,False,False,False,False,True,B,333.0,S
8528_01,Earth,False,TRAPPIST-1e,21.0,False,False,False,False,False,False,False,G,1369.0,S
8530_01,Mars,False,TRAPPIST-1e,27.0,False,False,False,False,False,False,False,F,1640.0,S
8535_01,Earth,False,55 Cancri e,23.0,False,False,False,False,False,False,False,F,1642.0,S
8536_01,Europa,False,55 Cancri e,28.0,False,False,False,False,False,False,False,E,559.0,S
8537_01,Mars,True,TRAPPIST-1e,40.0,False,False,False,False,False,False,True,F,1643.0,S
8537_02,Mars,False,TRAPPIST-1e,39.0,False,False,False,False,False,False,False,F,1643.0,S
8537_03,Mars,True,TRAPPIST-1e,16.0,False,False,False,False,False,False,True,F,1643.0,S
8539_01,Earth,False,TRAPPIST-1e,20.0,False,False,False,False,False,False,False,G,1372.0,S
8540_01,Earth,False,TRAPPIST-1e,24.0,False,False,False,False,False,False,False,F,1645.0,S
8541_01,Mars,False,TRAPPIST-1e,45.0,True,True,True,True,True,True,False,D,266.0,P
8541_02,Mars,False,55 Cancri e,33.0,False,False,False,False,False,False,True,D,266.0,P
8542_01,Mars,True,TRAPPIST-1e,19.0,False,False,False,False,False,False,False,E,544.0,P
8544_01,Earth,False,TRAPPIST-1e,15.0,False,False,False,False,False,False,False,F,1647.0,S
8545_01,Earth,False,TRAPPIST-1e,18.0,False,False,False,False,False,False,False,F,1753.0,P
8548_01,Earth,False,TRAPPIST-1e,21.0,False,False,False,False,False,False,False,F,1755.0,P
8549_01,Mars,True,TRAPPIST-1e,37.0,False,False,False,False,False,False,True,F,1648.0,S
8551_01,Europa,False,TRAPPIST-1e,53.0,False,False,False,False,False,False,False,D,257.0,S
8552_01,Mars,False,TRAPPIST-1e,19.0,False,False,False,False,False,False,False,E,545.0,P
8552_02,Mars,False,TRAPPIST-1e,17.0,False,False,False,False,False,False,False,F,1756.0,P
8554_01,Earth,False,PSO J318.5-22,58.0,False,False,False,False,False,False,True,E,547.0,P
8556_01,Europa,False,TRAPPIST-1e,18.0,False,False,False,False,False,False,False,B,280.0,P
8556_02,Europa,False,55 Cancri e,25.0,True,True,True,True,True,True,True,B,280.0,P
8557_01,Europa,True,TRAPPIST-1e,39.0,False,False,False,False,False,False,True,B,334.0,S
8557_02,Europa,True,55 Cancri e,40.0,False,False,False,False,False,False,True,B,334.0,S
8559_01,Mars,False,TRAPPIST-1e,27.0,True,True,True,True,True,True,False,E,548.0,P
8559_02,Mars,False,TRAPPIST-1e,3.0,False,False,False,False,False,False,True,F,1758.0,P
8559_03,Mars,True,TRAPPIST-1e,18.0,False,False,False,False,False,False,True,F,1758.0,P
8560_01,Earth,True,55 Cancri e,18.0,False,False,False,False,False,False,True,G,1391.0,P
8561_01,Earth,True,PSO J318.5-22,29.0,False,False,False,False,False,False,False,G,1375.0,S
8566_01,Earth,False,TRAPPIST-1e,22.0,False,False,False,False,False,False,False,G,1392.0,P
8569_01,Europa,False,TRAPPIST-1e,34.0,False,False,False,False,False,False,True,A,88.0,P
8570_01,Earth,True,PSO J318.5-22,19.0,False,False,False,False,False,False,False,G,1377.0,S
8571_01,Mars,False,TRAPPIST-1e,26.0,False,False,False,False,False,False,False,F,1651.0,S
8572_01,Europa,False,TRAPPIST-1e,33.0,False,False,False,False,False,False,False,A,89.0,P
8573_01,Earth,False,TRAPPIST-1e,34.0,False,False,False,False,False,False,True,F,1652.0,S
8573_02,Earth,True,TRAPPIST-1e,18.0,False,False,False,False,False,False,True,G,1378.0,S
8574_01,Mars,True,TRAPPIST-1e,40.0,False,False,False,False,False,False,True,F,1653.0,S
8574_02,Mars,False,TRAPPIST-1e,53.0,False,False,False,False,False,False,False,D,258.0,S
8574_03,Mars,True,TRAPPIST-1e,8.0,False,False,False,False,False,False,True,F,1653.0,S
8574_04,Mars,False,TRAPPIST-1e,54.0,False,False,False,False,False,False,False,F,1653.0,S
8574_05,Mars,True,55 Cancri e,29.0,False,False,False,False,False,False,True,F,1653.0,S
8577_01,Mars,True,TRAPPIST-1e,56.0,False,False,False,False,False,False,True,F,1654.0,S
8580_01,Earth,False,PSO J318.5-22,21.0,False,False,False,False,False,False,False,G,1379.0,S
8581_01,Europa,True,TRAPPIST-1e,25.0,True,True,True,True,True,True,True,C,323.0,S
8581_02,Europa,True,TRAPPIST-1e,33.0,False,False,False,False,False,False,True,C,323.0,S
8584_01,Earth,False,TRAPPIST-1e,22.0,False,False,False,False,False,False,False,F,1655.0,S
8585_01,Mars,False,TRAPPIST-1e,50.0,False,False,False,False,False,False,False,D,259.0,S
8586_01,Mars,False,55 Cancri e,24.0,False,False,False,False,False,False,False,E,550.0,P
8587_01,Earth,False,TRAPPIST-1e,25.0,False,False,False,False,False,False,False,F,1763.0,P
8588_01,Mars,True,TRAPPIST-1e,59.0,False,False,False,False,False,False,True,E,562.0,S
8589_01,Europa,False,55 Cancri e,26.0,False,False,False,False,False,False,False,D,267.0,P
8592_01,Europa,False,TRAPPIST-1e,19.0,False,False,False,False,False,False,False,D,268.0,P
8594_01,Earth,False,TRAPPIST-1e,37.0,False,False,False,False,False,False,False,G,1381.0,S
8595_01,Mars,True,TRAPPIST-1e,22.0,False,False,False,False,False,False,True,E,551.0,P
8596_01,Europa,True,TRAPPIST-1e,44.0,False,False,False,False,False,False,True,C,284.0,P
8596_02,Europa,True,55 Cancri e,25.0,False,False,False,False,False,False,True,C,284.0,P
8597_01,Earth,True,TRAPPIST-1e,23.0,False,False,False,False,False,False,True,G,1382.0,S
8598_01,Earth,False,55 Cancri e,6.0,False,False,False,False,False,False,True,G,1394.0,P
8598_02,Earth,True,PSO J318.5-22,39.0,False,False,False,False,False,False,True,G,1394.0,P
8598_03,Earth,False,55 Cancri e,26.0,False,False,False,False,False,False,False,F,427.0,S
8599_01,Earth,False,55 Cancri e,14.0,False,False,False,False,False,False,False,G,1383.0,S
8602_01,Earth,True,TRAPPIST-1e,3.0,False,False,False,False,False,False,False,G,1396.0,P
8602_02,Earth,False,PSO J318.5-22,21.0,False,False,False,False,False,False,False,G,1396.0,P
8602_03,Earth,True,TRAPPIST-1e,24.0,False,False,False,False,False,False,False,G,1396.0,P
8603_01,Earth,True,PSO J318.5-22,18.0,False,False,False,False,False,False,False,F,427.0,S
8604_01,Mars,False,TRAPPIST-1e,37.0,False,False,False,False,False,False,False,F,1765.0,P
8604_02,Mars,True,TRAPPIST-1e,21.0,False,False,False,False,False,False,True,F,1765.0,P
8605_01,Europa,False,TRAPPIST-1e,67.0,False,False,False,False,False,False,False,C,324.0,S
8605_02,Europa,True,TRAPPIST-1e,28.0,False,False,False,False,False,False,True,F,427.0,S
8605_03,Europa,True,55 Cancri e,13.0,False,False,False,False,False,False,True,C,324.0,S
8605_04,Europa,False,TRAPPIST-1e,26.0,False,False,False,False,False,False,False,C,324.0,S
8605_05,Europa,True,55 Cancri e,33.0,False,False,False,False,False,False,True,C,324.0,S
8606_01,Earth,True,TRAPPIST-1e,18.0,False,False,False,False,False,False,False,G,1386.0,S
8606_02,Earth,False,TRAPPIST-1e,24.0,False,False,False,False,False,False,False,F,1658.0,S
8606_03,Earth,False,TRAPPIST-1e,26.0,False,False,False,False,False,False,False,E,563.0,S
8607_01,Earth,False,PSO J318.5-22,21.0,False,False,False,False,False,False,True,G,1387.0,S
8609_01,Earth,False,TRAPPIST-1e,27.0,False,False,False,False,False,False,False,E,564.0,S
8610_01,Earth,True,PSO J318.5-22,15.0,False,False,False,False,False,False,True,G,1398.0,P
8611_01,Earth,False,55 Cancri e,24.0,False,False,False,False,False,False,False,F,1766.0,P
8612_01,Earth,False,TRAPPIST-1e,31.0,False,False,False,False,False,False,False,G,1399.0,P
8613_01,Earth,False,TRAPPIST-1e,10.0,False,False,False,False,False,False,True,G,1388.0,S
8614_01,Earth,False,TRAPPIST-1e,23.0,False,False,False,False,False,False,True,G,1400.0,P
8615_01,Earth,False,55 Cancri e,50.0,False,False,False,False,False,False,True,E,565.0,S
8615_02,Earth,True,55 Cancri e,13.0,False,False,False,False,False,False,True,G,1389.0,S
8616_01,Mars,False,TRAPPIST-1e,43.0,False,False,False,False,False,False,False,F,1767.0,P
8616_02,Mars,True,55 Cancri e,20.0,False,False,False,False,False,False,True,F,1767.0,P
8617_01,Earth,False,TRAPPIST-1e,21.0,False,False,False,False,False,False,True,F,1768.0,P
8618_01,Europa,False,55 Cancri e,18.0,False,False,False,False,False,False,False,B,336.0,S
8618_02,Europa,True,TRAPPIST-1e,16.0,False,False,False,False,False,False,True,B,336.0,S
8619_01,Europa,False,TRAPPIST-1e,47.0,False,False,False,False,False,False,False,E,566.0,S
8620_01,Mars,False,TRAPPIST-1e,35.0,True,True,True,True,True,True,False,F,1659.0,S
8623_01,Earth,False,TRAPPIST-1e,15.0,False,False,False,False,False,False,False,F,427.0,S
8624_01,Earth,False,TRAPPIST-1e,46.0,False,False,False,False,False,False,False,F,1661.0,S
8624_02,Earth,True,TRAPPIST-1e,6.0,False,False,False,False,False,False,False,G,1390.0,S
8626_01,Earth,False,TRAPPIST-1e,26.0,False,False,False,False,False,False,False,F,1770.0,P
8628_01,Earth,False,PSO J318.5-22,49.0,False,False,False,False,False,False,False,F,1664.0,S
8629_01,Earth,True,TRAPPIST-1e,28.0,False,False,False,False,False,False,True,G,1391.0,S
8631_01,Mars,True,TRAPPIST-1e,37.0,False,False,False,False,False,False,False,E,553.0,P
8633_01,Earth,False,TRAPPIST-1e,17.0,False,False,False,False,False,False,False,F,1665.0,S
8634_01,Earth,False,TRAPPIST-1e,38.0,False,False,False,False,False,False,False,G,1392.0,S
8635_01,Earth,False,TRAPPIST-1e,18.0,False,False,False,False,False,False,False,E,554.0,P
8636_01,Mars,True,TRAPPIST-1e,55.0,False,False,False,False,False,False,True,F,1772.0,P
8637_01,Earth,True,TRAPPIST-1e,28.0,False,False,False,False,False,False,True,F,1773.0,P
8637_02,Mars,False,TRAPPIST-1e,25.0,False,False,False,False,False,False,True,F,1773.0,P
8637_03,Mars,False,TRAPPIST-1e,17.0,False,False,False,False,False,False,False,E,555.0,P
8638_01,Earth,True,TRAPPIST-1e,22.0,False,False,False,False,False,False,False,G,1402.0,P
8638_02,Earth,False,TRAPPIST-1e,4.0,False,False,False,False,False,False,True,G,1402.0,P
8638_03,Earth,False,55 Cancri e,3.0,False,False,False,False,False,False,True,G,1402.0,P
8639_01,Mars,True,TRAPPIST-1e,21.0,False,False,False,False,False,False,False,E,567.0,S
8639_02,Mars,False,TRAPPIST-1e,24.0,False,False,False,False,False,False,False,D,260.0,S
8640_01,Earth,False,TRAPPIST-1e,50.0,False,False,False,False,False,False,False,F,1666.0,S
8641_01,Mars,False,TRAPPIST-1e,3.0,False,False,False,False,False,False,True,F,1667.0,S
8641_02,Mars,False,TRAPPIST-1e,19.0,False,False,False,False,False,False,False,F,1667.0,S
8641_03,Mars,True,TRAPPIST-1e,22.0,False,False,False,False,False,False,True,F,1667.0,S
8642_01,Earth,False,PSO J318.5-22,20.0,False,False,False,False,False,False,False,F,1774.0,P
8643_01,Mars,False,TRAPPIST-1e,18.0,False,False,False,False,False,False,False,F,1775.0,P
8644_01,Earth,False,TRAPPIST-1e,27.0,False,False,False,False,False,False,False,F,1668.0,S
8644_02,Earth,False,TRAPPIST-1e,29.0,False,False,False,False,False,False,False,F,1668.0,S
8645_01,Earth,False,55 Cancri e,23.0,False,False,False,False,False,False,True,F,1776.0,P
8646_01,Europa,True,TRAPPIST-1e,48.0,False,False,False,False,False,False,True,C,325.0,S
8646_02,Europa,False,TRAPPIST-1e,32.0,False,False,False,False,False,False,False,C,325.0,S
8646_03,Europa,True,TRAPPIST-1e,55.0,False,False,False,False,False,False,True,C,325.0,S
8646_04,Europa,False,55 Cancri e,49.0,False,False,False,False,False,False,False,C,325.0,S
8650_01,Earth,True,TRAPPIST-1e,15.0,False,False,False,False,False,False,True,G,1404.0,P
8653_01,Earth,True,TRAPPIST-1e,50.0,False,False,False,False,False,False,True,G,1393.0,S
8654_01,Earth,False,TRAPPIST-1e,35.0,False,False,False,False,False,False,False,F,1779.0,P
8656_01,Europa,False,TRAPPIST-1e,29.0,False,False,False,False,False,False,False,A,103.0,S
8656_02,Europa,False,55 Cancri e,38.0,True,True,True,True,True,True,False,A,103.0,S
8656_03,Europa,True,55 Cancri e,29.0,True,True,True,True,True,True,True,A,103.0,S
8657_01,Mars,False,TRAPPIST-1e,39.0,False,False,False,False,False,False,True,F,1780.0,P
8658_01,Mars,False,TRAPPIST-1e,49.0,False,False,False,False,False,False,True,E,568.0,S
8658_02,Mars,False,TRAPPIST-1e,39.0,False,False,False,False,False,False,False,F,1673.0,S
8659_01,Earth,False,TRAPPIST-1e,19.0,False,False,False,False,False,False,True,F,1781.0,P
8661_01,Earth,False,TRAPPIST-1e,19.0,False,False,False,False,False,False,False,F,1675.0,S
8663_01,Earth,False,TRAPPIST-1e,14.0,False,False,False,False,False,False,True,G,1394.0,S
8663_02,Earth,True,55 Cancri e,40.0,False,False,False,False,False,False,True,F,427.0,S
8664_01,Earth,False,TRAPPIST-1e,40.0,False,False,False,False,False,False,False,G,1395.0,S
8667_01,Mars,False,TRAPPIST-1e,20.0,False,False,False,False,False,False,False,F,1676.0,S
8668_01,Mars,True,TRAPPIST-1e,6.0,False,False,False,False,False,False,True,F,1783.0,P
8668_02,Mars,False,TRAPPIST-1e,41.0,False,False,False,False,False,False,False,D,269.0,P
8668_03,Mars,False,TRAPPIST-1e,37.0,False,False,False,False,False,False,False,E,556.0,P
8669_01,Earth,False,TRAPPIST-1e,31.0,False,False,False,False,False,False,False,F,1677.0,S
8669_02,Earth,False,TRAPPIST-1e,8.0,False,False,False,False,False,False,False,G,1397.0,S
8669_03,Earth,False,TRAPPIST-1e,55.0,False,False,False,False,False,False,False,F,1677.0,S
8670_01,Earth,True,PSO J318.5-22,16.0,False,False,False,False,False,False,True,G,1398.0,S
8671_01,Europa,False,55 Cancri e,29.0,False,False,False,False,False,False,True,A,90.0,P
8672_01,Earth,False,TRAPPIST-1e,40.0,False,False,False,False,False,False,False,G,1406.0,P
8673_01,Europa,True,TRAPPIST-1e,27.0,False,False,False,False,False,False,True,C,285.0,P
8674_01,Mars,False,TRAPPIST-1e,21.0,False,False,False,False,False,False,False,F,1784.0,P
8675_01,Europa,True,TRAPPIST-1e,25.0,False,False,False,False,False,False,True,B,281.0,P
8680_01,Mars,False,TRAPPIST-1e,44.0,False,False,False,False,False,False,False,F,1786.0,P
8681_01,Mars,False,TRAPPIST-1e,34.0,False,False,False,False,False,False,False,F,1787.0,P
8681_02,Mars,False,TRAPPIST-1e,1.0,False,False,False,False,False,False,True,F,1787.0,P
8681_03,Mars,False,TRAPPIST-1e,1.0,False,False,False,False,False,False,True,F,1787.0,P
8683_01,Earth,False,PSO J318.5-22,42.0,False,False,False,False,False,False,False,F,1679.0,S
8684_01,Earth,False,TRAPPIST-1e,18.0,False,False,False,False,False,False,False,F,1788.0,P
8685_01,Earth,True,55 Cancri e,21.0,False,False,False,False,False,False,True,G,1400.0,S
8687_01,Earth,False,TRAPPIST-1e,24.0,False,False,False,False,False,False,True,F,1680.0,S
8688_01,Earth,False,TRAPPIST-1e,27.0,False,False,False,False,False,False,False,F,1681.0,S
8691_01,Earth,True,PSO J318.5-22,18.0,False,False,False,False,False,False,False,G,1409.0,P
8693_01,Earth,True,PSO J318.5-22,27.0,False,False,False,False,False,False,True,G,1410.0,P
8694_01,Earth,True,TRAPPIST-1e,13.0,False,False,False,False,False,False,True,G,1411.0,P
8694_02,Earth,False,TRAPPIST-1e,10.0,False,False,False,False,False,False,False,G,1411.0,P
8694_03,Earth,True,TRAPPIST-1e,8.0,False,False,False,False,False,False,False,G,1411.0,P
8695_01,Mars,False,TRAPPIST-1e,40.0,False,False,False,False,False,False,True,F,1683.0,S
8696_01,Europa,True,PSO J318.5-22,35.0,False,False,False,False,False,False,True,C,326.0,S
8700_01,Mars,False,TRAPPIST-1e,13.0,False,False,False,False,False,False,False,F,1684.0,S
8701_01,Mars,False,55 Cancri e,19.0,False,False,False,False,False,False,False,F,1789.0,P
8703_01,Earth,False,TRAPPIST-1e,44.0,False,False,False,False,False,False,False,F,1685.0,S
8704_01,Mars,True,TRAPPIST-1e,36.0,False,False,False,False,False,False,True,F,1686.0,S
8704_02,Mars,False,TRAPPIST-1e,29.0,False,False,False,False,False,False,False,D,264.0,S
8708_01,Earth,False,PSO J318.5-22,28.0,False,False,False,False,False,False,False,G,1413.0,P
8709_01,Earth,False,TRAPPIST-1e,36.0,False,False,False,False,False,False,False,F,1687.0,S
8710_01,Earth,False,PSO J318.5-22,24.0,False,False,False,False,False,False,False,F,1688.0,S
8712_01,Mars,True,TRAPPIST-1e,14.0,False,False,False,False,False,False,True,F,1792.0,P
8714_01,Mars,False,TRAPPIST-1e,50.0,False,False,False,False,False,False,True,D,270.0,P
8716_01,Earth,False,PSO J318.5-22,20.0,False,False,False,False,False,False,False,F,1793.0,P
8717_01,Earth,False,TRAPPIST-1e,38.0,False,False,False,False,False,False,False,F,1689.0,S
8719_01,Europa,False,TRAPPIST-1e,33.0,True,True,True,True,True,True,False,A,104.0,S
8719_02,Europa,False,55 Cancri e,54.0,False,False,False,False,False,False,False,A,104.0,S
8719_03,Europa,False,55 Cancri e,20.0,False,False,False,False,False,False,True,A,104.0,S
8720_01,Earth,False,55 Cancri e,23.0,False,False,False,False,False,False,True,F,1690.0,S
8721_01,Europa,True,55 Cancri e,65.0,False,False,False,False,False,False,True,B,337.0,S
8722_01,Mars,True,TRAPPIST-1e,51.0,False,False,False,False,False,False,False,E,558.0,P
8722_02,Mars,False,TRAPPIST-1e,36.0,False,False,False,False,False,False,False,E,558.0,P
8723_01,Earth,False,TRAPPIST-1e,38.0,False,False,False,False,False,False,False,F,1794.0,P
8727_01,Earth,False,55 Cancri e,28.0,False,False,False,False,False,False,False,F,1797.0,P
8728_01,Earth,False,TRAPPIST-1e,32.0,False,False,False,False,False,False,True,F,1798.0,P
8728_02,Earth,False,TRAPPIST-1e,55.0,False,False,False,False,False,False,False,G,1416.0,P
8728_03,Earth,False,TRAPPIST-1e,23.0,False,False,False,False,False,False,False,F,1798.0,P
8728_04,Earth,False,PSO J318.5-22,38.0,False,False,False,False,False,False,False,F,1798.0,P
8728_05,Earth,True,55 Cancri e,18.0,False,False,False,False,False,False,True,G,1416.0,P
8728_06,Earth,True,PSO J318.5-22,32.0,False,False,False,False,False,False,False,G,1416.0,P
8728_07,Earth,False,TRAPPIST-1e,44.0,False,False,False,False,False,False,False,F,427.0,S
8728_08,Earth,False,TRAPPIST-1e,62.0,False,False,False,False,False,False,True,G,1416.0,P
8729_01,Europa,False,TRAPPIST-1e,66.0,False,False,False,False,False,False,False,E,559.0,P
8729_02,Europa,False,TRAPPIST-1e,20.0,False,False,False,False,False,False,False,E,559.0,P
8732_01,Earth,False,TRAPPIST-1e,19.0,False,False,False,False,False,False,False,F,1691.0,S
8733_01,Earth,False,TRAPPIST-1e,27.0,False,False,False,False,False,False,False,G,1406.0,S
8734_01,Earth,False,PSO J318.5-22,25.0,False,False,False,False,False,False,True,G,1417.0,P
8735_01,Earth,False,TRAPPIST-1e,20.0,False,False,False,False,False,False,False,F,1799.0,P
8736_01,Mars,True,TRAPPIST-1e,18.0,False,False,False,False,False,False,True,F,1800.0,P
8736_02,Mars,False,TRAPPIST-1e,20.0,False,False,False,False,False,False,True,F,1800.0,P
8741_01,Europa,True,TRAPPIST-1e,14.0,False,False,False,False,False,False,True,A,91.0,P
8741_02,Europa,False,55 Cancri e,49.0,False,False,False,False,False,False,True,A,91.0,P
8741_03,Europa,False,TRAPPIST-1e,49.0,False,False,False,False,False,False,False,A,91.0,P
8743_01,Earth,False,55 Cancri e,19.0,False,False,False,False,False,False,False,F,1802.0,P
8744_01,Earth,False,TRAPPIST-1e,53.0,False,False,False,False,False,False,False,E,570.0,S
8749_01,Mars,False,TRAPPIST-1e,31.0,False,False,False,False,False,False,False,E,562.0,P
8750_01,Earth,False,TRAPPIST-1e,18.0,False,False,False,False,False,False,False,F,1804.0,P
8751_01,Earth,False,TRAPPIST-1e,24.0,False,False,False,False,False,False,False,F,1694.0,S
8752_01,Mars,False,TRAPPIST-1e,35.0,False,False,False,False,False,False,False,D,272.0,P
8753_01,Earth,False,TRAPPIST-1e,27.0,False,False,False,False,False,False,False,F,1805.0,P
8753_02,Earth,False,TRAPPIST-1e,38.0,False,False,False,False,False,False,False,F,1805.0,P
8753_03,Earth,False,TRAPPIST-1e,23.0,False,False,False,False,False,False,False,F,1805.0,P
8754_01,Earth,False,TRAPPIST-1e,22.0,False,False,False,False,False,False,False,G,1408.0,S
8755_01,Europa,True,55 Cancri e,38.0,False,False,False,False,False,False,True,D,265.0,S
8757_01,Earth,False,TRAPPIST-1e,28.0,False,False,False,False,False,False,True,G,1409.0,S
8759_01,Mars,False,TRAPPIST-1e,25.0,False,False,False,False,False,False,False,F,1695.0,S
8759_02,Mars,False,TRAPPIST-1e,45.0,False,False,False,False,False,False,False,F,1695.0,S
8760_01,Earth,False,TRAPPIST-1e,22.0,False,False,False,False,False,False,False,F,1696.0,S
8762_01,Earth,False,TRAPPIST-1e,30.0,False,False,False,False,False,False,True,G,1410.0,S
8764_01,Mars,True,55 Cancri e,25.0,False,False,False,False,False,False,True,F,1697.0,S
8766_01,Mars,True,TRAPPIST-1e,24.0,False,False,False,False,False,False,True,F,1807.0,P
8769_01,Mars,False,TRAPPIST-1e,44.0,False,False,False,False,False,False,True,F,1700.0,S
8770_01,Earth,False,TRAPPIST-1e,6.0,False,False,False,False,False,False,False,F,1808.0,P
8770_02,Earth,True,TRAPPIST-1e,0.0,False,False,False,False,False,False,True,F,1808.0,P
8770_03,Earth,False,PSO J318.5-22,14.0,False,False,False,False,False,False,False,F,427.0,S
8770_04,Earth,False,TRAPPIST-1e,37.0,False,False,False,False,False,False,False,F,1808.0,P
8770_05,Earth,False,TRAPPIST-1e,15.0,False,False,False,False,False,False,False,F,1808.0,P
8770_06,Earth,False,TRAPPIST-1e,0.0,False,False,False,False,False,False,True,F,1808.0,P
8770_07,Earth,False,TRAPPIST-1e,17.0,False,False,False,False,False,False,True,F,1808.0,P
8771_01,Earth,False,TRAPPIST-1e,58.0,False,False,False,False,False,False,False,G,1421.0,P
8772_01,Europa,True,55 Cancri e,15.0,False,False,False,False,False,False,True,B,339.0,S
8772_02,Europa,False,55 Cancri e,53.0,False,False,False,False,False,False,False,F,427.0,S
8773_01,Mars,False,TRAPPIST-1e,29.0,False,False,False,False,False,False,False,D,274.0,P
8774_01,Earth,True,TRAPPIST-1e,24.0,False,False,False,False,False,False,True,G,1412.0,S
8776_01,Earth,False,TRAPPIST-1e,40.0,False,False,False,False,False,False,True,E,574.0,S
8779_01,Earth,False,55 Cancri e,21.0,False,False,False,False,False,False,False,G,1413.0,S
8780_01,Earth,False,TRAPPIST-1e,30.0,False,False,False,False,False,False,False,G,1414.0,S
8781_01,Earth,False,TRAPPIST-1e,20.0,False,False,False,False,False,False,False,G,1415.0,S
8782_01,Mars,True,TRAPPIST-1e,20.0,False,False,False,False,False,False,True,F,1701.0,S
8783_01,Mars,False,TRAPPIST-1e,18.0,False,False,False,False,False,False,False,D,276.0,P
8783_02,Mars,True,TRAPPIST-1e,36.0,False,False,False,False,False,False,True,D,276.0,P
8785_01,Earth,False,TRAPPIST-1e,20.0,False,False,False,False,False,False,False,F,1810.0,P
8785_02,Earth,False,TRAPPIST-1e,4.0,False,False,False,False,False,False,True,G,1422.0,P
8786_01,Europa,True,55 Cancri e,59.0,False,False,False,False,False,False,True,B,284.0,P
8787_01,Earth,False,TRAPPIST-1e,20.0,False,False,False,False,False,False,False,G,1416.0,S
8789_01,Earth,False,55 Cancri e,4.0,False,False,False,False,False,False,False,G,1417.0,S
8789_02,Earth,False,TRAPPIST-1e,23.0,False,False,False,False,False,False,True,E,576.0,S
8790_01,Europa,False,55 Cancri e,25.0,False,False,False,False,False,False,True,D,277.0,P
8791_01,Earth,False,PSO J318.5-22,20.0,False,False,False,False,False,False,False,F,1812.0,P
8794_01,Earth,False,TRAPPIST-1e,22.0,False,False,False,False,False,False,True,E,563.0,P
8796_01,Earth,False,TRAPPIST-1e,6.0,False,False,False,False,False,False,True,G,1418.0,S
8796_02,Earth,False,TRAPPIST-1e,14.0,False,False,False,False,False,False,False,F,1704.0,S
8796_03,Earth,True,TRAPPIST-1e,0.0,False,False,False,False,False,False,False,G,1418.0,S
8796_04,Earth,True,TRAPPIST-1e,4.0,False,False,False,False,False,False,False,G,1418.0,S
8796_05,Earth,False,TRAPPIST-1e,37.0,False,False,False,False,False,False,False,F,1704.0,S
8796_06,Earth,False,TRAPPIST-1e,14.0,False,False,False,False,False,False,True,F,1704.0,S
8796_07,Earth,False,TRAPPIST-1e,34.0,False,False,False,False,False,False,True,F,1704.0,S
8796_08,Earth,True,55 Cancri e,3.0,False,False,False,False,False,False,True,G,1418.0,S
8797_01,Earth,False,PSO J318.5-22,18.0,False,False,False,False,False,False,False,F,1705.0,S
8798_01,Earth,False,TRAPPIST-1e,27.0,False,False,False,False,False,False,False,F,1706.0,S
8799_01,Earth,False,TRAPPIST-1e,19.0,False,False,False,False,False,False,True,G,1419.0,S
8801_01,Earth,False,TRAPPIST-1e,37.0,False,False,False,False,False,False,False,F,1707.0,S
8802_01,Europa,True,TRAPPIST-1e,29.0,False,False,False,False,False,False,True,D,266.0,S
8805_01,Earth,False,PSO J318.5-22,37.0,False,False,False,False,False,False,False,F,1815.0,P
8806_01,Mars,False,TRAPPIST-1e,32.0,False,False,False,False,False,False,True,F,1708.0,S
8807_01,Earth,False,PSO J318.5-22,22.0,False,False,False,False,False,False,False,G,1420.0,S
8808_01,Earth,False,TRAPPIST-1e,38.0,False,False,False,False,False,False,True,F,1816.0,P
8809_01,Earth,False,TRAPPIST-1e,24.0,False,False,False,False,False,False,False,F,1817.0,P
8811_01,Earth,False,PSO J318.5-22,63.0,False,False,False,False,False,False,False,E,577.0,S
8812_01,Mars,True,TRAPPIST-1e,23.0,False,False,False,False,False,False,False,E,564.0,P
8813_01,Earth,False,PSO J318.5-22,41.0,False,False,False,False,False,False,False,G,1421.0,S
8815_01,Earth,False,55 Cancri e,20.0,False,False,False,False,False,False,False,F,1818.0,P
8816_01,Europa,True,TRAPPIST-1e,48.0,False,False,False,False,False,False,True,B,340.0,S
8816_02,Earth,True,55 Cancri e,44.0,False,False,False,False,False,False,True,B,340.0,S
8816_03,Europa,True,55 Cancri e,15.0,False,False,False,False,False,False,True,B,340.0,S
8816_04,Europa,True,55 Cancri e,29.0,False,False,False,False,False,False,True,B,340.0,S
8816_05,Europa,False,TRAPPIST-1e,64.0,False,False,False,False,False,False,False,B,340.0,S
8817_01,Earth,False,TRAPPIST-1e,19.0,False,False,False,False,False,False,False,G,1426.0,P
8818_01,Earth,True,PSO J318.5-22,28.0,False,False,False,False,False,False,True,G,1427.0,P
8819_01,Earth,False,TRAPPIST-1e,44.0,False,False,False,False,False,False,False,G,1428.0,P
8820_01,Earth,True,TRAPPIST-1e,13.0,False,False,False,False,False,False,True,G,1429.0,P
8821_01,Earth,False,TRAPPIST-1e,45.0,False,False,False,False,False,False,True,E,565.0,P
8822_01,Europa,False,55 Cancri e,25.0,False,False,False,False,False,False,False,A,92.0,P
8823_01,Mars,True,TRAPPIST-1e,19.0,False,False,False,False,False,False,True,F,1710.0,S
8824_01,Earth,False,TRAPPIST-1e,29.0,False,False,False,False,False,False,False,F,1819.0,P
8825_01,Earth,True,55 Cancri e,21.0,False,False,False,False,False,False,True,G,1422.0,S
8826_01,Europa,False,55 Cancri e,13.0,False,False,False,False,False,False,False,C,290.0,P
8826_02,Europa,False,55 Cancri e,25.0,False,False,False,False,False,False,False,C,290.0,P
8826_03,Europa,False,TRAPPIST-1e,46.0,False,False,False,False,False,False,False,C,290.0,P
8827_01,Earth,False,55 Cancri e,37.0,False,False,False,False,False,False,True,F,1820.0,P
8828_01,Earth,False,55 Cancri e,19.0,False,False,False,False,False,False,True,F,1711.0,S
8830_01,Mars,False,TRAPPIST-1e,29.0,False,False,False,False,False,False,False,E,578.0,S
8830_02,Mars,True,TRAPPIST-1e,21.0,False,False,False,False,False,False,True,F,1712.0,S
8831_01,Mars,True,TRAPPIST-1e,13.0,False,False,False,False,False,False,True,F,1713.0,S
8833_01,Earth,True,55 Cancri e,15.0,False,False,False,False,False,False,True,G,1424.0,S
8834_01,Earth,False,TRAPPIST-1e,42.0,False,False,False,False,False,False,False,F,1715.0,S
8835_01,Earth,True,TRAPPIST-1e,27.0,False,False,False,False,False,False,False,G,1425.0,S
8836_01,Earth,False,TRAPPIST-1e,26.0,False,False,False,False,False,False,False,F,1821.0,P
8836_02,Earth,True,TRAPPIST-1e,19.0,False,False,False,False,False,False,False,G,1430.0,P
8838_01,Earth,False,TRAPPIST-1e,18.0,False,False,False,False,False,False,True,G,1431.0,P
8840_01,Earth,False,55 Cancri e,50.0,False,False,False,False,False,False,False,F,1716.0,S
8841_01,Mars,True,TRAPPIST-1e,28.0,False,False,False,False,False,False,True,F,1822.0,P
8842_01,Europa,False,TRAPPIST-1e,24.0,False,False,False,False,False,False,True,D,267.0,S
8843_01,Europa,False,TRAPPIST-1e,31.0,False,False,False,False,False,False,False,C,327.0,S
8844_01,Earth,False,55 Cancri e,19.0,False,False,False,False,False,False,True,E,579.0,S
8845_01,Earth,False,TRAPPIST-1e,20.0,False,False,False,False,False,False,False,F,1823.0,P
8845_02,Earth,False,TRAPPIST-1e,23.0,False,False,False,False,False,False,False,E,566.0,P
8848_01,Earth,False,TRAPPIST-1e,19.0,False,False,False,False,False,False,True,F,1824.0,P
8849_01,Earth,True,55 Cancri e,27.0,False,False,False,False,False,False,True,G,1427.0,S
8850_01,Mars,False,TRAPPIST-1e,16.0,False,False,False,False,False,False,False,E,580.0,S
8852_01,Mars,True,TRAPPIST-1e,76.0,False,False,False,False,False,False,True,D,278.0,P
8852_02,Mars,False,TRAPPIST-1e,41.0,True,True,True,True,True,True,False,D,278.0,P
8853_01,Earth,False,PSO J318.5-22,24.0,False,False,False,False,False,False,False,G,1433.0,P
8854_01,Earth,True,TRAPPIST-1e,12.0,False,False,False,False,False,False,False,G,1429.0,S
8856_01,Earth,True,PSO J318.5-22,28.0,False,False,False,False,False,False,True,G,1434.0,P
8858_01,Europa,False,TRAPPIST-1e,36.0,True,True,True,True,True,True,False,B,285.0,P
8860_01,Mars,True,TRAPPIST-1e,20.0,False,False,False,False,False,False,True,F,1825.0,P
8860_02,Earth,True,TRAPPIST-1e,7.0,False,False,False,False,False,False,True,F,1825.0,P
8860_03,Mars,True,TRAPPIST-1e,21.0,False,False,False,False,False,False,True,F,1825.0,P
8860_04,Mars,False,TRAPPIST-1e,33.0,False,False,False,False,False,False,False,E,567.0,P
8861_01,Europa,False,TRAPPIST-1e,32.0,False,False,False,False,False,False,True,C,291.0,P
8862_01,Europa,False,55 Cancri e,34.0,False,False,False,False,False,False,True,C,329.0,S
8862_02,Europa,False,PSO J318.5-22,38.0,True,True,True,True,True,True,False,C,329.0,S
8862_03,Europa,True,TRAPPIST-1e,27.0,False,False,False,False,False,False,True,C,329.0,S
8862_04,Europa,True,55 Cancri e,28.0,False,False,False,False,False,False,True,C,329.0,S
8862_05,Europa,True,TRAPPIST-1e,25.0,False,False,False,False,False,False,True,C,329.0,S
8863_01,Earth,False,55 Cancri e,24.0,False,False,False,False,False,False,True,E,582.0,S
8864_01,Mars,True,TRAPPIST-1e,18.0,False,False,False,False,False,False,True,F,1717.0,S
8865_01,Earth,False,TRAPPIST-1e,24.0,False,False,False,False,False,False,False,F,1826.0,P
8867_01,Europa,True,55 Cancri e,30.0,False,False,False,False,False,False,True,B,286.0,P
8867_02,Europa,True,55 Cancri e,38.0,False,False,False,False,False,False,True,B,286.0,P
8868_01,Earth,False,TRAPPIST-1e,39.0,False,False,False,False,False,False,True,G,1430.0,S
8869_01,Earth,True,TRAPPIST-1e,31.0,False,False,False,False,False,False,True,G,1431.0,S
8871_01,Earth,False,TRAPPIST-1e,33.0,False,False,False,False,False,False,True,G,1432.0,S
8871_02,Earth,True,PSO J318.5-22,15.0,False,False,False,False,False,False,True,G,1432.0,S
8872_01,Mars,True,TRAPPIST-1e,23.0,False,False,False,False,False,False,True,F,1828.0,P
8874_01,Earth,True,TRAPPIST-1e,24.0,False,False,False,False,False,False,False,G,1436.0,P
8876_01,Europa,False,55 Cancri e,44.0,False,False,False,False,False,False,True,B,287.0,P
8878_01,Earth,False,TRAPPIST-1e,22.0,False,False,False,False,False,False,False,E,568.0,P
8880_01,Mars,True,TRAPPIST-1e,28.0,False,False,False,False,False,False,True,F,1829.0,P
8881_01,Earth,False,55 Cancri e,34.0,False,False,False,False,False,False,True,F,1719.0,S
8883_01,Earth,False,TRAPPIST-1e,8.0,False,False,False,False,False,False,False,G,1438.0,P
8884_01,Earth,False,TRAPPIST-1e,26.0,False,False,False,False,False,False,True,F,1830.0,P
8885_01,Mars,False,TRAPPIST-1e,29.0,False,False,False,False,False,False,False,D,269.0,S
8886_01,Earth,False,55 Cancri e,58.0,False,False,False,False,False,False,False,G,1433.0,S
8886_02,Earth,True,TRAPPIST-1e,4.0,False,False,False,False,False,False,False,G,1433.0,S
8886_03,Earth,False,PSO J318.5-22,1.0,False,False,False,False,False,False,True,G,1433.0,S
8889_01,Earth,False,55 Cancri e,17.0,False,False,False,False,False,False,False,G,1439.0,P
8890_01,Earth,False,PSO J318.5-22,27.0,False,False,False,False,False,False,False,G,1434.0,S
8891_01,Earth,False,TRAPPIST-1e,24.0,False,False,False,False,False,False,True,F,1831.0,P
8891_02,Earth,False,TRAPPIST-1e,16.0,False,False,False,False,False,False,True,F,1831.0,P
8892_01,Earth,False,TRAPPIST-1e,28.0,False,False,False,False,False,False,False,F,1832.0,P
8894_01,Mars,True,TRAPPIST-1e,23.0,False,False,False,False,False,False,True,F,1721.0,S
8896_01,Mars,True,55 Cancri e,33.0,False,False,False,False,False,False,True,F,1722.0,S
8897_01,Earth,True,PSO J318.5-22,24.0,False,False,False,False,False,False,True,G,1440.0,P
8899_01,Earth,False,TRAPPIST-1e,6.0,False,False,False,False,False,False,True,G,1435.0,S
8900_01,Earth,False,TRAPPIST-1e,19.0,False,False,False,False,False,False,False,G,1441.0,P
8901_01,Europa,True,TRAPPIST-1e,31.0,False,False,False,False,False,False,True,B,341.0,S
8902_01,Earth,False,TRAPPIST-1e,19.0,False,False,False,False,False,False,True,G,1436.0,S
8903_01,Earth,False,TRAPPIST-1e,18.0,False,False,False,False,False,False,False,G,1437.0,S
8904_01,Earth,False,TRAPPIST-1e,35.0,False,False,False,False,False,False,False,G,1442.0,P
8905_01,Mars,False,TRAPPIST-1e,32.0,True,True,True,True,True,True,True,E,570.0,P
8906_01,Earth,False,55 Cancri e,19.0,False,False,False,False,False,False,False,F,1723.0,S
8907_01,Earth,True,PSO J318.5-22,24.0,False,False,False,False,False,False,True,G,1438.0,S
8910_01,Earth,False,TRAPPIST-1e,33.0,False,False,False,False,False,False,False,E,585.0,S
8918_01,Earth,False,TRAPPIST-1e,20.0,False,False,False,False,False,False,False,G,1448.0,P
8919_01,Europa,False,TRAPPIST-1e,27.0,False,False,False,False,False,False,False,C,331.0,S
8920_01,Europa,False,TRAPPIST-1e,26.0,False,False,False,False,False,False,False,D,280.0,P
8922_01,Earth,True,TRAPPIST-1e,28.0,False,False,False,False,False,False,True,G,1449.0,P
8923_01,Earth,False,TRAPPIST-1e,19.0,False,False,False,False,False,False,True,G,1450.0,P
8926_01,Earth,False,TRAPPIST-1e,24.0,False,False,False,False,False,False,True,E,571.0,P
8928_01,Europa,True,55 Cancri e,52.0,False,False,False,False,False,False,True,C,333.0,S
8930_01,Earth,False,PSO J318.5-22,23.0,False,False,False,False,False,False,True,F,1725.0,S
8932_01,Earth,False,TRAPPIST-1e,23.0,False,False,False,False,False,False,False,F,1727.0,S
8937_01,Europa,True,TRAPPIST-1e,25.0,False,False,False,False,False,False,True,E,574.0,P
8938_01,Earth,True,TRAPPIST-1e,22.0,False,False,False,False,False,False,True,F,1729.0,S
8938_02,Mars,True,TRAPPIST-1e,35.0,False,False,False,False,False,False,True,F,1729.0,S
8939_01,Earth,True,PSO J318.5-22,24.0,False,False,False,False,False,False,True,G,1441.0,S
8940_01,Earth,False,TRAPPIST-1e,24.0,False,False,False,False,False,False,False,E,587.0,S
8941_01,Mars,False,TRAPPIST-1e,26.0,True,True,True,True,True,True,False,E,575.0,P
8941_02,Mars,False,TRAPPIST-1e,37.0,False,False,False,False,False,False,True,F,1834.0,P
8941_03,Mars,False,TRAPPIST-1e,14.0,False,False,False,False,False,False,False,E,575.0,P
8942_01,Europa,False,TRAPPIST-1e,36.0,False,False,False,False,False,False,True,C,297.0,P
8944_01,Earth,True,PSO J318.5-22,0.0,False,False,False,False,False,False,True,G,1442.0,S
8944_02,Earth,False,PSO J318.5-22,17.0,False,False,False,False,False,False,True,G,1442.0,S
8944_03,Earth,False,TRAPPIST-1e,18.0,False,False,False,False,False,False,False,G,1442.0,S
8945_01,Europa,False,TRAPPIST-1e,43.0,False,False,False,False,False,False,False,D,270.0,S
8945_02,Europa,False,TRAPPIST-1e,21.0,False,False,False,False,False,False,False,D,270.0,S
8947_01,Mars,True,TRAPPIST-1e,34.0,False,False,False,False,False,False,True,F,1731.0,S
8948_01,Europa,False,TRAPPIST-1e,57.0,False,False,False,False,False,False,False,B,342.0,S
8948_02,Europa,False,55 Cancri e,18.0,False,False,False,False,False,False,True,B,342.0,S
8954_01,Earth,False,PSO J318.5-22,73.0,False,False,False,False,False,False,False,G,1452.0,P
8955_01,Earth,False,TRAPPIST-1e,31.0,False,False,False,False,False,False,False,F,1837.0,P
8956_01,Earth,False,TRAPPIST-1e,25.0,False,False,False,False,False,False,False,F,1838.0,P
8956_02,Earth,True,TRAPPIST-1e,20.0,False,False,False,False,False,False,True,G,1453.0,P
8956_03,Earth,False,PSO J318.5-22,24.0,False,False,False,False,False,False,False,G,1453.0,P
8956_04,Earth,False,TRAPPIST-1e,27.0,False,False,False,False,False,False,False,G,1453.0,P
8956_05,Earth,True,TRAPPIST-1e,21.0,False,False,False,False,False,False,False,G,1453.0,P
8956_06,Earth,False,PSO J318.5-22,22.0,False,False,False,False,False,False,False,F,1838.0,P
8956_07,Earth,False,55 Cancri e,39.0,False,False,False,False,False,False,False,F,1838.0,P
8956_08,Earth,False,TRAPPIST-1e,26.0,False,False,False,False,False,False,False,F,1838.0,P
8959_01,Europa,True,TRAPPIST-1e,32.0,False,False,False,False,False,False,True,C,298.0,P
8961_01,Earth,True,TRAPPIST-1e,1.0,False,False,False,False,False,False,True,G,1455.0,P
8961_02,Earth,False,TRAPPIST-1e,7.0,False,False,False,False,False,False,False,G,1455.0,P
8961_03,Earth,False,TRAPPIST-1e,4.0,False,False,False,False,False,False,False,G,1455.0,P
8961_04,Earth,False,TRAPPIST-1e,21.0,False,False,False,False,False,False,False,F,1839.0,P
8961_05,Earth,True,TRAPPIST-1e,12.0,False,False,False,False,False,False,False,G,1455.0,P
8964_01,Mars,False,TRAPPIST-1e,28.0,False,False,False,False,False,False,False,F,1734.0,S
8964_02,Mars,False,TRAPPIST-1e,0.0,False,False,False,False,False,False,True,F,1734.0,S
8964_03,Mars,True,TRAPPIST-1e,18.0,False,False,False,False,False,False,True,F,1734.0,S
8966_01,Mars,False,TRAPPIST-1e,52.0,False,False,False,False,False,False,False,F,1735.0,S
8967_01,Earth,False,TRAPPIST-1e,18.0,False,False,False,False,False,False,False,G,1445.0,S
8968_01,Europa,True,TRAPPIST-1e,51.0,False,False,False,False,False,False,True,E,588.0,S
8969_01,Europa,False,55 Cancri e,21.0,False,False,False,False,False,False,True,C,299.0,P
8970_01,Europa,False,55 Cancri e,28.0,False,False,False,False,False,False,False,C,300.0,P
8972_01,Mars,True,TRAPPIST-1e,34.0,False,False,False,False,False,False,True,F,1736.0,S
8973_01,Earth,True,TRAPPIST-1e,13.0,False,False,False,False,False,False,True,G,1446.0,S
8975_01,Earth,False,TRAPPIST-1e,35.0,False,False,False,False,False,False,False,G,1456.0,P
8975_02,Earth,False,TRAPPIST-1e,27.0,False,False,False,False,False,False,False,F,1840.0,P
8976_01,Earth,False,TRAPPIST-1e,35.0,False,False,False,False,False,False,False,F,1737.0,S
8977_01,Mars,False,55 Cancri e,51.0,False,False,False,False,False,False,False,D,272.0,S
8978_01,Mars,False,TRAPPIST-1e,53.0,False,False,False,False,False,False,False,F,1841.0,P
8981_01,Earth,False,TRAPPIST-1e,29.0,False,False,False,False,False,False,False,E,589.0,S
8982_01,Earth,False,TRAPPIST-1e,41.0,False,False,False,False,False,False,False,F,1739.0,S
8983_01,Earth,False,TRAPPIST-1e,47.0,False,False,False,False,False,False,False,E,576.0,P
8985_01,Earth,False,55 Cancri e,22.0,False,False,False,False,False,False,False,F,1842.0,P
8986_01,Earth,False,TRAPPIST-1e,19.0,False,False,False,False,False,False,False,E,590.0,S
8986_02,Earth,False,PSO J318.5-22,22.0,False,False,False,False,False,False,False,F,1740.0,S
8987_01,Europa,True,55 Cancri e,25.0,False,False,False,False,False,False,True,D,282.0,P
8988_01,Earth,True,TRAPPIST-1e,27.0,False,False,False,False,False,False,True,G,1448.0,S
8988_02,Earth,True,55 Cancri e,17.0,False,False,False,False,False,False,True,G,1448.0,S
8988_03,Earth,True,55 Cancri e,0.0,False,False,False,False,False,False,True,G,1448.0,S
8988_04,Earth,True,TRAPPIST-1e,5.0,False,False,False,False,False,False,False,G,1448.0,S
8988_05,Earth,False,TRAPPIST-1e,30.0,False,False,False,False,False,False,False,F,1741.0,S
8988_06,Earth,True,TRAPPIST-1e,17.0,False,False,False,False,False,False,True,G,1448.0,S
8988_07,Earth,False,TRAPPIST-1e,53.0,False,False,False,False,False,False,False,F,1741.0,S
8988_08,Earth,True,TRAPPIST-1e,9.0,False,False,False,False,False,False,False,G,1448.0,S
8989_01,Europa,False,TRAPPIST-1e,17.0,False,False,False,False,False,False,True,B,291.0,P
8989_02,Europa,True,55 Cancri e,16.0,False,False,False,False,False,False,True,B,291.0,P
8989_03,Europa,True,TRAPPIST-1e,29.0,False,False,False,False,False,False,True,B,291.0,P
8989_04,Europa,False,55 Cancri e,29.0,False,False,False,False,False,False,False,B,291.0,P
8992_01,Mars,False,TRAPPIST-1e,46.0,False,False,False,False,False,False,False,D,283.0,P
8993_01,Earth,False,PSO J318.5-22,27.0,False,False,False,False,False,False,False,F,1844.0,P
8996_01,Europa,False,TRAPPIST-1e,39.0,False,False,False,False,False,False,False,D,285.0,P
8997_01,Earth,True,55 Cancri e,15.0,False,False,False,False,False,False,True,F,1742.0,S
8997_02,Earth,False,TRAPPIST-1e,30.0,False,False,False,False,False,False,False,F,1742.0,S
8998_01,Earth,True,TRAPPIST-1e,41.0,False,False,False,False,False,False,False,G,1449.0,S
8998_02,Earth,False,TRAPPIST-1e,47.0,False,False,False,False,False,False,False,E,591.0,S
8999_01,Mars,False,55 Cancri e,32.0,False,False,False,False,False,False,False,D,274.0,S
9001_01,Earth,False,55 Cancri e,15.0,False,False,False,False,False,False,False,F,1743.0,S
9003_01,Earth,False,TRAPPIST-1e,23.0,False,False,False,False,False,False,True,F,1744.0,S
9004_01,Europa,True,55 Cancri e,20.0,False,False,False,False,False,False,True,B,292.0,P
9006_01,Europa,True,TRAPPIST-1e,33.0,False,False,False,False,False,False,True,B,343.0,S
9007_01,Earth,True,TRAPPIST-1e,18.0,False,False,False,False,False,False,False,G,1458.0,P
9008_01,Earth,False,TRAPPIST-1e,31.0,False,False,False,False,False,False,False,F,1745.0,S
9008_02,Earth,True,TRAPPIST-1e,25.0,False,False,False,False,False,False,False,F,1745.0,S
9009_01,Earth,True,PSO J318.5-22,19.0,False,False,False,False,False,False,True,G,1459.0,P
9010_01,Mars,True,55 Cancri e,32.0,False,False,False,False,False,False,True,F,1846.0,P
9011_01,Earth,False,TRAPPIST-1e,45.0,False,False,False,False,False,False,False,F,1746.0,S
9012_01,Earth,False,TRAPPIST-1e,43.0,False,False,False,False,False,False,False,G,1460.0,P
9013_01,Earth,False,TRAPPIST-1e,21.0,False,False,False,False,False,False,False,G,1461.0,P
9013_02,Earth,False,TRAPPIST-1e,48.0,False,False,False,False,False,False,False,G,1461.0,P
9013_03,Earth,False,55 Cancri e,0.0,False,False,False,False,False,False,True,G,1461.0,P
9014_01,Europa,True,TRAPPIST-1e,29.0,False,False,False,False,False,False,True,B,293.0,P
9015_01,Europa,False,55 Cancri e,41.0,False,False,False,False,False,False,False,B,344.0,S
9018_01,Earth,False,TRAPPIST-1e,23.0,False,False,False,False,False,False,False,G,1462.0,P
9019_01,Earth,False,55 Cancri e,48.0,False,False,False,False,False,False,False,E,592.0,S
9020_01,Earth,False,PSO J318.5-22,18.0,False,False,False,False,False,False,True,F,1747.0,S
9021_01,Mars,False,TRAPPIST-1e,30.0,False,False,False,False,False,False,True,E,577.0,P
9021_02,Mars,False,TRAPPIST-1e,26.0,True,True,True,True,True,True,False,D,286.0,P
9023_01,Earth,False,TRAPPIST-1e,18.0,False,False,False,False,False,False,True,E,593.0,S
9024_01,Mars,False,55 Cancri e,27.0,False,False,False,False,False,False,True,F,1749.0,S
9026_01,Earth,True,TRAPPIST-1e,58.0,False,False,False,False,False,False,True,G,1463.0,P
9028_01,Earth,False,TRAPPIST-1e,22.0,False,False,False,False,False,False,False,G,1464.0,P
9029_01,Mars,False,TRAPPIST-1e,17.0,False,False,False,False,False,False,False,D,287.0,P
9030_01,Earth,False,TRAPPIST-1e,28.0,False,False,False,False,False,False,False,F,1847.0,P
9030_02,Earth,False,TRAPPIST-1e,27.0,False,False,False,False,False,False,False,G,1465.0,P
9031_01,Earth,False,TRAPPIST-1e,51.0,False,False,False,False,False,False,False,G,1455.0,S
9032_01,Mars,True,TRAPPIST-1e,37.0,False,False,False,False,False,False,False,E,578.0,P
9034_01,Europa,True,TRAPPIST-1e,14.0,False,False,False,False,False,False,True,D,288.0,P
9034_02,Europa,True,TRAPPIST-1e,43.0,False,False,False,False,False,False,True,D,288.0,P
9034_03,Europa,False,55 Cancri e,27.0,False,False,False,False,False,False,False,D,288.0,P
9034_04,Europa,False,TRAPPIST-1e,60.0,False,False,False,False,False,False,True,D,288.0,P
9034_05,Europa,False,TRAPPIST-1e,33.0,False,False,False,False,False,False,False,D,288.0,P
9035_01,Earth,False,TRAPPIST-1e,39.0,False,False,False,False,False,False,False,G,1466.0,P
9036_01,Earth,True,PSO J318.5-22,21.0,False,False,False,False,False,False,True,G,1467.0,P
9037_01,Mars,False,55 Cancri e,21.0,False,False,False,False,False,False,False,F,1751.0,S
9038_01,Europa,True,55 Cancri e,28.0,False,False,False,False,False,False,True,A,106.0,S
9041_01,Earth,True,PSO J318.5-22,30.0,False,False,False,False,False,False,True,G,1470.0,P
9042_01,Europa,False,55 Cancri e,42.0,False,False,False,False,False,False,True,B,294.0,P
9043_01,Earth,True,TRAPPIST-1e,25.0,False,False,False,False,False,False,True,F,1848.0,P
9046_01,Europa,True,55 Cancri e,25.0,False,False,False,False,False,False,True,C,335.0,S
9046_02,Europa,False,TRAPPIST-1e,25.0,False,False,False,False,False,False,False,C,335.0,S
9048_01,Earth,True,TRAPPIST-1e,54.0,False,False,False,False,False,False,False,G,1471.0,P
9049_01,Europa,True,TRAPPIST-1e,41.0,False,False,False,False,False,False,True,C,336.0,S
9052_01,Earth,False,TRAPPIST-1e,36.0,False,False,False,False,False,False,False,G,1457.0,S
9052_02,Earth,False,55 Cancri e,33.0,False,False,False,False,False,False,False,F,1752.0,S
9057_01,Europa,False,55 Cancri e,36.0,True,True,True,True,True,True,False,F,427.0,S
9057_02,Europa,True,TRAPPIST-1e,55.0,False,False,False,False,False,False,True,B,296.0,P
9059_01,Earth,False,TRAPPIST-1e,16.0,False,False,False,False,False,False,False,F,1753.0,S
9060_01,Earth,False,TRAPPIST-1e,28.0,False,False,False,False,False,False,False,F,1853.0,P
9061_01,Mars,False,TRAPPIST-1e,26.0,False,False,False,False,False,False,False,D,276.0,S
9064_01,Earth,False,TRAPPIST-1e,42.0,False,False,False,False,False,False,False,F,1754.0,S
9066_01,Earth,False,PSO J318.5-22,30.0,False,False,False,False,False,False,False,F,1756.0,S
9068_01,Europa,False,TRAPPIST-1e,31.0,False,False,False,False,False,False,False,C,337.0,S
9069_01,Europa,True,TRAPPIST-1e,22.0,False,False,False,False,False,False,True,B,297.0,P
9069_02,Europa,True,55 Cancri e,26.0,False,False,False,False,False,False,True,B,297.0,P
9069_03,Europa,True,55 Cancri e,25.0,False,False,False,False,False,False,True,F,427.0,S
9069_04,Europa,False,TRAPPIST-1e,44.0,False,False,False,False,False,False,True,B,297.0,P
9069_05,Europa,False,55 Cancri e,29.0,False,False,False,False,False,False,False,B,297.0,P
9071_01,Earth,False,55 Cancri e,22.0,False,False,False,False,False,False,False,F,1855.0,P
9072_01,Earth,True,TRAPPIST-1e,23.0,False,False,False,False,False,False,True,F,1758.0,S
9072_02,Mars,False,TRAPPIST-1e,30.0,False,False,False,False,False,False,False,F,1758.0,S
9072_03,Mars,False,TRAPPIST-1e,23.0,False,False,False,False,False,False,False,F,1758.0,S
9073_01,Europa,False,TRAPPIST-1e,13.0,False,False,False,False,False,False,False,A,107.0,S
9073_02,Europa,True,55 Cancri e,53.0,False,False,False,False,False,False,True,B,347.0,S
9074_01,Earth,True,TRAPPIST-1e,0.0,False,False,False,False,False,False,True,G,1460.0,S
9074_02,Earth,False,PSO J318.5-22,27.0,False,False,False,False,False,False,False,G,1460.0,S
9074_03,Earth,True,TRAPPIST-1e,27.0,False,False,False,False,False,False,False,G,1460.0,S
9074_04,Earth,True,55 Cancri e,10.0,False,False,False,False,False,False,True,G,1460.0,S
9074_05,Earth,True,TRAPPIST-1e,2.0,False,False,False,False,False,False,True,G,1460.0,S
9074_06,Earth,False,55 Cancri e,5.0,False,False,False,False,False,False,True,G,1460.0,S
9075_01,Earth,False,TRAPPIST-1e,24.0,False,False,False,False,False,False,False,E,580.0,P
9076_01,Earth,False,TRAPPIST-1e,32.0,False,False,False,False,False,False,False,G,1461.0,S
9077_01,Earth,False,55 Cancri e,22.0,False,False,False,False,False,False,True,F,1856.0,P
9077_02,Earth,True,PSO J318.5-22,22.0,False,False,False,False,False,False,False,G,1475.0,P
9078_01,Earth,False,PSO J318.5-22,44.0,False,False,False,False,False,False,False,E,594.0,S
9079_01,Earth,False,TRAPPIST-1e,55.0,False,False,False,False,False,False,True,E,595.0,S
9080_01,Earth,False,TRAPPIST-1e,22.0,False,False,False,False,False,False,False,F,1857.0,P
9081_01,Earth,False,TRAPPIST-1e,8.0,False,False,False,False,False,False,False,G,1476.0,P
9081_02,Earth,False,55 Cancri e,15.0,False,False,False,False,False,False,False,F,1858.0,P
9081_03,Earth,True,TRAPPIST-1e,1.0,False,False,False,False,False,False,False,F,427.0,S
9081_04,Earth,False,TRAPPIST-1e,9.0,False,False,False,False,False,False,True,G,1476.0,P
9081_05,Earth,False,TRAPPIST-1e,48.0,False,False,False,False,False,False,True,F,1858.0,P
9081_06,Earth,False,PSO J318.5-22,16.0,False,False,False,False,False,False,False,F,1858.0,P
9081_07,Earth,True,TRAPPIST-1e,27.0,False,False,False,False,False,False,True,G,1476.0,P
9081_08,Earth,True,PSO J318.5-22,3.0,False,False,False,False,False,False,True,G,1476.0,P
9084_01,Earth,False,TRAPPIST-1e,25.0,False,False,False,False,False,False,False,E,582.0,P
9085_01,Europa,False,55 Cancri e,70.0,False,False,False,False,False,False,False,A,95.0,P
9085_02,Europa,False,55 Cancri e,30.0,False,False,False,False,False,False,False,A,95.0,P
9085_03,Europa,True,TRAPPIST-1e,57.0,False,False,False,False,False,False,True,A,95.0,P
9089_01,Earth,False,TRAPPIST-1e,42.0,False,False,False,False,False,False,False,G,1463.0,S
9094_01,Earth,True,PSO J318.5-22,14.0,False,False,False,False,False,False,False,G,1465.0,S
9094_02,Earth,False,TRAPPIST-1e,43.0,False,False,False,False,False,False,True,G,1465.0,S
9097_01,Mars,True,TRAPPIST-1e,34.0,False,False,False,False,False,False,True,F,1863.0,P
9098_01,Earth,False,TRAPPIST-1e,21.0,False,False,False,False,False,False,True,F,1864.0,P
9099_01,Earth,False,TRAPPIST-1e,32.0,False,False,False,False,False,False,False,E,597.0,S
9101_01,Earth,False,TRAPPIST-1e,21.0,False,False,False,False,False,False,False,F,1865.0,P
9103_01,Earth,False,TRAPPIST-1e,25.0,False,False,False,False,False,False,False,G,1479.0,P
9104_01,Europa,True,55 Cancri e,25.0,False,False,False,False,False,False,True,C,302.0,P
9106_01,Earth,False,TRAPPIST-1e,38.0,False,False,False,False,False,False,False,F,1761.0,S
9107_01,Earth,True,TRAPPIST-1e,36.0,False,False,False,False,False,False,False,G,1467.0,S
9108_01,Earth,True,TRAPPIST-1e,44.0,False,False,False,False,False,False,True,G,1468.0,S
9108_02,Earth,False,TRAPPIST-1e,37.0,False,False,False,False,False,False,False,G,1468.0,S
9110_01,Earth,False,TRAPPIST-1e,47.0,False,False,False,False,False,False,False,F,1866.0,P
9111_01,Mars,False,TRAPPIST-1e,38.0,False,False,False,False,False,False,False,E,598.0,S
9112_01,Mars,False,TRAPPIST-1e,28.0,False,False,False,False,False,False,False,D,290.0,P
9114_01,Europa,True,55 Cancri e,38.0,False,False,False,False,False,False,True,B,348.0,S
9115_01,Earth,False,PSO J318.5-22,53.0,False,False,False,False,False,False,False,F,1867.0,P
9116_01,Earth,False,TRAPPIST-1e,26.0,False,False,False,False,False,False,True,F,1868.0,P
9118_01,Earth,False,55 Cancri e,13.0,False,False,False,False,False,False,True,E,585.0,P
9118_02,Earth,False,TRAPPIST-1e,64.0,False,False,False,False,False,False,True,G,1482.0,P
9119_01,Earth,True,TRAPPIST-1e,16.0,False,False,False,False,False,False,False,G,1483.0,P
9120_01,Earth,False,TRAPPIST-1e,13.0,False,False,False,False,False,False,False,F,1763.0,S
9122_01,Earth,True,55 Cancri e,55.0,False,False,False,False,False,False,False,G,1469.0,S
9124_01,Mars,False,TRAPPIST-1e,26.0,False,False,False,False,False,False,False,E,599.0,S
9125_01,Mars,True,TRAPPIST-1e,23.0,False,False,False,False,False,False,True,E,586.0,P
9125_02,Mars,True,TRAPPIST-1e,55.0,False,False,False,False,False,False,True,E,586.0,P
9126_01,Mars,True,TRAPPIST-1e,50.0,False,False,False,False,False,False,True,E,600.0,S
9127_01,Earth,False,PSO J318.5-22,26.0,False,False,False,False,False,False,False,G,1470.0,S
9128_01,Earth,False,TRAPPIST-1e,36.0,False,False,False,False,False,False,False,F,1870.0,P
9128_02,Earth,True,PSO J318.5-22,33.0,False,False,False,False,False,False,False,G,1484.0,P
9129_01,Earth,False,TRAPPIST-1e,21.0,False,False,False,False,False,False,False,G,1485.0,P
9130_01,Mars,True,TRAPPIST-1e,41.0,False,False,False,False,False,False,True,F,1765.0,S
9131_01,Europa,False,55 Cancri e,33.0,False,False,False,False,False,False,False,C,303.0,P
9131_02,Europa,True,TRAPPIST-1e,23.0,False,False,False,False,False,False,True,C,303.0,P
9132_01,Mars,False,TRAPPIST-1e,31.0,False,False,False,False,False,False,False,D,291.0,P
9132_02,Mars,False,TRAPPIST-1e,28.0,False,False,False,False,False,False,False,F,1871.0,P
9134_01,Earth,False,TRAPPIST-1e,13.0,False,False,False,False,False,False,False,E,601.0,S
9136_01,Earth,False,TRAPPIST-1e,27.0,False,False,False,False,False,False,False,G,1471.0,S
9137_01,Mars,False,TRAPPIST-1e,35.0,False,False,False,False,False,False,False,F,1872.0,P
9139_01,Mars,False,TRAPPIST-1e,25.0,False,False,False,False,False,False,False,F,1766.0,S
9140_01,Earth,True,PSO J318.5-22,19.0,False,False,False,False,False,False,True,G,1488.0,P
9141_01,Europa,True,TRAPPIST-1e,56.0,False,False,False,False,False,False,True,B,349.0,S
9142_01,Earth,False,TRAPPIST-1e,18.0,False,False,False,False,False,False,False,F,1873.0,P
9144_01,Earth,False,TRAPPIST-1e,22.0,False,False,False,False,False,False,False,F,1768.0,S
9145_01,Earth,True,TRAPPIST-1e,34.0,False,False,False,False,False,False,False,G,1489.0,P
9148_01,Earth,False,TRAPPIST-1e,11.0,False,False,False,False,False,False,False,G,1473.0,S
9149_01,Europa,True,55 Cancri e,37.0,False,False,False,False,False,False,True,B,350.0,S
9149_02,Europa,False,55 Cancri e,22.0,False,False,False,False,False,False,False,B,350.0,S
9150_01,Earth,False,TRAPPIST-1e,45.0,False,False,False,False,False,False,False,G,1474.0,S
9151_01,Mars,True,TRAPPIST-1e,19.0,False,False,False,False,False,False,True,F,1769.0,S
9152_01,Earth,True,TRAPPIST-1e,39.0,False,False,False,False,False,False,True,G,1491.0,P
9156_01,Europa,True,TRAPPIST-1e,28.0,False,False,False,False,False,False,True,B,351.0,S
9157_01,Earth,False,TRAPPIST-1e,36.0,False,False,False,False,False,False,False,G,1476.0,S
9157_02,Earth,True,PSO J318.5-22,1.0,False,False,False,False,False,False,True,G,1476.0,S
9157_03,Earth,False,PSO J318.5-22,10.0,False,False,False,False,False,False,True,G,1476.0,S
9157_04,Earth,False,55 Cancri e,12.0,False,False,False,False,False,False,True,G,1476.0,S
9157_05,Earth,False,TRAPPIST-1e,31.0,False,False,False,False,False,False,False,G,1476.0,S
9157_06,Earth,False,TRAPPIST-1e,12.0,False,False,False,False,False,False,False,G,1476.0,S
9157_07,Earth,True,TRAPPIST-1e,3.0,False,False,False,False,False,False,True,G,1476.0,S
9158_01,Europa,True,55 Cancri e,30.0,True,True,True,True,True,True,True,B,298.0,P
9159_01,Earth,False,TRAPPIST-1e,41.0,False,False,False,False,False,False,True,F,1875.0,P
9160_01,Earth,False,TRAPPIST-1e,19.0,False,False,False,False,False,False,False,F,1770.0,S
9161_01,Earth,True,55 Cancri e,38.0,False,False,False,False,False,False,False,G,1493.0,P
9161_02,Earth,True,TRAPPIST-1e,36.0,False,False,False,False,False,False,True,G,1493.0,P
9163_01,Earth,True,TRAPPIST-1e,0.0,False,False,False,False,False,False,True,G,1477.0,S
9164_01,Mars,False,TRAPPIST-1e,20.0,False,False,False,False,False,False,False,E,602.0,S
9165_01,Earth,False,TRAPPIST-1e,23.0,False,False,False,False,False,False,False,F,1771.0,S
9167_01,Earth,False,TRAPPIST-1e,35.0,False,False,False,False,False,False,False,F,1772.0,S
9168_01,Europa,False,55 Cancri e,36.0,False,False,False,False,False,False,False,C,338.0,S
9168_02,Europa,True,TRAPPIST-1e,41.0,False,False,False,False,False,False,True,C,338.0,S
9169_01,Mars,False,TRAPPIST-1e,38.0,False,False,False,False,False,False,True,D,295.0,P
9170_01,Earth,False,TRAPPIST-1e,33.0,False,False,False,False,False,False,False,E,587.0,P
9172_01,Earth,False,TRAPPIST-1e,54.0,False,False,False,False,False,False,False,G,1478.0,S
9173_01,Earth,False,PSO J318.5-22,33.0,False,False,False,False,False,False,False,F,1876.0,P
9174_01,Earth,False,PSO J318.5-22,54.0,False,False,False,False,False,False,True,G,1479.0,S
9175_01,Europa,False,55 Cancri e,32.0,False,False,False,False,False,False,True,B,299.0,P
9176_01,Earth,False,TRAPPIST-1e,24.0,False,False,False,False,False,False,True,F,1773.0,S
9178_01,Earth,False,TRAPPIST-1e,53.0,False,False,False,False,False,False,False,F,1877.0,P
9179_01,Earth,True,TRAPPIST-1e,26.0,False,False,False,False,False,False,True,G,1494.0,P
9179_02,Earth,False,TRAPPIST-1e,31.0,False,False,False,False,False,False,False,G,1494.0,P
9179_03,Earth,True,PSO J318.5-22,18.0,False,False,False,False,False,False,False,G,1494.0,P
9179_04,Earth,True,TRAPPIST-1e,39.0,False,False,False,False,False,False,True,G,1494.0,P
9180_01,Mars,False,TRAPPIST-1e,37.0,False,False,False,False,False,False,False,F,1774.0,S
9181_01,Earth,False,TRAPPIST-1e,35.0,False,False,False,False,False,False,True,F,1775.0,S
9183_01,Europa,False,55 Cancri e,34.0,False,False,False,False,False,False,False,C,307.0,P
9184_01,Earth,False,TRAPPIST-1e,28.0,False,False,False,False,False,False,False,G,1480.0,S
9185_01,Earth,False,TRAPPIST-1e,43.0,False,False,False,False,False,False,True,E,588.0,P
9186_01,Mars,True,TRAPPIST-1e,2.0,False,False,False,False,False,False,True,F,1878.0,P
9188_01,Earth,False,TRAPPIST-1e,24.0,False,False,False,False,False,False,False,G,1481.0,S
9189_01,Earth,False,PSO J318.5-22,18.0,False,False,False,False,False,False,False,F,1777.0,S
9190_01,Earth,False,TRAPPIST-1e,21.0,False,False,False,False,False,False,True,F,1778.0,S
9192_01,Earth,False,PSO J318.5-22,24.0,False,False,False,False,False,False,True,F,1880.0,P
9193_01,Earth,False,PSO J318.5-22,35.0,False,False,False,False,False,False,False,G,1483.0,S
9194_01,Earth,False,55 Cancri e,53.0,False,False,False,False,False,False,False,E,603.0,S
9194_02,Europa,False,TRAPPIST-1e,32.0,True,True,True,True,True,True,False,E,603.0,S
9195_01,Mars,True,TRAPPIST-1e,44.0,False,False,False,False,False,False,True,F,1779.0,S
9195_02,Mars,True,TRAPPIST-1e,33.0,False,False,False,False,False,False,True,F,1779.0,S
9196_01,Europa,False,TRAPPIST-1e,40.0,False,False,False,False,False,False,True,C,339.0,S
9196_02,Europa,False,TRAPPIST-1e,31.0,False,False,False,False,False,False,True,C,339.0,S
9196_03,Europa,False,TRAPPIST-1e,23.0,False,False,False,False,False,False,False,C,339.0,S
9197_01,Europa,False,55 Cancri e,44.0,False,False,False,False,False,False,True,C,308.0,P
9197_02,Europa,False,TRAPPIST-1e,41.0,True,True,True,True,True,True,False,C,308.0,P
9197_03,Europa,False,TRAPPIST-1e,31.0,False,False,False,False,False,False,True,C,308.0,P
9197_04,Europa,False,55 Cancri e,30.0,False,False,False,False,False,False,False,C,308.0,P
9199_01,Europa,True,55 Cancri e,33.0,False,False,False,False,False,False,True,E,590.0,P
9201_01,Earth,False,PSO J318.5-22,30.0,False,False,False,False,False,False,True,G,1484.0,S
9202_01,Europa,False,TRAPPIST-1e,26.0,False,False,False,False,False,False,False,C,309.0,P
9203_01,Mars,True,55 Cancri e,22.0,False,False,False,False,False,False,True,F,1780.0,S
9205_01,Europa,True,55 Cancri e,37.0,False,False,False,False,False,False,True,B,300.0,P
9205_02,Europa,True,TRAPPIST-1e,15.0,False,False,False,False,False,False,True,B,300.0,P
9205_03,Europa,True,TRAPPIST-1e,52.0,False,False,False,False,False,False,True,B,300.0,P
9208_01,Earth,True,TRAPPIST-1e,35.0,False,False,False,False,False,False,True,G,1485.0,S
9208_02,Earth,False,TRAPPIST-1e,40.0,False,False,False,False,False,False,False,F,1782.0,S
9211_01,Earth,False,TRAPPIST-1e,60.0,False,False,False,False,False,False,False,G,1486.0,S
9213_01,Earth,False,TRAPPIST-1e,24.0,False,False,False,False,False,False,True,F,1884.0,P
9217_01,Earth,False,55 Cancri e,31.0,False,False,False,False,False,False,True,E,604.0,S
9218_01,Europa,True,55 Cancri e,43.0,False,False,False,False,False,False,True,B,353.0,S
9219_01,Earth,False,55 Cancri e,9.0,False,False,False,False,False,False,False,G,1487.0,S
9219_02,Earth,False,TRAPPIST-1e,51.0,False,False,False,False,False,False,True,F,1783.0,S
9220_01,Earth,False,TRAPPIST-1e,25.0,False,False,False,False,False,False,False,G,1496.0,P
9220_02,Earth,True,TRAPPIST-1e,20.0,False,False,False,False,False,False,True,G,1496.0,P
9220_03,Earth,False,PSO J318.5-22,22.0,False,False,False,False,False,False,True,F,1886.0,P
9221_01,Earth,True,TRAPPIST-1e,21.0,False,False,False,False,False,False,False,G,1497.0,P
9222_01,Mars,True,TRAPPIST-1e,50.0,False,False,False,False,False,False,True,F,1784.0,S
9224_01,Mars,False,TRAPPIST-1e,24.0,False,False,False,False,False,False,False,F,1786.0,S
9225_01,Earth,False,TRAPPIST-1e,45.0,False,False,False,False,False,False,False,F,1787.0,S
9226_01,Earth,False,TRAPPIST-1e,22.0,False,False,False,False,False,False,False,F,1788.0,S
9227_01,Earth,True,TRAPPIST-1e,7.0,False,False,False,False,False,False,False,G,1498.0,P
9227_02,Earth,True,PSO J318.5-22,11.0,False,False,False,False,False,False,True,G,1498.0,P
9227_03,Earth,True,PSO J318.5-22,1.0,False,False,False,False,False,False,True,G,1498.0,P
9227_04,Earth,True,TRAPPIST-1e,0.0,False,False,False,False,False,False,True,G,1498.0,P
9227_05,Earth,False,TRAPPIST-1e,8.0,False,False,False,False,False,False,False,G,1498.0,P
9230_01,Europa,False,TRAPPIST-1e,36.0,True,True,True,True,True,True,True,C,342.0,S
9231_01,Mars,True,55 Cancri e,2.0,False,False,False,False,False,False,True,F,1888.0,P
9231_02,Mars,False,TRAPPIST-1e,0.0,False,False,False,False,False,False,True,F,1888.0,P
9231_03,Mars,False,TRAPPIST-1e,22.0,False,False,False,False,False,False,False,E,592.0,P
9233_01,Earth,False,TRAPPIST-1e,41.0,False,False,False,False,False,False,True,F,427.0,S
9234_01,Earth,False,TRAPPIST-1e,49.0,False,False,False,False,False,False,False,G,1500.0,P
9235_01,Earth,False,TRAPPIST-1e,30.0,False,False,False,False,False,False,True,F,1789.0,S
9237_01,Earth,True,TRAPPIST-1e,37.0,False,False,False,False,False,False,False,G,1488.0,S
9239_01,Mars,False,TRAPPIST-1e,14.0,False,False,False,False,False,False,False,E,593.0,P
9241_01,Mars,False,TRAPPIST-1e,30.0,False,False,False,False,False,False,False,E,595.0,P
9242_01,Earth,False,TRAPPIST-1e,62.0,False,False,False,False,False,False,True,F,1891.0,P
9244_01,Earth,True,PSO J318.5-22,13.0,False,False,False,False,False,False,True,G,1489.0,S
9246_01,Earth,False,TRAPPIST-1e,32.0,False,False,False,False,False,False,True,G,1490.0,S
9247_01,Earth,True,TRAPPIST-1e,33.0,False,False,False,False,False,False,False,G,1491.0,S
9248_01,Earth,False,55 Cancri e,38.0,False,False,False,False,False,False,True,F,1792.0,S
9250_01,Europa,False,TRAPPIST-1e,29.0,False,False,False,False,False,False,True,E,597.0,P
9251_01,Mars,True,TRAPPIST-1e,25.0,False,False,False,False,False,False,True,F,1793.0,S
9252_01,Europa,False,55 Cancri e,26.0,False,False,False,False,False,False,True,B,301.0,P
9252_02,Europa,True,55 Cancri e,19.0,False,False,False,False,False,False,True,B,301.0,P
9253_01,Earth,True,PSO J318.5-22,16.0,False,False,False,False,False,False,True,G,1493.0,S
9254_01,Earth,True,PSO J318.5-22,61.0,False,False,False,False,False,False,False,G,1502.0,P
9256_01,Earth,True,TRAPPIST-1e,28.0,False,False,False,False,False,False,True,G,1494.0,S
9257_01,Earth,False,TRAPPIST-1e,13.0,False,False,False,False,False,False,False,F,1892.0,P
9259_01,Earth,False,TRAPPIST-1e,44.0,False,False,False,False,False,False,True,F,1893.0,P
9261_01,Earth,True,PSO J318.5-22,22.0,False,False,False,False,False,False,False,G,1504.0,P
9264_01,Europa,True,55 Cancri e,30.0,False,False,False,False,False,False,True,E,606.0,S
9267_01,Europa,True,TRAPPIST-1e,21.0,False,False,False,False,False,False,True,E,607.0,S
9267_02,Europa,True,TRAPPIST-1e,20.0,False,False,False,False,False,False,True,E,607.0,S
9268_01,Earth,True,TRAPPIST-1e,31.0,False,False,False,False,False,False,True,G,1505.0,P
9270_01,Earth,True,55 Cancri e,33.0,False,False,False,False,False,False,True,G,1497.0,S
9272_01,Earth,False,TRAPPIST-1e,26.0,False,False,False,False,False,False,True,G,1507.0,P
9272_02,Earth,False,TRAPPIST-1e,21.0,False,False,False,False,False,False,False,F,1894.0,P
9274_01,Earth,True,TRAPPIST-1e,23.0,False,False,False,False,False,False,True,G,1508.0,P
9275_01,Europa,False,TRAPPIST-1e,0.0,False,False,False,False,False,False,True,A,97.0,P
9275_02,Europa,False,TRAPPIST-1e,32.0,False,False,False,False,False,False,False,A,97.0,P
9275_03,Europa,False,TRAPPIST-1e,30.0,False,False,False,False,False,False,True,A,97.0,P
9276_01,Europa,False,55 Cancri e,41.0,True,True,True,True,True,True,False,A,98.0,P
9278_01,Earth,True,PSO J318.5-22,18.0,False,False,False,False,False,False,False,G,1499.0,S
9279_01,Earth,False,TRAPPIST-1e,26.0,False,False,False,False,False,False,True,G,1500.0,S
9280_01,Europa,False,55 Cancri e,32.0,False,False,False,False,False,False,False,E,608.0,S
9280_02,Europa,False,TRAPPIST-1e,44.0,False,False,False,False,False,False,True,E,608.0,S
