PassengerId,HomePlanet,CryoSleep,Destination,Age,VIP,RoomService,FoodCourt,ShoppingMall,Spa,VRDeck,Transported,deck,num,side
0013_01,Earth,True,TRAPPIST-1e,27.0,False,False,False,False,False,False,False,G,3.0,S
0018_01,Earth,False,TRAPPIST-1e,19.0,False,False,False,False,False,False,False,F,4.0,S
0019_01,Europa,True,55 Cancri e,31.0,False,False,False,False,False,False,False,C,0.0,S
0021_01,Europa,False,TRAPPIST-1e,38.0,False,False,False,False,False,False,False,C,1.0,S
0023_01,Earth,False,TRAPPIST-1e,20.0,False,False,False,False,False,False,False,F,5.0,S
0027_01,Earth,False,TRAPPIST-1e,31.0,False,False,False,False,False,False,False,F,7.0,P
0029_01,Europa,True,55 Cancri e,21.0,False,False,False,False,False,False,False,B,2.0,P
0032_01,Europa,True,TRAPPIST-1e,20.0,False,False,False,False,False,False,False,D,0.0,S
0032_02,Europa,True,55 Cancri e,23.0,False,False,False,False,False,False,False,D,0.0,S
0033_01,Earth,False,55 Cancri e,24.0,False,False,False,False,False,False,False,F,7.0,S
0037_01,Earth,False,TRAPPIST-1e,19.0,False,False,False,False,False,False,False,F,9.0,S
0040_01,Europa,False,TRAPPIST-1e,45.0,False,False,False,False,False,False,False,D,2.0,P
0040_02,Europa,False,TRAPPIST-1e,44.0,False,False,False,False,False,False,False,D,2.0,P
0042_01,Mars,True,TRAPPIST-1e,46.0,False,False,False,False,False,False,False,E,0.0,P
0046_01,Earth,False,TRAPPIST-1e,21.0,False,False,False,False,False,False,False,G,4.0,P
0046_02,Earth,False,TRAPPIST-1e,27.0,False,False,False,False,False,False,False,F,11.0,P
0046_03,Earth,False,TRAPPIST-1e,20.0,False,False,False,False,False,False,False,F,11.0,P
0047_01,Europa,True,TRAPPIST-1e,44.0,False,False,False,False,False,False,False,B,0.0,S
0047_02,Europa,False,TRAPPIST-1e,29.0,False,False,False,False,False,False,False,F,442.0,S
0047_03,Europa,False,TRAPPIST-1e,40.0,False,False,False,False,False,False,False,B,0.0,S
0048_01,Earth,False,TRAPPIST-1e,30.0,False,False,False,False,False,False,False,G,5.0,S
0049_01,Earth,False,TRAPPIST-1e,14.0,False,False,False,False,False,False,False,E,1.0,P
0054_01,Europa,True,55 Cancri e,31.0,False,False,False,False,False,False,False,B,4.0,P
0054_02,Europa,False,55 Cancri e,27.0,False,False,False,False,False,False,False,B,4.0,P
0054_03,Europa,False,55 Cancri e,66.0,False,False,False,False,False,False,False,B,4.0,P
0055_01,Earth,False,TRAPPIST-1e,24.0,False,False,False,False,False,False,False,G,5.0,P
0057_01,Europa,False,55 Cancri e,19.0,False,False,False,False,False,False,False,C,1.0,P
0059_01,Earth,True,TRAPPIST-1e,36.0,False,False,False,False,False,False,False,E,2.0,P
0060_01,Earth,False,TRAPPIST-1e,21.0,False,False,False,False,False,False,False,F,12.0,P
0063_01,Earth,True,55 Cancri e,18.0,False,False,False,False,False,False,False,G,8.0,S
0065_01,Earth,True,TRAPPIST-1e,26.0,False,False,False,False,False,False,False,G,9.0,S
0075_01,Earth,False,TRAPPIST-1e,19.0,False,False,False,False,False,False,False,G,11.0,S
0079_01,Earth,True,TRAPPIST-1e,48.0,False,False,False,False,False,False,False,G,12.0,S
0080_01,Earth,False,TRAPPIST-1e,23.0,False,False,False,False,False,False,False,G,7.0,P
0083_01,Earth,False,TRAPPIST-1e,24.0,False,False,False,False,False,False,False,G,8.0,P
0087_01,Earth,False,TRAPPIST-1e,19.0,False,False,False,False,False,False,False,E,3.0,P
0089_01,Mars,True,TRAPPIST-1e,24.0,False,False,False,False,False,False,False,F,19.0,S
0093_01,Earth,False,TRAPPIST-1e,27.0,False,False,False,False,False,False,False,G,10.0,P
0094_01,Earth,True,TRAPPIST-1e,6.0,False,False,False,False,False,False,False,G,17.0,S
0094_02,Earth,False,TRAPPIST-1e,33.0,False,False,False,False,False,False,False,F,21.0,S
0095_01,Earth,False,PSO J318.5-22,23.0,False,False,False,False,False,False,False,F,18.0,P
0096_01,Earth,False,PSO J318.5-22,30.0,False,False,False,False,False,False,False,F,22.0,S
0100_01,Earth,False,TRAPPIST-1e,26.0,False,False,False,False,False,False,False,G,13.0,P
0100_02,Earth,False,TRAPPIST-1e,1.0,False,False,False,False,False,False,False,G,13.0,P
0104_01,Earth,False,TRAPPIST-1e,20.0,False,False,False,False,False,False,False,F,25.0,S
0106_01,Earth,True,TRAPPIST-1e,17.0,False,False,False,False,False,False,False,F,26.0,S
0109_01,Earth,False,TRAPPIST-1e,34.0,False,False,False,False,False,False,False,F,22.0,P
0117_01,Earth,False,PSO J318.5-22,24.0,False,False,False,False,False,False,False,E,4.0,P
0118_01,Earth,False,TRAPPIST-1e,29.0,False,False,False,False,False,False,False,G,14.0,P
0121_01,Earth,False,TRAPPIST-1e,20.0,False,False,False,False,False,False,False,F,26.0,P
0124_01,Earth,True,55 Cancri e,5.0,False,False,False,False,False,False,False,G,15.0,P
0125_01,Europa,True,55 Cancri e,22.0,False,False,False,False,False,False,False,B,6.0,P
0125_02,Europa,False,TRAPPIST-1e,16.0,False,False,False,False,False,False,False,B,6.0,P
0130_01,Earth,True,55 Cancri e,7.0,False,False,False,False,False,False,False,G,16.0,P
0131_01,Earth,False,55 Cancri e,36.0,False,False,False,False,False,False,False,F,28.0,S
0132_01,Mars,False,55 Cancri e,26.0,False,False,False,False,False,False,False,D,4.0,S
0135_01,Earth,False,TRAPPIST-1e,40.0,False,False,False,False,False,False,False,F,28.0,P
0137_01,Earth,True,TRAPPIST-1e,29.0,False,False,False,False,False,False,False,G,24.0,S
0142_01,Mars,True,TRAPPIST-1e,2.0,False,False,False,False,False,False,False,F,30.0,S
0142_02,Mars,False,TRAPPIST-1e,23.0,False,False,False,False,False,False,False,F,30.0,S
0142_03,Mars,False,TRAPPIST-1e,0.0,False,False,False,False,False,False,False,F,30.0,S
0143_01,Europa,False,55 Cancri e,30.0,False,False,False,False,False,False,False,C,2.0,P
0145_01,Earth,False,TRAPPIST-1e,56.0,False,False,False,False,False,False,False,E,6.0,P
0150_01,Europa,True,TRAPPIST-1e,36.0,False,False,False,False,False,False,False,B,7.0,P
0150_02,Europa,True,TRAPPIST-1e,56.0,False,False,False,False,False,False,False,B,7.0,P
0153_01,Earth,False,TRAPPIST-1e,19.0,False,False,False,False,False,False,False,F,32.0,S
0154_01,Earth,True,PSO J318.5-22,39.0,False,False,False,False,False,False,False,G,21.0,P
0155_01,Mars,False,TRAPPIST-1e,38.0,False,False,False,False,False,False,False,F,33.0,P
0156_01,Mars,False,TRAPPIST-1e,26.0,False,False,False,False,False,False,False,F,34.0,P
0157_01,Europa,False,TRAPPIST-1e,35.0,False,False,False,False,False,False,False,A,1.0,P
0158_01,Earth,False,55 Cancri e,26.0,False,False,False,False,False,False,False,E,9.0,S
0158_02,Earth,False,TRAPPIST-1e,31.0,False,False,False,False,False,False,False,F,33.0,S
0159_01,Earth,False,TRAPPIST-1e,38.0,False,False,False,False,False,False,False,F,34.0,S
0161_01,Earth,False,55 Cancri e,27.0,False,False,False,False,False,False,False,F,35.0,P
0162_01,Mars,True,55 Cancri e,30.0,False,False,False,False,False,False,False,F,36.0,P
0166_01,Earth,False,TRAPPIST-1e,22.0,False,False,False,False,False,False,False,G,29.0,S
0168_01,Europa,True,TRAPPIST-1e,29.0,False,False,False,False,False,False,False,C,7.0,S
0175_01,Earth,True,TRAPPIST-1e,0.0,False,False,False,False,False,False,False,G,25.0,P
0175_02,Earth,False,55 Cancri e,8.0,False,False,False,False,False,False,False,G,25.0,P
0175_03,Earth,True,TRAPPIST-1e,3.0,False,False,False,False,False,False,False,G,25.0,P
0175_04,Earth,True,TRAPPIST-1e,27.0,False,False,False,False,False,False,False,G,25.0,P
0175_05,Earth,False,TRAPPIST-1e,9.0,False,False,False,False,False,False,False,G,25.0,P
0176_01,Earth,False,PSO J318.5-22,29.0,False,False,False,False,False,False,False,F,39.0,P
0180_01,Earth,False,TRAPPIST-1e,18.0,False,False,False,False,False,False,False,F,40.0,P
0184_01,Mars,False,TRAPPIST-1e,22.0,False,False,False,False,False,False,False,E,7.0,P
0185_01,Mars,False,TRAPPIST-1e,24.0,False,False,False,False,False,False,False,F,37.0,S
0187_01,Mars,True,55 Cancri e,25.0,False,False,False,False,False,False,False,F,38.0,S
0191_01,Earth,False,TRAPPIST-1e,36.0,False,False,False,False,False,False,False,F,39.0,S
0194_01,Europa,True,TRAPPIST-1e,14.0,False,False,False,False,False,False,False,C,4.0,P
0194_02,Europa,True,55 Cancri e,24.0,False,False,False,False,False,False,False,C,4.0,P
0194_03,Europa,False,55 Cancri e,26.0,True,True,True,True,True,True,False,C,4.0,P
0204_01,Earth,False,PSO J318.5-22,29.0,False,False,False,False,False,False,False,F,43.0,P
0208_01,Earth,False,TRAPPIST-1e,40.0,False,False,False,False,False,False,False,G,33.0,P
0209_01,Europa,False,TRAPPIST-1e,36.0,False,False,False,False,False,False,False,B,10.0,P
0214_01,Europa,False,TRAPPIST-1e,46.0,False,False,False,False,False,False,False,E,12.0,S
0214_02,Europa,False,TRAPPIST-1e,42.0,False,False,False,False,False,False,False,E,12.0,S
0215_01,Earth,True,TRAPPIST-1e,23.0,False,False,False,False,False,False,False,G,34.0,P
0218_01,Earth,False,TRAPPIST-1e,19.0,False,False,False,False,False,False,False,G,35.0,P
0226_01,Europa,False,55 Cancri e,25.0,False,False,False,False,False,False,False,D,7.0,S
0227_01,Earth,False,TRAPPIST-1e,22.0,False,False,False,False,False,False,False,F,442.0,S
0228_01,Europa,True,TRAPPIST-1e,35.0,False,False,False,False,False,False,False,B,4.0,S
0228_02,Europa,False,55 Cancri e,39.0,False,False,False,False,False,False,False,B,4.0,S
0228_03,Europa,True,55 Cancri e,42.0,False,False,False,False,False,False,False,B,4.0,S
0228_04,Europa,False,TRAPPIST-1e,35.0,False,False,False,False,False,False,False,B,4.0,S
0230_01,Earth,True,PSO J318.5-22,29.0,False,False,False,False,False,False,False,F,49.0,P
0230_02,Earth,False,TRAPPIST-1e,20.0,False,False,False,False,False,False,False,F,49.0,P
0235_01,Earth,True,TRAPPIST-1e,25.0,False,False,False,False,False,False,False,G,40.0,P
0236_01,Mars,True,TRAPPIST-1e,36.0,False,False,False,False,False,False,False,F,51.0,P
0238_01,Mars,False,TRAPPIST-1e,39.0,False,False,False,False,False,False,False,D,7.0,P
0247_01,Europa,True,55 Cancri e,23.0,False,False,False,False,False,False,False,D,9.0,P
0247_02,Europa,True,55 Cancri e,19.0,False,False,False,False,False,False,False,D,9.0,P
0249_01,Earth,False,TRAPPIST-1e,50.0,False,False,False,False,False,False,False,G,41.0,P
0256_01,Earth,False,PSO J318.5-22,41.0,False,False,False,False,False,False,False,F,48.0,S
0259_01,Mars,False,55 Cancri e,19.0,False,False,False,False,False,False,False,F,55.0,P
0262_01,Earth,False,TRAPPIST-1e,20.0,False,False,False,False,False,False,False,G,39.0,S
0264_01,Europa,True,55 Cancri e,19.0,False,False,False,False,False,False,False,B,5.0,S
0264_02,Europa,True,TRAPPIST-1e,38.0,False,False,False,False,False,False,False,B,5.0,S
0264_03,Europa,False,55 Cancri e,32.0,False,False,False,False,False,False,False,B,5.0,S
0266_01,Mars,False,TRAPPIST-1e,44.0,False,False,False,False,False,False,False,E,12.0,P
0266_02,Mars,False,TRAPPIST-1e,18.0,False,False,False,False,False,False,False,F,57.0,P
0268_01,Mars,False,TRAPPIST-1e,49.0,False,False,False,False,False,False,False,F,58.0,P
0268_02,Mars,False,55 Cancri e,23.0,False,False,False,False,False,False,False,E,13.0,P
0271_01,Earth,False,TRAPPIST-1e,31.0,False,False,False,False,False,False,False,G,44.0,P
0272_01,Mars,False,TRAPPIST-1e,55.0,False,False,False,False,False,False,False,D,10.0,P
0273_01,Mars,False,TRAPPIST-1e,60.0,False,False,False,False,False,False,False,F,60.0,P
0273_02,Mars,True,TRAPPIST-1e,20.0,False,False,False,False,False,False,False,F,60.0,P
0273_03,Mars,False,TRAPPIST-1e,34.0,False,False,False,False,False,False,False,E,14.0,P
0274_01,Mars,False,TRAPPIST-1e,14.0,False,False,False,False,False,False,False,E,17.0,S
0274_02,Mars,True,TRAPPIST-1e,26.0,False,False,False,False,False,False,False,E,17.0,S
0276_01,Europa,False,55 Cancri e,19.0,False,False,False,False,False,False,False,B,6.0,S
0276_02,Europa,True,TRAPPIST-1e,25.0,False,False,False,False,False,False,False,B,6.0,S
0279_01,Earth,False,55 Cancri e,42.0,False,False,False,False,False,False,False,F,62.0,P
0280_01,Earth,False,TRAPPIST-1e,18.0,False,False,False,False,False,False,False,F,53.0,S
0284_01,Mars,False,TRAPPIST-1e,50.0,False,False,False,False,False,False,False,E,15.0,P
0292_01,Earth,False,TRAPPIST-1e,26.0,False,False,False,False,False,False,False,F,56.0,S
0293_01,Europa,True,TRAPPIST-1e,47.0,False,False,False,False,False,False,False,F,442.0,S
0295_01,Earth,False,PSO J318.5-22,35.0,False,False,False,False,False,False,False,F,66.0,P
0296_01,Mars,False,55 Cancri e,58.0,False,False,False,False,False,False,False,F,57.0,S
0299_01,Earth,False,55 Cancri e,20.0,False,False,False,False,False,False,False,F,58.0,S
0300_01,Europa,False,TRAPPIST-1e,28.0,False,False,False,False,False,False,False,D,11.0,P
0308_01,Earth,True,PSO J318.5-22,12.0,False,False,False,False,False,False,False,G,48.0,P
0311_01,Earth,False,55 Cancri e,20.0,False,False,False,False,False,False,False,E,17.0,P
0312_01,Earth,True,TRAPPIST-1e,22.0,False,False,False,False,False,False,False,G,49.0,P
0317_01,Earth,False,TRAPPIST-1e,31.0,False,False,False,False,False,False,False,G,43.0,S
0318_01,Earth,True,PSO J318.5-22,24.0,False,False,False,False,False,False,False,G,52.0,P
0319_01,Mars,False,TRAPPIST-1e,17.0,False,False,False,False,False,False,False,E,18.0,P
0319_02,Mars,True,55 Cancri e,26.0,False,False,False,False,False,False,False,F,69.0,P
0323_01,Earth,True,55 Cancri e,18.0,False,False,False,False,False,False,False,F,442.0,S
0325_01,Earth,False,TRAPPIST-1e,48.0,False,False,False,False,False,False,False,G,54.0,P
0328_01,Earth,False,TRAPPIST-1e,38.0,False,False,False,False,False,False,False,F,71.0,P
0329_01,Europa,True,55 Cancri e,33.0,False,False,False,False,False,False,False,B,14.0,P
0332_01,Earth,True,TRAPPIST-1e,20.0,False,False,False,False,False,False,False,G,55.0,P
0335_01,Mars,False,TRAPPIST-1e,22.0,False,False,False,False,False,False,False,E,20.0,S
0339_01,Earth,False,TRAPPIST-1e,52.0,False,False,False,False,False,False,False,F,75.0,P
0339_02,Earth,False,55 Cancri e,15.0,False,False,False,False,False,False,False,F,75.0,P
0339_03,Earth,False,TRAPPIST-1e,25.0,False,False,False,False,False,False,False,F,75.0,P
0339_04,Earth,True,55 Cancri e,14.0,False,False,False,False,False,False,False,G,56.0,P
0339_05,Earth,True,55 Cancri e,26.0,False,False,False,False,False,False,False,G,56.0,P
0339_06,Earth,False,TRAPPIST-1e,16.0,False,False,False,False,False,False,False,F,75.0,P
0339_07,Earth,False,TRAPPIST-1e,48.0,False,False,False,False,False,False,False,G,56.0,P
0339_08,Earth,False,TRAPPIST-1e,36.0,False,False,False,False,False,False,False,F,75.0,P
0342_01,Earth,False,PSO J318.5-22,19.0,False,False,False,False,False,False,False,E,19.0,P
0342_02,Earth,True,PSO J318.5-22,43.0,False,False,False,False,False,False,False,G,58.0,P
0344_01,Europa,True,TRAPPIST-1e,32.0,False,False,False,False,False,False,False,C,8.0,P
0344_02,Europa,False,55 Cancri e,54.0,False,False,False,False,False,False,False,C,8.0,P
0349_01,Europa,False,TRAPPIST-1e,33.0,False,False,False,False,False,False,False,A,4.0,S
0349_02,Europa,True,TRAPPIST-1e,21.0,False,False,False,False,False,False,False,A,4.0,S
0349_03,Europa,False,TRAPPIST-1e,33.0,False,False,False,False,False,False,False,A,4.0,S
0349_04,Europa,True,55 Cancri e,28.0,False,False,False,False,False,False,False,A,4.0,S
0349_05,Europa,False,TRAPPIST-1e,23.0,False,False,False,False,False,False,False,A,4.0,S
0349_06,Europa,False,TRAPPIST-1e,26.0,False,False,False,False,False,False,False,A,4.0,S
0351_01,Mars,True,TRAPPIST-1e,41.0,False,False,False,False,False,False,False,F,77.0,P
0353_01,Earth,True,TRAPPIST-1e,2.0,False,False,False,False,False,False,False,G,61.0,P
0353_02,Earth,True,PSO J318.5-22,21.0,False,False,False,False,False,False,False,G,61.0,P
0354_01,Earth,False,PSO J318.5-22,70.0,False,False,False,False,False,False,False,F,79.0,P
0362_01,Earth,False,TRAPPIST-1e,20.0,False,False,False,False,False,False,False,F,80.0,P
0363_01,Earth,False,TRAPPIST-1e,31.0,False,False,False,False,False,False,False,E,22.0,S
0363_02,Earth,False,TRAPPIST-1e,8.0,False,False,False,False,False,False,False,E,22.0,S
0363_03,Earth,True,TRAPPIST-1e,5.0,False,False,False,False,False,False,False,E,22.0,S
0364_01,Mars,False,TRAPPIST-1e,45.0,False,False,False,False,False,False,False,F,81.0,P
0364_02,Mars,False,TRAPPIST-1e,37.0,False,False,False,False,False,False,False,F,442.0,S
0366_01,Earth,True,TRAPPIST-1e,24.0,False,False,False,False,False,False,False,G,52.0,S
0367_01,Europa,False,55 Cancri e,55.0,False,False,False,False,False,False,False,D,11.0,S
0374_01,Earth,False,TRAPPIST-1e,18.0,False,False,False,False,False,False,False,F,86.0,P
0374_02,Earth,False,TRAPPIST-1e,36.0,False,False,False,False,False,False,False,F,442.0,S
0386_01,Mars,False,TRAPPIST-1e,59.0,False,False,False,False,False,False,False,D,12.0,S
0390_01,Earth,True,TRAPPIST-1e,61.0,False,False,False,False,False,False,False,G,67.0,P
0393_01,Earth,False,55 Cancri e,46.0,False,False,False,False,False,False,False,G,58.0,S
0394_01,Mars,False,TRAPPIST-1e,29.0,False,False,False,False,False,False,False,F,87.0,P
0399_01,Earth,True,TRAPPIST-1e,18.0,False,False,False,False,False,False,False,G,68.0,P
0400_01,Europa,True,TRAPPIST-1e,20.0,False,False,False,False,False,False,False,C,10.0,P
0404_01,Mars,False,TRAPPIST-1e,28.0,False,False,False,False,False,False,False,F,88.0,P
0406_01,Earth,False,TRAPPIST-1e,26.0,False,False,False,False,False,False,False,F,70.0,S
0414_01,Earth,False,TRAPPIST-1e,32.0,False,False,False,False,False,False,False,F,93.0,P
0416_01,Earth,False,TRAPPIST-1e,18.0,False,False,False,False,False,False,False,E,23.0,S
0418_01,Earth,False,TRAPPIST-1e,50.0,False,False,False,False,False,False,False,F,94.0,P
0419_01,Earth,False,TRAPPIST-1e,47.0,False,False,False,False,False,False,False,G,70.0,P
0419_02,Earth,True,PSO J318.5-22,15.0,False,False,False,False,False,False,False,G,70.0,P
0419_03,Earth,True,TRAPPIST-1e,35.0,False,False,False,False,False,False,False,G,70.0,P
0420_01,Earth,False,TRAPPIST-1e,49.0,False,False,False,False,False,False,False,F,95.0,P
0421_01,Europa,False,55 Cancri e,32.0,False,False,False,False,False,False,False,C,12.0,P
0422_01,Earth,False,TRAPPIST-1e,63.0,False,False,False,False,False,False,False,G,61.0,S
0424_01,Mars,False,TRAPPIST-1e,54.0,False,False,False,False,False,False,False,F,73.0,S
0426_01,Earth,False,TRAPPIST-1e,21.0,False,False,False,False,False,False,False,F,74.0,S
0440_01,Mars,False,TRAPPIST-1e,38.0,False,False,False,False,False,False,False,D,14.0,P
0443_01,Mars,False,TRAPPIST-1e,50.0,False,False,False,False,False,False,False,E,24.0,S
0450_01,Earth,False,PSO J318.5-22,32.0,False,False,False,False,False,False,False,F,82.0,S
0451_01,Europa,True,55 Cancri e,33.0,False,False,False,False,False,False,False,C,17.0,S
0455_01,Europa,False,TRAPPIST-1e,30.0,False,False,False,False,False,False,False,D,16.0,P
0464_01,Earth,True,TRAPPIST-1e,28.0,False,False,False,False,False,False,False,G,68.0,S
0467_01,Mars,True,TRAPPIST-1e,22.0,False,False,False,False,False,False,False,D,17.0,P
0467_02,Mars,True,TRAPPIST-1e,26.0,False,False,False,False,False,False,False,D,17.0,P
0467_03,Mars,True,55 Cancri e,37.0,False,False,False,False,False,False,False,D,17.0,P
0467_04,Mars,False,TRAPPIST-1e,59.0,False,False,False,False,False,False,False,D,17.0,P
0469_01,Europa,False,TRAPPIST-1e,31.0,False,False,False,False,False,False,False,C,18.0,S
0473_01,Earth,False,TRAPPIST-1e,25.0,False,False,False,False,False,False,False,F,102.0,P
0478_01,Europa,False,TRAPPIST-1e,38.0,False,False,False,False,False,False,False,C,14.0,P
0478_02,Europa,True,55 Cancri e,37.0,False,False,False,False,False,False,False,C,14.0,P
0479_01,Europa,True,55 Cancri e,44.0,False,False,False,False,False,False,False,B,16.0,S
0483_01,Europa,True,TRAPPIST-1e,28.0,False,False,False,False,False,False,False,D,18.0,P
0483_02,Europa,False,TRAPPIST-1e,45.0,False,False,False,False,False,False,False,D,18.0,P
0484_01,Mars,True,55 Cancri e,53.0,False,False,False,False,False,False,False,F,104.0,P
0486_01,Earth,False,55 Cancri e,21.0,False,False,False,False,False,False,False,G,75.0,P
0489_01,Mars,True,TRAPPIST-1e,33.0,False,False,False,False,False,False,False,E,31.0,P
0489_02,Mars,True,TRAPPIST-1e,18.0,False,False,False,False,False,False,False,F,105.0,P
0491_01,Earth,False,PSO J318.5-22,37.0,False,False,False,False,False,False,False,F,106.0,P
0492_01,Mars,False,TRAPPIST-1e,34.0,False,False,False,False,False,False,False,D,17.0,S
0493_01,Earth,True,TRAPPIST-1e,46.0,False,False,False,False,False,False,False,G,72.0,S
0494_01,Europa,True,55 Cancri e,18.0,False,False,False,False,False,False,False,C,15.0,P
0494_02,Europa,False,TRAPPIST-1e,19.0,False,False,False,False,False,False,False,C,15.0,P
0495_01,Earth,True,TRAPPIST-1e,4.0,False,False,False,False,False,False,False,G,73.0,S
0495_02,Earth,True,TRAPPIST-1e,0.0,False,False,False,False,False,False,False,G,73.0,S
0495_03,Earth,True,TRAPPIST-1e,12.0,False,False,False,False,False,False,False,G,73.0,S
0495_04,Earth,False,TRAPPIST-1e,7.0,False,False,False,False,False,False,False,G,73.0,S
0495_05,Earth,False,TRAPPIST-1e,34.0,False,False,False,False,False,False,False,G,73.0,S
0495_06,Earth,False,TRAPPIST-1e,10.0,False,False,False,False,False,False,False,G,73.0,S
0496_01,Earth,False,55 Cancri e,0.0,False,False,False,False,False,False,False,G,77.0,P
0496_02,Earth,True,PSO J318.5-22,14.0,False,False,False,False,False,False,False,G,77.0,P
0497_01,Mars,True,TRAPPIST-1e,27.0,False,False,False,False,False,False,False,F,107.0,P
0505_01,Earth,False,TRAPPIST-1e,21.0,False,False,False,False,False,False,False,F,108.0,P
0508_01,Europa,False,55 Cancri e,37.0,False,False,False,False,False,False,False,D,20.0,P
0509_01,Earth,True,TRAPPIST-1e,29.0,False,False,False,False,False,False,False,F,442.0,S
0511_01,Earth,False,TRAPPIST-1e,17.0,False,False,False,False,False,False,False,G,76.0,S
0514_01,Earth,True,TRAPPIST-1e,17.0,False,False,False,False,False,False,False,G,79.0,P
0524_01,Europa,False,TRAPPIST-1e,35.0,False,False,False,False,False,False,False,T,0.0,S
0526_01,Earth,True,TRAPPIST-1e,34.0,False,False,False,False,False,False,False,G,80.0,P
0530_01,Europa,False,TRAPPIST-1e,17.0,False,False,False,False,False,False,False,B,21.0,S
0530_02,Europa,False,55 Cancri e,39.0,False,False,False,False,False,False,False,B,21.0,S
0530_03,Europa,True,55 Cancri e,56.0,False,False,False,False,False,False,False,B,21.0,S
0532_01,Europa,False,55 Cancri e,35.0,False,False,False,False,False,False,False,B,22.0,S
0532_02,Europa,True,TRAPPIST-1e,17.0,False,False,False,False,False,False,False,B,22.0,S
0535_01,Earth,False,PSO J318.5-22,29.0,False,False,False,False,False,False,False,E,34.0,S
0536_01,Mars,False,TRAPPIST-1e,15.0,False,False,False,False,False,False,False,F,94.0,S
0536_02,Mars,False,TRAPPIST-1e,37.0,False,False,False,False,False,False,False,E,35.0,S
0541_01,Europa,True,TRAPPIST-1e,36.0,False,False,False,False,False,False,False,B,23.0,S
0543_01,Earth,True,TRAPPIST-1e,36.0,False,False,False,False,False,False,False,G,85.0,P
0544_01,Europa,False,TRAPPIST-1e,18.0,False,False,False,False,False,False,False,C,20.0,S
0554_01,Mars,False,TRAPPIST-1e,61.0,False,False,False,False,False,False,False,F,112.0,P
0557_01,Mars,True,TRAPPIST-1e,45.0,False,False,False,False,False,False,False,F,113.0,P
0557_02,Mars,True,TRAPPIST-1e,21.0,False,False,False,False,False,False,False,F,113.0,P
0558_01,Earth,False,TRAPPIST-1e,65.0,False,False,False,False,False,False,False,F,101.0,S
0562_01,Mars,False,TRAPPIST-1e,27.0,False,False,False,False,False,False,False,F,104.0,S
0562_02,Mars,True,TRAPPIST-1e,13.0,False,False,False,False,False,False,False,F,104.0,S
0574_01,Mars,False,TRAPPIST-1e,32.0,False,False,False,False,False,False,False,F,442.0,S
0578_01,Earth,True,TRAPPIST-1e,17.0,False,False,False,False,False,False,False,G,84.0,S
0578_02,Earth,False,TRAPPIST-1e,44.0,False,False,False,False,False,False,False,G,84.0,S
0584_01,Earth,True,TRAPPIST-1e,21.0,False,False,False,False,False,False,False,G,88.0,P
0584_02,Earth,False,TRAPPIST-1e,16.0,False,False,False,False,False,False,False,F,119.0,P
0592_01,Earth,False,TRAPPIST-1e,41.0,False,False,False,False,False,False,False,F,122.0,P
0595_01,Earth,True,TRAPPIST-1e,40.0,False,False,False,False,False,False,False,G,88.0,S
0601_01,Earth,False,TRAPPIST-1e,16.0,False,False,False,False,False,False,False,G,92.0,P
0604_01,Earth,False,TRAPPIST-1e,17.0,False,False,False,False,False,False,False,F,127.0,P
0605_01,Earth,False,TRAPPIST-1e,40.0,False,False,False,False,False,False,False,F,110.0,S
0606_01,Earth,True,PSO J318.5-22,37.0,False,False,False,False,False,False,False,G,93.0,P
0613_01,Europa,True,TRAPPIST-1e,53.0,False,False,False,False,False,False,False,B,26.0,P
0613_02,Europa,True,TRAPPIST-1e,42.0,False,False,False,False,False,False,False,B,26.0,P
0616_01,Earth,False,TRAPPIST-1e,31.0,False,False,False,False,False,False,False,E,40.0,S
0617_01,Mars,False,TRAPPIST-1e,18.0,False,False,False,False,False,False,False,F,130.0,P
0620_01,Mars,False,TRAPPIST-1e,51.0,True,True,True,True,True,True,False,F,132.0,P
0620_02,Mars,False,TRAPPIST-1e,20.0,False,False,False,False,False,False,False,F,132.0,P
0620_03,Mars,False,55 Cancri e,19.0,False,False,False,False,False,False,False,F,132.0,P
0621_01,Earth,False,TRAPPIST-1e,22.0,False,False,False,False,False,False,False,E,41.0,S
0622_01,Europa,False,55 Cancri e,41.0,False,False,False,False,False,False,False,B,27.0,P
0624_01,Europa,False,TRAPPIST-1e,28.0,False,False,False,False,False,False,False,E,42.0,S
0625_01,Mars,True,55 Cancri e,0.0,False,False,False,False,False,False,False,F,111.0,S
0625_02,Mars,True,TRAPPIST-1e,42.0,False,False,False,False,False,False,False,F,111.0,S
0625_03,Mars,True,55 Cancri e,20.0,False,False,False,False,False,False,False,F,111.0,S
0626_01,Europa,True,55 Cancri e,25.0,False,False,False,False,False,False,False,B,24.0,S
0626_02,Europa,True,TRAPPIST-1e,22.0,False,False,False,False,False,False,False,B,24.0,S
0626_03,Europa,False,TRAPPIST-1e,25.0,True,True,True,True,True,True,False,D,21.0,S
0627_01,Mars,False,TRAPPIST-1e,45.0,False,False,False,False,False,False,False,D,22.0,S
0632_01,Earth,False,TRAPPIST-1e,19.0,False,False,False,False,False,False,False,F,134.0,P
0632_02,Earth,False,PSO J318.5-22,16.0,False,False,False,False,False,False,False,E,37.0,P
0632_03,Earth,True,TRAPPIST-1e,18.0,False,False,False,False,False,False,False,G,97.0,P
0640_01,Europa,True,TRAPPIST-1e,38.0,False,False,False,False,False,False,False,D,26.0,P
0640_02,Europa,True,55 Cancri e,27.0,False,False,False,False,False,False,False,D,26.0,P
0648_01,Mars,False,55 Cancri e,36.0,False,False,False,False,False,False,False,D,27.0,P
0648_02,Mars,False,TRAPPIST-1e,21.0,False,False,False,False,False,False,False,D,27.0,P
0649_01,Earth,False,TRAPPIST-1e,1.0,False,False,False,False,False,False,False,G,99.0,P
0651_01,Europa,True,TRAPPIST-1e,25.0,False,False,False,False,False,False,False,D,28.0,P
0652_01,Earth,True,PSO J318.5-22,3.0,False,False,False,False,False,False,False,G,96.0,S
0652_02,Earth,False,TRAPPIST-1e,7.0,False,False,False,False,False,False,False,G,96.0,S
0652_03,Earth,False,TRAPPIST-1e,0.0,False,False,False,False,False,False,False,G,96.0,S
0652_04,Earth,False,TRAPPIST-1e,32.0,False,False,False,False,False,False,False,F,116.0,S
0652_05,Earth,False,55 Cancri e,5.0,False,False,False,False,False,False,False,G,96.0,S
0654_01,Earth,False,TRAPPIST-1e,79.0,False,False,False,False,False,False,False,G,100.0,P
0662_01,Earth,False,TRAPPIST-1e,19.0,False,False,False,False,False,False,False,F,139.0,P
0666_01,Earth,True,TRAPPIST-1e,30.0,False,False,False,False,False,False,False,G,100.0,S
0666_02,Earth,False,TRAPPIST-1e,13.0,False,False,False,False,False,False,False,F,119.0,S
0667_01,Mars,False,TRAPPIST-1e,53.0,False,False,False,False,False,False,False,D,29.0,P
0670_01,Mars,False,TRAPPIST-1e,40.0,False,False,False,False,False,False,False,E,40.0,P
0670_02,Mars,False,TRAPPIST-1e,32.0,False,False,False,False,False,False,False,E,40.0,P
0673_01,Earth,True,55 Cancri e,31.0,False,False,False,False,False,False,False,G,104.0,P
0675_01,Earth,False,TRAPPIST-1e,63.0,False,False,False,False,False,False,False,E,47.0,S
0676_01,Mars,False,TRAPPIST-1e,18.0,False,False,False,False,False,False,False,F,120.0,S
0681_01,Earth,True,TRAPPIST-1e,21.0,False,False,False,False,False,False,False,G,106.0,P
0692_01,Earth,False,TRAPPIST-1e,14.0,False,False,False,False,False,False,False,F,124.0,S
0694_01,Earth,True,PSO J318.5-22,41.0,False,False,False,False,False,False,False,G,105.0,S
0695_01,Earth,True,55 Cancri e,40.0,False,False,False,False,False,False,False,G,106.0,S
0698_01,Earth,False,TRAPPIST-1e,58.0,False,False,False,False,False,False,False,F,125.0,S
0700_01,Earth,False,TRAPPIST-1e,22.0,False,False,False,False,False,False,False,F,148.0,P
0706_01,Earth,True,55 Cancri e,13.0,False,False,False,False,False,False,False,G,108.0,P
0708_01,Europa,True,TRAPPIST-1e,16.0,False,False,False,False,False,False,False,B,29.0,P
0708_02,Europa,True,55 Cancri e,13.0,False,False,False,False,False,False,False,B,29.0,P
0711_01,Mars,False,TRAPPIST-1e,15.0,False,False,False,False,False,False,False,F,128.0,S
0716_01,Mars,False,TRAPPIST-1e,42.0,False,False,False,False,False,False,False,E,51.0,S
0717_01,Europa,True,TRAPPIST-1e,24.0,False,False,False,False,False,False,False,B,31.0,P
0717_02,Europa,False,55 Cancri e,19.0,False,False,False,False,False,False,False,B,31.0,P
0717_03,Europa,True,TRAPPIST-1e,26.0,False,False,False,False,False,False,False,B,31.0,P
0717_04,Europa,True,TRAPPIST-1e,29.0,False,False,False,False,False,False,False,B,31.0,P
0717_05,Europa,False,TRAPPIST-1e,15.0,False,False,False,False,False,False,False,B,31.0,P
0717_06,Europa,False,TRAPPIST-1e,38.0,False,False,False,False,False,False,False,B,31.0,P
0717_07,Europa,True,55 Cancri e,49.0,False,False,False,False,False,False,False,B,31.0,P
0720_01,Mars,True,TRAPPIST-1e,20.0,False,False,False,False,False,False,False,F,129.0,S
0720_02,Mars,False,TRAPPIST-1e,26.0,False,False,False,False,False,False,False,E,52.0,S
0720_03,Mars,False,TRAPPIST-1e,19.0,False,False,False,False,False,False,False,D,26.0,S
0721_01,Earth,False,TRAPPIST-1e,46.0,False,False,False,False,False,False,False,F,130.0,S
0722_01,Mars,False,TRAPPIST-1e,21.0,False,False,False,False,False,False,False,F,151.0,P
0723_01,Earth,False,55 Cancri e,29.0,False,False,False,False,False,False,False,F,131.0,S
0725_01,Earth,True,PSO J318.5-22,26.0,False,False,False,False,False,False,False,G,110.0,P
0730_01,Earth,False,TRAPPIST-1e,44.0,False,False,False,False,False,False,False,F,135.0,S
0731_01,Earth,False,TRAPPIST-1e,19.0,False,False,False,False,False,False,False,F,136.0,S
0731_02,Earth,False,TRAPPIST-1e,29.0,False,False,False,False,False,False,False,F,136.0,S
0735_01,Mars,False,TRAPPIST-1e,25.0,False,False,False,False,False,False,False,F,155.0,P
0739_01,Earth,False,TRAPPIST-1e,41.0,False,False,False,False,False,False,False,F,442.0,S
0741_01,Earth,False,55 Cancri e,19.0,False,False,False,False,False,False,False,F,137.0,S
0742_01,Mars,False,TRAPPIST-1e,33.0,False,False,False,False,False,False,False,E,54.0,S
0742_02,Mars,True,TRAPPIST-1e,25.0,False,False,False,False,False,False,False,F,138.0,S
0744_01,Europa,True,55 Cancri e,44.0,False,False,False,False,False,False,False,B,26.0,S
0745_01,Earth,False,TRAPPIST-1e,21.0,False,False,False,False,False,False,False,E,45.0,P
0747_01,Mars,False,TRAPPIST-1e,32.0,False,False,False,False,False,False,False,F,158.0,P
0748_01,Mars,True,TRAPPIST-1e,33.0,False,False,False,False,False,False,False,F,139.0,S
0748_02,Mars,False,TRAPPIST-1e,32.0,False,False,False,False,False,False,False,F,139.0,S
0749_01,Mars,True,TRAPPIST-1e,19.0,False,False,False,False,False,False,False,F,159.0,P
0751_01,Mars,True,TRAPPIST-1e,21.0,False,False,False,False,False,False,False,F,141.0,S
0752_01,Earth,True,TRAPPIST-1e,23.0,False,False,False,False,False,False,False,G,113.0,S
0755_01,Europa,False,55 Cancri e,31.0,False,False,False,False,False,False,False,D,32.0,P
0758_01,Europa,False,TRAPPIST-1e,22.0,False,False,False,False,False,False,False,C,29.0,S
0758_02,Europa,True,55 Cancri e,74.0,False,False,False,False,False,False,False,F,442.0,S
0758_03,Europa,False,TRAPPIST-1e,53.0,False,False,False,False,False,False,False,C,29.0,S
0759_01,Europa,True,55 Cancri e,40.0,False,False,False,False,False,False,False,C,25.0,P
0759_02,Europa,False,55 Cancri e,23.0,False,False,False,False,False,False,False,C,25.0,P
0759_03,Europa,True,TRAPPIST-1e,36.0,False,False,False,False,False,False,False,C,25.0,P
0760_01,Earth,False,TRAPPIST-1e,18.0,False,False,False,False,False,False,False,F,160.0,P
0763_01,Europa,True,TRAPPIST-1e,29.0,False,False,False,False,False,False,False,C,30.0,S
0763_02,Europa,False,TRAPPIST-1e,48.0,False,False,False,False,False,False,False,C,30.0,S
0766_01,Mars,True,TRAPPIST-1e,34.0,False,False,False,False,False,False,False,E,55.0,S
0774_01,Europa,False,TRAPPIST-1e,34.0,False,False,False,False,False,False,False,C,27.0,P
0774_02,Europa,False,55 Cancri e,27.0,False,False,False,False,False,False,False,B,33.0,P
0774_03,Europa,False,TRAPPIST-1e,44.0,False,False,False,False,False,False,False,B,33.0,P
0775_01,Europa,False,TRAPPIST-1e,0.0,False,False,False,False,False,False,False,C,31.0,S
0775_02,Europa,True,TRAPPIST-1e,1.0,False,False,False,False,False,False,False,C,31.0,S
0775_03,Europa,True,TRAPPIST-1e,18.0,False,False,False,False,False,False,False,C,31.0,S
0775_04,Europa,False,TRAPPIST-1e,23.0,False,False,False,False,False,False,False,C,31.0,S
0775_05,Europa,False,TRAPPIST-1e,26.0,False,False,False,False,False,False,False,C,31.0,S
0775_06,Europa,True,55 Cancri e,46.0,False,False,False,False,False,False,False,C,31.0,S
0778_01,Europa,True,TRAPPIST-1e,41.0,False,False,False,False,False,False,False,C,32.0,S
0778_02,Europa,False,55 Cancri e,25.0,False,False,False,False,False,False,False,C,32.0,S
0780_01,Mars,True,TRAPPIST-1e,50.0,False,False,False,False,False,False,False,D,27.0,S
0783_01,Earth,False,TRAPPIST-1e,28.0,False,False,False,False,False,False,False,F,164.0,P
0792_01,Earth,True,PSO J318.5-22,17.0,False,False,False,False,False,False,False,G,116.0,P
0800_01,Europa,False,55 Cancri e,29.0,True,True,True,True,True,True,False,C,34.0,S
0801_01,Mars,True,TRAPPIST-1e,19.0,False,False,False,False,False,False,False,F,167.0,P
0803_01,Earth,False,55 Cancri e,34.0,False,False,False,False,False,False,False,G,118.0,P
0804_01,Europa,True,55 Cancri e,28.0,False,False,False,False,False,False,False,C,28.0,P
0807_01,Mars,False,TRAPPIST-1e,47.0,False,False,False,False,False,False,False,F,150.0,S
0810_01,Mars,False,TRAPPIST-1e,28.0,False,False,False,False,False,False,False,F,168.0,P
0812_01,Mars,True,TRAPPIST-1e,38.0,False,False,False,False,False,False,False,E,58.0,S
0814_01,Mars,False,TRAPPIST-1e,22.0,True,True,True,True,True,True,False,F,153.0,S
0821_01,Mars,False,55 Cancri e,18.0,False,False,False,False,False,False,False,F,155.0,S
0827_01,Europa,False,TRAPPIST-1e,21.0,False,False,False,False,False,False,False,A,7.0,P
0827_02,Europa,False,TRAPPIST-1e,40.0,False,False,False,False,False,False,False,A,7.0,P
0827_03,Europa,True,55 Cancri e,67.0,False,False,False,False,False,False,False,A,7.0,P
0831_01,Earth,False,PSO J318.5-22,39.0,False,False,False,False,False,False,False,F,172.0,P
0832_01,Earth,True,PSO J318.5-22,19.0,False,False,False,False,False,False,False,G,122.0,P
0837_01,Europa,True,TRAPPIST-1e,28.0,False,False,False,False,False,False,False,D,34.0,P
0837_02,Europa,False,55 Cancri e,29.0,False,False,False,False,False,False,False,D,34.0,P
0838_01,Mars,True,TRAPPIST-1e,22.0,False,False,False,False,False,False,False,E,46.0,P
0838_02,Mars,False,TRAPPIST-1e,23.0,False,False,False,False,False,False,False,D,35.0,P
0841_01,Earth,False,PSO J318.5-22,41.0,False,False,False,False,False,False,False,F,174.0,P
0842_01,Mars,True,TRAPPIST-1e,25.0,False,False,False,False,False,False,False,E,47.0,P
0843_01,Earth,True,PSO J318.5-22,43.0,False,False,False,False,False,False,False,G,124.0,P
0844_01,Mars,True,TRAPPIST-1e,54.0,False,False,False,False,False,False,False,E,61.0,S
0847_01,Earth,False,TRAPPIST-1e,14.0,False,False,False,False,False,False,False,F,161.0,S
0852_01,Europa,True,TRAPPIST-1e,69.0,False,False,False,False,False,False,False,D,29.0,S
0854_01,Earth,True,PSO J318.5-22,24.0,False,False,False,False,False,False,False,G,126.0,S
0855_01,Europa,False,TRAPPIST-1e,37.0,False,False,False,False,False,False,False,B,33.0,S
0856_01,Earth,False,TRAPPIST-1e,28.0,False,False,False,False,False,False,False,F,177.0,P
0857_01,Europa,False,55 Cancri e,59.0,False,False,False,False,False,False,False,B,34.0,S
0858_01,Mars,False,TRAPPIST-1e,20.0,False,False,False,False,False,False,False,D,36.0,P
0858_02,Mars,True,TRAPPIST-1e,23.0,False,False,False,False,False,False,False,F,178.0,P
0861_01,Earth,False,TRAPPIST-1e,59.0,False,False,False,False,False,False,False,G,128.0,S
0862_01,Earth,True,TRAPPIST-1e,20.0,False,False,False,False,False,False,False,G,125.0,P
0864_01,Mars,False,TRAPPIST-1e,36.0,False,False,False,False,False,False,False,D,30.0,S
0864_02,Mars,True,TRAPPIST-1e,43.0,False,False,False,False,False,False,False,F,162.0,S
0864_03,Mars,True,TRAPPIST-1e,9.0,False,False,False,False,False,False,False,F,162.0,S
0866_01,Mars,True,TRAPPIST-1e,32.0,False,False,False,False,False,False,False,F,179.0,P
0872_01,Earth,False,TRAPPIST-1e,24.0,False,False,False,False,False,False,False,E,63.0,S
0880_01,Mars,True,PSO J318.5-22,14.0,False,False,False,False,False,False,False,E,50.0,P
0880_02,Mars,True,TRAPPIST-1e,45.0,False,False,False,False,False,False,False,E,50.0,P
0882_01,Earth,False,TRAPPIST-1e,23.0,False,False,False,False,False,False,False,G,132.0,S
0884_01,Earth,False,TRAPPIST-1e,59.0,False,False,False,False,False,False,False,G,128.0,P
0884_02,Earth,False,TRAPPIST-1e,28.0,False,False,False,False,False,False,False,F,442.0,S
0886_01,Mars,False,TRAPPIST-1e,61.0,False,False,False,False,False,False,False,F,182.0,P
0886_02,Mars,True,TRAPPIST-1e,52.0,False,False,False,False,False,False,False,F,182.0,P
0886_03,Mars,True,TRAPPIST-1e,5.0,False,False,False,False,False,False,False,F,182.0,P
0887_01,Europa,False,TRAPPIST-1e,51.0,False,False,False,False,False,False,False,C,31.0,P
0887_02,Europa,False,TRAPPIST-1e,26.0,False,False,False,False,False,False,False,C,31.0,P
0888_01,Mars,False,TRAPPIST-1e,44.0,False,False,False,False,False,False,False,D,37.0,P
0888_02,Mars,False,TRAPPIST-1e,46.0,False,False,False,False,False,False,False,F,183.0,P
0891_01,Mars,False,TRAPPIST-1e,32.0,False,False,False,False,False,False,False,D,33.0,S
0892_01,Europa,True,TRAPPIST-1e,17.0,False,False,False,False,False,False,False,C,36.0,S
0892_02,Europa,True,55 Cancri e,21.0,False,False,False,False,False,False,False,C,36.0,S
0892_03,Europa,True,55 Cancri e,52.0,False,False,False,False,False,False,False,C,36.0,S
0894_01,Europa,True,55 Cancri e,52.0,False,False,False,False,False,False,False,C,37.0,S
0895_01,Earth,False,TRAPPIST-1e,14.0,False,False,False,False,False,False,False,F,185.0,P
0896_01,Earth,False,TRAPPIST-1e,21.0,False,False,False,False,False,False,False,F,186.0,P
0897_01,Europa,True,55 Cancri e,42.0,False,False,False,False,False,False,False,B,36.0,S
0897_02,Europa,True,TRAPPIST-1e,28.0,False,False,False,False,False,False,False,B,36.0,S
0900_01,Earth,True,PSO J318.5-22,26.0,False,False,False,False,False,False,False,G,131.0,P
0908_01,Earth,True,TRAPPIST-1e,7.0,False,False,False,False,False,False,False,G,136.0,S
0909_01,Mars,False,TRAPPIST-1e,14.0,False,False,False,False,False,False,False,F,169.0,S
0909_02,Mars,True,TRAPPIST-1e,3.0,False,False,False,False,False,False,False,F,169.0,S
0909_03,Mars,True,TRAPPIST-1e,26.0,False,False,False,False,False,False,False,F,169.0,S
0914_01,Europa,False,55 Cancri e,54.0,False,False,False,False,False,False,False,E,64.0,S
0916_01,Earth,False,TRAPPIST-1e,55.0,False,False,False,False,False,False,False,G,132.0,P
0917_01,Mars,False,TRAPPIST-1e,16.0,False,False,False,False,False,False,False,E,65.0,S
0920_01,Europa,False,TRAPPIST-1e,38.0,False,False,False,False,False,False,False,C,34.0,P
0929_01,Earth,False,TRAPPIST-1e,48.0,False,False,False,False,False,False,False,G,141.0,S
0934_01,Earth,False,55 Cancri e,13.0,False,False,False,False,False,False,False,G,142.0,S
0936_01,Earth,False,TRAPPIST-1e,20.0,False,False,False,False,False,False,False,F,171.0,S
0937_01,Mars,True,TRAPPIST-1e,18.0,False,False,False,False,False,False,False,E,52.0,P
0943_01,Mars,True,TRAPPIST-1e,45.0,False,False,False,False,False,False,False,F,197.0,P
0943_02,Mars,True,TRAPPIST-1e,5.0,False,False,False,False,False,False,False,F,197.0,P
0943_03,Mars,False,55 Cancri e,42.0,False,False,False,False,False,False,False,F,197.0,P
0945_01,Mars,False,55 Cancri e,50.0,False,False,False,False,False,False,False,E,69.0,S
0945_02,Mars,False,TRAPPIST-1e,21.0,False,False,False,False,False,False,False,F,173.0,S
0948_01,Earth,False,TRAPPIST-1e,22.0,False,False,False,False,False,False,False,G,139.0,P
0950_01,Mars,True,TRAPPIST-1e,23.0,False,False,False,False,False,False,False,F,174.0,S
0954_01,Earth,False,PSO J318.5-22,22.0,False,False,False,False,False,False,False,F,200.0,P
0958_01,Earth,False,TRAPPIST-1e,21.0,False,False,False,False,False,False,False,F,176.0,S
0959_01,Earth,False,PSO J318.5-22,24.0,False,False,False,False,False,False,False,E,71.0,S
0962_01,Earth,False,TRAPPIST-1e,24.0,False,False,False,False,False,False,False,F,177.0,S
0963_01,Europa,True,TRAPPIST-1e,42.0,False,False,False,False,False,False,False,D,34.0,S
0967_01,Earth,False,TRAPPIST-1e,19.0,False,False,False,False,False,False,False,F,180.0,S
0973_01,Earth,False,TRAPPIST-1e,32.0,False,False,False,False,False,False,False,G,144.0,P
0974_01,Earth,False,TRAPPIST-1e,35.0,False,False,False,False,False,False,False,E,55.0,P
0977_01,Earth,True,PSO J318.5-22,19.0,False,False,False,False,False,False,False,G,147.0,S
0980_01,Earth,False,TRAPPIST-1e,55.0,False,False,False,False,False,False,False,F,181.0,S
0981_01,Earth,False,TRAPPIST-1e,35.0,False,False,False,False,False,False,False,G,148.0,S
0981_02,Earth,True,TRAPPIST-1e,63.0,False,False,False,False,False,False,False,G,148.0,S
0986_01,Europa,False,TRAPPIST-1e,66.0,False,False,False,False,False,False,False,B,37.0,P
0986_02,Europa,True,55 Cancri e,45.0,False,False,False,False,False,False,False,B,37.0,P
0996_01,Earth,False,PSO J318.5-22,20.0,False,False,False,False,False,False,False,F,205.0,P
0999_01,Earth,True,PSO J318.5-22,21.0,False,False,False,False,False,False,False,G,147.0,P
0999_02,Earth,False,TRAPPIST-1e,51.0,False,False,False,False,False,False,False,G,147.0,P
1003_01,Earth,False,TRAPPIST-1e,13.0,False,False,False,False,False,False,False,G,155.0,S
1007_01,Earth,False,TRAPPIST-1e,24.0,False,False,False,False,False,False,False,G,157.0,S
1009_01,Mars,False,TRAPPIST-1e,28.0,False,False,False,False,False,False,False,F,206.0,P
1010_01,Mars,True,TRAPPIST-1e,52.0,False,False,False,False,False,False,False,F,188.0,S
1016_01,Europa,False,55 Cancri e,32.0,False,False,False,False,False,False,False,A,12.0,S
1021_01,Earth,False,TRAPPIST-1e,23.0,False,False,False,False,False,False,False,F,192.0,S
1023_01,Mars,True,TRAPPIST-1e,37.0,False,False,False,False,False,False,False,F,193.0,S
1028_01,Earth,True,PSO J318.5-22,35.0,False,False,False,False,False,False,False,G,160.0,S
1037_01,Earth,True,TRAPPIST-1e,46.0,False,False,False,False,False,False,False,G,162.0,S
1039_01,Earth,False,TRAPPIST-1e,33.0,False,False,False,False,False,False,False,F,195.0,S
1042_01,Europa,False,55 Cancri e,34.0,True,True,True,True,True,True,False,A,8.0,P
1044_01,Earth,False,TRAPPIST-1e,51.0,False,False,False,False,False,False,False,G,165.0,S
1050_01,Earth,True,TRAPPIST-1e,26.0,False,False,False,False,False,False,False,G,157.0,P
1055_01,Earth,False,TRAPPIST-1e,27.0,False,False,False,False,False,False,False,G,158.0,P
1059_01,Europa,True,55 Cancri e,22.0,False,False,False,False,False,False,False,C,40.0,P
1059_02,Europa,True,55 Cancri e,33.0,False,False,False,False,False,False,False,C,40.0,P
1061_01,Europa,True,55 Cancri e,31.0,False,False,False,False,False,False,False,C,41.0,P
1064_01,Earth,False,TRAPPIST-1e,16.0,False,False,False,False,False,False,False,E,59.0,P
1064_02,Earth,False,55 Cancri e,6.0,False,False,False,False,False,False,False,G,159.0,P
1067_01,Earth,False,PSO J318.5-22,18.0,False,False,False,False,False,False,False,F,203.0,S
1069_01,Europa,True,55 Cancri e,30.0,False,False,False,False,False,False,False,D,40.0,P
1070_01,Earth,False,TRAPPIST-1e,24.0,False,False,False,False,False,False,False,F,221.0,P
1072_01,Earth,True,PSO J318.5-22,57.0,False,False,False,False,False,False,False,G,160.0,P
1072_02,Earth,True,TRAPPIST-1e,24.0,False,False,False,False,False,False,False,G,160.0,P
1072_03,Earth,False,TRAPPIST-1e,23.0,False,False,False,False,False,False,False,G,160.0,P
1072_04,Earth,False,TRAPPIST-1e,40.0,False,False,False,False,False,False,False,G,160.0,P
1072_05,Earth,False,55 Cancri e,21.0,False,False,False,False,False,False,False,G,160.0,P
1072_06,Earth,False,TRAPPIST-1e,17.0,False,False,False,False,False,False,False,G,160.0,P
1072_07,Earth,True,55 Cancri e,25.0,False,False,False,False,False,False,False,G,160.0,P
1072_08,Earth,True,TRAPPIST-1e,34.0,False,False,False,False,False,False,False,G,160.0,P
1073_01,Earth,False,TRAPPIST-1e,18.0,False,False,False,False,False,False,False,G,168.0,S
1074_01,Earth,False,TRAPPIST-1e,8.0,False,False,False,False,False,False,False,E,75.0,S
1074_02,Earth,True,PSO J318.5-22,14.0,False,False,False,False,False,False,False,E,75.0,S
1081_01,Earth,False,TRAPPIST-1e,16.0,False,False,False,False,False,False,False,G,164.0,P
1087_01,Mars,False,TRAPPIST-1e,22.0,False,False,False,False,False,False,False,F,222.0,P
1090_01,Europa,True,TRAPPIST-1e,21.0,False,False,False,False,False,False,False,B,42.0,S
1090_02,Europa,False,55 Cancri e,23.0,False,False,False,False,False,False,False,B,42.0,S
1092_01,Earth,True,55 Cancri e,26.0,False,False,False,False,False,False,False,G,167.0,P
1098_01,Mars,False,TRAPPIST-1e,18.0,False,False,False,False,False,False,False,D,37.0,S
1101_01,Earth,False,TRAPPIST-1e,72.0,False,False,False,False,False,False,False,G,171.0,S
1103_01,Mars,False,TRAPPIST-1e,18.0,False,False,False,False,False,False,False,F,228.0,P
1104_01,Europa,True,55 Cancri e,24.0,False,False,False,False,False,False,False,C,41.0,S
1106_01,Mars,False,TRAPPIST-1e,36.0,False,False,False,False,False,False,False,F,209.0,S
1106_02,Mars,True,TRAPPIST-1e,13.0,False,False,False,False,False,False,False,F,209.0,S
1107_01,Earth,False,TRAPPIST-1e,19.0,False,False,False,False,False,False,False,F,210.0,S
1109_01,Earth,False,PSO J318.5-22,28.0,False,False,False,False,False,False,False,F,212.0,S
1111_01,Earth,True,55 Cancri e,2.0,False,False,False,False,False,False,False,G,172.0,S
1111_02,Earth,True,TRAPPIST-1e,5.0,False,False,False,False,False,False,False,G,172.0,S
1111_03,Earth,False,55 Cancri e,25.0,False,False,False,False,False,False,False,E,77.0,S
1118_01,Europa,False,TRAPPIST-1e,45.0,False,False,False,False,False,False,False,C,43.0,S
1118_02,Europa,True,TRAPPIST-1e,59.0,False,False,False,False,False,False,False,C,43.0,S
1118_03,Europa,False,TRAPPIST-1e,6.0,False,False,False,False,False,False,False,C,43.0,S
1118_04,Europa,False,TRAPPIST-1e,36.0,False,False,False,False,False,False,False,C,43.0,S
1118_05,Europa,False,TRAPPIST-1e,40.0,False,False,False,False,False,False,False,C,43.0,S
1119_01,Mars,False,TRAPPIST-1e,36.0,True,True,True,True,True,True,False,F,214.0,S
1119_02,Mars,True,TRAPPIST-1e,31.0,False,False,False,False,False,False,False,F,214.0,S
1120_01,Earth,False,PSO J318.5-22,19.0,False,False,False,False,False,False,False,G,168.0,P
1122_01,Earth,True,TRAPPIST-1e,13.0,False,False,False,False,False,False,False,G,169.0,P
1124_01,Europa,True,TRAPPIST-1e,31.0,False,False,False,False,False,False,False,C,44.0,S
1124_02,Earth,True,TRAPPIST-1e,22.0,False,False,False,False,False,False,False,C,44.0,S
1124_03,Europa,False,55 Cancri e,52.0,False,False,False,False,False,False,False,C,44.0,S
1125_01,Earth,False,TRAPPIST-1e,22.0,False,False,False,False,False,False,False,F,230.0,P
1125_02,Earth,True,TRAPPIST-1e,34.0,False,False,False,False,False,False,False,G,170.0,P
1126_01,Mars,True,TRAPPIST-1e,23.0,False,False,False,False,False,False,False,F,215.0,S
1128_01,Europa,True,55 Cancri e,14.0,False,False,False,False,False,False,False,B,41.0,P
1128_02,Europa,True,TRAPPIST-1e,30.0,False,False,False,False,False,False,False,B,41.0,P
1131_01,Europa,True,55 Cancri e,75.0,False,False,False,False,False,False,False,B,44.0,S
1135_01,Europa,False,TRAPPIST-1e,28.0,False,False,False,False,False,False,False,B,45.0,S
1135_02,Europa,False,55 Cancri e,61.0,False,False,False,False,False,False,False,F,442.0,S
1135_03,Europa,False,TRAPPIST-1e,25.0,False,False,False,False,False,False,False,B,45.0,S
1135_04,Europa,False,55 Cancri e,21.0,False,False,False,False,False,False,False,B,45.0,S
1137_01,Europa,False,TRAPPIST-1e,26.0,False,False,False,False,False,False,False,E,82.0,S
1137_02,Europa,False,55 Cancri e,28.0,True,True,True,True,True,True,False,A,13.0,S
1138_01,Europa,False,TRAPPIST-1e,41.0,False,False,False,False,False,False,False,E,66.0,P
1139_01,Earth,True,PSO J318.5-22,25.0,False,False,False,False,False,False,False,G,172.0,P
1143_01,Earth,False,55 Cancri e,28.0,False,False,False,False,False,False,False,F,216.0,S
1145_01,Mars,False,TRAPPIST-1e,0.0,False,False,False,False,False,False,False,F,231.0,P
1145_02,Mars,False,TRAPPIST-1e,19.0,False,False,False,False,False,False,False,F,231.0,P
1145_03,Mars,False,TRAPPIST-1e,22.0,False,False,False,False,False,False,False,E,67.0,P
1145_04,Mars,False,TRAPPIST-1e,2.0,False,False,False,False,False,False,False,F,231.0,P
1151_01,Earth,False,55 Cancri e,35.0,False,False,False,False,False,False,False,G,180.0,S
1157_01,Earth,False,TRAPPIST-1e,42.0,False,False,False,False,False,False,False,F,219.0,S
1158_01,Mars,True,TRAPPIST-1e,46.0,False,False,False,False,False,False,False,E,68.0,P
1158_02,Mars,True,TRAPPIST-1e,26.0,False,False,False,False,False,False,False,E,68.0,P
1159_01,Earth,True,PSO J318.5-22,19.0,False,False,False,False,False,False,False,G,181.0,S
1159_02,Earth,False,TRAPPIST-1e,11.0,False,False,False,False,False,False,False,G,181.0,S
1159_03,Earth,True,PSO J318.5-22,11.0,False,False,False,False,False,False,False,G,181.0,S
1160_01,Mars,False,TRAPPIST-1e,17.0,False,False,False,False,False,False,False,F,234.0,P
1164_01,Earth,False,TRAPPIST-1e,23.0,False,False,False,False,False,False,False,F,220.0,S
1171_01,Earth,False,TRAPPIST-1e,37.0,False,False,False,False,False,False,False,E,84.0,S
1172_01,Mars,True,TRAPPIST-1e,18.0,False,False,False,False,False,False,False,F,222.0,S
1176_01,Mars,False,TRAPPIST-1e,48.0,False,False,False,False,False,False,False,E,85.0,S
1181_01,Earth,False,TRAPPIST-1e,18.0,False,False,False,False,False,False,False,F,226.0,S
1183_01,Europa,True,TRAPPIST-1e,18.0,False,False,False,False,False,False,False,C,45.0,P
1183_02,Europa,False,TRAPPIST-1e,32.0,True,True,True,True,True,True,False,C,45.0,P
1183_03,Europa,True,55 Cancri e,26.0,False,False,False,False,False,False,False,C,45.0,P
1184_01,Europa,True,PSO J318.5-22,26.0,False,False,False,False,False,False,False,C,46.0,S
1184_02,Earth,False,55 Cancri e,55.0,False,False,False,False,False,False,False,C,46.0,S
1189_01,Earth,False,55 Cancri e,19.0,False,False,False,False,False,False,False,G,177.0,P
1194_01,Mars,False,TRAPPIST-1e,65.0,False,False,False,False,False,False,False,D,39.0,S
1196_01,Mars,False,TRAPPIST-1e,28.0,False,False,False,False,False,False,False,F,240.0,P
1196_02,Mars,False,TRAPPIST-1e,24.0,False,False,False,False,False,False,False,F,240.0,P
1200_01,Europa,True,55 Cancri e,52.0,False,False,False,False,False,False,False,C,47.0,S
1201_01,Europa,False,TRAPPIST-1e,67.0,False,False,False,False,False,False,False,D,40.0,S
1201_02,Europa,False,TRAPPIST-1e,34.0,False,False,False,False,False,False,False,D,40.0,S
1202_01,Mars,False,TRAPPIST-1e,23.0,False,False,False,False,False,False,False,E,74.0,P
1204_01,Earth,False,TRAPPIST-1e,26.0,False,False,False,False,False,False,False,E,75.0,P
1205_01,Earth,False,TRAPPIST-1e,28.0,False,False,False,False,False,False,False,F,231.0,S
1207_01,Earth,False,TRAPPIST-1e,9.0,False,False,False,False,False,False,False,G,185.0,S
1207_02,Earth,False,55 Cancri e,1.0,False,False,False,False,False,False,False,G,185.0,S
1207_03,Earth,True,TRAPPIST-1e,1.0,False,False,False,False,False,False,False,G,185.0,S
1207_04,Earth,False,TRAPPIST-1e,58.0,False,False,False,False,False,False,False,E,86.0,S
1209_01,Europa,False,TRAPPIST-1e,59.0,False,False,False,False,False,False,False,C,47.0,P
1209_02,Europa,False,TRAPPIST-1e,54.0,False,False,False,False,False,False,False,C,47.0,P
1217_01,Europa,False,55 Cancri e,8.0,False,False,False,False,False,False,False,D,41.0,S
1217_02,Europa,True,TRAPPIST-1e,28.0,False,False,False,False,False,False,False,D,41.0,S
1219_01,Europa,False,55 Cancri e,19.0,False,False,False,False,False,False,False,B,52.0,S
1219_02,Europa,True,55 Cancri e,23.0,False,False,False,False,False,False,False,B,52.0,S
1224_01,Mars,True,TRAPPIST-1e,47.0,False,False,False,False,False,False,False,F,233.0,S
1224_02,Mars,False,TRAPPIST-1e,17.0,False,False,False,False,False,False,False,D,42.0,S
1226_01,Mars,True,TRAPPIST-1e,33.0,False,False,False,False,False,False,False,F,234.0,S
1226_02,Mars,True,TRAPPIST-1e,43.0,False,False,False,False,False,False,False,F,234.0,S
1227_01,Europa,True,TRAPPIST-1e,28.0,False,False,False,False,False,False,False,E,88.0,S
1237_01,Earth,False,TRAPPIST-1e,32.0,False,False,False,False,False,False,False,F,247.0,P
1241_01,Earth,False,TRAPPIST-1e,13.0,False,False,False,False,False,False,False,F,248.0,P
1244_01,Mars,True,TRAPPIST-1e,18.0,False,False,False,False,False,False,False,F,249.0,P
1245_01,Earth,True,TRAPPIST-1e,16.0,False,False,False,False,False,False,False,G,190.0,S
1247_01,Mars,True,TRAPPIST-1e,6.0,False,False,False,False,False,False,False,F,250.0,P
1249_01,Earth,False,TRAPPIST-1e,27.0,False,False,False,False,False,False,False,F,251.0,P
1251_01,Mars,True,TRAPPIST-1e,29.0,False,False,False,False,False,False,False,D,43.0,S
1252_01,Earth,False,55 Cancri e,32.0,False,False,False,False,False,False,False,E,90.0,S
1253_01,Earth,False,TRAPPIST-1e,23.0,False,False,False,False,False,False,False,E,91.0,S
1257_01,Europa,True,TRAPPIST-1e,33.0,False,False,False,False,False,False,False,C,51.0,S
1257_02,Europa,True,TRAPPIST-1e,51.0,False,False,False,False,False,False,False,C,51.0,S
1257_03,Europa,False,TRAPPIST-1e,41.0,False,False,False,False,False,False,False,C,51.0,S
1257_04,Europa,False,TRAPPIST-1e,20.0,False,False,False,False,False,False,False,C,51.0,S
1262_01,Earth,False,55 Cancri e,0.0,False,False,False,False,False,False,False,G,187.0,P
1262_02,Earth,False,55 Cancri e,13.0,False,False,False,False,False,False,False,F,252.0,P
1265_01,Earth,True,TRAPPIST-1e,13.0,False,False,False,False,False,False,False,G,188.0,P
1266_01,Mars,False,TRAPPIST-1e,13.0,False,False,False,False,False,False,False,F,245.0,S
1268_01,Mars,True,55 Cancri e,24.0,False,False,False,False,False,False,False,F,253.0,P
1270_01,Europa,False,55 Cancri e,26.0,False,False,False,False,False,False,False,B,54.0,S
1272_01,Earth,False,55 Cancri e,32.0,False,False,False,False,False,False,False,G,192.0,S
1275_01,Earth,False,TRAPPIST-1e,24.0,False,False,False,False,False,False,False,F,255.0,P
1276_01,Mars,False,TRAPPIST-1e,27.0,False,False,False,False,False,False,False,E,93.0,S
1277_01,Earth,False,TRAPPIST-1e,24.0,False,False,False,False,False,False,False,F,256.0,P
1290_01,Mars,False,TRAPPIST-1e,34.0,False,False,False,False,False,False,False,F,249.0,S
1296_01,Earth,False,PSO J318.5-22,26.0,False,False,False,False,False,False,False,F,262.0,P
1297_01,Earth,False,TRAPPIST-1e,22.0,False,False,False,False,False,False,False,F,263.0,P
1298_01,Earth,False,TRAPPIST-1e,10.0,False,False,False,False,False,False,False,G,196.0,S
1301_01,Earth,False,TRAPPIST-1e,28.0,False,False,False,False,False,False,False,G,197.0,S
1301_02,Earth,True,TRAPPIST-1e,5.0,False,False,False,False,False,False,False,G,197.0,S
1301_03,Earth,True,TRAPPIST-1e,26.0,False,False,False,False,False,False,False,G,197.0,S
1303_01,Earth,False,TRAPPIST-1e,29.0,False,False,False,False,False,False,False,F,252.0,S
1305_01,Earth,False,TRAPPIST-1e,17.0,False,False,False,False,False,False,False,F,253.0,S
1313_01,Earth,False,TRAPPIST-1e,18.0,False,False,False,False,False,False,False,E,83.0,P
1314_01,Earth,False,PSO J318.5-22,35.0,False,False,False,False,False,False,False,F,254.0,S
1315_01,Earth,False,TRAPPIST-1e,42.0,False,False,False,False,False,False,False,G,198.0,S
1318_01,Mars,True,55 Cancri e,35.0,False,False,False,False,False,False,False,F,255.0,S
1319_01,Europa,False,TRAPPIST-1e,42.0,False,False,False,False,False,False,False,A,11.0,P
1319_02,Europa,False,TRAPPIST-1e,33.0,False,False,False,False,False,False,False,A,11.0,P
1320_01,Earth,True,PSO J318.5-22,20.0,False,False,False,False,False,False,False,G,195.0,P
1320_02,Earth,True,TRAPPIST-1e,2.0,False,False,False,False,False,False,False,G,195.0,P
1320_03,Earth,True,TRAPPIST-1e,2.0,False,False,False,False,False,False,False,G,195.0,P
1321_01,Mars,True,TRAPPIST-1e,43.0,False,False,False,False,False,False,False,E,96.0,S
1321_02,Mars,True,TRAPPIST-1e,10.0,False,False,False,False,False,False,False,F,256.0,S
1321_03,Mars,False,TRAPPIST-1e,26.0,False,False,False,False,False,False,False,F,256.0,S
1321_04,Mars,False,TRAPPIST-1e,42.0,False,False,False,False,False,False,False,E,96.0,S
1327_01,Earth,True,TRAPPIST-1e,24.0,False,False,False,False,False,False,False,G,197.0,P
1329_01,Mars,False,TRAPPIST-1e,32.0,False,False,False,False,False,False,False,F,268.0,P
1334_01,Earth,False,TRAPPIST-1e,23.0,False,False,False,False,False,False,False,F,270.0,P
1338_01,Europa,True,55 Cancri e,26.0,False,False,False,False,False,False,False,C,51.0,P
1338_02,Europa,True,TRAPPIST-1e,15.0,False,False,False,False,False,False,False,C,51.0,P
1339_01,Earth,True,TRAPPIST-1e,15.0,False,False,False,False,False,False,False,G,202.0,S
1341_01,Earth,False,TRAPPIST-1e,26.0,False,False,False,False,False,False,False,G,204.0,S
1341_02,Earth,True,TRAPPIST-1e,15.0,False,False,False,False,False,False,False,G,204.0,S
1341_03,Earth,False,55 Cancri e,13.0,False,False,False,False,False,False,False,G,204.0,S
1343_01,Europa,False,TRAPPIST-1e,33.0,False,False,False,False,False,False,False,A,12.0,P
1343_02,Europa,False,TRAPPIST-1e,47.0,False,False,False,False,False,False,False,A,12.0,P
1343_03,Europa,False,55 Cancri e,27.0,False,False,False,False,False,False,False,A,12.0,P
1344_01,Earth,False,PSO J318.5-22,18.0,False,False,False,False,False,False,False,F,259.0,S
1346_01,Earth,False,TRAPPIST-1e,10.0,False,False,False,False,False,False,False,G,201.0,P
1349_01,Earth,True,TRAPPIST-1e,40.0,False,False,False,False,False,False,False,G,205.0,S
1349_02,Earth,True,55 Cancri e,28.0,False,False,False,False,False,False,False,G,205.0,S
1354_01,Mars,False,55 Cancri e,23.0,False,False,False,False,False,False,False,F,263.0,S
1354_02,Mars,False,TRAPPIST-1e,23.0,False,False,False,False,False,False,False,E,99.0,S
1354_03,Mars,True,55 Cancri e,41.0,False,False,False,False,False,False,False,F,263.0,S
1354_04,Mars,False,TRAPPIST-1e,20.0,False,False,False,False,False,False,False,D,47.0,S
1354_05,Mars,True,TRAPPIST-1e,29.0,False,False,False,False,False,False,False,F,263.0,S
1354_06,Mars,True,TRAPPIST-1e,17.0,False,False,False,False,False,False,False,F,263.0,S
1354_07,Mars,False,TRAPPIST-1e,21.0,False,False,False,False,False,False,False,F,263.0,S
1358_01,Mars,True,TRAPPIST-1e,25.0,False,False,False,False,False,False,False,F,273.0,P
1358_02,Mars,False,TRAPPIST-1e,25.0,False,False,False,False,False,False,False,E,84.0,P
1359_01,Earth,False,TRAPPIST-1e,28.0,False,False,False,False,False,False,False,G,204.0,P
1361_01,Mars,True,TRAPPIST-1e,24.0,False,False,False,False,False,False,False,F,264.0,S
1361_02,Mars,False,TRAPPIST-1e,56.0,False,False,False,False,False,False,False,E,101.0,S
1363_01,Earth,False,TRAPPIST-1e,36.0,False,False,False,False,False,False,False,G,205.0,P
1364_01,Earth,False,PSO J318.5-22,20.0,False,False,False,False,False,False,False,F,266.0,S
1364_02,Earth,False,TRAPPIST-1e,50.0,False,False,False,False,False,False,False,F,266.0,S
1367_01,Earth,True,PSO J318.5-22,29.0,False,False,False,False,False,False,False,G,207.0,P
1369_01,Earth,False,TRAPPIST-1e,34.0,False,False,False,False,False,False,False,F,274.0,P
1369_02,Earth,True,PSO J318.5-22,40.0,False,False,False,False,False,False,False,G,209.0,P
1369_03,Earth,False,TRAPPIST-1e,20.0,False,False,False,False,False,False,False,G,209.0,P
1372_01,Earth,True,TRAPPIST-1e,36.0,False,False,False,False,False,False,False,G,210.0,P
1373_01,Earth,False,TRAPPIST-1e,25.0,False,False,False,False,False,False,False,E,103.0,S
1374_01,Europa,True,55 Cancri e,25.0,True,True,True,True,True,True,False,B,59.0,S
1388_01,Earth,True,PSO J318.5-22,17.0,False,False,False,False,False,False,False,G,211.0,S
1392_01,Europa,False,TRAPPIST-1e,42.0,False,False,False,False,False,False,False,B,46.0,P
1394_01,Earth,True,PSO J318.5-22,47.0,False,False,False,False,False,False,False,G,213.0,S
1396_01,Earth,False,TRAPPIST-1e,23.0,False,False,False,False,False,False,False,F,277.0,P
1405_01,Mars,False,TRAPPIST-1e,26.0,False,False,False,False,False,False,False,E,87.0,P
1409_01,Mars,False,TRAPPIST-1e,39.0,True,True,True,True,True,True,False,D,50.0,S
1409_02,Mars,True,TRAPPIST-1e,43.0,False,False,False,False,False,False,False,E,107.0,S
1411_01,Earth,False,TRAPPIST-1e,23.0,False,False,False,False,False,False,False,E,88.0,P
1418_01,Earth,False,TRAPPIST-1e,46.0,False,False,False,False,False,False,False,F,281.0,P
1422_01,Europa,True,55 Cancri e,31.0,False,False,False,False,False,False,False,A,15.0,S
1422_02,Europa,False,TRAPPIST-1e,37.0,False,False,False,False,False,False,False,A,15.0,S
1422_03,Europa,False,55 Cancri e,48.0,False,False,False,False,False,False,False,A,15.0,S
1429_01,Mars,False,TRAPPIST-1e,28.0,False,False,False,False,False,False,False,F,276.0,S
1432_01,Mars,False,TRAPPIST-1e,38.0,False,False,False,False,False,False,False,F,277.0,S
1432_02,Mars,False,TRAPPIST-1e,31.0,False,False,False,False,False,False,False,D,51.0,S
1436_01,Earth,False,TRAPPIST-1e,35.0,False,False,False,False,False,False,False,F,278.0,S
1437_01,Earth,False,PSO J318.5-22,28.0,False,False,False,False,False,False,False,G,224.0,P
1441_01,Earth,False,TRAPPIST-1e,29.0,False,False,False,False,False,False,False,F,284.0,P
1446_01,Earth,False,TRAPPIST-1e,19.0,False,False,False,False,False,False,False,G,226.0,P
1448_01,Earth,False,TRAPPIST-1e,26.0,False,False,False,False,False,False,False,G,228.0,P
1449_01,Mars,False,TRAPPIST-1e,44.0,False,False,False,False,False,False,False,E,90.0,P
1456_01,Earth,False,TRAPPIST-1e,59.0,False,False,False,False,False,False,False,G,222.0,S
1459_01,Earth,False,55 Cancri e,23.0,False,False,False,False,False,False,False,F,281.0,S
1464_01,Earth,False,PSO J318.5-22,48.0,False,False,False,False,False,False,False,G,232.0,P
1466_01,Earth,True,TRAPPIST-1e,49.0,False,False,False,False,False,False,False,G,225.0,S
1468_01,Earth,False,TRAPPIST-1e,15.0,False,False,False,False,False,False,False,G,234.0,P
1469_01,Mars,False,TRAPPIST-1e,30.0,False,False,False,False,False,False,False,F,283.0,S
1469_02,Mars,False,TRAPPIST-1e,20.0,False,False,False,False,False,False,False,F,283.0,S
1470_01,Earth,True,TRAPPIST-1e,20.0,False,False,False,False,False,False,False,G,235.0,P
1471_01,Earth,False,TRAPPIST-1e,6.0,False,False,False,False,False,False,False,G,226.0,S
1471_02,Earth,True,TRAPPIST-1e,1.0,False,False,False,False,False,False,False,G,226.0,S
1471_03,Earth,False,TRAPPIST-1e,1.0,False,False,False,False,False,False,False,F,442.0,S
1471_04,Earth,False,TRAPPIST-1e,2.0,False,False,False,False,False,False,False,G,226.0,S
1471_05,Earth,True,TRAPPIST-1e,8.0,False,False,False,False,False,False,False,G,226.0,S
1472_01,Earth,True,PSO J318.5-22,29.0,False,False,False,False,False,False,False,G,236.0,P
1473_01,Earth,False,TRAPPIST-1e,43.0,False,False,False,False,False,False,False,F,286.0,P
1473_02,Earth,False,TRAPPIST-1e,73.0,False,False,False,False,False,False,False,G,237.0,P
1475_01,Earth,False,TRAPPIST-1e,48.0,False,False,False,False,False,False,False,F,288.0,P
1476_01,Earth,False,55 Cancri e,24.0,False,False,False,False,False,False,False,G,227.0,S
1477_01,Europa,False,TRAPPIST-1e,20.0,False,False,False,False,False,False,False,B,48.0,P
1477_02,Europa,False,TRAPPIST-1e,17.0,False,False,False,False,False,False,False,B,48.0,P
1480_01,Earth,True,TRAPPIST-1e,42.0,False,False,False,False,False,False,False,G,238.0,P
1482_01,Mars,True,TRAPPIST-1e,22.0,False,False,False,False,False,False,False,F,284.0,S
1483_01,Earth,False,PSO J318.5-22,54.0,False,False,False,False,False,False,False,E,92.0,P
1486_01,Earth,True,TRAPPIST-1e,41.0,False,False,False,False,False,False,False,G,228.0,S
1487_01,Earth,True,PSO J318.5-22,0.0,False,False,False,False,False,False,False,G,239.0,P
1487_02,Earth,False,TRAPPIST-1e,20.0,False,False,False,False,False,False,False,G,239.0,P
1492_01,Europa,False,55 Cancri e,54.0,False,False,False,False,False,False,False,C,57.0,S
1492_02,Europa,False,55 Cancri e,73.0,False,False,False,False,False,False,False,C,57.0,S
1494_01,Earth,False,55 Cancri e,17.0,False,False,False,False,False,False,False,F,286.0,S
1495_01,Earth,False,TRAPPIST-1e,21.0,False,False,False,False,False,False,False,F,442.0,S
1495_02,Earth,True,55 Cancri e,60.0,False,False,False,False,False,False,False,G,241.0,P
1496_01,Earth,True,TRAPPIST-1e,50.0,False,False,False,False,False,False,False,G,242.0,P
1497_01,Mars,True,TRAPPIST-1e,17.0,False,False,False,False,False,False,False,F,294.0,P
1497_02,Mars,True,TRAPPIST-1e,18.0,False,False,False,False,False,False,False,F,294.0,P
1502_01,Earth,False,55 Cancri e,25.0,False,False,False,False,False,False,False,C,54.0,P
1502_02,Europa,False,55 Cancri e,57.0,True,True,True,True,True,True,False,C,54.0,P
1502_03,Europa,True,55 Cancri e,46.0,False,False,False,False,False,False,False,C,54.0,P
1502_04,Europa,True,TRAPPIST-1e,71.0,False,False,False,False,False,False,False,C,54.0,P
1504_01,Earth,False,TRAPPIST-1e,21.0,False,False,False,False,False,False,False,F,296.0,P
1505_01,Mars,False,TRAPPIST-1e,38.0,False,False,False,False,False,False,False,F,297.0,P
1508_01,Earth,False,TRAPPIST-1e,23.0,False,False,False,False,False,False,False,F,290.0,S
1512_01,Mars,False,TRAPPIST-1e,24.0,False,False,False,False,False,False,False,F,292.0,S
1513_01,Earth,True,PSO J318.5-22,25.0,False,False,False,False,False,False,False,G,232.0,S
1514_01,Earth,True,PSO J318.5-22,35.0,False,False,False,False,False,False,False,G,233.0,S
1516_01,Earth,False,PSO J318.5-22,21.0,False,False,False,False,False,False,False,G,234.0,S
1517_01,Earth,False,TRAPPIST-1e,22.0,False,False,False,False,False,False,False,F,294.0,S
1518_01,Europa,False,55 Cancri e,60.0,False,False,False,False,False,False,False,B,49.0,P
1518_02,Europa,False,TRAPPIST-1e,29.0,False,False,False,False,False,False,False,B,49.0,P
1519_01,Earth,False,TRAPPIST-1e,49.0,False,False,False,False,False,False,False,E,112.0,S
1522_01,Mars,True,TRAPPIST-1e,27.0,False,False,False,False,False,False,False,F,296.0,S
1530_01,Earth,False,TRAPPIST-1e,23.0,False,False,False,False,False,False,False,F,301.0,P
1534_01,Mars,False,TRAPPIST-1e,23.0,False,False,False,False,False,False,False,E,113.0,S
1534_02,Mars,False,TRAPPIST-1e,33.0,False,False,False,False,False,False,False,D,55.0,S
1535_01,Earth,False,PSO J318.5-22,35.0,False,False,False,False,False,False,False,F,302.0,P
1537_01,Europa,False,TRAPPIST-1e,27.0,False,False,False,False,False,False,False,B,66.0,S
1538_01,Mars,False,TRAPPIST-1e,44.0,False,False,False,False,False,False,False,F,303.0,P
1538_02,Mars,False,55 Cancri e,18.0,False,False,False,False,False,False,False,D,51.0,P
1546_01,Earth,True,55 Cancri e,31.0,False,False,False,False,False,False,False,G,238.0,S
1549_01,Earth,False,TRAPPIST-1e,21.0,False,False,False,False,False,False,False,G,239.0,S
1553_01,Mars,True,TRAPPIST-1e,27.0,False,False,False,False,False,False,False,F,302.0,S
1553_02,Earth,False,TRAPPIST-1e,36.0,False,False,False,False,False,False,False,F,302.0,S
1554_01,Earth,True,PSO J318.5-22,33.0,False,False,False,False,False,False,False,G,246.0,P
1554_02,Earth,False,TRAPPIST-1e,30.0,False,False,False,False,False,False,False,F,304.0,P
1556_01,Earth,True,TRAPPIST-1e,29.0,False,False,False,False,False,False,False,G,241.0,S
1557_01,Europa,False,55 Cancri e,32.0,False,False,False,False,False,False,False,B,67.0,S
1559_01,Europa,True,55 Cancri e,31.0,False,False,False,False,False,False,False,B,51.0,P
1559_02,Europa,True,TRAPPIST-1e,27.0,False,False,False,False,False,False,False,B,51.0,P
1563_01,Europa,True,55 Cancri e,25.0,False,False,False,False,False,False,False,B,68.0,S
1566_01,Europa,True,55 Cancri e,38.0,False,False,False,False,False,False,False,B,52.0,P
1570_01,Earth,False,TRAPPIST-1e,47.0,False,False,False,False,False,False,False,F,305.0,S
1571_01,Earth,False,TRAPPIST-1e,24.0,False,False,False,False,False,False,False,G,243.0,S
1574_01,Earth,True,TRAPPIST-1e,46.0,False,False,False,False,False,False,False,G,244.0,S
1575_01,Earth,True,TRAPPIST-1e,16.0,False,False,False,False,False,False,False,G,245.0,S
1582_01,Earth,False,TRAPPIST-1e,30.0,False,False,False,False,False,False,False,F,313.0,P
1582_02,Earth,False,TRAPPIST-1e,0.0,False,False,False,False,False,False,False,G,250.0,P
1583_01,Mars,True,TRAPPIST-1e,60.0,False,False,False,False,False,False,False,F,306.0,S
1586_01,Europa,False,TRAPPIST-1e,50.0,False,False,False,False,False,False,False,C,59.0,S
1587_01,Earth,True,PSO J318.5-22,37.0,False,False,False,False,False,False,False,G,247.0,S
1587_02,Earth,True,55 Cancri e,27.0,False,False,False,False,False,False,False,G,247.0,S
1589_01,Mars,False,TRAPPIST-1e,29.0,False,False,False,False,False,False,False,F,315.0,P
1591_01,Europa,False,TRAPPIST-1e,26.0,False,False,False,False,False,False,False,B,69.0,S
1591_02,Europa,False,TRAPPIST-1e,22.0,False,False,False,False,False,False,False,B,69.0,S
1598_01,Mars,False,TRAPPIST-1e,26.0,False,False,False,False,False,False,False,F,316.0,P
1598_02,Mars,False,TRAPPIST-1e,26.0,False,False,False,False,False,False,False,E,100.0,P
1600_01,Earth,False,TRAPPIST-1e,14.0,False,False,False,False,False,False,False,E,115.0,S
1605_01,Earth,False,TRAPPIST-1e,26.0,False,False,False,False,False,False,False,F,318.0,P
1607_01,Earth,True,PSO J318.5-22,20.0,False,False,False,False,False,False,False,G,258.0,P
1609_01,Mars,False,TRAPPIST-1e,19.0,False,False,False,False,False,False,False,E,117.0,S
1610_01,Mars,False,55 Cancri e,14.0,False,False,False,False,False,False,False,D,52.0,P
1616_01,Earth,True,TRAPPIST-1e,69.0,False,False,False,False,False,False,False,G,260.0,P
1618_01,Europa,False,TRAPPIST-1e,26.0,False,False,False,False,False,False,False,C,61.0,S
1620_01,Europa,False,55 Cancri e,25.0,False,False,False,False,False,False,False,B,70.0,S
1623_01,Mars,False,TRAPPIST-1e,36.0,False,False,False,False,False,False,False,D,58.0,S
1627_01,Earth,True,TRAPPIST-1e,34.0,False,False,False,False,False,False,False,G,251.0,S
1629_01,Europa,False,TRAPPIST-1e,4.0,False,False,False,False,False,False,False,B,72.0,S
1629_02,Europa,False,TRAPPIST-1e,1.0,False,False,False,False,False,False,False,B,72.0,S
1629_03,Europa,True,TRAPPIST-1e,24.0,False,False,False,False,False,False,False,B,72.0,S
1629_04,Europa,False,TRAPPIST-1e,21.0,False,False,False,False,False,False,False,B,72.0,S
1629_05,Europa,True,TRAPPIST-1e,25.0,False,False,False,False,False,False,False,B,72.0,S
1629_06,Europa,True,55 Cancri e,44.0,False,False,False,False,False,False,False,B,72.0,S
1639_01,Earth,False,TRAPPIST-1e,22.0,False,False,False,False,False,False,False,G,256.0,S
1641_01,Mars,True,TRAPPIST-1e,64.0,False,False,False,False,False,False,False,F,326.0,P
1642_01,Europa,False,TRAPPIST-1e,32.0,False,False,False,False,False,False,False,E,102.0,P
1643_01,Earth,False,TRAPPIST-1e,42.0,False,False,False,False,False,False,False,G,263.0,P
1648_01,Europa,True,TRAPPIST-1e,29.0,False,False,False,False,False,False,False,E,120.0,S
1652_01,Earth,True,PSO J318.5-22,4.0,False,False,False,False,False,False,False,G,259.0,S
1654_01,Earth,False,TRAPPIST-1e,17.0,False,False,False,False,False,False,False,E,121.0,S
1664_01,Earth,False,TRAPPIST-1e,21.0,False,False,False,False,False,False,False,F,329.0,P
1665_01,Europa,True,TRAPPIST-1e,52.0,False,False,False,False,False,False,False,C,60.0,P
1665_02,Europa,True,TRAPPIST-1e,29.0,False,False,False,False,False,False,False,C,60.0,P
1667_01,Earth,False,TRAPPIST-1e,35.0,False,False,False,False,False,False,False,F,315.0,S
1675_01,Mars,True,55 Cancri e,23.0,False,False,False,False,False,False,False,F,319.0,S
1678_01,Earth,False,TRAPPIST-1e,27.0,False,False,False,False,False,False,False,F,320.0,S
1679_01,Earth,True,TRAPPIST-1e,8.0,False,False,False,False,False,False,False,G,271.0,P
1680_01,Europa,False,TRAPPIST-1e,20.0,False,False,False,False,False,False,False,C,63.0,S
1680_02,Europa,True,55 Cancri e,16.0,False,False,False,False,False,False,False,C,63.0,S
1683_01,Earth,False,TRAPPIST-1e,35.0,False,False,False,False,False,False,False,E,123.0,S
1684_01,Mars,False,TRAPPIST-1e,44.0,False,False,False,False,False,False,False,F,332.0,P
1686_01,Earth,False,TRAPPIST-1e,19.0,False,False,False,False,False,False,False,F,333.0,P
1689_01,Europa,True,TRAPPIST-1e,2.0,False,False,False,False,False,False,False,C,64.0,S
1689_02,Europa,False,TRAPPIST-1e,30.0,False,False,False,False,False,False,False,C,64.0,S
1689_03,Europa,False,TRAPPIST-1e,28.0,False,False,False,False,False,False,False,C,64.0,S
1692_01,Earth,True,TRAPPIST-1e,44.0,False,False,False,False,False,False,False,F,442.0,S
1693_01,Earth,False,TRAPPIST-1e,20.0,False,False,False,False,False,False,False,F,322.0,S
1701_01,Earth,True,TRAPPIST-1e,22.0,False,False,False,False,False,False,False,G,275.0,P
1702_01,Earth,False,TRAPPIST-1e,14.0,False,False,False,False,False,False,False,F,323.0,S
1703_01,Earth,False,TRAPPIST-1e,20.0,False,False,False,False,False,False,False,F,337.0,P
1706_01,Earth,False,TRAPPIST-1e,45.0,False,False,False,False,False,False,False,F,324.0,S
1707_01,Earth,False,55 Cancri e,19.0,False,False,False,False,False,False,False,F,325.0,S
1716_01,Mars,False,TRAPPIST-1e,42.0,False,False,False,False,False,False,False,F,442.0,S
1720_01,Earth,False,TRAPPIST-1e,23.0,False,False,False,False,False,False,False,F,340.0,P
1722_01,Earth,False,TRAPPIST-1e,43.0,False,False,False,False,False,False,False,G,279.0,P
1726_01,Mars,False,TRAPPIST-1e,20.0,False,False,False,False,False,False,False,F,329.0,S
1726_02,Mars,True,TRAPPIST-1e,11.0,False,False,False,False,False,False,False,F,329.0,S
1726_03,Mars,False,TRAPPIST-1e,20.0,False,False,False,False,False,False,False,F,329.0,S
1732_01,Earth,True,TRAPPIST-1e,21.0,False,False,False,False,False,False,False,G,282.0,P
1735_01,Earth,False,TRAPPIST-1e,17.0,False,False,False,False,False,False,False,F,330.0,S
1737_01,Earth,False,TRAPPIST-1e,32.0,False,False,False,False,False,False,False,G,285.0,P
1741_01,Earth,False,TRAPPIST-1e,24.0,False,False,False,False,False,False,False,G,286.0,P
1741_02,Earth,True,TRAPPIST-1e,4.0,False,False,False,False,False,False,False,G,286.0,P
1741_03,Earth,False,TRAPPIST-1e,4.0,False,False,False,False,False,False,False,G,286.0,P
1743_01,Earth,False,PSO J318.5-22,36.0,False,False,False,False,False,False,False,F,345.0,P
1744_01,Mars,False,TRAPPIST-1e,27.0,False,False,False,False,False,False,False,D,62.0,S
1750_01,Earth,True,TRAPPIST-1e,46.0,False,False,False,False,False,False,False,G,289.0,P
1751_01,Mars,True,55 Cancri e,24.0,False,False,False,False,False,False,False,F,332.0,S
1751_02,Mars,False,TRAPPIST-1e,3.0,False,False,False,False,False,False,False,F,332.0,S
1754_01,Earth,False,55 Cancri e,21.0,False,False,False,False,False,False,False,F,346.0,P
1756_01,Earth,False,TRAPPIST-1e,42.0,False,False,False,False,False,False,False,E,131.0,S
1759_01,Mars,True,TRAPPIST-1e,26.0,False,False,False,False,False,False,False,F,335.0,S
1765_01,Earth,True,TRAPPIST-1e,38.0,False,False,False,False,False,False,False,G,290.0,P
1773_01,Earth,False,55 Cancri e,36.0,False,False,False,False,False,False,False,F,340.0,S
1777_01,Europa,False,55 Cancri e,28.0,False,False,False,False,False,False,False,B,56.0,P
1777_02,Europa,True,TRAPPIST-1e,62.0,False,False,False,False,False,False,False,B,56.0,P
1780_01,Earth,False,TRAPPIST-1e,22.0,False,False,False,False,False,False,False,F,350.0,P
1784_01,Earth,False,TRAPPIST-1e,18.0,False,False,False,False,False,False,False,G,292.0,P
1787_01,Earth,False,TRAPPIST-1e,12.0,False,False,False,False,False,False,False,G,293.0,P
1788_01,Earth,False,TRAPPIST-1e,32.0,False,False,False,False,False,False,False,F,343.0,S
1789_01,Earth,False,TRAPPIST-1e,11.0,False,False,False,False,False,False,False,G,282.0,S
1790_01,Earth,True,TRAPPIST-1e,47.0,False,False,False,False,False,False,False,G,294.0,P
1790_02,Earth,True,TRAPPIST-1e,48.0,False,False,False,False,False,False,False,G,294.0,P
1791_01,Mars,True,55 Cancri e,38.0,False,False,False,False,False,False,False,F,351.0,P
1791_02,Mars,True,TRAPPIST-1e,19.0,False,False,False,False,False,False,False,F,351.0,P
1793_01,Mars,False,TRAPPIST-1e,22.0,False,False,False,False,False,False,False,E,136.0,S
1793_02,Mars,False,TRAPPIST-1e,21.0,False,False,False,False,False,False,False,F,344.0,S
1794_01,Earth,False,55 Cancri e,37.0,False,False,False,False,False,False,False,F,353.0,P
1795_01,Earth,False,55 Cancri e,28.0,False,False,False,False,False,False,False,E,108.0,P
1801_01,Earth,False,TRAPPIST-1e,15.0,False,False,False,False,False,False,False,F,345.0,S
1801_02,Earth,False,TRAPPIST-1e,57.0,False,False,False,False,False,False,False,F,345.0,S
1809_01,Earth,True,TRAPPIST-1e,22.0,False,False,False,False,False,False,False,G,296.0,P
1814_01,Earth,False,55 Cancri e,22.0,False,False,False,False,False,False,False,G,286.0,S
1814_02,Earth,True,PSO J318.5-22,29.0,False,False,False,False,False,False,False,G,286.0,S
1814_03,Earth,False,TRAPPIST-1e,0.0,False,False,False,False,False,False,False,G,286.0,S
1815_01,Mars,True,TRAPPIST-1e,44.0,False,False,False,False,False,False,False,F,348.0,S
1819_01,Earth,False,TRAPPIST-1e,22.0,False,False,False,False,False,False,False,F,359.0,P
1820_01,Mars,True,TRAPPIST-1e,25.0,False,False,False,False,False,False,False,E,110.0,P
1824_01,Earth,False,TRAPPIST-1e,64.0,False,False,False,False,False,False,False,G,300.0,P
1825_01,Earth,False,TRAPPIST-1e,21.0,False,False,False,False,False,False,False,F,360.0,P
1825_02,Earth,False,TRAPPIST-1e,35.0,False,False,False,False,False,False,False,E,111.0,P
1830_01,Earth,True,PSO J318.5-22,15.0,False,False,False,False,False,False,False,G,287.0,S
1832_01,Earth,False,TRAPPIST-1e,48.0,False,False,False,False,False,False,False,F,353.0,S
1835_01,Europa,True,TRAPPIST-1e,22.0,False,False,False,False,False,False,False,B,76.0,S
1835_02,Europa,True,TRAPPIST-1e,42.0,False,False,False,False,False,False,False,B,76.0,S
1837_01,Europa,True,55 Cancri e,13.0,False,False,False,False,False,False,False,B,77.0,S
1838_01,Mars,True,TRAPPIST-1e,35.0,False,False,False,False,False,False,False,F,363.0,P
1839_01,Mars,False,TRAPPIST-1e,27.0,False,False,False,False,False,False,False,F,364.0,P
1840_01,Earth,True,55 Cancri e,21.0,False,False,False,False,False,False,False,G,301.0,P
1842_01,Mars,False,TRAPPIST-1e,22.0,False,False,False,False,False,False,False,D,57.0,P
1845_01,Europa,False,TRAPPIST-1e,33.0,False,False,False,False,False,False,False,C,69.0,S
1851_01,Europa,False,55 Cancri e,25.0,False,False,False,False,False,False,False,B,78.0,S
1851_02,Europa,True,TRAPPIST-1e,37.0,False,False,False,False,False,False,False,B,78.0,S
1852_01,Europa,True,55 Cancri e,36.0,False,False,False,False,False,False,False,B,79.0,S
1852_02,Europa,False,55 Cancri e,47.0,False,False,False,False,False,False,False,B,79.0,S
1852_03,Europa,True,TRAPPIST-1e,34.0,False,False,False,False,False,False,False,B,79.0,S
1852_04,Europa,True,55 Cancri e,29.0,False,False,False,False,False,False,False,B,79.0,S
1858_01,Europa,False,55 Cancri e,39.0,False,False,False,False,False,False,False,C,62.0,P
1862_01,Earth,False,55 Cancri e,27.0,False,False,False,False,False,False,False,F,369.0,P
1862_02,Earth,False,55 Cancri e,35.0,False,False,False,False,False,False,False,G,304.0,P
1862_03,Earth,False,TRAPPIST-1e,0.0,False,False,False,False,False,False,False,G,304.0,P
1867_01,Europa,True,55 Cancri e,33.0,False,False,False,False,False,False,False,C,63.0,P
1869_01,Mars,False,TRAPPIST-1e,24.0,False,False,False,False,False,False,False,F,373.0,P
1870_01,Mars,False,TRAPPIST-1e,19.0,False,False,False,False,False,False,False,F,359.0,S
1875_01,Mars,False,TRAPPIST-1e,33.0,False,False,False,False,False,False,False,D,65.0,S
1876_01,Earth,False,TRAPPIST-1e,19.0,False,False,False,False,False,False,False,F,360.0,S
1883_01,Mars,True,TRAPPIST-1e,16.0,False,False,False,False,False,False,False,E,114.0,P
1885_01,Earth,False,TRAPPIST-1e,47.0,False,False,False,False,False,False,False,G,294.0,S
1893_01,Mars,True,TRAPPIST-1e,40.0,False,False,False,False,False,False,False,F,362.0,S
1894_01,Mars,True,TRAPPIST-1e,19.0,False,False,False,False,False,False,False,F,379.0,P
1895_01,Mars,False,TRAPPIST-1e,27.0,False,False,False,False,False,False,False,F,363.0,S
1896_01,Europa,False,TRAPPIST-1e,31.0,False,False,False,False,False,False,False,E,143.0,S
1900_01,Earth,False,TRAPPIST-1e,24.0,False,False,False,False,False,False,False,F,380.0,P
1904_01,Europa,False,55 Cancri e,31.0,False,False,False,False,False,False,False,A,15.0,P
1909_01,Europa,True,PSO J318.5-22,41.0,False,False,False,False,False,False,False,C,64.0,P
1909_02,Europa,True,TRAPPIST-1e,16.0,False,False,False,False,False,False,False,C,64.0,P
1909_03,Europa,False,TRAPPIST-1e,27.0,False,False,False,False,False,False,False,C,64.0,P
1910_01,Mars,False,TRAPPIST-1e,11.0,False,False,False,False,False,False,False,F,365.0,S
1910_02,Mars,False,55 Cancri e,28.0,False,False,False,False,False,False,False,F,365.0,S
1910_03,Mars,False,TRAPPIST-1e,51.0,False,False,False,False,False,False,False,F,365.0,S
1910_04,Mars,False,TRAPPIST-1e,1.0,False,False,False,False,False,False,False,F,365.0,S
1912_01,Earth,False,TRAPPIST-1e,56.0,False,False,False,False,False,False,False,G,310.0,P
1913_01,Mars,False,TRAPPIST-1e,26.0,False,False,False,False,False,False,False,F,381.0,P
1913_02,Mars,True,TRAPPIST-1e,57.0,False,False,False,False,False,False,False,F,381.0,P
1913_03,Mars,True,TRAPPIST-1e,13.0,False,False,False,False,False,False,False,F,381.0,P
1914_01,Earth,True,PSO J318.5-22,32.0,False,False,False,False,False,False,False,G,301.0,S
1917_01,Earth,False,PSO J318.5-22,28.0,False,False,False,False,False,False,False,F,366.0,S
1919_01,Earth,False,TRAPPIST-1e,12.0,False,False,False,False,False,False,False,G,302.0,S
1921_01,Mars,False,PSO J318.5-22,35.0,False,False,False,False,False,False,False,F,382.0,P
1921_02,Mars,False,TRAPPIST-1e,33.0,True,True,True,True,True,True,False,F,382.0,P
1924_01,Earth,True,PSO J318.5-22,14.0,False,False,False,False,False,False,False,G,311.0,P
1929_01,Earth,False,TRAPPIST-1e,26.0,False,False,False,False,False,False,False,G,306.0,S
1930_01,Earth,False,55 Cancri e,25.0,False,False,False,False,False,False,False,F,383.0,P
1932_01,Earth,False,TRAPPIST-1e,27.0,False,False,False,False,False,False,False,F,367.0,S
1934_01,Earth,False,TRAPPIST-1e,23.0,False,False,False,False,False,False,False,F,384.0,P
1936_01,Mars,False,TRAPPIST-1e,45.0,False,False,False,False,False,False,False,E,119.0,P
1943_01,Earth,False,55 Cancri e,50.0,False,False,False,False,False,False,False,F,371.0,S
1944_01,Earth,False,TRAPPIST-1e,24.0,False,False,False,False,False,False,False,G,308.0,S
1948_01,Europa,False,TRAPPIST-1e,54.0,False,False,False,False,False,False,False,B,80.0,S
1948_02,Europa,True,55 Cancri e,19.0,False,False,False,False,False,False,False,B,80.0,S
1949_01,Earth,False,TRAPPIST-1e,19.0,False,False,False,False,False,False,False,F,373.0,S
1951_01,Europa,True,55 Cancri e,28.0,False,False,False,False,False,False,False,D,67.0,S
1951_02,Europa,False,55 Cancri e,28.0,False,False,False,False,False,False,False,D,67.0,S
1954_01,Mars,False,55 Cancri e,39.0,False,False,False,False,False,False,False,F,388.0,P
1955_01,Earth,False,TRAPPIST-1e,20.0,False,False,False,False,False,False,False,F,389.0,P
1958_01,Earth,False,TRAPPIST-1e,30.0,False,False,False,False,False,False,False,G,314.0,P
1965_01,Earth,True,TRAPPIST-1e,35.0,False,False,False,False,False,False,False,G,317.0,P
1966_01,Europa,False,55 Cancri e,36.0,False,False,False,False,False,False,False,B,81.0,S
1970_01,Earth,False,TRAPPIST-1e,33.0,False,False,False,False,False,False,False,F,392.0,P
1972_01,Mars,False,TRAPPIST-1e,30.0,False,False,False,False,False,False,False,E,123.0,P
1982_01,Earth,False,TRAPPIST-1e,25.0,False,False,False,False,False,False,False,E,145.0,S
1986_01,Mars,True,TRAPPIST-1e,45.0,False,False,False,False,False,False,False,F,377.0,S
1987_01,Earth,False,TRAPPIST-1e,23.0,False,False,False,False,False,False,False,G,313.0,S
1989_01,Earth,True,55 Cancri e,51.0,False,False,False,False,False,False,False,G,322.0,P
1990_01,Mars,True,TRAPPIST-1e,31.0,False,False,False,False,False,False,False,F,395.0,P
1990_02,Mars,True,55 Cancri e,55.0,False,False,False,False,False,False,False,F,395.0,P
1998_01,Earth,False,PSO J318.5-22,24.0,False,False,False,False,False,False,False,F,382.0,S
2002_01,Mars,True,TRAPPIST-1e,57.0,False,False,False,False,False,False,False,F,384.0,S
2004_01,Mars,True,TRAPPIST-1e,24.0,False,False,False,False,False,False,False,E,147.0,S
2005_01,Earth,False,TRAPPIST-1e,44.0,False,False,False,False,False,False,False,F,385.0,S
2005_02,Earth,False,TRAPPIST-1e,0.0,False,False,False,False,False,False,False,G,316.0,S
2008_01,Earth,False,TRAPPIST-1e,15.0,False,False,False,False,False,False,False,F,397.0,P
2014_01,Europa,True,TRAPPIST-1e,49.0,False,False,False,False,False,False,False,E,148.0,S
2016_01,Mars,True,TRAPPIST-1e,24.0,False,False,False,False,False,False,False,F,388.0,S
2016_02,Mars,False,TRAPPIST-1e,47.0,False,False,False,False,False,False,False,F,388.0,S
2017_01,Mars,False,TRAPPIST-1e,26.0,False,False,False,False,False,False,False,E,149.0,S
2017_02,Mars,False,TRAPPIST-1e,26.0,False,False,False,False,False,False,False,F,389.0,S
2018_01,Earth,True,TRAPPIST-1e,4.0,False,False,False,False,False,False,False,G,319.0,S
2020_01,Europa,False,TRAPPIST-1e,30.0,False,False,False,False,False,False,False,C,77.0,S
2021_01,Earth,True,TRAPPIST-1e,23.0,False,False,False,False,False,False,False,G,320.0,S
2023_01,Earth,False,TRAPPIST-1e,23.0,False,False,False,False,False,False,False,G,321.0,S
2023_02,Earth,True,TRAPPIST-1e,4.0,False,False,False,False,False,False,False,G,321.0,S
2023_03,Earth,True,TRAPPIST-1e,3.0,False,False,False,False,False,False,False,G,321.0,S
2025_01,Europa,False,55 Cancri e,42.0,True,True,True,True,True,True,False,B,84.0,S
2030_01,Earth,False,TRAPPIST-1e,22.0,False,False,False,False,False,False,False,F,401.0,P
2031_01,Earth,False,TRAPPIST-1e,21.0,False,False,False,False,False,False,False,G,325.0,P
2033_01,Earth,False,55 Cancri e,28.0,False,False,False,False,False,False,False,F,392.0,S
2035_01,Mars,False,TRAPPIST-1e,35.0,False,False,False,False,False,False,False,D,64.0,P
2035_02,Mars,True,TRAPPIST-1e,20.0,False,False,False,False,False,False,False,F,403.0,P
2036_01,Earth,True,PSO J318.5-22,22.0,False,False,False,False,False,False,False,G,326.0,P
2036_02,Earth,False,TRAPPIST-1e,30.0,False,False,False,False,False,False,False,G,326.0,P
2036_03,Earth,False,TRAPPIST-1e,0.0,False,False,False,False,False,False,False,G,326.0,P
2037_01,Europa,True,TRAPPIST-1e,22.0,False,False,False,False,False,False,False,B,61.0,P
2037_02,Europa,False,TRAPPIST-1e,15.0,False,False,False,False,False,False,False,B,61.0,P
2039_01,Mars,False,TRAPPIST-1e,4.0,False,False,False,False,False,False,False,F,405.0,P
2039_02,Mars,True,TRAPPIST-1e,19.0,False,False,False,False,False,False,False,F,405.0,P
2039_03,Mars,True,TRAPPIST-1e,29.0,False,False,False,False,False,False,False,F,405.0,P
2047_01,Earth,True,TRAPPIST-1e,17.0,False,False,False,False,False,False,False,G,325.0,S
2048_01,Earth,False,55 Cancri e,21.0,False,False,False,False,False,False,False,F,406.0,P
2049_01,Earth,True,PSO J318.5-22,20.0,False,False,False,False,False,False,False,G,326.0,S
2050_01,Earth,False,TRAPPIST-1e,24.0,False,False,False,False,False,False,False,G,329.0,P
2057_01,Earth,True,PSO J318.5-22,6.0,False,False,False,False,False,False,False,G,332.0,P
2057_02,Earth,False,PSO J318.5-22,9.0,False,False,False,False,False,False,False,G,332.0,P
2057_03,Earth,False,TRAPPIST-1e,21.0,False,False,False,False,False,False,False,G,332.0,P
2057_04,Earth,True,TRAPPIST-1e,46.0,False,False,False,False,False,False,False,G,332.0,P
2057_05,Earth,False,TRAPPIST-1e,20.0,False,False,False,False,False,False,False,F,408.0,P
2058_01,Mars,False,55 Cancri e,27.0,False,False,False,False,False,False,False,F,397.0,S
2064_01,Mars,True,TRAPPIST-1e,23.0,False,False,False,False,False,False,False,F,409.0,P
2068_01,Europa,True,TRAPPIST-1e,28.0,False,False,False,False,False,False,False,C,71.0,P
2068_02,Europa,False,55 Cancri e,53.0,False,False,False,False,False,False,False,C,71.0,P
2068_03,Europa,False,TRAPPIST-1e,41.0,False,False,False,False,False,False,False,C,71.0,P
2068_04,Europa,False,55 Cancri e,32.0,False,False,False,False,False,False,False,C,71.0,P
2068_05,Europa,False,TRAPPIST-1e,27.0,False,False,False,False,False,False,False,C,71.0,P
2069_01,Earth,False,TRAPPIST-1e,31.0,False,False,False,False,False,False,False,F,399.0,S
2072_01,Earth,False,TRAPPIST-1e,20.0,False,False,False,False,False,False,False,E,152.0,S
2072_02,Earth,False,TRAPPIST-1e,19.0,False,False,False,False,False,False,False,F,400.0,S
2076_01,Mars,True,TRAPPIST-1e,55.0,False,False,False,False,False,False,False,F,403.0,S
2077_01,Earth,False,TRAPPIST-1e,35.0,False,False,False,False,False,False,False,F,404.0,S
2078_01,Mars,True,TRAPPIST-1e,70.0,False,False,False,False,False,False,False,F,405.0,S
2079_01,Earth,False,55 Cancri e,22.0,False,False,False,False,False,False,False,G,330.0,S
2079_02,Earth,False,TRAPPIST-1e,46.0,False,False,False,False,False,False,False,F,406.0,S
2079_03,Earth,False,TRAPPIST-1e,16.0,False,False,False,False,False,False,False,F,406.0,S
2093_01,Earth,False,TRAPPIST-1e,14.0,False,False,False,False,False,False,False,G,336.0,P
2098_01,Earth,False,TRAPPIST-1e,13.0,False,False,False,False,False,False,False,G,332.0,S
2101_01,Earth,True,55 Cancri e,44.0,False,False,False,False,False,False,False,G,337.0,P
2101_02,Earth,False,TRAPPIST-1e,15.0,False,False,False,False,False,False,False,F,416.0,P
2103_01,Earth,False,TRAPPIST-1e,32.0,False,False,False,False,False,False,False,G,333.0,S
2108_01,Europa,False,55 Cancri e,26.0,False,False,False,False,False,False,False,C,73.0,P
2108_02,Europa,False,TRAPPIST-1e,42.0,False,False,False,False,False,False,False,C,73.0,P
2109_01,Earth,True,TRAPPIST-1e,44.0,False,False,False,False,False,False,False,G,337.0,S
2113_01,Earth,True,TRAPPIST-1e,15.0,False,False,False,False,False,False,False,F,442.0,S
2119_01,Earth,False,TRAPPIST-1e,35.0,False,False,False,False,False,False,False,G,340.0,S
2119_02,Earth,True,TRAPPIST-1e,35.0,False,False,False,False,False,False,False,G,340.0,S
2122_01,Earth,False,PSO J318.5-22,24.0,False,False,False,False,False,False,False,E,154.0,S
2132_01,Earth,True,PSO J318.5-22,19.0,False,False,False,False,False,False,False,G,342.0,S
2146_01,Europa,False,TRAPPIST-1e,37.0,False,False,False,False,False,False,False,B,62.0,P
2146_02,Europa,True,55 Cancri e,31.0,False,False,False,False,False,False,False,B,62.0,P
2151_01,Earth,True,TRAPPIST-1e,39.0,False,False,False,False,False,False,False,G,346.0,S
2155_01,Earth,False,TRAPPIST-1e,35.0,False,False,False,False,False,False,False,F,427.0,P
2157_01,Earth,False,TRAPPIST-1e,26.0,False,False,False,False,False,False,False,F,422.0,S
2160_01,Mars,False,TRAPPIST-1e,26.0,False,False,False,False,False,False,False,F,442.0,S
2160_02,Mars,True,55 Cancri e,0.0,False,False,False,False,False,False,False,F,428.0,P
2160_03,Mars,True,TRAPPIST-1e,8.0,False,False,False,False,False,False,False,F,428.0,P
2165_01,Earth,False,TRAPPIST-1e,44.0,False,False,False,False,False,False,False,F,426.0,S
2166_01,Earth,False,TRAPPIST-1e,20.0,False,False,False,False,False,False,False,F,430.0,P
2169_01,Earth,False,TRAPPIST-1e,56.0,False,False,False,False,False,False,False,G,350.0,P
2170_01,Earth,False,TRAPPIST-1e,31.0,False,False,False,False,False,False,False,F,432.0,P
2174_01,Earth,False,55 Cancri e,16.0,False,False,False,False,False,False,False,F,434.0,P
2176_01,Earth,True,PSO J318.5-22,29.0,False,False,False,False,False,False,False,G,353.0,P
2178_01,Earth,False,TRAPPIST-1e,22.0,False,False,False,False,False,False,False,G,349.0,S
2181_01,Earth,False,TRAPPIST-1e,39.0,False,False,False,False,False,False,False,F,436.0,P
2184_01,Europa,True,55 Cancri e,25.0,False,False,False,False,False,False,False,C,81.0,S
2184_02,Europa,False,TRAPPIST-1e,43.0,False,False,False,False,False,False,False,C,81.0,S
2185_01,Europa,True,55 Cancri e,37.0,False,False,False,False,False,False,False,C,82.0,S
2192_01,Earth,False,PSO J318.5-22,24.0,False,False,False,False,False,False,False,G,351.0,S
2197_01,Earth,False,55 Cancri e,53.0,False,False,False,False,False,False,False,G,353.0,S
2199_01,Earth,False,55 Cancri e,19.0,False,False,False,False,False,False,False,F,442.0,S
2208_01,Mars,False,TRAPPIST-1e,24.0,False,False,False,False,False,False,False,F,444.0,P
2213_01,Mars,False,TRAPPIST-1e,31.0,False,False,False,False,False,False,False,E,131.0,P
2214_01,Earth,False,TRAPPIST-1e,27.0,False,False,False,False,False,False,False,E,132.0,P
2216_01,Earth,False,PSO J318.5-22,57.0,False,False,False,False,False,False,False,F,446.0,P
2217_01,Europa,False,TRAPPIST-1e,26.0,False,False,False,False,False,False,False,T,1.0,S
2218_01,Earth,False,TRAPPIST-1e,15.0,False,False,False,False,False,False,False,E,133.0,P
2222_01,Mars,True,TRAPPIST-1e,19.0,False,False,False,False,False,False,False,F,447.0,P
2226_01,Earth,False,PSO J318.5-22,27.0,False,False,False,False,False,False,False,G,357.0,P
2227_01,Mars,True,TRAPPIST-1e,23.0,False,False,False,False,False,False,False,F,436.0,S
2230_01,Earth,True,TRAPPIST-1e,6.0,False,False,False,False,False,False,False,G,358.0,P
2236_01,Earth,False,TRAPPIST-1e,15.0,False,False,False,False,False,False,False,E,160.0,S
2240_01,Earth,True,55 Cancri e,2.0,False,False,False,False,False,False,False,G,360.0,P
2240_02,Earth,False,TRAPPIST-1e,21.0,False,False,False,False,False,False,False,F,450.0,P
2240_03,Earth,False,TRAPPIST-1e,0.0,False,False,False,False,False,False,False,G,360.0,P
2242_01,Earth,True,55 Cancri e,18.0,False,False,False,False,False,False,False,G,361.0,P
2244_01,Earth,False,TRAPPIST-1e,46.0,False,False,False,False,False,False,False,F,440.0,S
2245_01,Earth,True,55 Cancri e,43.0,False,False,False,False,False,False,False,A,17.0,P
2245_02,Europa,True,TRAPPIST-1e,45.0,True,True,True,True,True,True,False,A,17.0,P
2246_01,Europa,False,55 Cancri e,40.0,False,False,False,False,False,False,False,C,74.0,P
2246_02,Europa,False,TRAPPIST-1e,44.0,False,False,False,False,False,False,False,C,74.0,P
2247_01,Earth,False,55 Cancri e,27.0,False,False,False,False,False,False,False,F,452.0,P
2248_01,Earth,False,TRAPPIST-1e,55.0,False,False,False,False,False,False,False,F,453.0,P
2249_01,Earth,False,TRAPPIST-1e,24.0,False,False,False,False,False,False,False,E,135.0,P
2250_01,Earth,False,TRAPPIST-1e,27.0,False,False,False,False,False,False,False,F,454.0,P
2259_01,Europa,False,55 Cancri e,33.0,False,False,False,False,False,False,False,C,77.0,P
2259_02,Europa,True,55 Cancri e,35.0,False,False,False,False,False,False,False,C,77.0,P
2260_01,Europa,True,TRAPPIST-1e,33.0,False,False,False,False,False,False,False,D,67.0,P
2265_01,Earth,False,TRAPPIST-1e,34.0,False,False,False,False,False,False,False,F,443.0,S
2271_01,Europa,False,55 Cancri e,37.0,False,False,False,False,False,False,False,C,78.0,P
2276_01,Earth,True,TRAPPIST-1e,46.0,False,False,False,False,False,False,False,G,361.0,S
2276_02,Earth,False,TRAPPIST-1e,45.0,False,False,False,False,False,False,False,F,444.0,S
2283_01,Earth,False,TRAPPIST-1e,14.0,False,False,False,False,False,False,False,F,462.0,P
2285_01,Earth,False,PSO J318.5-22,26.0,False,False,False,False,False,False,False,G,363.0,S
2286_01,Earth,False,TRAPPIST-1e,56.0,False,False,False,False,False,False,False,G,368.0,P
2290_01,Earth,True,PSO J318.5-22,24.0,False,False,False,False,False,False,False,G,364.0,S
2292_01,Earth,True,PSO J318.5-22,19.0,False,False,False,False,False,False,False,G,366.0,S
2293_01,Mars,True,TRAPPIST-1e,51.0,False,False,False,False,False,False,False,F,446.0,S
2294_01,Europa,False,55 Cancri e,24.0,False,False,False,False,False,False,False,C,84.0,S
2297_01,Earth,False,TRAPPIST-1e,23.0,False,False,False,False,False,False,False,F,447.0,S
2304_01,Earth,True,TRAPPIST-1e,21.0,False,False,False,False,False,False,False,G,370.0,P
2307_01,Earth,True,TRAPPIST-1e,6.0,False,False,False,False,False,False,False,E,164.0,S
2307_02,Earth,False,TRAPPIST-1e,11.0,False,False,False,False,False,False,False,E,164.0,S
2307_03,Earth,False,TRAPPIST-1e,4.0,False,False,False,False,False,False,False,E,164.0,S
2307_04,Earth,False,TRAPPIST-1e,0.0,False,False,False,False,False,False,False,E,164.0,S
2307_05,Earth,True,TRAPPIST-1e,7.0,False,False,False,False,False,False,False,E,164.0,S
2322_01,Earth,False,TRAPPIST-1e,24.0,False,False,False,False,False,False,False,E,165.0,S
2323_01,Earth,False,TRAPPIST-1e,32.0,False,False,False,False,False,False,False,F,451.0,S
2324_01,Earth,False,TRAPPIST-1e,43.0,False,False,False,False,False,False,False,F,452.0,S
2326_01,Earth,True,TRAPPIST-1e,24.0,False,False,False,False,False,False,False,G,374.0,P
2328_01,Earth,False,TRAPPIST-1e,49.0,False,False,False,False,False,False,False,F,471.0,P
2330_01,Earth,False,PSO J318.5-22,21.0,False,False,False,False,False,False,False,F,473.0,P
2331_01,Europa,True,55 Cancri e,29.0,False,False,False,False,False,False,False,F,442.0,S
2334_01,Earth,False,TRAPPIST-1e,25.0,False,False,False,False,False,False,False,G,375.0,S
2335_01,Earth,True,PSO J318.5-22,27.0,False,False,False,False,False,False,False,G,376.0,S
2337_01,Earth,True,PSO J318.5-22,14.0,False,False,False,False,False,False,False,G,375.0,P
2342_01,Earth,False,TRAPPIST-1e,67.0,False,False,False,False,False,False,False,G,377.0,S
2343_01,Europa,True,55 Cancri e,17.0,False,False,False,False,False,False,False,B,69.0,P
2343_02,Europa,False,TRAPPIST-1e,44.0,False,False,False,False,False,False,False,B,69.0,P
2344_01,Earth,False,55 Cancri e,52.0,False,False,False,False,False,False,False,B,70.0,P
2344_02,Europa,True,55 Cancri e,14.0,False,False,False,False,False,False,False,B,70.0,P
2346_01,Earth,False,TRAPPIST-1e,17.0,False,False,False,False,False,False,False,F,476.0,P
2350_01,Mars,False,TRAPPIST-1e,19.0,False,False,False,False,False,False,False,E,138.0,P
2350_02,Mars,False,TRAPPIST-1e,36.0,False,False,False,False,False,False,False,F,478.0,P
2350_03,Mars,True,55 Cancri e,19.0,False,False,False,False,False,False,False,F,478.0,P
2351_01,Mars,False,TRAPPIST-1e,25.0,False,False,False,False,False,False,False,D,70.0,P
2351_02,Mars,False,TRAPPIST-1e,39.0,False,False,False,False,False,False,False,F,479.0,P
2352_01,Mars,False,55 Cancri e,32.0,False,False,False,False,False,False,False,F,456.0,S
2354_01,Mars,False,TRAPPIST-1e,75.0,False,False,False,False,False,False,False,F,458.0,S
2355_01,Europa,True,TRAPPIST-1e,37.0,False,False,False,False,False,False,False,D,79.0,S
2355_02,Europa,True,55 Cancri e,25.0,False,False,False,False,False,False,False,D,79.0,S
2355_03,Europa,False,TRAPPIST-1e,33.0,False,False,False,False,False,False,False,D,79.0,S
2355_04,Europa,False,55 Cancri e,25.0,False,False,False,False,False,False,False,D,79.0,S
2358_01,Earth,False,TRAPPIST-1e,24.0,False,False,False,False,False,False,False,G,378.0,P
2359_01,Earth,False,TRAPPIST-1e,22.0,False,False,False,False,False,False,False,F,480.0,P
2362_01,Earth,False,TRAPPIST-1e,22.0,False,False,False,False,False,False,False,E,140.0,P
2370_01,Earth,True,TRAPPIST-1e,36.0,False,False,False,False,False,False,False,G,382.0,P
2370_02,Earth,True,TRAPPIST-1e,4.0,False,False,False,False,False,False,False,G,382.0,P
2370_03,Earth,False,TRAPPIST-1e,61.0,False,False,False,False,False,False,False,G,382.0,P
2370_04,Earth,False,TRAPPIST-1e,0.0,False,False,False,False,False,False,False,G,382.0,P
2371_01,Earth,False,TRAPPIST-1e,15.0,False,False,False,False,False,False,False,F,485.0,P
2372_01,Mars,False,TRAPPIST-1e,42.0,False,False,False,False,False,False,False,F,486.0,P
2378_01,Mars,False,TRAPPIST-1e,27.0,False,False,False,False,False,False,False,E,167.0,S
2378_02,Mars,True,TRAPPIST-1e,5.0,False,False,False,False,False,False,False,F,460.0,S
2380_01,Europa,False,TRAPPIST-1e,32.0,False,False,False,False,False,False,False,A,31.0,S
2380_02,Europa,True,55 Cancri e,38.0,False,False,False,False,False,False,False,A,31.0,S
2381_01,Earth,True,PSO J318.5-22,21.0,False,False,False,False,False,False,False,G,381.0,S
2383_01,Earth,False,PSO J318.5-22,23.0,False,False,False,False,False,False,False,G,382.0,S
2383_02,Earth,False,TRAPPIST-1e,34.0,False,False,False,False,False,False,False,G,382.0,S
2386_01,Mars,True,TRAPPIST-1e,28.0,False,False,False,False,False,False,False,F,489.0,P
2388_01,Earth,False,TRAPPIST-1e,23.0,False,False,False,False,False,False,False,G,384.0,P
2388_02,Earth,True,TRAPPIST-1e,14.0,False,False,False,False,False,False,False,G,384.0,P
2393_01,Earth,False,TRAPPIST-1e,60.0,False,False,False,False,False,False,False,F,462.0,S
2394_01,Earth,True,PSO J318.5-22,78.0,False,False,False,False,False,False,False,G,385.0,S
2394_02,Earth,True,55 Cancri e,6.0,False,False,False,False,False,False,False,G,385.0,S
2394_03,Earth,False,55 Cancri e,17.0,False,False,False,False,False,False,False,F,463.0,S
2400_01,Earth,False,55 Cancri e,41.0,False,False,False,False,False,False,False,F,491.0,P
2405_01,Earth,False,PSO J318.5-22,40.0,False,False,False,False,False,False,False,F,464.0,S
2407_01,Europa,False,55 Cancri e,47.0,False,False,False,False,False,False,False,C,87.0,S
2408_01,Earth,False,TRAPPIST-1e,23.0,False,False,False,False,False,False,False,G,389.0,S
2415_01,Earth,False,TRAPPIST-1e,41.0,False,False,False,False,False,False,False,F,494.0,P
2418_01,Earth,False,TRAPPIST-1e,60.0,False,False,False,False,False,False,False,E,144.0,P
2420_01,Earth,False,TRAPPIST-1e,46.0,False,False,False,False,False,False,False,G,392.0,S
2422_01,Europa,False,55 Cancri e,19.0,False,False,False,False,False,False,False,B,93.0,S
2422_02,Europa,True,55 Cancri e,18.0,False,False,False,False,False,False,False,B,93.0,S
2425_01,Earth,True,TRAPPIST-1e,0.0,False,False,False,False,False,False,False,G,396.0,P
2425_02,Earth,False,PSO J318.5-22,28.0,False,False,False,False,False,False,False,G,396.0,P
2425_03,Earth,False,TRAPPIST-1e,30.0,False,False,False,False,False,False,False,F,495.0,P
2425_04,Earth,False,55 Cancri e,9.0,False,False,False,False,False,False,False,G,396.0,P
2425_05,Earth,True,TRAPPIST-1e,0.0,False,False,False,False,False,False,False,F,442.0,S
2425_06,Earth,True,TRAPPIST-1e,4.0,False,False,False,False,False,False,False,G,396.0,P
2428_01,Earth,False,PSO J318.5-22,22.0,False,False,False,False,False,False,False,F,496.0,P
2430_01,Earth,True,TRAPPIST-1e,32.0,False,False,False,False,False,False,False,G,394.0,S
2430_02,Earth,False,TRAPPIST-1e,7.0,False,False,False,False,False,False,False,G,394.0,S
2430_03,Earth,False,TRAPPIST-1e,19.0,False,False,False,False,False,False,False,G,394.0,S
2434_01,Earth,True,TRAPPIST-1e,34.0,False,False,False,False,False,False,False,G,397.0,P
2434_02,Earth,False,TRAPPIST-1e,24.0,False,False,False,False,False,False,False,F,500.0,P
2437_01,Earth,False,TRAPPIST-1e,17.0,False,False,False,False,False,False,False,F,502.0,P
2440_01,Earth,False,TRAPPIST-1e,31.0,False,False,False,False,False,False,False,G,398.0,P
2447_01,Earth,False,TRAPPIST-1e,42.0,False,False,False,False,False,False,False,F,469.0,S
2448_01,Europa,True,55 Cancri e,14.0,False,False,False,False,False,False,False,B,71.0,P
2448_02,Europa,True,55 Cancri e,27.0,False,False,False,False,False,False,False,B,71.0,P
2450_01,Earth,False,TRAPPIST-1e,21.0,False,False,False,False,False,False,False,F,509.0,P
2459_01,Earth,True,55 Cancri e,24.0,False,False,False,False,False,False,False,G,401.0,P
2464_01,Mars,False,TRAPPIST-1e,34.0,False,False,False,False,False,False,False,E,148.0,P
2465_01,Mars,False,55 Cancri e,35.0,False,False,False,False,False,False,False,D,82.0,S
2468_01,Europa,True,55 Cancri e,43.0,False,False,False,False,False,False,False,E,172.0,S
2469_01,Mars,True,TRAPPIST-1e,25.0,False,False,False,False,False,False,False,F,473.0,S
2469_02,Mars,False,TRAPPIST-1e,19.0,False,False,False,False,False,False,False,F,473.0,S
2473_01,Earth,False,TRAPPIST-1e,25.0,False,False,False,False,False,False,False,F,474.0,S
2481_01,Earth,True,55 Cancri e,22.0,False,False,False,False,False,False,False,G,400.0,S
2481_02,Earth,False,TRAPPIST-1e,23.0,False,False,False,False,False,False,False,F,442.0,S
2482_01,Europa,False,55 Cancri e,42.0,False,False,False,False,False,False,False,D,84.0,S
2482_02,Europa,False,55 Cancri e,40.0,False,False,False,False,False,False,False,D,84.0,S
2484_01,Mars,True,TRAPPIST-1e,71.0,False,False,False,False,False,False,False,F,478.0,S
2484_02,Mars,False,TRAPPIST-1e,18.0,False,False,False,False,False,False,False,F,478.0,S
2485_01,Mars,False,TRAPPIST-1e,34.0,True,True,True,True,True,True,False,E,175.0,S
2487_01,Mars,False,TRAPPIST-1e,4.0,False,False,False,False,False,False,False,F,514.0,P
2487_02,Mars,True,TRAPPIST-1e,18.0,False,False,False,False,False,False,False,F,514.0,P
2487_03,Mars,False,TRAPPIST-1e,22.0,False,False,False,False,False,False,False,D,73.0,P
2490_01,Earth,False,TRAPPIST-1e,38.0,False,False,False,False,False,False,False,F,479.0,S
2493_01,Europa,False,55 Cancri e,33.0,False,False,False,False,False,False,False,C,88.0,S
2493_02,Europa,False,PSO J318.5-22,27.0,True,True,True,True,True,True,False,C,88.0,S
2494_01,Europa,True,TRAPPIST-1e,18.0,False,False,False,False,False,False,False,B,95.0,S
2494_02,Europa,False,55 Cancri e,34.0,False,False,False,False,False,False,False,B,95.0,S
2495_01,Earth,False,55 Cancri e,66.0,False,False,False,False,False,False,False,G,402.0,S
2501_01,Europa,True,TRAPPIST-1e,47.0,False,False,False,False,False,False,False,C,90.0,S
2504_01,Earth,False,TRAPPIST-1e,35.0,False,False,False,False,False,False,False,F,482.0,S
2507_01,Earth,True,TRAPPIST-1e,23.0,False,False,False,False,False,False,False,G,405.0,P
2511_01,Earth,False,TRAPPIST-1e,36.0,False,False,False,False,False,False,False,F,518.0,P
2514_01,Earth,False,TRAPPIST-1e,36.0,False,False,False,False,False,False,False,F,442.0,S
2517_01,Mars,True,TRAPPIST-1e,35.0,False,False,False,False,False,False,False,F,484.0,S
2525_01,Earth,False,TRAPPIST-1e,15.0,False,False,False,False,False,False,False,F,486.0,S
2529_01,Europa,False,TRAPPIST-1e,39.0,True,True,True,True,True,True,False,C,89.0,P
2533_01,Earth,False,55 Cancri e,48.0,False,False,False,False,False,False,False,G,408.0,P
2536_01,Mars,True,TRAPPIST-1e,47.0,False,False,False,False,False,False,False,F,490.0,S
2538_01,Europa,True,55 Cancri e,21.0,False,False,False,False,False,False,False,B,76.0,P
2538_02,Europa,True,TRAPPIST-1e,31.0,False,False,False,False,False,False,False,B,76.0,P
2539_01,Earth,False,TRAPPIST-1e,13.0,False,False,False,False,False,False,False,F,442.0,S
2543_01,Earth,False,TRAPPIST-1e,32.0,False,False,False,False,False,False,False,F,521.0,P
2554_01,Earth,False,PSO J318.5-22,22.0,False,False,False,False,False,False,False,F,493.0,S
2556_01,Mars,True,55 Cancri e,40.0,False,False,False,False,False,False,False,F,524.0,P
2563_01,Earth,True,TRAPPIST-1e,15.0,False,False,False,False,False,False,False,G,409.0,S
2566_01,Earth,False,TRAPPIST-1e,33.0,False,False,False,False,False,False,False,G,410.0,S
2567_01,Mars,True,TRAPPIST-1e,28.0,False,False,False,False,False,False,False,E,180.0,S
2567_02,Mars,True,TRAPPIST-1e,17.0,False,False,False,False,False,False,False,F,494.0,S
2568_01,Earth,False,TRAPPIST-1e,20.0,False,False,False,False,False,False,False,F,495.0,S
2569_01,Earth,False,TRAPPIST-1e,42.0,False,False,False,False,False,False,False,F,528.0,P
2570_01,Earth,True,TRAPPIST-1e,18.0,False,False,False,False,False,False,False,G,413.0,P
2575_01,Mars,False,55 Cancri e,27.0,False,False,False,False,False,False,False,F,529.0,P
2576_01,Mars,True,TRAPPIST-1e,32.0,False,False,False,False,False,False,False,F,497.0,S
2577_01,Earth,True,TRAPPIST-1e,19.0,False,False,False,False,False,False,False,G,411.0,S
2577_02,Earth,True,TRAPPIST-1e,9.0,False,False,False,False,False,False,False,G,411.0,S
2579_01,Mars,False,TRAPPIST-1e,36.0,False,False,False,False,False,False,False,F,530.0,P
2583_01,Earth,True,TRAPPIST-1e,21.0,False,False,False,False,False,False,False,G,416.0,P
2585_01,Europa,True,TRAPPIST-1e,40.0,False,False,False,False,False,False,False,B,79.0,P
2586_01,Earth,True,TRAPPIST-1e,42.0,False,False,False,False,False,False,False,G,418.0,P
2587_01,Mars,True,TRAPPIST-1e,40.0,False,False,False,False,False,False,False,F,532.0,P
2587_02,Mars,True,TRAPPIST-1e,22.0,False,False,False,False,False,False,False,F,532.0,P
2600_01,Mars,False,TRAPPIST-1e,15.0,False,False,False,False,False,False,False,E,157.0,P
2603_01,Earth,True,TRAPPIST-1e,38.0,False,False,False,False,False,False,False,G,414.0,S
2603_02,Earth,False,55 Cancri e,15.0,False,False,False,False,False,False,False,F,501.0,S
2604_01,Earth,True,PSO J318.5-22,24.0,False,False,False,False,False,False,False,G,423.0,P
2608_01,Earth,True,TRAPPIST-1e,22.0,False,False,False,False,False,False,False,G,415.0,S
2610_01,Earth,False,TRAPPIST-1e,24.0,False,False,False,False,False,False,False,F,502.0,S
2611_01,Earth,False,TRAPPIST-1e,25.0,False,False,False,False,False,False,False,G,417.0,S
2612_01,Earth,False,TRAPPIST-1e,22.0,False,False,False,False,False,False,False,F,538.0,P
2613_01,Earth,False,TRAPPIST-1e,57.0,False,False,False,False,False,False,False,F,539.0,P
2614_01,Mars,False,TRAPPIST-1e,25.0,False,False,False,False,False,False,False,F,503.0,S
2615_01,Earth,False,TRAPPIST-1e,21.0,False,False,False,False,False,False,False,F,540.0,P
2620_01,Earth,True,55 Cancri e,41.0,False,False,False,False,False,False,False,G,425.0,P
2621_01,Europa,False,55 Cancri e,27.0,False,False,False,False,False,False,False,C,94.0,S
2623_01,Earth,False,TRAPPIST-1e,18.0,False,False,False,False,False,False,False,F,506.0,S
2630_01,Earth,False,TRAPPIST-1e,61.0,False,False,False,False,False,False,False,F,507.0,S
2630_02,Earth,True,TRAPPIST-1e,9.0,False,False,False,False,False,False,False,G,418.0,S
2630_03,Earth,False,TRAPPIST-1e,1.0,False,False,False,False,False,False,False,G,418.0,S
2632_01,Earth,False,TRAPPIST-1e,27.0,False,False,False,False,False,False,False,F,546.0,P
2637_01,Earth,False,TRAPPIST-1e,20.0,False,False,False,False,False,False,False,F,442.0,S
2637_02,Earth,True,PSO J318.5-22,2.0,False,False,False,False,False,False,False,G,429.0,P
2637_03,Earth,False,TRAPPIST-1e,0.0,False,False,False,False,False,False,False,G,429.0,P
2639_01,Mars,True,TRAPPIST-1e,25.0,False,False,False,False,False,False,False,F,509.0,S
2644_01,Earth,False,TRAPPIST-1e,22.0,False,False,False,False,False,False,False,F,512.0,S
2653_01,Mars,False,TRAPPIST-1e,32.0,True,True,True,True,True,True,False,F,548.0,P
2654_01,Mars,False,TRAPPIST-1e,28.0,False,False,False,False,False,False,False,D,89.0,S
2656_01,Europa,True,TRAPPIST-1e,43.0,False,False,False,False,False,False,False,C,96.0,S
2665_01,Europa,False,55 Cancri e,28.0,False,False,False,False,False,False,False,C,92.0,P
2667_01,Europa,True,55 Cancri e,32.0,False,False,False,False,False,False,False,B,101.0,S
2667_02,Europa,False,TRAPPIST-1e,54.0,False,False,False,False,False,False,False,B,101.0,S
2667_03,Europa,False,TRAPPIST-1e,27.0,False,False,False,False,False,False,False,B,101.0,S
2667_04,Europa,True,TRAPPIST-1e,30.0,False,False,False,False,False,False,False,B,101.0,S
2667_05,Europa,True,55 Cancri e,25.0,False,False,False,False,False,False,False,B,101.0,S
2669_01,Mars,False,TRAPPIST-1e,39.0,False,False,False,False,False,False,False,F,553.0,P
2673_01,Earth,False,TRAPPIST-1e,14.0,False,False,False,False,False,False,False,G,433.0,P
2674_01,Earth,False,TRAPPIST-1e,8.0,False,False,False,False,False,False,False,G,425.0,S
2674_02,Earth,False,TRAPPIST-1e,22.0,False,False,False,False,False,False,False,G,425.0,S
2680_01,Europa,False,TRAPPIST-1e,27.0,False,False,False,False,False,False,False,B,82.0,P
2681_01,Earth,True,PSO J318.5-22,43.0,False,False,False,False,False,False,False,G,427.0,S
2686_01,Earth,False,TRAPPIST-1e,16.0,False,False,False,False,False,False,False,F,518.0,S
2689_01,Earth,False,TRAPPIST-1e,40.0,False,False,False,False,False,False,False,G,436.0,P
2694_01,Europa,True,TRAPPIST-1e,48.0,False,False,False,False,False,False,False,B,84.0,P
2694_02,Europa,False,TRAPPIST-1e,25.0,False,False,False,False,False,False,False,C,93.0,P
2696_01,Europa,False,TRAPPIST-1e,29.0,False,False,False,False,False,False,False,C,98.0,S
2699_01,Earth,False,PSO J318.5-22,60.0,False,False,False,False,False,False,False,F,519.0,S
2705_01,Earth,True,TRAPPIST-1e,22.0,False,False,False,False,False,False,False,G,430.0,S
2710_01,Europa,True,55 Cancri e,37.0,False,False,False,False,False,False,False,B,104.0,S
2710_02,Europa,True,55 Cancri e,35.0,False,False,False,False,False,False,False,B,104.0,S
2711_01,Mars,False,TRAPPIST-1e,23.0,False,False,False,False,False,False,False,F,560.0,P
2715_01,Mars,False,TRAPPIST-1e,24.0,False,False,False,False,False,False,False,E,162.0,P
2715_02,Mars,False,TRAPPIST-1e,15.0,False,False,False,False,False,False,False,F,562.0,P
2716_01,Europa,False,TRAPPIST-1e,18.0,False,False,False,False,False,False,False,D,80.0,P
2716_02,Europa,True,55 Cancri e,14.0,False,False,False,False,False,False,False,D,80.0,P
2719_01,Mars,False,TRAPPIST-1e,39.0,False,False,False,False,False,False,False,D,92.0,S
2719_02,Mars,True,TRAPPIST-1e,12.0,False,False,False,False,False,False,False,F,524.0,S
2719_03,Mars,False,TRAPPIST-1e,43.0,False,False,False,False,False,False,False,F,524.0,S
2728_01,Mars,False,TRAPPIST-1e,45.0,False,False,False,False,False,False,False,F,526.0,S
2731_01,Earth,True,TRAPPIST-1e,24.0,False,False,False,False,False,False,False,G,434.0,S
2733_01,Earth,False,TRAPPIST-1e,52.0,False,False,False,False,False,False,False,F,566.0,P
2735_01,Earth,False,TRAPPIST-1e,18.0,False,False,False,False,False,False,False,G,441.0,P
2742_01,Earth,True,PSO J318.5-22,38.0,False,False,False,False,False,False,False,G,436.0,S
2744_01,Earth,False,55 Cancri e,26.0,False,False,False,False,False,False,False,G,443.0,P
2749_01,Earth,True,TRAPPIST-1e,28.0,False,False,False,False,False,False,False,G,437.0,S
2757_01,Earth,False,TRAPPIST-1e,19.0,False,False,False,False,False,False,False,G,445.0,P
2761_01,Earth,False,PSO J318.5-22,45.0,False,False,False,False,False,False,False,F,531.0,S
2761_02,Earth,False,TRAPPIST-1e,27.0,False,False,False,False,False,False,False,F,531.0,S
2766_01,Earth,True,55 Cancri e,15.0,False,False,False,False,False,False,False,G,440.0,S
2767_01,Earth,False,TRAPPIST-1e,22.0,False,False,False,False,False,False,False,G,441.0,S
2771_01,Earth,False,TRAPPIST-1e,23.0,False,False,False,False,False,False,False,F,574.0,P
2775_01,Europa,False,TRAPPIST-1e,32.0,False,False,False,False,False,False,False,C,101.0,S
2776_01,Earth,False,TRAPPIST-1e,15.0,False,False,False,False,False,False,False,G,445.0,S
2777_01,Europa,True,TRAPPIST-1e,30.0,True,True,True,True,True,True,False,A,33.0,S
2779_01,Earth,False,TRAPPIST-1e,60.0,False,False,False,False,False,False,False,F,577.0,P
2782_01,Earth,False,TRAPPIST-1e,50.0,False,False,False,False,False,False,False,F,534.0,S
2791_01,Earth,False,TRAPPIST-1e,45.0,False,False,False,False,False,False,False,G,451.0,P
2794_01,Mars,False,TRAPPIST-1e,24.0,False,False,False,False,False,False,False,E,170.0,P
2794_02,Mars,False,TRAPPIST-1e,22.0,False,False,False,False,False,False,False,F,579.0,P
2794_03,Mars,False,TRAPPIST-1e,20.0,False,False,False,False,False,False,False,F,579.0,P
2794_04,Mars,True,55 Cancri e,19.0,False,False,False,False,False,False,False,F,579.0,P
2794_05,Mars,False,TRAPPIST-1e,40.0,False,False,False,False,False,False,False,F,579.0,P
2794_06,Mars,True,TRAPPIST-1e,14.0,False,False,False,False,False,False,False,F,579.0,P
2794_07,Mars,True,TRAPPIST-1e,18.0,False,False,False,False,False,False,False,F,579.0,P
2800_01,Mars,True,55 Cancri e,20.0,False,False,False,False,False,False,False,E,191.0,S
2803_01,Europa,True,TRAPPIST-1e,35.0,False,False,False,False,False,False,False,D,84.0,P
2804_01,Earth,True,TRAPPIST-1e,24.0,False,False,False,False,False,False,False,G,448.0,S
2808_01,Europa,True,55 Cancri e,30.0,False,False,False,False,False,False,False,C,95.0,P
2808_02,Europa,False,TRAPPIST-1e,44.0,False,False,False,False,False,False,False,C,95.0,P
2815_01,Earth,False,TRAPPIST-1e,42.0,False,False,False,False,False,False,False,E,172.0,P
2815_02,Earth,True,TRAPPIST-1e,3.0,False,False,False,False,False,False,False,G,456.0,P
2815_03,Earth,False,TRAPPIST-1e,19.0,False,False,False,False,False,False,False,F,583.0,P
2816_01,Europa,True,TRAPPIST-1e,69.0,False,False,False,False,False,False,False,D,85.0,P
2827_01,Earth,True,55 Cancri e,50.0,False,False,False,False,False,False,False,G,451.0,S
2828_01,Earth,False,PSO J318.5-22,15.0,False,False,False,False,False,False,False,G,459.0,P
2829_01,Earth,True,TRAPPIST-1e,18.0,False,False,False,False,False,False,False,G,460.0,P
2830_01,Earth,True,PSO J318.5-22,25.0,False,False,False,False,False,False,False,G,461.0,P
2833_01,Earth,True,PSO J318.5-22,15.0,False,False,False,False,False,False,False,G,462.0,P
2836_01,Europa,False,55 Cancri e,62.0,False,False,False,False,False,False,False,C,106.0,S
2841_01,Earth,False,TRAPPIST-1e,19.0,False,False,False,False,False,False,False,F,589.0,P
2842_01,Earth,True,TRAPPIST-1e,29.0,False,False,False,False,False,False,False,G,463.0,P
2844_01,Earth,False,55 Cancri e,28.0,False,False,False,False,False,False,False,F,541.0,S
2845_01,Europa,True,55 Cancri e,25.0,False,False,False,False,False,False,False,C,97.0,P
2845_02,Europa,True,TRAPPIST-1e,22.0,False,False,False,False,False,False,False,C,97.0,P
2848_01,Europa,True,TRAPPIST-1e,35.0,False,False,False,False,False,False,False,A,34.0,S
2848_02,Europa,True,TRAPPIST-1e,61.0,False,False,False,False,False,False,False,A,34.0,S
2848_03,Europa,True,55 Cancri e,26.0,False,False,False,False,False,False,False,A,34.0,S
2849_01,Earth,False,TRAPPIST-1e,19.0,False,False,False,False,False,False,False,F,442.0,S
2850_01,Mars,False,TRAPPIST-1e,2.0,False,False,False,False,False,False,False,F,543.0,S
2850_02,Mars,True,TRAPPIST-1e,0.0,False,False,False,False,False,False,False,F,543.0,S
2850_03,Mars,False,TRAPPIST-1e,26.0,False,False,False,False,False,False,False,E,192.0,S
2850_04,Mars,True,TRAPPIST-1e,6.0,False,False,False,False,False,False,False,F,543.0,S
2851_01,Earth,False,55 Cancri e,23.0,False,False,False,False,False,False,False,F,590.0,P
2855_01,Earth,True,55 Cancri e,50.0,False,False,False,False,False,False,False,D,87.0,P
2864_01,Mars,False,TRAPPIST-1e,18.0,False,False,False,False,False,False,False,F,548.0,S
2868_01,Earth,True,TRAPPIST-1e,7.0,False,False,False,False,False,False,False,G,453.0,S
2868_02,Earth,True,TRAPPIST-1e,3.0,False,False,False,False,False,False,False,G,453.0,S
2868_03,Earth,False,TRAPPIST-1e,3.0,False,False,False,False,False,False,False,G,453.0,S
2868_04,Earth,False,TRAPPIST-1e,37.0,False,False,False,False,False,False,False,G,453.0,S
2874_01,Earth,False,TRAPPIST-1e,25.0,False,False,False,False,False,False,False,E,177.0,P
2879_01,Earth,False,TRAPPIST-1e,22.0,False,False,False,False,False,False,False,F,594.0,P
2885_01,Mars,False,TRAPPIST-1e,20.0,False,False,False,False,False,False,False,F,549.0,S
2886_01,Mars,False,TRAPPIST-1e,32.0,False,False,False,False,False,False,False,F,596.0,P
2889_01,Earth,False,TRAPPIST-1e,34.0,False,False,False,False,False,False,False,E,195.0,S
2895_01,Europa,True,55 Cancri e,47.0,False,False,False,False,False,False,False,C,111.0,S
2896_01,Earth,False,TRAPPIST-1e,23.0,False,False,False,False,False,False,False,F,550.0,S
2898_01,Europa,False,TRAPPIST-1e,22.0,False,False,False,False,False,False,False,B,90.0,P
2898_02,Europa,True,TRAPPIST-1e,35.0,False,False,False,False,False,False,False,B,90.0,P
2903_01,Earth,False,PSO J318.5-22,18.0,False,False,False,False,False,False,False,G,472.0,P
2904_01,Europa,False,TRAPPIST-1e,36.0,False,False,False,False,False,False,False,C,99.0,P
2904_02,Europa,True,TRAPPIST-1e,32.0,False,False,False,False,False,False,False,C,99.0,P
2911_01,Earth,True,TRAPPIST-1e,29.0,False,False,False,False,False,False,False,G,465.0,S
2914_01,Europa,True,TRAPPIST-1e,19.0,False,False,False,False,False,False,False,B,91.0,P
2915_01,Mars,True,TRAPPIST-1e,45.0,False,False,False,False,False,False,False,F,554.0,S
2916_01,Mars,True,TRAPPIST-1e,26.0,False,False,False,False,False,False,False,F,604.0,P
2917_01,Earth,False,TRAPPIST-1e,14.0,False,False,False,False,False,False,False,F,605.0,P
2918_01,Europa,False,55 Cancri e,22.0,False,False,False,False,False,False,False,B,108.0,S
2921_01,Earth,False,TRAPPIST-1e,31.0,False,False,False,False,False,False,False,F,607.0,P
2922_01,Mars,False,TRAPPIST-1e,25.0,False,False,False,False,False,False,False,F,608.0,P
2923_01,Earth,False,TRAPPIST-1e,15.0,False,False,False,False,False,False,False,G,466.0,S
2924_01,Mars,False,TRAPPIST-1e,28.0,False,False,False,False,False,False,False,F,556.0,S
2931_01,Earth,True,TRAPPIST-1e,34.0,False,False,False,False,False,False,False,G,475.0,P
2931_02,Earth,False,TRAPPIST-1e,28.0,False,False,False,False,False,False,False,F,612.0,P
2932_01,Europa,True,TRAPPIST-1e,45.0,False,False,False,False,False,False,False,B,109.0,S
2933_01,Earth,False,TRAPPIST-1e,44.0,False,False,False,False,False,False,False,F,613.0,P
2937_01,Earth,False,TRAPPIST-1e,22.0,False,False,False,False,False,False,False,F,614.0,P
2939_01,Earth,False,TRAPPIST-1e,48.0,False,False,False,False,False,False,False,G,476.0,P
2946_01,Earth,False,TRAPPIST-1e,25.0,False,False,False,False,False,False,False,F,616.0,P
2946_02,Earth,False,TRAPPIST-1e,24.0,False,False,False,False,False,False,False,G,480.0,P
2946_03,Earth,False,TRAPPIST-1e,20.0,False,False,False,False,False,False,False,G,480.0,P
2946_04,Earth,False,TRAPPIST-1e,46.0,False,False,False,False,False,False,False,G,480.0,P
2947_01,Earth,True,TRAPPIST-1e,40.0,False,False,False,False,False,False,False,G,481.0,P
2951_01,Earth,False,PSO J318.5-22,26.0,False,False,False,False,False,False,False,G,483.0,P
2952_01,Earth,False,55 Cancri e,56.0,False,False,False,False,False,False,False,F,618.0,P
2955_01,Earth,False,TRAPPIST-1e,37.0,False,False,False,False,False,False,False,F,560.0,S
2957_01,Earth,True,TRAPPIST-1e,35.0,False,False,False,False,False,False,False,G,484.0,P
2963_01,Earth,False,TRAPPIST-1e,15.0,False,False,False,False,False,False,False,G,471.0,S
2967_01,Earth,False,TRAPPIST-1e,21.0,False,False,False,False,False,False,False,F,623.0,P
2973_01,Earth,False,TRAPPIST-1e,24.0,False,False,False,False,False,False,False,E,196.0,S
2974_01,Earth,False,55 Cancri e,30.0,False,False,False,False,False,False,False,F,624.0,P
2976_01,Europa,True,55 Cancri e,34.0,False,False,False,False,False,False,False,B,110.0,S
2976_02,Europa,True,55 Cancri e,16.0,False,False,False,False,False,False,False,B,110.0,S
2976_03,Europa,True,55 Cancri e,55.0,False,False,False,False,False,False,False,B,110.0,S
2976_04,Europa,False,55 Cancri e,27.0,False,False,False,False,False,False,False,B,110.0,S
2977_01,Earth,False,TRAPPIST-1e,44.0,False,False,False,False,False,False,False,F,625.0,P
2977_02,Earth,False,TRAPPIST-1e,17.0,False,False,False,False,False,False,False,F,625.0,P
2977_03,Earth,False,PSO J318.5-22,17.0,False,False,False,False,False,False,False,F,625.0,P
2978_01,Mars,False,TRAPPIST-1e,36.0,False,False,False,False,False,False,False,F,565.0,S
2980_01,Earth,False,TRAPPIST-1e,18.0,False,False,False,False,False,False,False,F,566.0,S
2981_01,Earth,True,PSO J318.5-22,14.0,False,False,False,False,False,False,False,G,487.0,P
2985_01,Earth,False,TRAPPIST-1e,21.0,False,False,False,False,False,False,False,F,567.0,S
2987_01,Earth,False,55 Cancri e,26.0,False,False,False,False,False,False,False,E,184.0,P
2989_01,Earth,False,TRAPPIST-1e,26.0,False,False,False,False,False,False,False,F,568.0,S
2991_01,Mars,False,TRAPPIST-1e,21.0,False,False,False,False,False,False,False,F,569.0,S
2997_01,Europa,True,55 Cancri e,25.0,False,False,False,False,False,False,False,B,95.0,P
2997_02,Europa,False,TRAPPIST-1e,27.0,False,False,False,False,False,False,False,B,95.0,P
2997_03,Europa,False,55 Cancri e,25.0,False,False,False,False,False,False,False,B,95.0,P
2997_04,Europa,True,TRAPPIST-1e,43.0,False,False,False,False,False,False,False,B,95.0,P
2999_01,Mars,False,TRAPPIST-1e,35.0,False,False,False,False,False,False,False,D,91.0,P
3002_01,Earth,False,PSO J318.5-22,21.0,False,False,False,False,False,False,False,F,628.0,P
3007_01,Earth,False,TRAPPIST-1e,23.0,False,False,False,False,False,False,False,G,488.0,P
3008_01,Europa,True,55 Cancri e,17.0,False,False,False,False,False,False,False,D,92.0,P
3008_02,Earth,False,TRAPPIST-1e,21.0,False,False,False,False,False,False,False,D,92.0,P
3008_03,Europa,True,TRAPPIST-1e,21.0,False,False,False,False,False,False,False,D,92.0,P
3008_04,Europa,False,TRAPPIST-1e,39.0,False,False,False,False,False,False,False,D,92.0,P
3008_05,Europa,True,55 Cancri e,22.0,False,False,False,False,False,False,False,D,92.0,P
3008_06,Europa,True,55 Cancri e,40.0,False,False,False,False,False,False,False,D,92.0,P
3011_01,Earth,True,TRAPPIST-1e,25.0,False,False,False,False,False,False,False,G,489.0,P
3016_01,Earth,False,TRAPPIST-1e,6.0,False,False,False,False,False,False,False,G,490.0,P
3016_02,Earth,True,TRAPPIST-1e,1.0,False,False,False,False,False,False,False,G,490.0,P
3016_03,Earth,True,TRAPPIST-1e,1.0,False,False,False,False,False,False,False,G,490.0,P
3016_04,Earth,False,TRAPPIST-1e,20.0,False,False,False,False,False,False,False,E,186.0,P
3017_01,Earth,False,TRAPPIST-1e,17.0,False,False,False,False,False,False,False,G,491.0,P
3028_01,Earth,True,TRAPPIST-1e,22.0,False,False,False,False,False,False,False,G,494.0,P
3031_01,Mars,True,55 Cancri e,18.0,False,False,False,False,False,False,False,F,633.0,P
3035_01,Mars,False,TRAPPIST-1e,49.0,False,False,False,False,False,False,False,E,188.0,P
3037_01,Europa,True,55 Cancri e,27.0,False,False,False,False,False,False,False,C,104.0,P
3037_02,Europa,True,TRAPPIST-1e,40.0,False,False,False,False,False,False,False,C,104.0,P
3041_01,Earth,False,TRAPPIST-1e,22.0,False,False,False,False,False,False,False,E,189.0,P
3043_01,Mars,False,TRAPPIST-1e,55.0,False,False,False,False,False,False,False,F,635.0,P
3046_01,Earth,False,TRAPPIST-1e,45.0,False,False,False,False,False,False,False,D,93.0,P
3049_01,Earth,False,TRAPPIST-1e,33.0,False,False,False,False,False,False,False,G,495.0,P
3051_01,Earth,False,TRAPPIST-1e,42.0,False,False,False,False,False,False,False,G,496.0,P
3052_01,Europa,False,TRAPPIST-1e,27.0,False,False,False,False,False,False,False,C,116.0,S
3056_01,Earth,True,TRAPPIST-1e,16.0,False,False,False,False,False,False,False,G,497.0,P
3057_01,Mars,False,TRAPPIST-1e,23.0,False,False,False,False,False,False,False,F,580.0,S
3058_01,Earth,False,TRAPPIST-1e,31.0,False,False,False,False,False,False,False,G,481.0,S
3059_01,Europa,True,TRAPPIST-1e,62.0,False,False,False,False,False,False,False,B,100.0,P
3069_01,Earth,False,PSO J318.5-22,43.0,False,False,False,False,False,False,False,F,582.0,S
3072_01,Mars,True,55 Cancri e,57.0,False,False,False,False,False,False,False,F,639.0,P
3074_01,Earth,False,PSO J318.5-22,23.0,False,False,False,False,False,False,False,F,583.0,S
3075_01,Earth,False,55 Cancri e,20.0,False,False,False,False,False,False,False,F,641.0,P
3077_01,Europa,True,55 Cancri e,21.0,False,False,False,False,False,False,False,B,114.0,S
3077_02,Europa,True,55 Cancri e,27.0,False,False,False,False,False,False,False,B,114.0,S
3078_01,Europa,False,55 Cancri e,31.0,False,False,False,False,False,False,False,C,117.0,S
3078_02,Europa,False,TRAPPIST-1e,31.0,True,True,True,True,True,True,False,C,117.0,S
3078_03,Europa,True,TRAPPIST-1e,24.0,False,False,False,False,False,False,False,C,117.0,S
3078_04,Europa,False,TRAPPIST-1e,27.0,False,False,False,False,False,False,False,C,117.0,S
3086_01,Earth,False,TRAPPIST-1e,28.0,False,False,False,False,False,False,False,F,643.0,P
3089_01,Mars,True,TRAPPIST-1e,44.0,False,False,False,False,False,False,False,E,202.0,S
3094_01,Earth,True,TRAPPIST-1e,19.0,False,False,False,False,False,False,False,G,484.0,S
3097_01,Mars,True,TRAPPIST-1e,14.0,False,False,False,False,False,False,False,F,644.0,P
3098_01,Earth,False,TRAPPIST-1e,65.0,False,False,False,False,False,False,False,E,195.0,P
3101_01,Mars,False,TRAPPIST-1e,73.0,False,False,False,False,False,False,False,D,104.0,S
3105_01,Europa,True,TRAPPIST-1e,26.0,False,False,False,False,False,False,False,C,105.0,P
3105_02,Europa,False,TRAPPIST-1e,25.0,False,False,False,False,False,False,False,C,105.0,P
3105_03,Europa,True,TRAPPIST-1e,26.0,False,False,False,False,False,False,False,C,105.0,P
3106_01,Earth,False,TRAPPIST-1e,34.0,False,False,False,False,False,False,False,F,587.0,S
3107_01,Earth,True,TRAPPIST-1e,63.0,False,False,False,False,False,False,False,G,486.0,S
3108_01,Earth,True,TRAPPIST-1e,53.0,False,False,False,False,False,False,False,G,508.0,P
3109_01,Earth,False,TRAPPIST-1e,18.0,False,False,False,False,False,False,False,G,487.0,S
3115_01,Earth,True,PSO J318.5-22,40.0,False,False,False,False,False,False,False,G,489.0,S
3122_01,Mars,False,TRAPPIST-1e,28.0,False,False,False,False,False,False,False,D,98.0,P
3122_02,Mars,False,TRAPPIST-1e,45.0,False,False,False,False,False,False,False,F,647.0,P
3125_01,Mars,False,TRAPPIST-1e,32.0,False,False,False,False,False,False,False,D,99.0,P
3125_02,Earth,False,55 Cancri e,19.0,False,False,False,False,False,False,False,D,99.0,P
3127_01,Europa,True,55 Cancri e,65.0,False,False,False,False,False,False,False,C,106.0,P
3129_01,Earth,False,TRAPPIST-1e,20.0,False,False,False,False,False,False,False,E,205.0,S
3135_01,Earth,False,55 Cancri e,18.0,False,False,False,False,False,False,False,F,650.0,P
3137_01,Earth,True,PSO J318.5-22,18.0,False,False,False,False,False,False,False,F,651.0,P
3139_01,Earth,False,TRAPPIST-1e,58.0,False,False,False,False,False,False,False,F,589.0,S
3141_01,Mars,True,TRAPPIST-1e,25.0,False,False,False,False,False,False,False,F,590.0,S
3144_01,Earth,False,TRAPPIST-1e,13.0,False,False,False,False,False,False,False,F,593.0,S
3146_01,Earth,False,PSO J318.5-22,26.0,False,False,False,False,False,False,False,F,653.0,P
3148_01,Earth,False,TRAPPIST-1e,22.0,False,False,False,False,False,False,False,F,595.0,S
3148_02,Earth,False,TRAPPIST-1e,22.0,False,False,False,False,False,False,False,G,493.0,S
3150_01,Earth,False,TRAPPIST-1e,10.0,False,False,False,False,False,False,False,G,495.0,S
3151_01,Europa,True,55 Cancri e,14.0,False,False,False,False,False,False,False,C,107.0,P
3153_01,Earth,False,TRAPPIST-1e,44.0,False,False,False,False,False,False,False,G,497.0,S
3153_02,Earth,True,55 Cancri e,10.0,False,False,False,False,False,False,False,G,497.0,S
3154_01,Earth,True,TRAPPIST-1e,37.0,False,False,False,False,False,False,False,G,498.0,S
3155_01,Europa,True,55 Cancri e,37.0,False,False,False,False,False,False,False,B,103.0,P
3155_02,Europa,False,55 Cancri e,44.0,False,False,False,False,False,False,False,B,103.0,P
3156_01,Earth,False,PSO J318.5-22,42.0,False,False,False,False,False,False,False,G,499.0,S
3157_01,Mars,False,TRAPPIST-1e,18.0,False,False,False,False,False,False,False,F,442.0,S
3160_01,Mars,False,TRAPPIST-1e,34.0,False,False,False,False,False,False,False,F,655.0,P
3165_01,Earth,False,TRAPPIST-1e,15.0,False,False,False,False,False,False,False,F,597.0,S
3167_01,Earth,False,TRAPPIST-1e,36.0,False,False,False,False,False,False,False,G,517.0,P
3170_01,Earth,True,TRAPPIST-1e,27.0,False,False,False,False,False,False,False,G,501.0,S
3173_01,Earth,True,TRAPPIST-1e,33.0,False,False,False,False,False,False,False,G,503.0,S
3177_01,Earth,False,TRAPPIST-1e,27.0,False,False,False,False,False,False,False,F,661.0,P
3178_01,Mars,True,TRAPPIST-1e,22.0,False,False,False,False,False,False,False,F,662.0,P
3183_01,Earth,False,TRAPPIST-1e,19.0,False,False,False,False,False,False,False,G,518.0,P
3186_01,Mars,True,TRAPPIST-1e,18.0,False,False,False,False,False,False,False,F,664.0,P
3187_01,Europa,False,55 Cancri e,31.0,False,False,False,False,False,False,False,A,26.0,P
3190_01,Mars,False,TRAPPIST-1e,41.0,False,False,False,False,False,False,False,F,602.0,S
3190_02,Mars,True,TRAPPIST-1e,48.0,False,False,False,False,False,False,False,E,210.0,S
3194_01,Earth,False,TRAPPIST-1e,23.0,False,False,False,False,False,False,False,G,504.0,S
3198_01,Mars,False,TRAPPIST-1e,29.0,False,False,False,False,False,False,False,F,604.0,S
3199_01,Europa,False,TRAPPIST-1e,38.0,False,False,False,False,False,False,False,C,108.0,P
3202_01,Earth,False,PSO J318.5-22,21.0,False,False,False,False,False,False,False,G,519.0,P
3207_01,Earth,False,PSO J318.5-22,20.0,False,False,False,False,False,False,False,F,671.0,P
3208_01,Europa,False,TRAPPIST-1e,27.0,False,False,False,False,False,False,False,T,4.0,P
3214_01,Mars,True,TRAPPIST-1e,33.0,False,False,False,False,False,False,False,F,605.0,S
3222_01,Earth,False,TRAPPIST-1e,24.0,False,False,False,False,False,False,False,G,512.0,S
3226_01,Mars,True,TRAPPIST-1e,23.0,False,False,False,False,False,False,False,F,608.0,S
3228_01,Mars,False,55 Cancri e,22.0,False,False,False,False,False,False,False,D,105.0,S
3231_01,Earth,True,55 Cancri e,13.0,False,False,False,False,False,False,False,G,514.0,S
3233_01,Earth,False,55 Cancri e,24.0,False,False,False,False,False,False,False,F,675.0,P
3234_01,Earth,False,TRAPPIST-1e,32.0,False,False,False,False,False,False,False,E,199.0,P
3242_01,Mars,False,TRAPPIST-1e,17.0,False,False,False,False,False,False,False,E,201.0,P
3244_01,Europa,True,TRAPPIST-1e,28.0,False,False,False,False,False,False,False,A,38.0,S
3244_02,Europa,True,TRAPPIST-1e,46.0,False,False,False,False,False,False,False,A,38.0,S
3244_03,Europa,True,55 Cancri e,18.0,False,False,False,False,False,False,False,A,38.0,S
3245_01,Earth,False,TRAPPIST-1e,24.0,False,False,False,False,False,False,False,F,611.0,S
3245_02,Earth,False,TRAPPIST-1e,20.0,False,False,False,False,False,False,False,F,611.0,S
3246_01,Earth,False,TRAPPIST-1e,17.0,False,False,False,False,False,False,False,F,612.0,S
3249_01,Earth,False,TRAPPIST-1e,44.0,False,False,False,False,False,False,False,F,678.0,P
3249_02,Earth,False,PSO J318.5-22,34.0,False,False,False,False,False,False,False,G,527.0,P
3250_01,Earth,False,PSO J318.5-22,19.0,False,False,False,False,False,False,False,F,679.0,P
3251_01,Earth,False,TRAPPIST-1e,28.0,False,False,False,False,False,False,False,F,680.0,P
3257_01,Mars,True,TRAPPIST-1e,26.0,False,False,False,False,False,False,False,F,614.0,S
3261_01,Europa,False,55 Cancri e,57.0,False,False,False,False,False,False,False,C,109.0,P
3263_01,Mars,True,TRAPPIST-1e,34.0,False,False,False,False,False,False,False,F,616.0,S
3264_01,Mars,False,TRAPPIST-1e,18.0,False,False,False,False,False,False,False,E,218.0,S
3265_01,Europa,False,TRAPPIST-1e,28.0,True,True,True,True,True,True,False,B,119.0,S
3265_02,Europa,False,55 Cancri e,6.0,False,False,False,False,False,False,False,B,119.0,S
3265_03,Europa,True,55 Cancri e,53.0,False,False,False,False,False,False,False,B,119.0,S
3265_04,Europa,False,TRAPPIST-1e,6.0,False,False,False,False,False,False,False,B,119.0,S
3266_01,Mars,False,TRAPPIST-1e,33.0,False,False,False,False,False,False,False,F,682.0,P
3267_01,Europa,True,55 Cancri e,43.0,False,False,False,False,False,False,False,A,28.0,P
3277_01,Earth,False,TRAPPIST-1e,44.0,False,False,False,False,False,False,False,G,520.0,S
3278_01,Mars,True,TRAPPIST-1e,28.0,False,False,False,False,False,False,False,F,683.0,P
3281_01,Mars,True,55 Cancri e,37.0,False,False,False,False,False,False,False,F,618.0,S
3285_01,Mars,False,TRAPPIST-1e,55.0,False,False,False,False,False,False,False,E,220.0,S
3285_02,Mars,True,TRAPPIST-1e,40.0,False,False,False,False,False,False,False,E,220.0,S
3286_01,Earth,False,TRAPPIST-1e,38.0,False,False,False,False,False,False,False,F,620.0,S
3288_01,Mars,True,TRAPPIST-1e,24.0,False,False,False,False,False,False,False,F,685.0,P
3290_01,Mars,True,TRAPPIST-1e,53.0,False,False,False,False,False,False,False,F,622.0,S
3290_02,Mars,False,TRAPPIST-1e,61.0,False,False,False,False,False,False,False,D,106.0,S
3291_01,Earth,True,TRAPPIST-1e,17.0,False,False,False,False,False,False,False,G,523.0,S
3302_01,Earth,False,TRAPPIST-1e,20.0,False,False,False,False,False,False,False,G,526.0,S
3303_01,Earth,False,TRAPPIST-1e,22.0,False,False,False,False,False,False,False,G,527.0,S
3306_01,Mars,False,TRAPPIST-1e,27.0,False,False,False,False,False,False,False,F,689.0,P
3307_01,Earth,False,TRAPPIST-1e,19.0,False,False,False,False,False,False,False,F,625.0,S
3316_01,Earth,False,TRAPPIST-1e,23.0,False,False,False,False,False,False,False,F,628.0,S
3320_01,Europa,False,55 Cancri e,33.0,False,False,False,False,False,False,False,B,124.0,S
3320_02,Europa,False,55 Cancri e,26.0,False,False,False,False,False,False,False,B,124.0,S
3321_01,Mars,True,TRAPPIST-1e,33.0,False,False,False,False,False,False,False,F,629.0,S
3333_01,Earth,False,TRAPPIST-1e,39.0,False,False,False,False,False,False,False,G,545.0,P
3334_01,Earth,True,PSO J318.5-22,47.0,False,False,False,False,False,False,False,G,529.0,S
3335_01,Earth,False,TRAPPIST-1e,33.0,False,False,False,False,False,False,False,E,223.0,S
3340_01,Mars,False,TRAPPIST-1e,40.0,False,False,False,False,False,False,False,E,204.0,P
3341_01,Earth,True,55 Cancri e,19.0,False,False,False,False,False,False,False,C,124.0,S
3341_02,Europa,False,55 Cancri e,26.0,False,False,False,False,False,False,False,C,124.0,S
3344_01,Europa,True,TRAPPIST-1e,24.0,False,False,False,False,False,False,False,B,126.0,S
3344_02,Europa,True,TRAPPIST-1e,15.0,False,False,False,False,False,False,False,B,126.0,S
3345_01,Earth,False,55 Cancri e,2.0,False,False,False,False,False,False,False,G,533.0,S
3345_02,Earth,False,55 Cancri e,33.0,False,False,False,False,False,False,False,E,224.0,S
3345_03,Earth,True,PSO J318.5-22,14.0,False,False,False,False,False,False,False,G,533.0,S
3346_01,Earth,False,TRAPPIST-1e,22.0,False,False,False,False,False,False,False,F,632.0,S
3347_01,Europa,False,55 Cancri e,45.0,False,False,False,False,False,False,False,B,127.0,S
3347_02,Europa,False,55 Cancri e,58.0,False,False,False,False,False,False,False,B,127.0,S
3351_01,Earth,True,55 Cancri e,13.0,False,False,False,False,False,False,False,F,442.0,S
3351_02,Earth,False,55 Cancri e,36.0,False,False,False,False,False,False,False,F,634.0,S
3354_01,Europa,False,TRAPPIST-1e,35.0,False,False,False,False,False,False,False,E,226.0,S
3355_01,Earth,True,PSO J318.5-22,23.0,False,False,False,False,False,False,False,G,548.0,P
3356_01,Europa,False,TRAPPIST-1e,27.0,False,False,False,False,False,False,False,E,227.0,S
3358_01,Earth,False,TRAPPIST-1e,24.0,False,False,False,False,False,False,False,G,549.0,P
3362_01,Europa,False,TRAPPIST-1e,43.0,False,False,False,False,False,False,False,B,128.0,S
3362_02,Europa,False,TRAPPIST-1e,67.0,True,True,True,True,True,True,False,B,128.0,S
3366_01,Europa,True,TRAPPIST-1e,29.0,False,False,False,False,False,False,False,B,129.0,S
3367_01,Earth,False,TRAPPIST-1e,28.0,False,False,False,False,False,False,False,F,442.0,S
3368_01,Mars,True,TRAPPIST-1e,18.0,False,False,False,False,False,False,False,E,228.0,S
3368_02,Mars,True,55 Cancri e,35.0,False,False,False,False,False,False,False,E,228.0,S
3368_03,Mars,False,TRAPPIST-1e,22.0,True,True,True,True,True,True,False,E,228.0,S
3368_04,Mars,True,TRAPPIST-1e,19.0,False,False,False,False,False,False,False,E,228.0,S
3368_05,Earth,True,TRAPPIST-1e,47.0,False,False,False,False,False,False,False,E,228.0,S
3368_06,Mars,False,TRAPPIST-1e,16.0,False,False,False,False,False,False,False,E,228.0,S
3368_07,Mars,False,TRAPPIST-1e,41.0,False,False,False,False,False,False,False,E,228.0,S
3369_01,Europa,False,TRAPPIST-1e,26.0,False,False,False,False,False,False,False,E,229.0,S
3373_01,Earth,True,TRAPPIST-1e,37.0,False,False,False,False,False,False,False,G,538.0,S
3374_01,Mars,False,TRAPPIST-1e,26.0,False,False,False,False,False,False,False,E,206.0,P
3375_01,Mars,False,TRAPPIST-1e,21.0,False,False,False,False,False,False,False,F,695.0,P
3376_01,Earth,False,PSO J318.5-22,45.0,False,False,False,False,False,False,False,F,637.0,S
3378_01,Earth,False,TRAPPIST-1e,28.0,False,False,False,False,False,False,False,G,552.0,P
3379_01,Earth,False,TRAPPIST-1e,26.0,False,False,False,False,False,False,False,F,639.0,S
3385_01,Earth,False,TRAPPIST-1e,35.0,False,False,False,False,False,False,False,F,640.0,S
3388_01,Europa,False,55 Cancri e,60.0,False,False,False,False,False,False,False,D,110.0,S
3393_01,Earth,True,TRAPPIST-1e,7.0,False,False,False,False,False,False,False,G,555.0,P
3398_01,Mars,False,55 Cancri e,15.0,False,False,False,False,False,False,False,E,208.0,P
3399_01,Earth,False,TRAPPIST-1e,26.0,False,False,False,False,False,False,False,E,230.0,S
3400_01,Earth,True,TRAPPIST-1e,38.0,False,False,False,False,False,False,False,G,544.0,S
3407_01,Earth,False,TRAPPIST-1e,24.0,False,False,False,False,False,False,False,F,644.0,S
3407_02,Earth,False,TRAPPIST-1e,77.0,False,False,False,False,False,False,False,F,644.0,S
3411_01,Mars,False,TRAPPIST-1e,22.0,False,False,False,False,False,False,False,E,232.0,S
3411_02,Mars,False,TRAPPIST-1e,22.0,False,False,False,False,False,False,False,F,442.0,S
3411_03,Mars,False,TRAPPIST-1e,20.0,False,False,False,False,False,False,False,F,645.0,S
3411_04,Mars,False,TRAPPIST-1e,47.0,False,False,False,False,False,False,False,F,645.0,S
3411_05,Mars,True,TRAPPIST-1e,25.0,False,False,False,False,False,False,False,F,645.0,S
3411_06,Mars,True,TRAPPIST-1e,9.0,False,False,False,False,False,False,False,F,645.0,S
3411_07,Mars,False,TRAPPIST-1e,19.0,False,False,False,False,False,False,False,F,645.0,S
3414_01,Earth,False,TRAPPIST-1e,44.0,False,False,False,False,False,False,False,G,560.0,P
3416_01,Europa,False,TRAPPIST-1e,41.0,True,True,True,True,True,True,False,B,108.0,P
3427_01,Earth,True,TRAPPIST-1e,53.0,False,False,False,False,False,False,False,G,550.0,S
3429_01,Europa,True,TRAPPIST-1e,27.0,False,False,False,False,False,False,False,E,235.0,S
3435_01,Earth,False,TRAPPIST-1e,20.0,False,False,False,False,False,False,False,G,563.0,P
3436_01,Earth,True,55 Cancri e,23.0,False,False,False,False,False,False,False,G,552.0,S
3448_01,Mars,False,TRAPPIST-1e,20.0,False,False,False,False,False,False,False,E,236.0,S
3448_02,Mars,False,PSO J318.5-22,26.0,False,False,False,False,False,False,False,F,650.0,S
3451_01,Earth,False,PSO J318.5-22,51.0,False,False,False,False,False,False,False,G,566.0,P
3452_01,Earth,False,TRAPPIST-1e,22.0,False,False,False,False,False,False,False,G,557.0,S
3457_01,Earth,True,55 Cancri e,36.0,False,False,False,False,False,False,False,G,559.0,S
3460_01,Earth,False,TRAPPIST-1e,18.0,False,False,False,False,False,False,False,F,651.0,S
3463_01,Earth,False,PSO J318.5-22,19.0,False,False,False,False,False,False,False,F,652.0,S
3466_01,Earth,False,TRAPPIST-1e,17.0,False,False,False,False,False,False,False,F,653.0,S
3471_01,Earth,False,TRAPPIST-1e,29.0,False,False,False,False,False,False,False,G,570.0,P
3472_01,Earth,False,TRAPPIST-1e,18.0,False,False,False,False,False,False,False,F,713.0,P
3477_01,Mars,False,TRAPPIST-1e,22.0,False,False,False,False,False,False,False,F,714.0,P
3477_02,Mars,False,55 Cancri e,43.0,False,False,False,False,False,False,False,D,109.0,P
3479_01,Earth,False,PSO J318.5-22,24.0,False,False,False,False,False,False,False,G,564.0,S
3481_01,Mars,False,TRAPPIST-1e,25.0,False,False,False,False,False,False,False,F,715.0,P
3482_01,Earth,False,TRAPPIST-1e,20.0,False,False,False,False,False,False,False,F,716.0,P
3482_02,Earth,True,TRAPPIST-1e,23.0,False,False,False,False,False,False,False,G,572.0,P
3493_01,Earth,False,TRAPPIST-1e,32.0,False,False,False,False,False,False,False,F,721.0,P
3494_01,Europa,False,TRAPPIST-1e,51.0,False,False,False,False,False,False,False,B,112.0,P
3494_02,Europa,False,TRAPPIST-1e,22.0,False,False,False,False,False,False,False,D,112.0,P
3498_01,Earth,False,PSO J318.5-22,22.0,False,False,False,False,False,False,False,F,657.0,S
3500_01,Earth,False,PSO J318.5-22,30.0,False,False,False,False,False,False,False,F,658.0,S
3502_01,Earth,False,TRAPPIST-1e,23.0,False,False,False,False,False,False,False,F,659.0,S
3503_01,Earth,False,TRAPPIST-1e,61.0,False,False,False,False,False,False,False,E,210.0,P
3505_01,Earth,False,TRAPPIST-1e,24.0,False,False,False,False,False,False,False,F,724.0,P
3507_01,Earth,False,TRAPPIST-1e,19.0,False,False,False,False,False,False,False,F,660.0,S
3508_01,Earth,False,TRAPPIST-1e,27.0,False,False,False,False,False,False,False,A,32.0,P
3508_02,Europa,False,TRAPPIST-1e,29.0,True,True,True,True,True,True,False,A,32.0,P
3509_01,Europa,True,55 Cancri e,55.0,False,False,False,False,False,False,False,B,133.0,S
3509_02,Europa,False,TRAPPIST-1e,26.0,False,False,False,False,False,False,False,B,133.0,S
3510_01,Earth,True,55 Cancri e,58.0,False,False,False,False,False,False,False,G,565.0,S
3513_01,Europa,True,55 Cancri e,60.0,False,False,False,False,False,False,False,B,134.0,S
3513_02,Europa,True,TRAPPIST-1e,13.0,False,False,False,False,False,False,False,B,134.0,S
3513_03,Europa,False,55 Cancri e,39.0,True,True,True,True,True,True,False,B,134.0,S
3513_04,Europa,True,55 Cancri e,35.0,False,False,False,False,False,False,False,B,134.0,S
3516_01,Earth,False,TRAPPIST-1e,21.0,False,False,False,False,False,False,False,F,726.0,P
3517_01,Earth,False,TRAPPIST-1e,37.0,False,False,False,False,False,False,False,F,663.0,S
3522_01,Earth,True,PSO J318.5-22,31.0,False,False,False,False,False,False,False,G,567.0,S
3524_01,Earth,False,TRAPPIST-1e,20.0,False,False,False,False,False,False,False,F,665.0,S
3526_01,Mars,False,TRAPPIST-1e,27.0,False,False,False,False,False,False,False,F,728.0,P
3529_01,Mars,True,TRAPPIST-1e,40.0,False,False,False,False,False,False,False,F,730.0,P
3532_01,Mars,True,TRAPPIST-1e,26.0,False,False,False,False,False,False,False,F,667.0,S
3538_01,Europa,False,55 Cancri e,36.0,False,False,False,False,False,False,False,C,128.0,S
3541_01,Earth,False,TRAPPIST-1e,19.0,False,False,False,False,False,False,False,E,240.0,S
3544_01,Earth,False,PSO J318.5-22,22.0,False,False,False,False,False,False,False,F,670.0,S
3544_02,Earth,False,TRAPPIST-1e,15.0,False,False,False,False,False,False,False,G,569.0,S
3545_01,Earth,False,55 Cancri e,18.0,False,False,False,False,False,False,False,F,671.0,S
3549_01,Europa,False,TRAPPIST-1e,25.0,False,False,False,False,False,False,False,D,114.0,P
3549_02,Europa,True,TRAPPIST-1e,62.0,False,False,False,False,False,False,False,D,114.0,P
3551_01,Earth,False,TRAPPIST-1e,53.0,False,False,False,False,False,False,False,G,571.0,S
3554_01,Earth,False,55 Cancri e,26.0,False,False,False,False,False,False,False,F,734.0,P
3557_01,Earth,False,TRAPPIST-1e,19.0,False,False,False,False,False,False,False,F,736.0,P
3571_01,Earth,True,PSO J318.5-22,21.0,False,False,False,False,False,False,False,G,575.0,S
3574_01,Earth,False,TRAPPIST-1e,20.0,False,False,False,False,False,False,False,G,576.0,S
3575_01,Europa,False,55 Cancri e,56.0,False,False,False,False,False,False,False,B,137.0,S
3580_01,Europa,False,55 Cancri e,64.0,False,False,False,False,False,False,False,D,114.0,S
3580_02,Europa,True,TRAPPIST-1e,26.0,False,False,False,False,False,False,False,B,138.0,S
3581_01,Europa,False,TRAPPIST-1e,36.0,False,False,False,False,False,False,False,C,129.0,S
3583_01,Mars,False,TRAPPIST-1e,51.0,False,False,False,False,False,False,False,D,115.0,S
3585_01,Earth,True,PSO J318.5-22,16.0,False,False,False,False,False,False,False,G,577.0,S
3587_01,Earth,True,55 Cancri e,21.0,False,False,False,False,False,False,False,G,578.0,S
3587_02,Earth,False,55 Cancri e,50.0,False,False,False,False,False,False,False,F,677.0,S
3587_03,Earth,False,TRAPPIST-1e,0.0,False,False,False,False,False,False,False,G,578.0,S
3589_01,Earth,False,TRAPPIST-1e,34.0,False,False,False,False,False,False,False,F,744.0,P
3589_02,Earth,True,TRAPPIST-1e,3.0,False,False,False,False,False,False,False,G,587.0,P
3589_03,Earth,True,PSO J318.5-22,11.0,False,False,False,False,False,False,False,G,587.0,P
3589_04,Earth,True,PSO J318.5-22,5.0,False,False,False,False,False,False,False,G,587.0,P
3589_05,Earth,False,TRAPPIST-1e,47.0,False,False,False,False,False,False,False,G,587.0,P
3589_06,Earth,True,TRAPPIST-1e,1.0,False,False,False,False,False,False,False,G,587.0,P
3589_07,Earth,True,TRAPPIST-1e,0.0,False,False,False,False,False,False,False,G,587.0,P
3590_01,Earth,False,TRAPPIST-1e,23.0,False,False,False,False,False,False,False,E,213.0,P
3593_01,Europa,False,TRAPPIST-1e,27.0,False,False,False,False,False,False,False,C,117.0,P
3599_01,Earth,False,TRAPPIST-1e,46.0,False,False,False,False,False,False,False,F,442.0,S
3601_01,Earth,False,TRAPPIST-1e,34.0,False,False,False,False,False,False,False,G,591.0,P
3601_02,Earth,False,55 Cancri e,2.0,False,False,False,False,False,False,False,G,591.0,P
3601_03,Earth,True,TRAPPIST-1e,11.0,False,False,False,False,False,False,False,G,591.0,P
3601_04,Earth,False,55 Cancri e,1.0,False,False,False,False,False,False,False,G,591.0,P
3601_05,Earth,True,TRAPPIST-1e,13.0,False,False,False,False,False,False,False,G,591.0,P
3601_06,Earth,False,TRAPPIST-1e,41.0,False,False,False,False,False,False,False,F,746.0,P
3601_07,Earth,False,55 Cancri e,11.0,False,False,False,False,False,False,False,G,591.0,P
3603_01,Mars,True,TRAPPIST-1e,52.0,False,False,False,False,False,False,False,F,679.0,S
3603_02,Mars,True,TRAPPIST-1e,15.0,False,False,False,False,False,False,False,F,679.0,S
3604_01,Earth,True,TRAPPIST-1e,58.0,False,False,False,False,False,False,False,G,581.0,S
3611_01,Earth,False,TRAPPIST-1e,23.0,False,False,False,False,False,False,False,F,681.0,S
3617_01,Earth,False,TRAPPIST-1e,34.0,False,False,False,False,False,False,False,G,585.0,S
3617_02,Earth,False,TRAPPIST-1e,9.0,False,False,False,False,False,False,False,G,585.0,S
3617_03,Earth,False,TRAPPIST-1e,25.0,False,False,False,False,False,False,False,F,683.0,S
3618_01,Europa,True,55 Cancri e,38.0,False,False,False,False,False,False,False,A,41.0,S
3618_02,Europa,False,55 Cancri e,42.0,True,True,True,True,True,True,False,A,41.0,S
3618_03,Europa,False,TRAPPIST-1e,40.0,False,False,False,False,False,False,False,A,41.0,S
3618_04,Europa,False,TRAPPIST-1e,18.0,False,False,False,False,False,False,False,A,41.0,S
3621_01,Mars,False,TRAPPIST-1e,42.0,False,False,False,False,False,False,False,F,750.0,P
3621_02,Mars,False,TRAPPIST-1e,40.0,False,False,False,False,False,False,False,F,750.0,P
3623_01,Earth,False,TRAPPIST-1e,28.0,False,False,False,False,False,False,False,F,751.0,P
3627_01,Europa,False,TRAPPIST-1e,56.0,False,False,False,False,False,False,False,C,130.0,S
3632_01,Earth,False,TRAPPIST-1e,22.0,False,False,False,False,False,False,False,G,587.0,S
3633_01,Mars,False,TRAPPIST-1e,39.0,False,False,False,False,False,False,False,F,756.0,P
3635_01,Earth,True,55 Cancri e,35.0,False,False,False,False,False,False,False,G,588.0,S
3635_02,Earth,False,TRAPPIST-1e,36.0,False,False,False,False,False,False,False,F,684.0,S
3637_01,Mars,False,TRAPPIST-1e,34.0,False,False,False,False,False,False,False,E,243.0,S
3638_01,Earth,False,TRAPPIST-1e,22.0,False,False,False,False,False,False,False,F,685.0,S
3643_01,Earth,True,TRAPPIST-1e,21.0,False,False,False,False,False,False,False,G,590.0,S
3646_01,Europa,False,TRAPPIST-1e,16.0,False,False,False,False,False,False,False,C,131.0,S
3646_02,Europa,False,TRAPPIST-1e,35.0,False,False,False,False,False,False,False,C,131.0,S
3649_01,Mars,False,TRAPPIST-1e,19.0,False,False,False,False,False,False,False,F,688.0,S
3651_01,Europa,True,TRAPPIST-1e,36.0,False,False,False,False,False,False,False,B,141.0,S
3656_01,Europa,False,55 Cancri e,32.0,False,False,False,False,False,False,False,E,217.0,P
3656_02,Europa,False,TRAPPIST-1e,69.0,False,False,False,False,False,False,False,E,217.0,P
3657_01,Europa,True,55 Cancri e,44.0,False,False,False,False,False,False,False,E,218.0,P
3657_02,Europa,True,55 Cancri e,34.0,False,False,False,False,False,False,False,E,218.0,P
3657_03,Europa,False,TRAPPIST-1e,35.0,False,False,False,False,False,False,False,E,218.0,P
3659_01,Earth,False,TRAPPIST-1e,25.0,False,False,False,False,False,False,False,G,597.0,P
3659_02,Earth,True,TRAPPIST-1e,3.0,False,False,False,False,False,False,False,G,597.0,P
3659_03,Earth,False,PSO J318.5-22,12.0,False,False,False,False,False,False,False,G,597.0,P
3659_04,Earth,False,TRAPPIST-1e,3.0,False,False,False,False,False,False,False,G,597.0,P
3659_05,Earth,False,TRAPPIST-1e,13.0,False,False,False,False,False,False,False,F,758.0,P
3659_06,Earth,False,TRAPPIST-1e,26.0,False,False,False,False,False,False,False,G,597.0,P
3659_07,Earth,True,PSO J318.5-22,2.0,False,False,False,False,False,False,False,G,597.0,P
3661_01,Mars,False,TRAPPIST-1e,25.0,False,False,False,False,False,False,False,F,759.0,P
3663_01,Mars,True,TRAPPIST-1e,19.0,False,False,False,False,False,False,False,F,760.0,P
3666_01,Earth,True,55 Cancri e,33.0,False,False,False,False,False,False,False,G,596.0,S
3669_01,Earth,False,55 Cancri e,41.0,False,False,False,False,False,False,False,F,692.0,S
3670_01,Earth,True,PSO J318.5-22,55.0,False,False,False,False,False,False,False,G,597.0,S
3672_01,Earth,False,55 Cancri e,30.0,False,False,False,False,False,False,False,F,693.0,S
3672_02,Earth,False,PSO J318.5-22,35.0,False,False,False,False,False,False,False,G,598.0,S
3673_01,Earth,False,TRAPPIST-1e,7.0,False,False,False,False,False,False,False,G,599.0,S
3675_01,Earth,False,TRAPPIST-1e,38.0,False,False,False,False,False,False,False,G,601.0,S
3675_02,Earth,True,PSO J318.5-22,51.0,False,False,False,False,False,False,False,G,601.0,S
3675_03,Earth,True,TRAPPIST-1e,18.0,False,False,False,False,False,False,False,G,601.0,S
3676_01,Europa,True,TRAPPIST-1e,44.0,False,False,False,False,False,False,False,B,143.0,S
3683_01,Europa,True,TRAPPIST-1e,18.0,False,False,False,False,False,False,False,C,122.0,P
3683_02,Europa,True,TRAPPIST-1e,13.0,False,False,False,False,False,False,False,C,122.0,P
3684_01,Earth,True,TRAPPIST-1e,49.0,False,False,False,False,False,False,False,G,602.0,S
3684_02,Earth,False,TRAPPIST-1e,8.0,False,False,False,False,False,False,False,G,602.0,S
3685_01,Earth,False,TRAPPIST-1e,22.0,False,False,False,False,False,False,False,F,695.0,S
3687_01,Europa,False,55 Cancri e,32.0,False,False,False,False,False,False,False,E,248.0,S
3689_01,Mars,False,TRAPPIST-1e,26.0,False,False,False,False,False,False,False,F,698.0,S
3694_01,Earth,True,55 Cancri e,56.0,False,False,False,False,False,False,False,G,599.0,P
3695_01,Mars,False,55 Cancri e,18.0,False,False,False,False,False,False,False,F,764.0,P
3696_01,Mars,True,TRAPPIST-1e,27.0,False,False,False,False,False,False,False,F,765.0,P
3697_01,Earth,False,TRAPPIST-1e,46.0,False,False,False,False,False,False,False,E,219.0,P
3698_01,Earth,False,TRAPPIST-1e,18.0,False,False,False,False,False,False,False,F,766.0,P
3701_01,Europa,True,TRAPPIST-1e,30.0,False,False,False,False,False,False,False,D,125.0,P
3701_02,Europa,False,55 Cancri e,35.0,False,False,False,False,False,False,False,D,125.0,P
3701_03,Europa,True,TRAPPIST-1e,48.0,False,False,False,False,False,False,False,D,125.0,P
3709_01,Earth,True,55 Cancri e,33.0,False,False,False,False,False,False,False,G,605.0,S
3712_01,Earth,True,55 Cancri e,0.0,False,False,False,False,False,False,False,F,442.0,S
3712_02,Earth,True,55 Cancri e,11.0,False,False,False,False,False,False,False,G,606.0,S
3712_03,Earth,True,TRAPPIST-1e,0.0,False,False,False,False,False,False,False,G,606.0,S
3712_04,Earth,False,TRAPPIST-1e,14.0,False,False,False,False,False,False,False,F,701.0,S
3712_05,Earth,True,PSO J318.5-22,9.0,False,False,False,False,False,False,False,G,606.0,S
3717_01,Earth,False,TRAPPIST-1e,37.0,False,False,False,False,False,False,False,G,607.0,S
3717_02,Earth,True,TRAPPIST-1e,30.0,False,False,False,False,False,False,False,G,607.0,S
3718_01,Mars,True,TRAPPIST-1e,21.0,False,False,False,False,False,False,False,F,703.0,S
3720_01,Mars,True,TRAPPIST-1e,32.0,False,False,False,False,False,False,False,F,705.0,S
3720_02,Mars,False,TRAPPIST-1e,4.0,False,False,False,False,False,False,False,F,705.0,S
3720_03,Mars,True,TRAPPIST-1e,19.0,False,False,False,False,False,False,False,F,705.0,S
3721_01,Mars,False,TRAPPIST-1e,25.0,True,True,True,True,True,True,False,D,117.0,S
3722_01,Earth,False,TRAPPIST-1e,34.0,False,False,False,False,False,False,False,G,608.0,S
3723_01,Earth,False,TRAPPIST-1e,19.0,False,False,False,False,False,False,False,F,771.0,P
3725_01,Earth,True,PSO J318.5-22,18.0,False,False,False,False,False,False,False,G,610.0,S
3727_01,Earth,False,PSO J318.5-22,23.0,False,False,False,False,False,False,False,G,611.0,S
3730_01,Mars,True,TRAPPIST-1e,53.0,False,False,False,False,False,False,False,F,442.0,S
3731_01,Earth,True,PSO J318.5-22,13.0,False,False,False,False,False,False,False,G,613.0,S
3738_01,Earth,False,TRAPPIST-1e,20.0,False,False,False,False,False,False,False,F,773.0,P
3740_01,Earth,False,TRAPPIST-1e,34.0,False,False,False,False,False,False,False,F,706.0,S
3746_01,Earth,False,TRAPPIST-1e,18.0,False,False,False,False,False,False,False,G,609.0,P
3746_02,Earth,False,TRAPPIST-1e,0.0,False,False,False,False,False,False,False,G,609.0,P
3746_03,Earth,True,TRAPPIST-1e,35.0,False,False,False,False,False,False,False,G,609.0,P
3746_04,Earth,True,TRAPPIST-1e,0.0,False,False,False,False,False,False,False,G,609.0,P
3762_01,Earth,False,TRAPPIST-1e,62.0,False,False,False,False,False,False,False,E,250.0,S
3763_01,Earth,False,55 Cancri e,15.0,False,False,False,False,False,False,False,F,708.0,S
3764_01,Earth,True,TRAPPIST-1e,28.0,False,False,False,False,False,False,False,G,614.0,P
3764_02,Earth,True,TRAPPIST-1e,5.0,False,False,False,False,False,False,False,G,614.0,P
3766_01,Europa,True,TRAPPIST-1e,22.0,False,False,False,False,False,False,False,D,126.0,P
3766_02,Europa,True,TRAPPIST-1e,14.0,False,False,False,False,False,False,False,D,126.0,P
3780_01,Mars,True,55 Cancri e,43.0,False,False,False,False,False,False,False,F,715.0,S
3782_01,Mars,False,TRAPPIST-1e,24.0,False,False,False,False,False,False,False,E,223.0,P
3782_02,Mars,False,TRAPPIST-1e,65.0,False,False,False,False,False,False,False,F,779.0,P
3791_01,Europa,False,TRAPPIST-1e,44.0,False,False,False,False,False,False,False,C,135.0,S
3792_01,Earth,True,TRAPPIST-1e,50.0,False,False,False,False,False,False,False,G,621.0,S
3794_01,Earth,True,PSO J318.5-22,15.0,False,False,False,False,False,False,False,G,621.0,P
3799_01,Earth,False,TRAPPIST-1e,18.0,False,False,False,False,False,False,False,E,224.0,P
3800_01,Europa,False,55 Cancri e,41.0,False,False,False,False,False,False,False,C,124.0,P
3802_01,Earth,False,TRAPPIST-1e,21.0,False,False,False,False,False,False,False,F,781.0,P
3806_01,Earth,True,PSO J318.5-22,16.0,False,False,False,False,False,False,False,G,623.0,P
3808_01,Earth,False,TRAPPIST-1e,21.0,False,False,False,False,False,False,False,F,785.0,P
3809_01,Earth,False,TRAPPIST-1e,29.0,False,False,False,False,False,False,False,G,624.0,P
3809_02,Earth,False,TRAPPIST-1e,19.0,False,False,False,False,False,False,False,G,624.0,P
3813_01,Earth,True,TRAPPIST-1e,18.0,False,False,False,False,False,False,False,G,625.0,P
3819_01,Earth,False,55 Cancri e,25.0,False,False,False,False,False,False,False,F,789.0,P
3825_01,Earth,False,TRAPPIST-1e,45.0,False,False,False,False,False,False,False,G,626.0,P
3827_01,Earth,False,55 Cancri e,32.0,False,False,False,False,False,False,False,F,720.0,S
3828_01,Europa,False,TRAPPIST-1e,33.0,False,False,False,False,False,False,False,B,123.0,P
3828_02,Europa,False,TRAPPIST-1e,26.0,False,False,False,False,False,False,False,B,123.0,P
3828_03,Europa,False,55 Cancri e,24.0,False,False,False,False,False,False,False,B,123.0,P
3829_01,Earth,False,55 Cancri e,29.0,False,False,False,False,False,False,False,E,254.0,S
3829_02,Earth,False,TRAPPIST-1e,24.0,False,False,False,False,False,False,False,F,721.0,S
3833_01,Mars,True,55 Cancri e,22.0,False,False,False,False,False,False,False,F,722.0,S
3834_01,Earth,True,PSO J318.5-22,18.0,False,False,False,False,False,False,False,G,628.0,S
3837_01,Earth,False,TRAPPIST-1e,16.0,False,False,False,False,False,False,False,G,628.0,P
3840_01,Earth,False,TRAPPIST-1e,17.0,False,False,False,False,False,False,False,F,792.0,P
3843_01,Earth,False,TRAPPIST-1e,18.0,False,False,False,False,False,False,False,F,724.0,S
3844_01,Europa,False,55 Cancri e,25.0,False,False,False,False,False,False,False,C,125.0,P
3844_02,Europa,False,55 Cancri e,46.0,False,False,False,False,False,False,False,C,125.0,P
3845_01,Earth,False,TRAPPIST-1e,36.0,False,False,False,False,False,False,False,G,629.0,P
3855_01,Mars,True,PSO J318.5-22,62.0,False,False,False,False,False,False,False,E,229.0,P
3858_01,Europa,True,TRAPPIST-1e,48.0,False,False,False,False,False,False,False,E,231.0,P
3858_02,Europa,True,TRAPPIST-1e,16.0,False,False,False,False,False,False,False,E,231.0,P
3858_03,Europa,False,TRAPPIST-1e,27.0,False,False,False,False,False,False,False,E,231.0,P
3858_04,Europa,False,TRAPPIST-1e,52.0,False,False,False,False,False,False,False,E,231.0,P
3859_01,Mars,True,TRAPPIST-1e,25.0,False,False,False,False,False,False,False,F,727.0,S
3860_01,Mars,False,55 Cancri e,13.0,False,False,False,False,False,False,False,D,130.0,P
3861_01,Mars,False,TRAPPIST-1e,35.0,False,False,False,False,False,False,False,F,728.0,S
3863_01,Earth,False,TRAPPIST-1e,20.0,False,False,False,False,False,False,False,F,730.0,S
3865_01,Earth,True,PSO J318.5-22,42.0,False,False,False,False,False,False,False,G,629.0,S
3869_01,Mars,True,TRAPPIST-1e,50.0,False,False,False,False,False,False,False,E,257.0,S
3876_01,Europa,True,TRAPPIST-1e,66.0,False,False,False,False,False,False,False,C,138.0,S
3876_02,Europa,False,TRAPPIST-1e,31.0,False,False,False,False,False,False,False,C,138.0,S
3876_03,Europa,True,55 Cancri e,37.0,False,False,False,False,False,False,False,C,138.0,S
3877_01,Earth,False,TRAPPIST-1e,72.0,False,False,False,False,False,False,False,F,732.0,S
3878_01,Mars,False,55 Cancri e,30.0,False,False,False,False,False,False,False,D,126.0,S
3880_01,Earth,False,TRAPPIST-1e,29.0,False,False,False,False,False,False,False,E,259.0,S
3881_01,Earth,False,55 Cancri e,21.0,False,False,False,False,False,False,False,G,632.0,S
3882_01,Mars,True,55 Cancri e,33.0,False,False,False,False,False,False,False,D,131.0,P
3884_01,Europa,False,TRAPPIST-1e,28.0,False,False,False,False,False,False,False,A,33.0,P
3885_01,Earth,False,TRAPPIST-1e,41.0,False,False,False,False,False,False,False,F,733.0,S
3887_01,Europa,False,55 Cancri e,44.0,False,False,False,False,False,False,False,C,128.0,P
3889_01,Europa,False,TRAPPIST-1e,45.0,False,False,False,False,False,False,False,C,139.0,S
3889_02,Europa,False,55 Cancri e,61.0,False,False,False,False,False,False,False,C,139.0,S
3891_01,Earth,False,TRAPPIST-1e,21.0,False,False,False,False,False,False,False,G,635.0,S
3892_01,Earth,True,TRAPPIST-1e,25.0,False,False,False,False,False,False,False,G,634.0,P
3892_02,Earth,False,TRAPPIST-1e,38.0,False,False,False,False,False,False,False,F,802.0,P
3893_01,Mars,False,TRAPPIST-1e,68.0,False,False,False,False,False,False,False,F,734.0,S
3893_02,Mars,False,55 Cancri e,0.0,False,False,False,False,False,False,False,F,734.0,S
3893_03,Mars,False,TRAPPIST-1e,21.0,False,False,False,False,False,False,False,F,734.0,S
3900_01,Earth,False,TRAPPIST-1e,55.0,False,False,False,False,False,False,False,E,235.0,P
3901_01,Earth,False,TRAPPIST-1e,60.0,False,False,False,False,False,False,False,F,803.0,P
3902_01,Mars,True,TRAPPIST-1e,19.0,False,False,False,False,False,False,False,D,127.0,S
3905_01,Earth,True,PSO J318.5-22,17.0,False,False,False,False,False,False,False,G,638.0,S
3906_01,Earth,False,TRAPPIST-1e,16.0,False,False,False,False,False,False,False,G,637.0,P
3906_02,Earth,False,TRAPPIST-1e,29.0,False,False,False,False,False,False,False,F,805.0,P
3908_01,Earth,False,TRAPPIST-1e,29.0,False,False,False,False,False,False,False,E,236.0,P
3908_02,Earth,False,TRAPPIST-1e,0.0,False,False,False,False,False,False,False,G,638.0,P
3910_01,Earth,True,PSO J318.5-22,15.0,False,False,False,False,False,False,False,G,639.0,P
3914_01,Earth,False,TRAPPIST-1e,27.0,False,False,False,False,False,False,False,E,261.0,S
3918_01,Earth,False,TRAPPIST-1e,24.0,False,False,False,False,False,False,False,G,640.0,P
3920_01,Earth,False,55 Cancri e,14.0,False,False,False,False,False,False,False,F,807.0,P
3925_01,Mars,False,TRAPPIST-1e,17.0,False,False,False,False,False,False,False,F,809.0,P
3925_02,Mars,False,TRAPPIST-1e,37.0,False,False,False,False,False,False,False,F,809.0,P
3929_01,Earth,False,55 Cancri e,23.0,False,False,False,False,False,False,False,F,739.0,S
3934_01,Mars,True,TRAPPIST-1e,17.0,False,False,False,False,False,False,False,F,741.0,S
3934_02,Mars,False,TRAPPIST-1e,33.0,False,False,False,False,False,False,False,E,266.0,S
3943_01,Earth,False,TRAPPIST-1e,30.0,False,False,False,False,False,False,False,G,646.0,S
3943_02,Earth,True,TRAPPIST-1e,20.0,False,False,False,False,False,False,False,G,646.0,S
3943_03,Earth,False,TRAPPIST-1e,26.0,False,False,False,False,False,False,False,F,744.0,S
3947_01,Earth,False,TRAPPIST-1e,25.0,False,False,False,False,False,False,False,F,813.0,P
3951_01,Earth,False,TRAPPIST-1e,19.0,False,False,False,False,False,False,False,F,815.0,P
3953_01,Earth,True,TRAPPIST-1e,31.0,False,False,False,False,False,False,False,G,645.0,P
3956_01,Earth,False,TRAPPIST-1e,23.0,False,False,False,False,False,False,False,F,816.0,P
3957_01,Earth,True,TRAPPIST-1e,29.0,False,False,False,False,False,False,False,F,442.0,S
3965_01,Earth,False,TRAPPIST-1e,20.0,False,False,False,False,False,False,False,G,651.0,S
3969_01,Earth,False,TRAPPIST-1e,26.0,False,False,False,False,False,False,False,F,750.0,S
3972_01,Europa,True,55 Cancri e,26.0,False,False,False,False,False,False,False,D,133.0,P
3975_01,Earth,False,PSO J318.5-22,51.0,False,False,False,False,False,False,False,F,753.0,S
3978_01,Mars,False,TRAPPIST-1e,26.0,False,False,False,False,False,False,False,F,754.0,S
3979_01,Earth,False,TRAPPIST-1e,17.0,False,False,False,False,False,False,False,G,652.0,P
3982_01,Earth,False,TRAPPIST-1e,22.0,False,False,False,False,False,False,False,F,821.0,P
3983_01,Earth,False,TRAPPIST-1e,31.0,False,False,False,False,False,False,False,G,653.0,S
3989_01,Earth,True,TRAPPIST-1e,2.0,False,False,False,False,False,False,False,G,655.0,S
3989_02,Earth,True,55 Cancri e,0.0,False,False,False,False,False,False,False,G,655.0,S
3989_03,Earth,False,TRAPPIST-1e,3.0,False,False,False,False,False,False,False,G,655.0,S
3989_04,Earth,False,PSO J318.5-22,28.0,False,False,False,False,False,False,False,E,267.0,S
3990_01,Earth,True,55 Cancri e,21.0,False,False,False,False,False,False,False,G,656.0,S
3993_01,Earth,False,TRAPPIST-1e,15.0,False,False,False,False,False,False,False,F,824.0,P
4004_01,Earth,False,TRAPPIST-1e,18.0,False,False,False,False,False,False,False,F,828.0,P
4007_01,Europa,False,55 Cancri e,52.0,False,False,False,False,False,False,False,A,34.0,P
4011_01,Europa,False,55 Cancri e,49.0,False,False,False,False,False,False,False,A,45.0,S
4012_01,Europa,False,55 Cancri e,42.0,False,False,False,False,False,False,False,B,153.0,S
4012_02,Europa,True,TRAPPIST-1e,28.0,False,False,False,False,False,False,False,B,153.0,S
4015_01,Mars,True,TRAPPIST-1e,31.0,False,False,False,False,False,False,False,F,831.0,P
4015_02,Mars,False,TRAPPIST-1e,19.0,False,False,False,False,False,False,False,E,244.0,P
4024_01,Europa,False,55 Cancri e,41.0,False,False,False,False,False,False,False,C,130.0,P
4025_01,Earth,False,TRAPPIST-1e,31.0,False,False,False,False,False,False,False,F,834.0,P
4028_01,Earth,False,TRAPPIST-1e,13.0,False,False,False,False,False,False,False,G,660.0,P
4029_01,Mars,True,TRAPPIST-1e,35.0,False,False,False,False,False,False,False,F,763.0,S
4041_01,Earth,True,TRAPPIST-1e,29.0,False,False,False,False,False,False,False,G,665.0,S
4048_01,Mars,False,TRAPPIST-1e,0.0,False,False,False,False,False,False,False,F,835.0,P
4048_02,Mars,True,TRAPPIST-1e,19.0,False,False,False,False,False,False,False,F,835.0,P
4048_03,Mars,False,TRAPPIST-1e,26.0,False,False,False,False,False,False,False,F,835.0,P
4051_01,Earth,True,TRAPPIST-1e,19.0,False,False,False,False,False,False,False,G,667.0,S
4052_01,Earth,False,TRAPPIST-1e,26.0,False,False,False,False,False,False,False,D,136.0,P
4054_01,Europa,True,TRAPPIST-1e,47.0,False,False,False,False,False,False,False,D,137.0,P
4054_02,Europa,False,TRAPPIST-1e,29.0,False,False,False,False,False,False,False,D,137.0,P
4054_03,Europa,False,TRAPPIST-1e,46.0,False,False,False,False,False,False,False,D,137.0,P
4056_01,Earth,False,TRAPPIST-1e,18.0,False,False,False,False,False,False,False,E,249.0,P
4057_01,Mars,False,TRAPPIST-1e,33.0,False,False,False,False,False,False,False,F,837.0,P
4059_01,Europa,False,55 Cancri e,20.0,False,False,False,False,False,False,False,D,138.0,P
4059_02,Europa,False,TRAPPIST-1e,37.0,False,False,False,False,False,False,False,D,138.0,P
4062_01,Earth,False,55 Cancri e,35.0,False,False,False,False,False,False,False,C,132.0,P
4067_01,Earth,False,TRAPPIST-1e,25.0,False,False,False,False,False,False,False,G,666.0,P
4070_01,Europa,True,TRAPPIST-1e,22.0,False,False,False,False,False,False,False,B,156.0,S
4070_02,Europa,True,55 Cancri e,47.0,False,False,False,False,False,False,False,B,156.0,S
4070_03,Europa,False,55 Cancri e,31.0,False,False,False,False,False,False,False,B,156.0,S
4073_01,Earth,False,TRAPPIST-1e,27.0,False,False,False,False,False,False,False,F,769.0,S
4073_02,Earth,True,TRAPPIST-1e,47.0,False,False,False,False,False,False,False,G,672.0,S
4074_01,Earth,False,TRAPPIST-1e,46.0,False,False,False,False,False,False,False,F,770.0,S
4077_01,Europa,False,55 Cancri e,47.0,False,False,False,False,False,False,False,E,251.0,P
4085_01,Earth,False,TRAPPIST-1e,40.0,False,False,False,False,False,False,False,G,669.0,P
4086_01,Earth,False,TRAPPIST-1e,39.0,False,False,False,False,False,False,False,G,673.0,S
4086_02,Earth,True,TRAPPIST-1e,39.0,False,False,False,False,False,False,False,G,673.0,S
4086_03,Earth,False,TRAPPIST-1e,35.0,False,False,False,False,False,False,False,G,673.0,S
4087_01,Earth,False,55 Cancri e,43.0,False,False,False,False,False,False,False,F,840.0,P
4088_01,Earth,False,TRAPPIST-1e,38.0,False,False,False,False,False,False,False,G,674.0,S
4092_01,Earth,True,PSO J318.5-22,31.0,False,False,False,False,False,False,False,G,670.0,P
4094_01,Europa,False,TRAPPIST-1e,20.0,False,False,False,False,False,False,False,B,157.0,S
4094_02,Europa,False,55 Cancri e,44.0,False,False,False,False,False,False,False,B,157.0,S
4100_01,Europa,False,55 Cancri e,25.0,False,False,False,False,False,False,False,F,442.0,S
4105_01,Earth,False,TRAPPIST-1e,25.0,False,False,False,False,False,False,False,E,254.0,P
4111_01,Earth,True,55 Cancri e,20.0,False,False,False,False,False,False,False,G,677.0,S
4117_01,Mars,False,TRAPPIST-1e,33.0,False,False,False,False,False,False,False,F,844.0,P
4118_01,Mars,False,PSO J318.5-22,58.0,False,False,False,False,False,False,False,F,775.0,S
4119_01,Earth,False,TRAPPIST-1e,23.0,False,False,False,False,False,False,False,F,776.0,S
4121_01,Europa,False,TRAPPIST-1e,35.0,False,False,False,False,False,False,False,B,159.0,S
4122_01,Earth,False,TRAPPIST-1e,13.0,False,False,False,False,False,False,False,E,271.0,S
4123_01,Earth,False,TRAPPIST-1e,21.0,False,False,False,False,False,False,False,E,256.0,P
4124_01,Earth,True,PSO J318.5-22,20.0,False,False,False,False,False,False,False,G,676.0,P
4126_01,Earth,False,TRAPPIST-1e,15.0,False,False,False,False,False,False,False,F,845.0,P
4133_01,Mars,True,TRAPPIST-1e,48.0,False,False,False,False,False,False,False,F,848.0,P
4133_02,Mars,True,TRAPPIST-1e,58.0,False,False,False,False,False,False,False,F,848.0,P
4136_01,Europa,True,55 Cancri e,25.0,False,False,False,False,False,False,False,A,49.0,S
4136_02,Europa,False,TRAPPIST-1e,43.0,False,False,False,False,False,False,False,A,49.0,S
4138_01,Earth,False,TRAPPIST-1e,53.0,False,False,False,False,False,False,False,F,779.0,S
4139_01,Earth,False,55 Cancri e,13.0,False,False,False,False,False,False,False,F,850.0,P
4146_01,Earth,False,TRAPPIST-1e,8.0,False,False,False,False,False,False,False,G,680.0,P
4148_01,Earth,True,TRAPPIST-1e,53.0,False,False,False,False,False,False,False,G,681.0,P
4153_01,Earth,False,TRAPPIST-1e,22.0,False,False,False,False,False,False,False,E,272.0,S
4155_01,Europa,True,55 Cancri e,31.0,False,False,False,False,False,False,False,B,160.0,S
4157_01,Earth,False,TRAPPIST-1e,28.0,False,False,False,False,False,False,False,F,854.0,P
4161_01,Earth,False,TRAPPIST-1e,22.0,False,False,False,False,False,False,False,G,681.0,S
4162_01,Earth,True,TRAPPIST-1e,27.0,False,False,False,False,False,False,False,G,682.0,S
4164_01,Europa,True,TRAPPIST-1e,29.0,False,False,False,False,False,False,False,B,131.0,P
4180_01,Europa,True,TRAPPIST-1e,42.0,False,False,False,False,False,False,False,B,162.0,S
4180_02,Europa,False,55 Cancri e,42.0,False,False,False,False,False,False,False,C,150.0,S
4187_01,Earth,False,TRAPPIST-1e,33.0,False,False,False,False,False,False,False,F,785.0,S
4190_01,Europa,False,TRAPPIST-1e,32.0,True,True,True,True,True,True,False,D,134.0,S
4192_01,Earth,False,55 Cancri e,42.0,False,False,False,False,False,False,False,G,689.0,P
4193_01,Earth,True,PSO J318.5-22,22.0,False,False,False,False,False,False,False,G,690.0,P
4195_01,Earth,False,55 Cancri e,18.0,False,False,False,False,False,False,False,G,687.0,S
4198_01,Europa,True,TRAPPIST-1e,46.0,False,False,False,False,False,False,False,E,274.0,S
4200_01,Earth,False,TRAPPIST-1e,20.0,False,False,False,False,False,False,False,F,863.0,P
4201_01,Earth,False,TRAPPIST-1e,21.0,False,False,False,False,False,False,False,F,864.0,P
4202_01,Mars,True,TRAPPIST-1e,26.0,False,False,False,False,False,False,False,F,788.0,S
4202_02,Mars,False,TRAPPIST-1e,51.0,False,False,False,False,False,False,False,F,788.0,S
4209_01,Earth,False,TRAPPIST-1e,53.0,False,False,False,False,False,False,False,F,866.0,P
4217_01,Earth,False,TRAPPIST-1e,29.0,False,False,False,False,False,False,False,G,692.0,S
4224_01,Mars,False,TRAPPIST-1e,25.0,True,True,True,True,True,True,False,E,265.0,P
4224_02,Mars,False,TRAPPIST-1e,69.0,False,False,False,False,False,False,False,F,870.0,P
4226_01,Europa,True,TRAPPIST-1e,26.0,False,False,False,False,False,False,False,A,36.0,P
4226_02,Europa,False,TRAPPIST-1e,38.0,False,False,False,False,False,False,False,A,36.0,P
4227_01,Earth,True,TRAPPIST-1e,37.0,False,False,False,False,False,False,False,G,693.0,S
4228_01,Earth,False,TRAPPIST-1e,14.0,False,False,False,False,False,False,False,F,871.0,P
4234_01,Mars,False,TRAPPIST-1e,36.0,False,False,False,False,False,False,False,F,792.0,S
4234_02,Mars,False,TRAPPIST-1e,42.0,False,False,False,False,False,False,False,E,276.0,S
4235_01,Earth,False,TRAPPIST-1e,25.0,False,False,False,False,False,False,False,F,793.0,S
4235_02,Earth,True,TRAPPIST-1e,35.0,False,False,False,False,False,False,False,G,694.0,S
4236_01,Mars,False,TRAPPIST-1e,26.0,True,True,True,True,True,True,False,D,146.0,P
4236_02,Mars,True,TRAPPIST-1e,12.0,False,False,False,False,False,False,False,F,874.0,P
4241_01,Earth,False,TRAPPIST-1e,48.0,False,False,False,False,False,False,False,F,876.0,P
4247_01,Earth,True,TRAPPIST-1e,13.0,False,False,False,False,False,False,False,F,878.0,P
4247_02,Earth,False,TRAPPIST-1e,21.0,False,False,False,False,False,False,False,F,878.0,P
4248_01,Earth,False,TRAPPIST-1e,26.0,False,False,False,False,False,False,False,G,694.0,P
4248_02,Earth,False,TRAPPIST-1e,32.0,False,False,False,False,False,False,False,G,694.0,P
4250_01,Earth,True,TRAPPIST-1e,25.0,False,False,False,False,False,False,False,G,695.0,P
4263_01,Earth,False,TRAPPIST-1e,51.0,False,False,False,False,False,False,False,F,882.0,P
4263_02,Earth,True,55 Cancri e,15.0,False,False,False,False,False,False,False,G,699.0,P
4263_03,Earth,True,55 Cancri e,14.0,False,False,False,False,False,False,False,G,699.0,P
4265_01,Europa,True,55 Cancri e,41.0,False,False,False,False,False,False,False,C,153.0,S
4268_01,Earth,True,TRAPPIST-1e,13.0,False,False,False,False,False,False,False,F,798.0,S
4268_02,Mars,True,TRAPPIST-1e,39.0,False,False,False,False,False,False,False,F,798.0,S
4269_01,Earth,False,TRAPPIST-1e,19.0,False,False,False,False,False,False,False,G,701.0,P
4275_01,Earth,False,TRAPPIST-1e,17.0,False,False,False,False,False,False,False,G,702.0,P
4276_01,Earth,False,TRAPPIST-1e,41.0,False,False,False,False,False,False,False,G,699.0,S
4277_01,Earth,False,55 Cancri e,43.0,False,False,False,False,False,False,False,F,885.0,P
4279_01,Earth,False,55 Cancri e,18.0,False,False,False,False,False,False,False,G,703.0,P
4281_01,Earth,False,TRAPPIST-1e,22.0,False,False,False,False,False,False,False,F,886.0,P
4282_01,Europa,True,55 Cancri e,29.0,False,False,False,False,False,False,False,D,138.0,S
4283_01,Earth,False,TRAPPIST-1e,22.0,False,False,False,False,False,False,False,E,278.0,S
4284_01,Mars,True,TRAPPIST-1e,62.0,False,False,False,False,False,False,False,F,887.0,P
4284_02,Mars,False,TRAPPIST-1e,29.0,False,False,False,False,False,False,False,F,887.0,P
4285_01,Earth,False,TRAPPIST-1e,26.0,False,False,False,False,False,False,False,F,888.0,P
4286_01,Earth,False,55 Cancri e,8.0,False,False,False,False,False,False,False,G,704.0,P
4286_02,Earth,False,PSO J318.5-22,26.0,False,False,False,False,False,False,False,F,889.0,P
4286_03,Earth,False,TRAPPIST-1e,38.0,False,False,False,False,False,False,False,G,704.0,P
4287_01,Earth,False,PSO J318.5-22,49.0,False,False,False,False,False,False,False,G,705.0,P
4288_01,Earth,True,55 Cancri e,18.0,False,False,False,False,False,False,False,G,700.0,S
4288_02,Earth,False,TRAPPIST-1e,18.0,False,False,False,False,False,False,False,E,279.0,S
4290_01,Earth,False,TRAPPIST-1e,35.0,False,False,False,False,False,False,False,F,800.0,S
4298_01,Mars,False,TRAPPIST-1e,34.0,True,True,True,True,True,True,False,E,268.0,P
4298_02,Mars,True,TRAPPIST-1e,11.0,False,False,False,False,False,False,False,F,892.0,P
4298_03,Mars,True,TRAPPIST-1e,26.0,False,False,False,False,False,False,False,F,892.0,P
4299_01,Mars,False,TRAPPIST-1e,22.0,False,False,False,False,False,False,False,F,802.0,S
4304_01,Earth,False,TRAPPIST-1e,18.0,False,False,False,False,False,False,False,F,804.0,S
4307_01,Mars,True,TRAPPIST-1e,36.0,False,False,False,False,False,False,False,F,806.0,S
4308_01,Earth,True,TRAPPIST-1e,17.0,False,False,False,False,False,False,False,G,708.0,P
4310_01,Mars,False,TRAPPIST-1e,25.0,False,False,False,False,False,False,False,E,271.0,P
4313_01,Earth,False,TRAPPIST-1e,29.0,True,True,True,True,True,True,False,E,280.0,S
4314_01,Europa,False,TRAPPIST-1e,25.0,False,False,False,False,False,False,False,B,140.0,P
4321_01,Mars,True,TRAPPIST-1e,34.0,False,False,False,False,False,False,False,F,809.0,S
4322_01,Earth,True,55 Cancri e,16.0,False,False,False,False,False,False,False,G,712.0,P
4323_01,Europa,True,55 Cancri e,28.0,False,False,False,False,False,False,False,C,136.0,P
4323_02,Europa,False,TRAPPIST-1e,29.0,False,False,False,False,False,False,False,C,136.0,P
4323_03,Europa,False,TRAPPIST-1e,38.0,False,False,False,False,False,False,False,C,136.0,P
4323_04,Europa,True,55 Cancri e,39.0,False,False,False,False,False,False,False,C,136.0,P
4325_01,Earth,False,PSO J318.5-22,48.0,False,False,False,False,False,False,False,G,706.0,S
4326_01,Earth,False,TRAPPIST-1e,23.0,False,False,False,False,False,False,False,G,713.0,P
4328_01,Earth,True,TRAPPIST-1e,16.0,False,False,False,False,False,False,False,G,714.0,P
4331_01,Earth,True,TRAPPIST-1e,21.0,False,False,False,False,False,False,False,G,715.0,P
4341_01,Earth,False,TRAPPIST-1e,21.0,False,False,False,False,False,False,False,G,716.0,P
4341_02,Earth,False,TRAPPIST-1e,4.0,False,False,False,False,False,False,False,G,716.0,P
4342_01,Mars,False,TRAPPIST-1e,27.0,False,False,False,False,False,False,False,E,282.0,S
4353_01,Earth,False,TRAPPIST-1e,18.0,False,False,False,False,False,False,False,F,817.0,S
4355_01,Earth,True,TRAPPIST-1e,22.0,False,False,False,False,False,False,False,G,719.0,P
4363_01,Earth,False,TRAPPIST-1e,28.0,False,False,False,False,False,False,False,F,897.0,P
4374_01,Earth,False,TRAPPIST-1e,22.0,False,False,False,False,False,False,False,G,721.0,P
4375_01,Europa,True,PSO J318.5-22,39.0,False,False,False,False,False,False,False,F,442.0,S
4377_01,Earth,True,TRAPPIST-1e,29.0,False,False,False,False,False,False,False,G,711.0,S
4377_02,Earth,False,PSO J318.5-22,42.0,False,False,False,False,False,False,False,F,823.0,S
4377_03,Earth,True,TRAPPIST-1e,0.0,False,False,False,False,False,False,False,G,711.0,S
4378_01,Europa,False,TRAPPIST-1e,52.0,False,False,False,False,False,False,False,C,139.0,P
4378_02,Europa,False,55 Cancri e,26.0,True,True,True,True,True,True,False,F,442.0,S
4379_01,Earth,True,TRAPPIST-1e,19.0,False,False,False,False,False,False,False,G,712.0,S
4380_01,Earth,False,TRAPPIST-1e,23.0,False,False,False,False,False,False,False,F,824.0,S
4381_01,Earth,False,TRAPPIST-1e,36.0,False,False,False,False,False,False,False,F,825.0,S
4381_02,Earth,False,TRAPPIST-1e,26.0,False,False,False,False,False,False,False,F,825.0,S
4384_01,Earth,False,TRAPPIST-1e,62.0,False,False,False,False,False,False,False,F,826.0,S
4385_01,Earth,False,TRAPPIST-1e,28.0,False,False,False,False,False,False,False,G,713.0,S
4385_02,Earth,True,TRAPPIST-1e,25.0,False,False,False,False,False,False,False,G,713.0,S
4385_03,Earth,False,55 Cancri e,0.0,False,False,False,False,False,False,False,G,713.0,S
4389_01,Earth,False,TRAPPIST-1e,24.0,False,False,False,False,False,False,False,F,442.0,S
4394_01,Earth,False,TRAPPIST-1e,49.0,False,False,False,False,False,False,False,F,828.0,S
4398_01,Earth,False,PSO J318.5-22,21.0,False,False,False,False,False,False,False,F,829.0,S
4406_01,Earth,False,TRAPPIST-1e,29.0,False,False,False,False,False,False,False,G,718.0,S
4412_01,Earth,False,TRAPPIST-1e,19.0,False,False,False,False,False,False,False,F,907.0,P
4414_01,Earth,True,55 Cancri e,32.0,False,False,False,False,False,False,False,F,832.0,S
4417_01,Mars,True,TRAPPIST-1e,20.0,False,False,False,False,False,False,False,F,834.0,S
4418_01,Earth,False,TRAPPIST-1e,48.0,False,False,False,False,False,False,False,G,723.0,S
4419_01,Earth,False,TRAPPIST-1e,27.0,False,False,False,False,False,False,False,E,279.0,P
4419_02,Earth,False,TRAPPIST-1e,49.0,False,False,False,False,False,False,False,F,908.0,P
4420_01,Earth,False,TRAPPIST-1e,20.0,False,False,False,False,False,False,False,E,286.0,S
4420_02,Earth,False,PSO J318.5-22,25.0,False,False,False,False,False,False,False,G,724.0,S
4421_01,Earth,False,TRAPPIST-1e,26.0,False,False,False,False,False,False,False,F,909.0,P
4423_01,Europa,False,55 Cancri e,73.0,False,False,False,False,False,False,False,C,161.0,S
4425_01,Europa,True,55 Cancri e,23.0,False,False,False,False,False,False,False,B,173.0,S
4425_02,Europa,False,55 Cancri e,23.0,False,False,False,False,False,False,False,B,173.0,S
4434_01,Mars,False,TRAPPIST-1e,26.0,False,False,False,False,False,False,False,F,837.0,S
4435_01,Europa,False,55 Cancri e,48.0,False,False,False,False,False,False,False,B,174.0,S
4435_02,Europa,False,TRAPPIST-1e,26.0,False,False,False,False,False,False,False,B,174.0,S
4439_01,Mars,True,TRAPPIST-1e,54.0,False,False,False,False,False,False,False,E,289.0,S
4439_02,Mars,False,TRAPPIST-1e,56.0,False,False,False,False,False,False,False,E,289.0,S
4442_01,Europa,False,55 Cancri e,30.0,True,True,True,True,True,True,False,C,163.0,S
4443_01,Earth,False,TRAPPIST-1e,24.0,False,False,False,False,False,False,False,E,290.0,S
4443_02,Earth,False,55 Cancri e,23.0,False,False,False,False,False,False,False,E,290.0,S
4454_01,Europa,True,TRAPPIST-1e,57.0,False,False,False,False,False,False,False,C,164.0,S
4455_01,Earth,False,TRAPPIST-1e,26.0,False,False,False,False,False,False,False,F,915.0,P
4455_02,Earth,False,TRAPPIST-1e,14.0,False,False,False,False,False,False,False,E,280.0,P
4455_03,Earth,True,TRAPPIST-1e,51.0,False,False,False,False,False,False,False,G,731.0,P
4458_01,Earth,True,TRAPPIST-1e,16.0,False,False,False,False,False,False,False,G,732.0,P
4460_01,Europa,True,55 Cancri e,29.0,False,False,False,False,False,False,False,A,39.0,P
4468_01,Earth,True,TRAPPIST-1e,43.0,False,False,False,False,False,False,False,G,729.0,S
4471_01,Earth,False,TRAPPIST-1e,16.0,False,False,False,False,False,False,False,F,840.0,S
4478_01,Mars,False,TRAPPIST-1e,38.0,False,False,False,False,False,False,False,E,293.0,S
4480_01,Europa,False,TRAPPIST-1e,40.0,False,False,False,False,False,False,False,B,147.0,P
4481_01,Earth,False,PSO J318.5-22,44.0,False,False,False,False,False,False,False,F,842.0,S
4484_01,Earth,False,TRAPPIST-1e,25.0,False,False,False,False,False,False,False,F,843.0,S
4488_01,Earth,False,TRAPPIST-1e,20.0,False,False,False,False,False,False,False,F,844.0,S
4489_01,Earth,False,55 Cancri e,19.0,False,False,False,False,False,False,False,F,923.0,P
4495_01,Europa,False,TRAPPIST-1e,47.0,False,False,False,False,False,False,False,B,176.0,S
4499_01,Earth,True,TRAPPIST-1e,21.0,False,False,False,False,False,False,False,G,738.0,P
4503_01,Earth,False,TRAPPIST-1e,15.0,False,False,False,False,False,False,False,F,925.0,P
4504_01,Europa,False,TRAPPIST-1e,26.0,False,False,False,False,False,False,False,E,282.0,P
4507_01,Europa,False,TRAPPIST-1e,50.0,True,True,True,True,True,True,False,C,141.0,P
4513_01,Earth,False,TRAPPIST-1e,19.0,False,False,False,False,False,False,False,F,927.0,P
4519_01,Earth,False,TRAPPIST-1e,26.0,False,False,False,False,False,False,False,F,928.0,P
4520_01,Earth,False,TRAPPIST-1e,18.0,False,False,False,False,False,False,False,G,741.0,P
4523_01,Earth,True,TRAPPIST-1e,0.0,False,False,False,False,False,False,False,G,737.0,S
4523_02,Earth,True,TRAPPIST-1e,34.0,False,False,False,False,False,False,False,G,737.0,S
4523_03,Earth,False,TRAPPIST-1e,25.0,False,False,False,False,False,False,False,G,737.0,S
4523_04,Earth,False,55 Cancri e,8.0,False,False,False,False,False,False,False,G,737.0,S
4523_05,Earth,True,TRAPPIST-1e,0.0,False,False,False,False,False,False,False,G,737.0,S
4523_06,Earth,False,55 Cancri e,6.0,False,False,False,False,False,False,False,G,737.0,S
4525_01,Europa,False,55 Cancri e,27.0,False,False,False,False,False,False,False,A,56.0,S
4526_01,Earth,False,TRAPPIST-1e,32.0,False,False,False,False,False,False,False,E,284.0,P
4527_01,Earth,False,TRAPPIST-1e,63.0,False,False,False,False,False,False,False,F,931.0,P
4528_01,Mars,False,PSO J318.5-22,36.0,False,False,False,False,False,False,False,F,932.0,P
4536_01,Europa,False,55 Cancri e,33.0,False,False,False,False,False,False,False,A,41.0,P
4540_01,Earth,True,TRAPPIST-1e,28.0,False,False,False,False,False,False,False,G,741.0,S
4541_01,Europa,False,55 Cancri e,43.0,False,False,False,False,False,False,False,E,285.0,P
4545_01,Earth,False,TRAPPIST-1e,23.0,False,False,False,False,False,False,False,G,742.0,S
4548_01,Europa,True,TRAPPIST-1e,22.0,False,False,False,False,False,False,False,B,179.0,S
4551_01,Europa,False,55 Cancri e,56.0,False,False,False,False,False,False,False,C,166.0,S
4551_02,Europa,False,TRAPPIST-1e,25.0,False,False,False,False,False,False,False,C,166.0,S
4551_03,Europa,True,55 Cancri e,28.0,False,False,False,False,False,False,False,C,166.0,S
4551_04,Europa,True,TRAPPIST-1e,44.0,False,False,False,False,False,False,False,C,166.0,S
4554_01,Earth,False,TRAPPIST-1e,20.0,False,False,False,False,False,False,False,F,938.0,P
4556_01,Mars,False,TRAPPIST-1e,17.0,False,False,False,False,False,False,False,D,145.0,S
4566_01,Earth,False,TRAPPIST-1e,18.0,False,False,False,False,False,False,False,F,855.0,S
4578_01,Earth,False,TRAPPIST-1e,15.0,False,False,False,False,False,False,False,F,859.0,S
4579_01,Earth,True,TRAPPIST-1e,23.0,False,False,False,False,False,False,False,G,747.0,S
4582_01,Earth,False,TRAPPIST-1e,27.0,False,False,False,False,False,False,False,G,748.0,S
4582_02,Earth,False,TRAPPIST-1e,10.0,False,False,False,False,False,False,False,G,748.0,S
4582_03,Earth,False,TRAPPIST-1e,10.0,False,False,False,False,False,False,False,G,748.0,S
4582_04,Earth,True,55 Cancri e,0.0,False,False,False,False,False,False,False,G,748.0,S
4582_05,Earth,True,TRAPPIST-1e,16.0,False,False,False,False,False,False,False,G,748.0,S
4582_06,Earth,False,TRAPPIST-1e,48.0,False,False,False,False,False,False,False,G,748.0,S
4582_07,Earth,False,TRAPPIST-1e,7.0,False,False,False,False,False,False,False,G,748.0,S
4583_01,Mars,True,TRAPPIST-1e,50.0,False,False,False,False,False,False,False,F,861.0,S
4583_02,Mars,True,TRAPPIST-1e,5.0,False,False,False,False,False,False,False,F,861.0,S
4583_03,Mars,False,TRAPPIST-1e,50.0,False,False,False,False,False,False,False,D,146.0,S
4584_01,Earth,False,TRAPPIST-1e,35.0,False,False,False,False,False,False,False,G,749.0,S
4588_01,Earth,False,TRAPPIST-1e,23.0,False,False,False,False,False,False,False,F,944.0,P
4589_01,Mars,False,TRAPPIST-1e,28.0,False,False,False,False,False,False,False,D,152.0,P
4590_01,Earth,False,TRAPPIST-1e,20.0,False,False,False,False,False,False,False,G,747.0,P
4598_01,Mars,False,TRAPPIST-1e,47.0,False,False,False,False,False,False,False,E,288.0,P
4599_01,Earth,True,TRAPPIST-1e,26.0,False,False,False,False,False,False,False,G,752.0,S
4600_01,Earth,True,PSO J318.5-22,17.0,False,False,False,False,False,False,False,G,749.0,P
4600_02,Earth,True,TRAPPIST-1e,43.0,False,False,False,False,False,False,False,G,749.0,P
4601_01,Earth,False,TRAPPIST-1e,37.0,False,False,False,False,False,False,False,F,863.0,S
4614_01,Mars,False,TRAPPIST-1e,25.0,False,False,False,False,False,False,False,D,153.0,P
4614_02,Mars,False,55 Cancri e,26.0,False,False,False,False,False,False,False,D,153.0,P
4616_01,Earth,False,TRAPPIST-1e,23.0,False,False,False,False,False,False,False,G,756.0,S
4618_01,Mars,False,TRAPPIST-1e,46.0,True,True,True,True,True,True,False,F,946.0,P
4619_01,Earth,False,TRAPPIST-1e,23.0,False,False,False,False,False,False,False,F,867.0,S
4626_01,Europa,True,55 Cancri e,26.0,False,False,False,False,False,False,False,C,174.0,S
4626_02,Europa,False,TRAPPIST-1e,27.0,False,False,False,False,False,False,False,C,174.0,S
4627_01,Earth,False,TRAPPIST-1e,18.0,False,False,False,False,False,False,False,G,758.0,S
4629_01,Earth,False,TRAPPIST-1e,63.0,False,False,False,False,False,False,False,F,869.0,S
4636_01,Earth,True,PSO J318.5-22,2.0,False,False,False,False,False,False,False,F,442.0,S
4639_01,Europa,False,TRAPPIST-1e,0.0,False,False,False,False,False,False,False,C,177.0,S
4639_02,Europa,False,TRAPPIST-1e,0.0,False,False,False,False,False,False,False,C,177.0,S
4639_03,Europa,False,55 Cancri e,37.0,False,False,False,False,False,False,False,C,177.0,S
4639_04,Europa,False,55 Cancri e,18.0,False,False,False,False,False,False,False,C,177.0,S
4639_05,Earth,True,TRAPPIST-1e,33.0,False,False,False,False,False,False,False,C,177.0,S
4639_06,Europa,False,TRAPPIST-1e,31.0,False,False,False,False,False,False,False,C,177.0,S
4647_01,Earth,True,TRAPPIST-1e,34.0,False,False,False,False,False,False,False,G,761.0,S
4660_01,Earth,False,TRAPPIST-1e,18.0,False,False,False,False,False,False,False,G,764.0,S
4666_01,Mars,False,TRAPPIST-1e,20.0,False,False,False,False,False,False,False,D,154.0,P
4669_01,Europa,True,TRAPPIST-1e,37.0,False,False,False,False,False,False,False,B,185.0,S
4670_01,Europa,False,TRAPPIST-1e,30.0,False,False,False,False,False,False,False,E,292.0,P
4671_01,Mars,False,TRAPPIST-1e,7.0,False,False,False,False,False,False,False,F,949.0,P
4671_02,Mars,False,TRAPPIST-1e,32.0,False,False,False,False,False,False,False,F,949.0,P
4671_03,Earth,False,TRAPPIST-1e,68.0,False,False,False,False,False,False,False,F,949.0,P
4671_04,Mars,False,TRAPPIST-1e,0.0,False,False,False,False,False,False,False,F,949.0,P
4674_01,Earth,False,TRAPPIST-1e,23.0,False,False,False,False,False,False,False,F,877.0,S
4675_01,Europa,False,55 Cancri e,38.0,False,False,False,False,False,False,False,C,149.0,P
4675_02,Europa,False,TRAPPIST-1e,26.0,False,False,False,False,False,False,False,C,149.0,P
4681_01,Europa,False,55 Cancri e,29.0,False,False,False,False,False,False,False,B,155.0,P
4682_01,Earth,False,TRAPPIST-1e,43.0,False,False,False,False,False,False,False,G,767.0,S
4683_01,Mars,True,TRAPPIST-1e,38.0,False,False,False,False,False,False,False,F,953.0,P
4683_02,Mars,False,TRAPPIST-1e,25.0,False,False,False,False,False,False,False,F,953.0,P
4685_01,Mars,True,TRAPPIST-1e,18.0,False,False,False,False,False,False,False,F,879.0,S
4687_01,Earth,False,TRAPPIST-1e,23.0,False,False,False,False,False,False,False,G,761.0,P
4688_01,Earth,False,TRAPPIST-1e,26.0,False,False,False,False,False,False,False,F,880.0,S
4692_01,Europa,False,TRAPPIST-1e,45.0,False,False,False,False,False,False,False,C,183.0,S
4697_01,Mars,True,TRAPPIST-1e,25.0,False,False,False,False,False,False,False,F,884.0,S
4698_01,Mars,True,55 Cancri e,16.0,False,False,False,False,False,False,False,F,954.0,P
4700_01,Europa,True,55 Cancri e,25.0,False,False,False,False,False,False,False,B,157.0,P
4701_01,Europa,False,55 Cancri e,11.0,False,False,False,False,False,False,False,B,187.0,S
4701_02,Europa,True,55 Cancri e,22.0,False,False,False,False,False,False,False,B,187.0,S
4701_03,Europa,True,TRAPPIST-1e,38.0,False,False,False,False,False,False,False,B,187.0,S
4701_04,Europa,True,TRAPPIST-1e,25.0,False,False,False,False,False,False,False,B,187.0,S
4702_01,Earth,True,PSO J318.5-22,17.0,False,False,False,False,False,False,False,G,770.0,S
4702_02,Earth,False,TRAPPIST-1e,20.0,False,False,False,False,False,False,False,G,770.0,S
4703_01,Europa,True,TRAPPIST-1e,24.0,False,False,False,False,False,False,False,C,184.0,S
4703_02,Europa,True,55 Cancri e,37.0,False,False,False,False,False,False,False,C,184.0,S
4705_01,Europa,False,TRAPPIST-1e,32.0,False,False,False,False,False,False,False,C,185.0,S
4705_02,Europa,False,TRAPPIST-1e,32.0,False,False,False,False,False,False,False,C,185.0,S
4707_01,Earth,False,TRAPPIST-1e,20.0,False,False,False,False,False,False,False,F,956.0,P
4707_02,Earth,False,TRAPPIST-1e,50.0,False,False,False,False,False,False,False,G,763.0,P
4715_01,Europa,False,TRAPPIST-1e,33.0,False,False,False,False,False,False,False,B,188.0,S
4716_01,Earth,False,TRAPPIST-1e,47.0,False,False,False,False,False,False,False,F,886.0,S
4718_01,Europa,True,55 Cancri e,49.0,False,False,False,False,False,False,False,C,186.0,S
4722_01,Earth,False,TRAPPIST-1e,20.0,False,False,False,False,False,False,False,F,960.0,P
4724_01,Europa,True,TRAPPIST-1e,26.0,False,False,False,False,False,False,False,D,157.0,P
4727_01,Earth,False,TRAPPIST-1e,24.0,False,False,False,False,False,False,False,G,772.0,S
4727_02,Earth,False,TRAPPIST-1e,11.0,False,False,False,False,False,False,False,G,772.0,S
4729_01,Mars,False,TRAPPIST-1e,47.0,False,False,False,False,False,False,False,F,890.0,S
4731_01,Earth,True,TRAPPIST-1e,22.0,False,False,False,False,False,False,False,G,768.0,P
4734_01,Mars,False,TRAPPIST-1e,35.0,False,False,False,False,False,False,False,E,295.0,P
4735_01,Mars,False,55 Cancri e,25.0,False,False,False,False,False,False,False,F,891.0,S
4736_01,Mars,True,TRAPPIST-1e,33.0,False,False,False,False,False,False,False,F,892.0,S
4737_01,Earth,False,TRAPPIST-1e,20.0,False,False,False,False,False,False,False,E,296.0,P
4740_01,Earth,True,TRAPPIST-1e,16.0,False,False,False,False,False,False,False,G,774.0,S
4742_01,Mars,False,TRAPPIST-1e,29.0,False,False,False,False,False,False,False,F,894.0,S
4745_01,Earth,True,TRAPPIST-1e,16.0,False,False,False,False,False,False,False,G,769.0,P
4747_01,Europa,True,TRAPPIST-1e,43.0,False,False,False,False,False,False,False,D,148.0,S
4747_02,Europa,False,TRAPPIST-1e,33.0,False,False,False,False,False,False,False,D,148.0,S
4749_01,Earth,False,TRAPPIST-1e,16.0,False,False,False,False,False,False,False,F,962.0,P
4751_01,Earth,False,TRAPPIST-1e,22.0,False,False,False,False,False,False,False,F,963.0,P
4760_01,Earth,False,55 Cancri e,18.0,False,False,False,False,False,False,False,F,898.0,S
4761_01,Earth,True,55 Cancri e,36.0,False,False,False,False,False,False,False,G,770.0,P
4761_02,Earth,True,TRAPPIST-1e,17.0,False,False,False,False,False,False,False,G,770.0,P
4761_03,Earth,False,TRAPPIST-1e,34.0,False,False,False,False,False,False,False,F,967.0,P
4765_01,Earth,True,TRAPPIST-1e,1.0,False,False,False,False,False,False,False,G,771.0,P
4766_01,Mars,True,TRAPPIST-1e,24.0,False,False,False,False,False,False,False,F,899.0,S
4767_01,Earth,False,TRAPPIST-1e,20.0,False,False,False,False,False,False,False,F,970.0,P
4768_01,Europa,False,TRAPPIST-1e,56.0,False,False,False,False,False,False,False,D,158.0,P
4768_02,Europa,True,TRAPPIST-1e,26.0,False,False,False,False,False,False,False,D,158.0,P
4771_01,Earth,False,TRAPPIST-1e,35.0,False,False,False,False,False,False,False,F,901.0,S
4776_01,Mars,False,55 Cancri e,3.0,False,False,False,False,False,False,False,F,973.0,P
4776_02,Mars,False,TRAPPIST-1e,23.0,False,False,False,False,False,False,False,E,297.0,P
4776_03,Mars,True,TRAPPIST-1e,19.0,False,False,False,False,False,False,False,F,973.0,P
4776_04,Mars,False,TRAPPIST-1e,0.0,False,False,False,False,False,False,False,F,973.0,P
4779_01,Earth,False,TRAPPIST-1e,30.0,False,False,False,False,False,False,False,G,772.0,P
4781_01,Earth,False,TRAPPIST-1e,50.0,False,False,False,False,False,False,False,F,902.0,S
4789_01,Mars,True,TRAPPIST-1e,15.0,False,False,False,False,False,False,False,E,298.0,P
4799_01,Mars,False,TRAPPIST-1e,19.0,False,False,False,False,False,False,False,F,976.0,P
4799_02,Mars,False,TRAPPIST-1e,26.0,False,False,False,False,False,False,False,F,976.0,P
4799_03,Mars,False,TRAPPIST-1e,35.0,False,False,False,False,False,False,False,F,976.0,P
4800_01,Earth,False,TRAPPIST-1e,45.0,False,False,False,False,False,False,False,G,784.0,S
4802_01,Earth,True,TRAPPIST-1e,0.0,False,False,False,False,False,False,False,G,774.0,P
4802_02,Earth,False,PSO J318.5-22,74.0,False,False,False,False,False,False,False,G,774.0,P
4805_01,Earth,True,55 Cancri e,24.0,False,False,False,False,False,False,False,F,442.0,S
4806_01,Mars,False,TRAPPIST-1e,39.0,False,False,False,False,False,False,False,E,312.0,S
4809_01,Earth,False,TRAPPIST-1e,18.0,False,False,False,False,False,False,False,F,978.0,P
4811_01,Earth,True,PSO J318.5-22,39.0,False,False,False,False,False,False,False,G,787.0,S
4812_01,Europa,True,TRAPPIST-1e,33.0,False,False,False,False,False,False,False,E,300.0,P
4816_01,Earth,False,PSO J318.5-22,21.0,False,False,False,False,False,False,False,F,908.0,S
4820_01,Europa,False,TRAPPIST-1e,35.0,False,False,False,False,False,False,False,B,190.0,S
4820_02,Europa,False,55 Cancri e,66.0,False,False,False,False,False,False,False,B,190.0,S
4821_01,Earth,False,TRAPPIST-1e,14.0,False,False,False,False,False,False,False,F,909.0,S
4824_01,Mars,False,TRAPPIST-1e,20.0,False,False,False,False,False,False,False,D,151.0,S
4825_01,Mars,True,TRAPPIST-1e,18.0,False,False,False,False,False,False,False,F,910.0,S
4826_01,Europa,False,TRAPPIST-1e,36.0,False,False,False,False,False,False,False,E,313.0,S
4833_01,Europa,False,55 Cancri e,27.0,True,True,True,True,True,True,False,A,59.0,S
4833_02,Europa,False,TRAPPIST-1e,51.0,False,False,False,False,False,False,False,B,191.0,S
4834_01,Earth,True,TRAPPIST-1e,18.0,False,False,False,False,False,False,False,G,790.0,S
4835_01,Earth,False,TRAPPIST-1e,46.0,False,False,False,False,False,False,False,F,985.0,P
4839_01,Mars,False,TRAPPIST-1e,67.0,False,False,False,False,False,False,False,F,914.0,S
4843_01,Earth,False,TRAPPIST-1e,24.0,False,False,False,False,False,False,False,G,779.0,P
4843_02,Earth,False,PSO J318.5-22,35.0,False,False,False,False,False,False,False,G,779.0,P
4844_01,Earth,False,TRAPPIST-1e,14.0,False,False,False,False,False,False,False,F,916.0,S
4849_01,Mars,True,TRAPPIST-1e,22.0,False,False,False,False,False,False,False,F,987.0,P
4852_01,Earth,True,PSO J318.5-22,20.0,False,False,False,False,False,False,False,G,780.0,P
4854_01,Mars,True,TRAPPIST-1e,23.0,False,False,False,False,False,False,False,F,919.0,S
4855_01,Earth,True,PSO J318.5-22,23.0,False,False,False,False,False,False,False,G,781.0,P
4855_02,Earth,True,TRAPPIST-1e,21.0,False,False,False,False,False,False,False,G,781.0,P
4858_01,Mars,False,TRAPPIST-1e,36.0,False,False,False,False,False,False,False,D,159.0,P
4859_01,Earth,True,TRAPPIST-1e,19.0,False,False,False,False,False,False,False,G,793.0,S
4860_01,Earth,False,PSO J318.5-22,22.0,False,False,False,False,False,False,False,F,921.0,S
4861_01,Earth,False,TRAPPIST-1e,58.0,False,False,False,False,False,False,False,E,303.0,P
4865_01,Earth,False,TRAPPIST-1e,14.0,False,False,False,False,False,False,False,F,988.0,P
4867_01,Earth,False,TRAPPIST-1e,18.0,False,False,False,False,False,False,False,F,989.0,P
4869_01,Earth,False,TRAPPIST-1e,40.0,False,False,False,False,False,False,False,F,442.0,S
4872_01,Earth,False,TRAPPIST-1e,24.0,False,False,False,False,False,False,False,F,924.0,S
4877_01,Mars,False,TRAPPIST-1e,26.0,False,False,False,False,False,False,False,F,928.0,S
4894_01,Earth,True,TRAPPIST-1e,16.0,False,False,False,False,False,False,False,G,798.0,S
4905_01,Earth,True,55 Cancri e,26.0,False,False,False,False,False,False,False,G,792.0,P
4906_01,Earth,False,TRAPPIST-1e,21.0,False,False,False,False,False,False,False,G,800.0,S
4907_01,Earth,True,TRAPPIST-1e,17.0,False,False,False,False,False,False,False,G,801.0,S
4908_01,Earth,False,TRAPPIST-1e,23.0,False,False,False,False,False,False,False,F,996.0,P
4914_01,Mars,False,TRAPPIST-1e,22.0,False,False,False,False,False,False,False,E,318.0,S
4919_01,Earth,False,55 Cancri e,20.0,False,False,False,False,False,False,False,F,934.0,S
4921_01,Europa,False,55 Cancri e,38.0,False,False,False,False,False,False,False,B,196.0,S
4922_01,Earth,False,55 Cancri e,37.0,False,False,False,False,False,False,False,E,319.0,S
4926_01,Mars,False,TRAPPIST-1e,31.0,False,False,False,False,False,False,False,E,307.0,P
4928_01,Mars,False,55 Cancri e,27.0,False,False,False,False,False,False,False,F,1003.0,P
4931_01,Earth,False,TRAPPIST-1e,31.0,False,False,False,False,False,False,False,G,795.0,P
4935_01,Earth,False,TRAPPIST-1e,21.0,False,False,False,False,False,False,False,G,796.0,P
4935_02,Earth,True,PSO J318.5-22,36.0,False,False,False,False,False,False,False,G,796.0,P
4935_03,Earth,False,PSO J318.5-22,20.0,False,False,False,False,False,False,False,G,796.0,P
4936_01,Earth,False,PSO J318.5-22,36.0,False,False,False,False,False,False,False,G,797.0,P
4947_01,Earth,False,PSO J318.5-22,40.0,False,False,False,False,False,False,False,G,807.0,S
4948_01,Mars,False,TRAPPIST-1e,25.0,False,False,False,False,False,False,False,D,153.0,S
4949_01,Europa,True,TRAPPIST-1e,32.0,True,True,True,True,True,True,False,C,154.0,P
4949_02,Europa,False,55 Cancri e,25.0,False,False,False,False,False,False,False,C,154.0,P
4953_01,Europa,True,TRAPPIST-1e,49.0,False,False,False,False,False,False,False,F,442.0,S
4955_01,Mars,False,TRAPPIST-1e,28.0,False,False,False,False,False,False,False,F,1011.0,P
4957_01,Europa,True,55 Cancri e,58.0,False,False,False,False,False,False,False,C,155.0,P
4959_01,Mars,True,TRAPPIST-1e,26.0,False,False,False,False,False,False,False,F,940.0,S
4960_01,Earth,False,TRAPPIST-1e,22.0,False,False,False,False,False,False,False,F,941.0,S
4962_01,Mars,False,TRAPPIST-1e,61.0,False,False,False,False,False,False,False,F,1012.0,P
4966_01,Europa,False,TRAPPIST-1e,28.0,False,False,False,False,False,False,False,B,197.0,S
4966_02,Europa,True,TRAPPIST-1e,24.0,False,False,False,False,False,False,False,B,197.0,S
4967_01,Earth,False,55 Cancri e,40.0,False,False,False,False,False,False,False,F,1013.0,P
4968_01,Earth,True,TRAPPIST-1e,26.0,False,False,False,False,False,False,False,G,801.0,P
4969_01,Earth,False,55 Cancri e,15.0,False,False,False,False,False,False,False,F,1014.0,P
4969_02,Earth,False,PSO J318.5-22,29.0,False,False,False,False,False,False,False,G,802.0,P
4971_01,Earth,True,PSO J318.5-22,18.0,False,False,False,False,False,False,False,G,812.0,S
4976_01,Earth,False,PSO J318.5-22,28.0,False,False,False,False,False,False,False,F,442.0,S
4982_01,Earth,True,TRAPPIST-1e,24.0,False,False,False,False,False,False,False,G,815.0,S
4984_01,Earth,False,TRAPPIST-1e,18.0,False,False,False,False,False,False,False,F,947.0,S
4984_02,Earth,False,PSO J318.5-22,21.0,False,False,False,False,False,False,False,F,947.0,S
4985_01,Mars,True,TRAPPIST-1e,25.0,False,False,False,False,False,False,False,F,948.0,S
4986_01,Earth,False,55 Cancri e,16.0,False,False,False,False,False,False,False,F,1017.0,P
4988_01,Europa,True,TRAPPIST-1e,49.0,False,False,False,False,False,False,False,B,163.0,P
4993_01,Earth,False,TRAPPIST-1e,28.0,False,False,False,False,False,False,False,E,320.0,S
4994_01,Earth,False,TRAPPIST-1e,22.0,False,False,False,False,False,False,False,G,817.0,S
5001_01,Earth,False,TRAPPIST-1e,11.0,False,False,False,False,False,False,False,G,819.0,S
5002_01,Earth,True,55 Cancri e,26.0,False,False,False,False,False,False,False,G,820.0,S
5011_01,Earth,True,55 Cancri e,17.0,False,False,False,False,False,False,False,G,810.0,P
5022_01,Earth,False,TRAPPIST-1e,26.0,False,False,False,False,False,False,False,F,442.0,S
5024_01,Earth,False,TRAPPIST-1e,0.0,False,False,False,False,False,False,False,G,822.0,S
5024_02,Earth,False,TRAPPIST-1e,26.0,False,False,False,False,False,False,False,G,822.0,S
5024_03,Earth,False,TRAPPIST-1e,4.0,False,False,False,False,False,False,False,G,822.0,S
5024_04,Earth,False,TRAPPIST-1e,19.0,False,False,False,False,False,False,False,F,957.0,S
5024_05,Earth,True,55 Cancri e,5.0,False,False,False,False,False,False,False,G,822.0,S
5026_01,Earth,False,TRAPPIST-1e,35.0,False,False,False,False,False,False,False,E,311.0,P
5029_01,Europa,True,55 Cancri e,25.0,False,False,False,False,False,False,False,B,168.0,P
5029_02,Europa,True,TRAPPIST-1e,26.0,False,False,False,False,False,False,False,B,168.0,P
5030_01,Earth,False,TRAPPIST-1e,34.0,False,False,False,False,False,False,False,G,823.0,S
5031_01,Europa,False,55 Cancri e,21.0,False,False,False,False,False,False,False,A,45.0,P
5031_02,Europa,False,TRAPPIST-1e,26.0,False,False,False,False,False,False,False,A,45.0,P
5033_01,Europa,False,TRAPPIST-1e,32.0,False,False,False,False,False,False,False,B,169.0,P
5033_02,Europa,False,TRAPPIST-1e,40.0,False,False,False,False,False,False,False,B,169.0,P
5037_01,Mars,False,TRAPPIST-1e,13.0,False,False,False,False,False,False,False,E,323.0,S
5038_01,Mars,False,55 Cancri e,29.0,False,False,False,False,False,False,False,F,442.0,S
5038_02,Mars,True,TRAPPIST-1e,11.0,False,False,False,False,False,False,False,F,1025.0,P
5041_01,Earth,False,55 Cancri e,25.0,False,False,False,False,False,False,False,F,959.0,S
5043_01,Mars,True,TRAPPIST-1e,31.0,False,False,False,False,False,False,False,F,1027.0,P
5043_02,Mars,True,55 Cancri e,51.0,False,False,False,False,False,False,False,F,1027.0,P
5043_03,Mars,False,TRAPPIST-1e,20.0,False,False,False,False,False,False,False,E,312.0,P
5045_01,Mars,True,TRAPPIST-1e,32.0,False,False,False,False,False,False,False,F,960.0,S
5046_01,Earth,True,TRAPPIST-1e,22.0,False,False,False,False,False,False,False,G,827.0,S
5047_01,Earth,True,PSO J318.5-22,38.0,False,False,False,False,False,False,False,G,828.0,S
5049_01,Earth,False,TRAPPIST-1e,26.0,False,False,False,False,False,False,False,E,313.0,P
5053_01,Europa,False,TRAPPIST-1e,42.0,True,True,True,True,True,True,False,A,46.0,P
5054_01,Mars,False,TRAPPIST-1e,57.0,False,False,False,False,False,False,False,F,962.0,S
5055_01,Earth,True,TRAPPIST-1e,38.0,False,False,False,False,False,False,False,G,815.0,P
5056_01,Mars,False,TRAPPIST-1e,23.0,False,False,False,False,False,False,False,F,1029.0,P
5056_02,Mars,False,55 Cancri e,32.0,False,False,False,False,False,False,False,F,1029.0,P
5066_01,Earth,False,TRAPPIST-1e,15.0,False,False,False,False,False,False,False,F,1031.0,P
5071_01,Earth,False,TRAPPIST-1e,41.0,False,False,False,False,False,False,False,F,1032.0,P
5075_01,Earth,False,TRAPPIST-1e,19.0,False,False,False,False,False,False,False,F,442.0,S
5077_01,Mars,False,TRAPPIST-1e,26.0,False,False,False,False,False,False,False,F,1034.0,P
5078_01,Earth,False,PSO J318.5-22,26.0,False,False,False,False,False,False,False,G,819.0,P
5079_01,Mars,True,TRAPPIST-1e,20.0,False,False,False,False,False,False,False,F,968.0,S
5081_01,Earth,False,TRAPPIST-1e,19.0,False,False,False,False,False,False,False,F,1035.0,P
5082_01,Europa,False,TRAPPIST-1e,30.0,False,False,False,False,False,False,False,C,197.0,S
5086_01,Mars,True,TRAPPIST-1e,58.0,False,False,False,False,False,False,False,F,971.0,S
5086_02,Mars,False,TRAPPIST-1e,17.0,False,False,False,False,False,False,False,E,327.0,S
5092_01,Earth,False,TRAPPIST-1e,26.0,False,False,False,False,False,False,False,F,974.0,S
5094_01,Earth,True,PSO J318.5-22,19.0,False,False,False,False,False,False,False,G,822.0,P
5094_02,Earth,False,55 Cancri e,20.0,False,False,False,False,False,False,False,F,1037.0,P
5096_01,Mars,False,TRAPPIST-1e,54.0,False,False,False,False,False,False,False,F,975.0,S
5096_02,Mars,False,TRAPPIST-1e,21.0,False,False,False,False,False,False,False,E,328.0,S
5098_01,Earth,False,TRAPPIST-1e,44.0,False,False,False,False,False,False,False,F,976.0,S
5098_02,Earth,True,PSO J318.5-22,11.0,False,False,False,False,False,False,False,F,442.0,S
5098_03,Earth,True,55 Cancri e,2.0,False,False,False,False,False,False,False,G,832.0,S
5099_01,Earth,False,TRAPPIST-1e,20.0,False,False,False,False,False,False,False,F,1040.0,P
5100_01,Mars,True,TRAPPIST-1e,50.0,False,False,False,False,False,False,False,F,977.0,S
5101_01,Earth,False,TRAPPIST-1e,27.0,False,False,False,False,False,False,False,F,978.0,S
5102_01,Earth,False,PSO J318.5-22,28.0,False,False,False,False,False,False,False,F,1041.0,P
5107_01,Earth,False,TRAPPIST-1e,33.0,False,False,False,False,False,False,False,F,1042.0,P
5110_01,Mars,True,55 Cancri e,23.0,False,False,False,False,False,False,False,D,155.0,S
5113_01,Earth,False,TRAPPIST-1e,22.0,False,False,False,False,False,False,False,G,836.0,S
5114_01,Mars,True,TRAPPIST-1e,44.0,False,False,False,False,False,False,False,F,979.0,S
5117_01,Mars,False,TRAPPIST-1e,45.0,False,False,False,False,False,False,False,E,318.0,P
5118_01,Europa,False,55 Cancri e,20.0,False,False,False,False,False,False,False,B,198.0,S
5119_01,Mars,False,TRAPPIST-1e,26.0,False,False,False,False,False,False,False,E,319.0,P
5121_01,Earth,False,TRAPPIST-1e,18.0,False,False,False,False,False,False,False,G,826.0,P
5123_01,Earth,False,PSO J318.5-22,21.0,False,False,False,False,False,False,False,F,1043.0,P
5131_01,Europa,False,55 Cancri e,26.0,False,False,False,False,False,False,False,B,172.0,P
5131_02,Europa,True,55 Cancri e,55.0,False,False,False,False,False,False,False,B,172.0,P
5134_01,Mars,False,TRAPPIST-1e,24.0,False,False,False,False,False,False,False,E,329.0,S
5135_01,Earth,False,TRAPPIST-1e,27.0,False,False,False,False,False,False,False,F,1047.0,P
5139_01,Earth,False,55 Cancri e,18.0,False,False,False,False,False,False,False,F,1048.0,P
5141_01,Mars,True,TRAPPIST-1e,20.0,False,False,False,False,False,False,False,F,1049.0,P
5143_01,Earth,False,TRAPPIST-1e,31.0,False,False,False,False,False,False,False,F,985.0,S
5147_01,Earth,False,TRAPPIST-1e,37.0,False,False,False,False,False,False,False,G,842.0,S
5149_01,Europa,False,PSO J318.5-22,37.0,True,True,True,True,True,True,False,B,173.0,P
5149_02,Europa,True,55 Cancri e,57.0,False,False,False,False,False,False,False,B,173.0,P
5150_01,Mars,True,TRAPPIST-1e,39.0,False,False,False,False,False,False,False,F,987.0,S
5153_01,Earth,True,TRAPPIST-1e,20.0,False,False,False,False,False,False,False,G,843.0,S
5155_01,Mars,False,TRAPPIST-1e,18.0,False,False,False,False,False,False,False,F,1053.0,P
5159_01,Europa,False,55 Cancri e,29.0,True,True,True,True,True,True,False,B,174.0,P
5159_02,Europa,False,55 Cancri e,31.0,False,False,False,False,False,False,False,B,174.0,P
5164_01,Europa,True,55 Cancri e,27.0,False,False,False,False,False,False,False,C,201.0,S
5164_02,Europa,True,TRAPPIST-1e,43.0,False,False,False,False,False,False,False,F,442.0,S
5168_01,Earth,False,TRAPPIST-1e,26.0,False,False,False,False,False,False,False,F,1055.0,P
5169_01,Mars,False,55 Cancri e,32.0,False,False,False,False,False,False,False,D,164.0,P
5172_01,Earth,False,TRAPPIST-1e,19.0,False,False,False,False,False,False,False,G,833.0,P
5178_01,Earth,False,TRAPPIST-1e,50.0,False,False,False,False,False,False,False,F,992.0,S
5183_01,Earth,False,TRAPPIST-1e,19.0,False,False,False,False,False,False,False,F,993.0,S
5189_01,Europa,False,55 Cancri e,44.0,False,False,False,False,False,False,False,A,63.0,S
5191_01,Europa,False,TRAPPIST-1e,49.0,False,False,False,False,False,False,False,D,157.0,S
5195_01,Europa,False,55 Cancri e,30.0,False,False,False,False,False,False,False,C,161.0,P
5200_01,Earth,False,TRAPPIST-1e,41.0,False,False,False,False,False,False,False,F,996.0,S
5203_01,Europa,False,55 Cancri e,34.0,False,False,False,False,False,False,False,C,162.0,P
5203_02,Europa,True,55 Cancri e,30.0,False,False,False,False,False,False,False,C,162.0,P
5212_01,Earth,False,PSO J318.5-22,22.0,False,False,False,False,False,False,False,G,846.0,S
5215_01,Europa,False,TRAPPIST-1e,29.0,False,False,False,False,False,False,False,E,333.0,S
5219_01,Mars,True,TRAPPIST-1e,32.0,False,False,False,False,False,False,False,F,1001.0,S
5219_02,Mars,False,PSO J318.5-22,40.0,False,False,False,False,False,False,False,F,1001.0,S
5222_01,Earth,True,TRAPPIST-1e,50.0,False,False,False,False,False,False,False,G,847.0,S
5228_01,Earth,False,PSO J318.5-22,31.0,False,False,False,False,False,False,False,G,850.0,S
5228_02,Earth,True,55 Cancri e,1.0,False,False,False,False,False,False,False,G,850.0,S
5231_01,Earth,False,TRAPPIST-1e,30.0,False,False,False,False,False,False,False,G,851.0,S
5232_01,Europa,False,55 Cancri e,26.0,True,True,True,True,True,True,False,C,203.0,S
5232_02,Europa,False,55 Cancri e,41.0,False,False,False,False,False,False,False,C,203.0,S
5233_01,Mars,False,TRAPPIST-1e,34.0,False,False,False,False,False,False,False,F,1066.0,P
5237_01,Mars,True,TRAPPIST-1e,14.0,False,False,False,False,False,False,False,F,1068.0,P
5241_01,Earth,False,55 Cancri e,13.0,False,False,False,False,False,False,False,F,1069.0,P
5241_02,Earth,True,PSO J318.5-22,16.0,False,False,False,False,False,False,False,G,846.0,P
5245_01,Europa,False,55 Cancri e,25.0,False,False,False,False,False,False,False,A,48.0,P
5259_01,Earth,False,55 Cancri e,17.0,False,False,False,False,False,False,False,G,857.0,S
5261_01,Earth,False,TRAPPIST-1e,41.0,False,False,False,False,False,False,False,F,1011.0,S
5263_01,Mars,False,55 Cancri e,28.0,False,False,False,False,False,False,False,F,1072.0,P
5267_01,Earth,False,TRAPPIST-1e,3.0,False,False,False,False,False,False,False,G,851.0,P
5267_02,Earth,True,TRAPPIST-1e,18.0,False,False,False,False,False,False,False,G,851.0,P
5267_03,Earth,False,TRAPPIST-1e,20.0,False,False,False,False,False,False,False,F,1074.0,P
5270_01,Earth,True,PSO J318.5-22,32.0,False,False,False,False,False,False,False,F,442.0,S
5283_01,Earth,False,PSO J318.5-22,59.0,False,False,False,False,False,False,False,G,853.0,P
5284_01,Europa,True,TRAPPIST-1e,52.0,False,False,False,False,False,False,False,E,328.0,P
5285_01,Europa,True,TRAPPIST-1e,47.0,False,False,False,False,False,False,False,C,164.0,P
5286_01,Europa,False,55 Cancri e,56.0,False,False,False,False,False,False,False,D,166.0,P
5289_01,Mars,False,TRAPPIST-1e,24.0,False,False,False,False,False,False,False,F,1082.0,P
5293_01,Earth,False,TRAPPIST-1e,13.0,False,False,False,False,False,False,False,G,855.0,P
5293_02,Earth,False,TRAPPIST-1e,15.0,False,False,False,False,False,False,False,E,329.0,P
5294_01,Earth,False,TRAPPIST-1e,40.0,False,False,False,False,False,False,False,F,1017.0,S
5295_01,Earth,False,55 Cancri e,30.0,False,False,False,False,False,False,False,B,180.0,P
5296_01,Europa,False,TRAPPIST-1e,25.0,False,False,False,False,False,False,False,C,207.0,S
5302_01,Mars,False,TRAPPIST-1e,10.0,False,False,False,False,False,False,False,F,1018.0,S
5306_01,Mars,False,55 Cancri e,28.0,False,False,False,False,False,False,False,F,1020.0,S
5306_02,Mars,False,TRAPPIST-1e,36.0,False,False,False,False,False,False,False,D,160.0,S
5308_01,Earth,False,PSO J318.5-22,12.0,False,False,False,False,False,False,False,G,865.0,S
5308_02,Earth,True,TRAPPIST-1e,26.0,False,False,False,False,False,False,False,G,865.0,S
5308_03,Earth,False,TRAPPIST-1e,33.0,False,False,False,False,False,False,False,G,865.0,S
5309_01,Europa,True,TRAPPIST-1e,42.0,False,False,False,False,False,False,False,C,165.0,P
5311_01,Earth,True,TRAPPIST-1e,31.0,False,False,False,False,False,False,False,G,858.0,P
5317_01,Earth,False,TRAPPIST-1e,20.0,False,False,False,False,False,False,False,G,866.0,S
5317_02,Earth,True,55 Cancri e,24.0,False,False,False,False,False,False,False,G,866.0,S
5318_01,Earth,True,TRAPPIST-1e,37.0,False,False,False,False,False,False,False,G,859.0,P
5318_02,Earth,False,TRAPPIST-1e,19.0,False,False,False,False,False,False,False,F,1088.0,P
5319_01,Mars,False,TRAPPIST-1e,13.0,False,False,False,False,False,False,False,F,1089.0,P
5321_01,Earth,False,PSO J318.5-22,23.0,False,False,False,False,False,False,False,F,1022.0,S
5324_01,Earth,False,TRAPPIST-1e,44.0,False,False,False,False,False,False,False,G,860.0,P
5328_01,Europa,True,TRAPPIST-1e,36.0,False,False,False,False,False,False,False,C,166.0,P
5329_01,Earth,False,TRAPPIST-1e,79.0,False,False,False,False,False,False,False,E,331.0,P
5329_02,Earth,True,PSO J318.5-22,1.0,False,False,False,False,False,False,False,G,861.0,P
5329_03,Earth,False,TRAPPIST-1e,12.0,False,False,False,False,False,False,False,G,861.0,P
5329_04,Earth,False,TRAPPIST-1e,8.0,False,False,False,False,False,False,False,G,861.0,P
5329_05,Earth,False,PSO J318.5-22,45.0,False,False,False,False,False,False,False,F,442.0,S
5329_06,Earth,False,TRAPPIST-1e,10.0,False,False,False,False,False,False,False,G,861.0,P
5329_07,Earth,False,TRAPPIST-1e,3.0,False,False,False,False,False,False,False,G,861.0,P
5332_01,Earth,False,TRAPPIST-1e,37.0,False,False,False,False,False,False,False,F,1096.0,P
5335_01,Europa,True,55 Cancri e,43.0,False,False,False,False,False,False,False,A,49.0,P
5335_02,Europa,True,TRAPPIST-1e,38.0,False,False,False,False,False,False,False,A,49.0,P
5335_03,Europa,False,55 Cancri e,33.0,False,False,False,False,False,False,False,A,49.0,P
5335_04,Europa,False,55 Cancri e,25.0,False,False,False,False,False,False,False,A,49.0,P
5336_01,Earth,False,TRAPPIST-1e,42.0,False,False,False,False,False,False,False,F,1097.0,P
5338_01,Earth,False,TRAPPIST-1e,35.0,False,False,False,False,False,False,False,F,1025.0,S
5339_01,Europa,False,55 Cancri e,35.0,False,False,False,False,False,False,False,C,167.0,P
5339_02,Europa,False,TRAPPIST-1e,30.0,False,False,False,False,False,False,False,C,167.0,P
5339_03,Europa,True,55 Cancri e,33.0,False,False,False,False,False,False,False,C,167.0,P
5342_01,Earth,False,TRAPPIST-1e,30.0,False,False,False,False,False,False,False,E,338.0,S
5349_01,Earth,True,PSO J318.5-22,23.0,False,False,False,False,False,False,False,G,863.0,P
5352_01,Earth,True,TRAPPIST-1e,13.0,False,False,False,False,False,False,False,G,864.0,P
5357_01,Europa,True,TRAPPIST-1e,32.0,False,False,False,False,False,False,False,B,184.0,P
5357_02,Europa,True,TRAPPIST-1e,17.0,False,False,False,False,False,False,False,B,184.0,P
5357_03,Europa,False,55 Cancri e,37.0,True,True,True,True,True,True,False,B,184.0,P
5357_04,Europa,False,TRAPPIST-1e,49.0,False,False,False,False,False,False,False,B,184.0,P
5358_01,Europa,False,TRAPPIST-1e,53.0,False,False,False,False,False,False,False,E,335.0,P
5364_01,Earth,True,55 Cancri e,27.0,False,False,False,False,False,False,False,G,866.0,P
5369_01,Mars,False,TRAPPIST-1e,26.0,False,False,False,False,False,False,False,F,1103.0,P
5369_02,Mars,False,TRAPPIST-1e,50.0,False,False,False,False,False,False,False,D,169.0,P
5369_03,Mars,True,55 Cancri e,17.0,False,False,False,False,False,False,False,F,1103.0,P
5370_01,Earth,False,TRAPPIST-1e,22.0,False,False,False,False,False,False,False,G,867.0,P
5371_01,Mars,True,TRAPPIST-1e,8.0,False,False,False,False,False,False,False,F,1027.0,S
5371_02,Mars,False,TRAPPIST-1e,42.0,False,False,False,False,False,False,False,E,341.0,S
5371_03,Mars,True,TRAPPIST-1e,30.0,False,False,False,False,False,False,False,F,1027.0,S
5371_04,Mars,False,55 Cancri e,4.0,False,False,False,False,False,False,False,F,1027.0,S
5373_01,Earth,False,TRAPPIST-1e,27.0,False,False,False,False,False,False,False,F,1028.0,S
5376_01,Europa,True,55 Cancri e,15.0,False,False,False,False,False,False,False,C,171.0,P
5376_02,Europa,True,TRAPPIST-1e,38.0,False,False,False,False,False,False,False,C,171.0,P
5377_01,Europa,True,55 Cancri e,51.0,False,False,False,False,False,False,False,C,172.0,P
5381_01,Mars,False,TRAPPIST-1e,26.0,False,False,False,False,False,False,False,F,1031.0,S
5382_01,Europa,True,55 Cancri e,34.0,False,False,False,False,False,False,False,C,211.0,S
5382_02,Europa,True,55 Cancri e,45.0,False,False,False,False,False,False,False,C,211.0,S
5386_01,Earth,True,TRAPPIST-1e,18.0,False,False,False,False,False,False,False,G,868.0,P
5391_01,Earth,False,PSO J318.5-22,21.0,False,False,False,False,False,False,False,F,1107.0,P
5393_01,Earth,False,TRAPPIST-1e,23.0,False,False,False,False,False,False,False,F,1108.0,P
5398_01,Mars,True,TRAPPIST-1e,24.0,False,False,False,False,False,False,False,F,1110.0,P
5399_01,Earth,False,TRAPPIST-1e,20.0,False,False,False,False,False,False,False,F,1033.0,S
5400_01,Earth,True,TRAPPIST-1e,32.0,False,False,False,False,False,False,False,F,442.0,S
5403_01,Earth,False,TRAPPIST-1e,22.0,False,False,False,False,False,False,False,E,345.0,S
5405_01,Earth,False,TRAPPIST-1e,13.0,False,False,False,False,False,False,False,E,339.0,P
5407_01,Mars,False,TRAPPIST-1e,42.0,False,False,False,False,False,False,False,E,346.0,S
5409_01,Earth,False,TRAPPIST-1e,19.0,False,False,False,False,False,False,False,E,347.0,S
5417_01,Mars,False,TRAPPIST-1e,24.0,False,False,False,False,False,False,False,E,348.0,S
5419_01,Earth,False,PSO J318.5-22,45.0,False,False,False,False,False,False,False,F,1115.0,P
5426_01,Earth,False,TRAPPIST-1e,35.0,False,False,False,False,False,False,False,F,1038.0,S
5428_01,Earth,False,TRAPPIST-1e,16.0,False,False,False,False,False,False,False,F,1039.0,S
5428_02,Earth,True,TRAPPIST-1e,16.0,False,False,False,False,False,False,False,F,442.0,S
5429_01,Earth,False,TRAPPIST-1e,43.0,False,False,False,False,False,False,False,F,1119.0,P
5432_01,Earth,False,TRAPPIST-1e,31.0,False,False,False,False,False,False,False,F,1120.0,P
5433_01,Europa,False,TRAPPIST-1e,26.0,False,False,False,False,False,False,False,A,66.0,S
5439_01,Mars,False,TRAPPIST-1e,22.0,False,False,False,False,False,False,False,F,1040.0,S
5442_01,Earth,False,TRAPPIST-1e,48.0,False,False,False,False,False,False,False,F,1042.0,S
5444_01,Earth,False,55 Cancri e,20.0,False,False,False,False,False,False,False,F,1043.0,S
5448_01,Mars,False,TRAPPIST-1e,35.0,False,False,False,False,False,False,False,D,165.0,S
5449_01,Earth,False,55 Cancri e,23.0,False,False,False,False,False,False,False,F,442.0,S
5456_01,Earth,False,TRAPPIST-1e,28.0,False,False,False,False,False,False,False,F,1128.0,P
5460_01,Earth,False,PSO J318.5-22,19.0,False,False,False,False,False,False,False,F,1130.0,P
5461_01,Europa,False,55 Cancri e,45.0,False,False,False,False,False,False,False,E,352.0,S
5464_01,Earth,False,TRAPPIST-1e,16.0,False,False,False,False,False,False,False,E,353.0,S
5473_01,Earth,False,TRAPPIST-1e,3.0,False,False,False,False,False,False,False,G,879.0,P
5473_02,Earth,False,PSO J318.5-22,60.0,False,False,False,False,False,False,False,F,1133.0,P
5481_01,Europa,True,TRAPPIST-1e,33.0,True,True,True,True,True,True,False,B,209.0,S
5482_01,Earth,False,55 Cancri e,25.0,False,False,False,False,False,False,False,E,354.0,S
5482_02,Earth,False,TRAPPIST-1e,37.0,False,False,False,False,False,False,False,F,1049.0,S
5486_01,Mars,False,TRAPPIST-1e,51.0,False,False,False,False,False,False,False,F,1051.0,S
5493_01,Earth,True,55 Cancri e,29.0,False,False,False,False,False,False,False,G,883.0,S
5495_01,Mars,True,TRAPPIST-1e,39.0,False,False,False,False,False,False,False,F,1138.0,P
5498_01,Earth,True,TRAPPIST-1e,29.0,False,False,False,False,False,False,False,G,883.0,P
5498_02,Earth,True,TRAPPIST-1e,27.0,False,False,False,False,False,False,False,G,883.0,P
5502_01,Earth,False,TRAPPIST-1e,38.0,False,False,False,False,False,False,False,F,1139.0,P
5503_01,Earth,False,TRAPPIST-1e,13.0,False,False,False,False,False,False,False,E,355.0,S
5505_01,Earth,False,TRAPPIST-1e,33.0,False,False,False,False,False,False,False,F,1054.0,S
5505_02,Earth,False,TRAPPIST-1e,45.0,False,False,False,False,False,False,False,G,886.0,S
5505_03,Earth,False,55 Cancri e,0.0,False,False,False,False,False,False,False,G,886.0,S
5513_01,Earth,True,PSO J318.5-22,18.0,False,False,False,False,False,False,False,G,888.0,S
5513_02,Earth,True,TRAPPIST-1e,0.0,False,False,False,False,False,False,False,G,888.0,S
5513_03,Earth,False,TRAPPIST-1e,38.0,False,False,False,False,False,False,False,F,1056.0,S
5513_04,Earth,False,55 Cancri e,0.0,False,False,False,False,False,False,False,G,888.0,S
5516_01,Earth,False,55 Cancri e,21.0,False,False,False,False,False,False,False,F,1057.0,S
5518_01,Europa,False,55 Cancri e,56.0,False,False,False,False,False,False,False,A,68.0,S
5519_01,Europa,False,TRAPPIST-1e,38.0,False,False,False,False,False,False,False,A,69.0,S
5525_01,Mars,False,TRAPPIST-1e,35.0,False,False,False,False,False,False,False,F,1142.0,P
5532_01,Earth,False,55 Cancri e,34.0,False,False,False,False,False,False,False,E,359.0,S
5533_01,Earth,False,TRAPPIST-1e,15.0,False,False,False,False,False,False,False,G,892.0,S
5534_01,Earth,False,PSO J318.5-22,22.0,False,False,False,False,False,False,False,E,348.0,P
5542_01,Mars,False,TRAPPIST-1e,28.0,False,False,False,False,False,False,False,F,1148.0,P
5547_01,Earth,True,TRAPPIST-1e,18.0,False,False,False,False,False,False,False,G,887.0,P
5548_01,Europa,False,55 Cancri e,47.0,False,False,False,False,False,False,False,D,167.0,S
5549_01,Europa,True,TRAPPIST-1e,23.0,False,False,False,False,False,False,False,D,177.0,P
5553_01,Mars,True,TRAPPIST-1e,44.0,False,False,False,False,False,False,False,F,1151.0,P
5553_02,Mars,False,TRAPPIST-1e,18.0,False,False,False,False,False,False,False,F,1151.0,P
5554_01,Earth,True,TRAPPIST-1e,21.0,False,False,False,False,False,False,False,G,889.0,P
5558_01,Mars,False,TRAPPIST-1e,65.0,False,False,False,False,False,False,False,F,442.0,S
5562_01,Europa,True,TRAPPIST-1e,18.0,False,False,False,False,False,False,False,D,169.0,S
5562_02,Europa,True,55 Cancri e,27.0,False,False,False,False,False,False,False,D,169.0,S
5564_01,Earth,False,TRAPPIST-1e,16.0,False,False,False,False,False,False,False,F,1152.0,P
5565_01,Earth,False,TRAPPIST-1e,17.0,False,False,False,False,False,False,False,G,898.0,S
5567_01,Earth,False,TRAPPIST-1e,19.0,False,False,False,False,False,False,False,F,1064.0,S
5570_01,Earth,True,PSO J318.5-22,33.0,False,False,False,False,False,False,False,G,899.0,S
5576_01,Earth,False,TRAPPIST-1e,20.0,False,False,False,False,False,False,False,F,1065.0,S
5577_01,Earth,True,PSO J318.5-22,10.0,False,False,False,False,False,False,False,G,901.0,S
5577_02,Earth,False,TRAPPIST-1e,6.0,False,False,False,False,False,False,False,G,901.0,S
5577_03,Earth,True,TRAPPIST-1e,0.0,False,False,False,False,False,False,False,G,901.0,S
5577_04,Earth,True,TRAPPIST-1e,0.0,False,False,False,False,False,False,False,G,901.0,S
5577_05,Earth,True,TRAPPIST-1e,4.0,False,False,False,False,False,False,False,G,901.0,S
5579_01,Europa,True,TRAPPIST-1e,26.0,False,False,False,False,False,False,False,B,189.0,P
5584_01,Mars,True,TRAPPIST-1e,27.0,False,False,False,False,False,False,False,F,1157.0,P
5584_02,Mars,False,55 Cancri e,54.0,False,False,False,False,False,False,False,E,350.0,P
5588_01,Mars,False,TRAPPIST-1e,24.0,False,False,False,False,False,False,False,F,1066.0,S
5588_02,Mars,True,TRAPPIST-1e,47.0,False,False,False,False,False,False,False,F,1066.0,S
5588_03,Mars,True,TRAPPIST-1e,16.0,False,False,False,False,False,False,False,F,1066.0,S
5588_04,Earth,False,TRAPPIST-1e,59.0,False,False,False,False,False,False,False,F,1066.0,S
5588_05,Mars,True,TRAPPIST-1e,31.0,False,False,False,False,False,False,False,F,1066.0,S
5590_01,Mars,True,TRAPPIST-1e,28.0,False,False,False,False,False,False,False,E,362.0,S
5593_01,Earth,False,TRAPPIST-1e,23.0,False,False,False,False,False,False,False,F,1162.0,P
5597_01,Earth,False,55 Cancri e,19.0,False,False,False,False,False,False,False,F,1068.0,S
5600_01,Earth,True,PSO J318.5-22,18.0,False,False,False,False,False,False,False,G,896.0,P
5604_01,Mars,False,PSO J318.5-22,28.0,False,False,False,False,False,False,False,F,1070.0,S
5605_01,Earth,False,TRAPPIST-1e,13.0,False,False,False,False,False,False,False,F,1071.0,S
5607_01,Mars,True,TRAPPIST-1e,33.0,False,False,False,False,False,False,False,E,366.0,S
5612_01,Earth,True,TRAPPIST-1e,28.0,False,False,False,False,False,False,False,G,905.0,S
5617_01,Earth,False,TRAPPIST-1e,17.0,False,False,False,False,False,False,False,F,1074.0,S
5620_01,Mars,False,TRAPPIST-1e,36.0,True,True,True,True,True,True,False,E,351.0,P
5620_02,Mars,False,TRAPPIST-1e,29.0,True,True,True,True,True,True,False,F,1165.0,P
5621_01,Earth,False,TRAPPIST-1e,18.0,False,False,False,False,False,False,False,G,909.0,S
5624_01,Earth,True,TRAPPIST-1e,37.0,False,False,False,False,False,False,False,G,910.0,S
5630_01,Europa,False,TRAPPIST-1e,36.0,False,False,False,False,False,False,False,B,215.0,S
5632_01,Europa,True,TRAPPIST-1e,44.0,False,False,False,False,False,False,False,C,177.0,P
5633_01,Earth,False,TRAPPIST-1e,21.0,False,False,False,False,False,False,False,F,1167.0,P
5634_01,Mars,False,TRAPPIST-1e,20.0,False,False,False,False,False,False,False,D,172.0,S
5635_01,Earth,False,TRAPPIST-1e,45.0,False,False,False,False,False,False,False,E,367.0,S
5636_01,Earth,False,TRAPPIST-1e,28.0,False,False,False,False,False,False,False,E,353.0,P
5638_01,Earth,True,TRAPPIST-1e,20.0,False,False,False,False,False,False,False,G,912.0,S
5641_01,Earth,True,TRAPPIST-1e,18.0,False,False,False,False,False,False,False,G,914.0,S
5649_01,Mars,True,55 Cancri e,26.0,False,False,False,False,False,False,False,F,1170.0,P
5654_01,Earth,False,TRAPPIST-1e,19.0,False,False,False,False,False,False,False,G,904.0,P
5656_01,Earth,False,PSO J318.5-22,27.0,False,False,False,False,False,False,False,F,1173.0,P
5657_01,Europa,False,55 Cancri e,26.0,False,False,False,False,False,False,False,A,70.0,S
5658_01,Mars,False,TRAPPIST-1e,29.0,False,False,False,False,False,False,False,F,1174.0,P
5660_01,Mars,False,TRAPPIST-1e,18.0,False,False,False,False,False,False,False,E,354.0,P
5664_01,Earth,False,TRAPPIST-1e,12.0,False,False,False,False,False,False,False,G,917.0,S
5664_02,Earth,False,TRAPPIST-1e,0.0,False,False,False,False,False,False,False,G,917.0,S
5664_03,Earth,False,TRAPPIST-1e,2.0,False,False,False,False,False,False,False,G,917.0,S
5664_04,Earth,False,55 Cancri e,16.0,False,False,False,False,False,False,False,F,1081.0,S
5665_01,Earth,False,TRAPPIST-1e,17.0,False,False,False,False,False,False,False,F,1082.0,S
5666_01,Mars,False,TRAPPIST-1e,20.0,False,False,False,False,False,False,False,E,356.0,P
5668_01,Europa,True,TRAPPIST-1e,30.0,False,False,False,False,False,False,False,E,369.0,S
5669_01,Earth,True,TRAPPIST-1e,20.0,False,False,False,False,False,False,False,G,918.0,S
5670_01,Earth,True,PSO J318.5-22,31.0,False,False,False,False,False,False,False,G,919.0,S
5672_01,Earth,True,TRAPPIST-1e,13.0,False,False,False,False,False,False,False,G,908.0,P
5675_01,Earth,False,55 Cancri e,23.0,False,False,False,False,False,False,False,E,370.0,S
5676_01,Earth,False,TRAPPIST-1e,19.0,False,False,False,False,False,False,False,G,909.0,P
5678_01,Mars,True,TRAPPIST-1e,18.0,False,False,False,False,False,False,False,F,1176.0,P
5678_02,Mars,True,TRAPPIST-1e,50.0,False,False,False,False,False,False,False,E,358.0,P
5682_01,Europa,False,55 Cancri e,43.0,False,False,False,False,False,False,False,C,180.0,P
5683_01,Mars,False,TRAPPIST-1e,52.0,False,False,False,False,False,False,False,F,1177.0,P
5690_01,Mars,False,TRAPPIST-1e,24.0,False,False,False,False,False,False,False,F,1085.0,S
5691_01,Mars,True,TRAPPIST-1e,46.0,False,False,False,False,False,False,False,F,1086.0,S
5694_01,Europa,True,TRAPPIST-1e,25.0,False,False,False,False,False,False,False,B,191.0,P
5697_01,Earth,False,TRAPPIST-1e,53.0,False,False,False,False,False,False,False,F,1181.0,P
5699_01,Earth,False,TRAPPIST-1e,17.0,False,False,False,False,False,False,False,F,1089.0,S
5703_01,Earth,False,TRAPPIST-1e,29.0,False,False,False,False,False,False,False,F,1182.0,P
5708_01,Earth,True,TRAPPIST-1e,26.0,False,False,False,False,False,False,False,G,914.0,P
5715_01,Europa,False,TRAPPIST-1e,35.0,False,False,False,False,False,False,False,D,174.0,S
5715_02,Europa,False,TRAPPIST-1e,51.0,False,False,False,False,False,False,False,D,174.0,S
5720_01,Earth,False,TRAPPIST-1e,20.0,False,False,False,False,False,False,False,E,361.0,P
5720_02,Earth,False,TRAPPIST-1e,19.0,False,False,False,False,False,False,False,F,1184.0,P
5731_01,Mars,False,TRAPPIST-1e,59.0,False,False,False,False,False,False,False,D,181.0,P
5731_02,Mars,False,TRAPPIST-1e,23.0,False,False,False,False,False,False,False,D,181.0,P
5734_01,Mars,True,TRAPPIST-1e,22.0,False,False,False,False,False,False,False,F,1095.0,S
5734_02,Mars,False,TRAPPIST-1e,21.0,False,False,False,False,False,False,False,E,373.0,S
5741_01,Earth,False,TRAPPIST-1e,25.0,False,False,False,False,False,False,False,F,1190.0,P
5743_01,Earth,False,TRAPPIST-1e,23.0,False,False,False,False,False,False,False,F,1191.0,P
5745_01,Earth,True,55 Cancri e,15.0,False,False,False,False,False,False,False,G,923.0,P
5749_01,Mars,False,PSO J318.5-22,20.0,False,False,False,False,False,False,False,F,1193.0,P
5752_01,Earth,False,55 Cancri e,22.0,False,False,False,False,False,False,False,F,1097.0,S
5753_01,Earth,False,TRAPPIST-1e,20.0,False,False,False,False,False,False,False,F,1098.0,S
5754_01,Europa,False,TRAPPIST-1e,35.0,False,False,False,False,False,False,False,E,374.0,S
5759_01,Earth,True,TRAPPIST-1e,41.0,False,False,False,False,False,False,False,G,935.0,S
5760_01,Earth,False,TRAPPIST-1e,18.0,False,False,False,False,False,False,False,F,1196.0,P
5762_01,Earth,False,PSO J318.5-22,40.0,False,False,False,False,False,False,False,G,925.0,P
5766_01,Mars,True,TRAPPIST-1e,25.0,False,False,False,False,False,False,False,F,1101.0,S
5770_01,Europa,False,55 Cancri e,31.0,False,False,False,False,False,False,False,C,182.0,P
5774_01,Earth,False,TRAPPIST-1e,47.0,False,False,False,False,False,False,False,E,364.0,P
5775_01,Mars,True,TRAPPIST-1e,29.0,False,False,False,False,False,False,False,F,1198.0,P
5782_01,Earth,False,PSO J318.5-22,26.0,False,False,False,False,False,False,False,G,939.0,S
5782_02,Earth,False,TRAPPIST-1e,18.0,False,False,False,False,False,False,False,F,1103.0,S
5782_03,Earth,False,TRAPPIST-1e,19.0,False,False,False,False,False,False,False,F,1103.0,S
5782_04,Earth,True,TRAPPIST-1e,50.0,False,False,False,False,False,False,False,G,939.0,S
5784_01,Earth,False,TRAPPIST-1e,26.0,False,False,False,False,False,False,False,G,927.0,P
5787_01,Earth,False,TRAPPIST-1e,29.0,False,False,False,False,False,False,False,E,365.0,P
5787_02,Earth,True,TRAPPIST-1e,14.0,False,False,False,False,False,False,False,G,929.0,P
5787_03,Earth,False,TRAPPIST-1e,14.0,False,False,False,False,False,False,False,F,1202.0,P
5789_01,Earth,False,55 Cancri e,0.0,False,False,False,False,False,False,False,G,940.0,S
5789_02,Earth,True,PSO J318.5-22,34.0,False,False,False,False,False,False,False,G,940.0,S
5797_01,Europa,True,55 Cancri e,23.0,False,False,False,False,False,False,False,D,183.0,P
5798_01,Earth,False,TRAPPIST-1e,24.0,False,False,False,False,False,False,False,G,930.0,P
5801_01,Earth,False,TRAPPIST-1e,39.0,False,False,False,False,False,False,False,G,931.0,P
5803_01,Earth,True,TRAPPIST-1e,22.0,False,False,False,False,False,False,False,G,932.0,P
5805_01,Earth,False,TRAPPIST-1e,23.0,False,False,False,False,False,False,False,G,942.0,S
5807_01,Earth,False,TRAPPIST-1e,26.0,False,False,False,False,False,False,False,F,1110.0,S
5815_01,Europa,False,TRAPPIST-1e,28.0,False,False,False,False,False,False,False,F,442.0,S
5815_02,Europa,False,TRAPPIST-1e,42.0,False,False,False,False,False,False,False,B,197.0,P
5815_03,Europa,False,55 Cancri e,37.0,False,False,False,False,False,False,False,B,197.0,P
5815_04,Europa,False,55 Cancri e,45.0,False,False,False,False,False,False,False,B,197.0,P
5830_01,Earth,False,TRAPPIST-1e,21.0,False,False,False,False,False,False,False,G,942.0,P
5832_01,Earth,False,TRAPPIST-1e,42.0,False,False,False,False,False,False,False,G,944.0,P
5833_01,Mars,False,TRAPPIST-1e,20.0,False,False,False,False,False,False,False,E,368.0,P
5838_01,Earth,False,TRAPPIST-1e,61.0,False,False,False,False,False,False,False,G,945.0,P
5841_01,Mars,False,TRAPPIST-1e,0.0,False,False,False,False,False,False,False,F,1207.0,P
5841_02,Mars,True,TRAPPIST-1e,3.0,False,False,False,False,False,False,False,F,1207.0,P
5841_03,Earth,True,TRAPPIST-1e,18.0,False,False,False,False,False,False,False,F,1207.0,P
5845_01,Earth,True,PSO J318.5-22,44.0,False,False,False,False,False,False,False,G,947.0,P
5850_01,Europa,True,55 Cancri e,50.0,False,False,False,False,False,False,False,B,223.0,S
5851_01,Mars,False,TRAPPIST-1e,18.0,False,False,False,False,False,False,False,F,1116.0,S
5851_02,Mars,False,TRAPPIST-1e,0.0,False,False,False,False,False,False,False,F,1116.0,S
5853_01,Earth,False,TRAPPIST-1e,58.0,False,False,False,False,False,False,False,G,948.0,P
5862_01,Earth,False,55 Cancri e,50.0,False,False,False,False,False,False,False,G,950.0,S
5864_01,Earth,False,55 Cancri e,43.0,False,False,False,False,False,False,False,F,1119.0,S
5865_01,Earth,False,TRAPPIST-1e,21.0,False,False,False,False,False,False,False,G,951.0,S
5866_01,Earth,False,55 Cancri e,30.0,False,False,False,False,False,False,False,F,1211.0,P
5870_01,Earth,True,TRAPPIST-1e,20.0,False,False,False,False,False,False,False,G,951.0,P
5872_01,Earth,False,TRAPPIST-1e,24.0,False,False,False,False,False,False,False,E,380.0,S
5873_01,Earth,False,TRAPPIST-1e,24.0,False,False,False,False,False,False,False,G,952.0,P
5873_02,Earth,True,TRAPPIST-1e,37.0,False,False,False,False,False,False,False,G,952.0,P
5873_03,Earth,False,TRAPPIST-1e,21.0,False,False,False,False,False,False,False,E,372.0,P
5881_01,Europa,True,TRAPPIST-1e,48.0,False,False,False,False,False,False,False,B,225.0,S
5883_01,Europa,True,TRAPPIST-1e,33.0,False,False,False,False,False,False,False,B,200.0,P
5884_01,Earth,False,TRAPPIST-1e,21.0,False,False,False,False,False,False,False,F,1215.0,P
5892_01,Earth,False,TRAPPIST-1e,21.0,False,False,False,False,False,False,False,G,956.0,S
5893_01,Earth,False,TRAPPIST-1e,13.0,False,False,False,False,False,False,False,G,956.0,P
5893_02,Earth,False,TRAPPIST-1e,5.0,False,False,False,False,False,False,False,G,956.0,P
5895_01,Earth,False,TRAPPIST-1e,24.0,False,False,False,False,False,False,False,F,1124.0,S
5896_01,Earth,False,TRAPPIST-1e,37.0,False,False,False,False,False,False,False,F,1219.0,P
5899_01,Earth,False,TRAPPIST-1e,23.0,False,False,False,False,False,False,False,E,375.0,P
5904_01,Mars,True,TRAPPIST-1e,35.0,False,False,False,False,False,False,False,F,1125.0,S
5904_02,Mars,False,TRAPPIST-1e,24.0,False,False,False,False,False,False,False,D,178.0,S
5910_01,Mars,False,55 Cancri e,20.0,False,False,False,False,False,False,False,F,1222.0,P
5911_01,Earth,False,55 Cancri e,0.0,False,False,False,False,False,False,False,G,962.0,S
5911_02,Earth,False,TRAPPIST-1e,64.0,False,False,False,False,False,False,False,F,1128.0,S
5911_03,Earth,False,TRAPPIST-1e,31.0,False,False,False,False,False,False,False,F,1128.0,S
5911_04,Earth,False,PSO J318.5-22,6.0,False,False,False,False,False,False,False,G,962.0,S
5911_05,Earth,False,TRAPPIST-1e,3.0,False,False,False,False,False,False,False,G,962.0,S
5911_06,Earth,True,PSO J318.5-22,10.0,False,False,False,False,False,False,False,G,962.0,S
5914_01,Earth,True,TRAPPIST-1e,19.0,False,False,False,False,False,False,False,G,964.0,S
5917_01,Earth,True,PSO J318.5-22,19.0,False,False,False,False,False,False,False,G,965.0,S
5918_01,Earth,True,TRAPPIST-1e,46.0,False,False,False,False,False,False,False,G,958.0,P
5926_01,Earth,True,TRAPPIST-1e,25.0,False,False,False,False,False,False,False,G,961.0,P
5929_01,Earth,False,TRAPPIST-1e,27.0,False,False,False,False,False,False,False,F,1130.0,S
5932_01,Earth,False,55 Cancri e,23.0,False,False,False,False,False,False,False,F,1226.0,P
5935_01,Earth,False,TRAPPIST-1e,20.0,False,False,False,False,False,False,False,F,1227.0,P
5936_01,Europa,True,TRAPPIST-1e,24.0,False,False,False,False,False,False,False,C,184.0,P
5936_02,Europa,True,55 Cancri e,50.0,False,False,False,False,False,False,False,C,184.0,P
5936_03,Europa,False,TRAPPIST-1e,44.0,False,False,False,False,False,False,False,C,184.0,P
5936_04,Europa,False,TRAPPIST-1e,28.0,False,False,False,False,False,False,False,C,184.0,P
5936_05,Europa,False,TRAPPIST-1e,25.0,True,True,True,True,True,True,False,C,184.0,P
5937_01,Earth,True,55 Cancri e,14.0,False,False,False,False,False,False,False,G,966.0,S
5940_01,Earth,False,PSO J318.5-22,21.0,False,False,False,False,False,False,False,G,968.0,S
5942_01,Europa,True,TRAPPIST-1e,16.0,False,False,False,False,False,False,False,B,202.0,P
5942_02,Europa,True,55 Cancri e,25.0,False,False,False,False,False,False,False,B,202.0,P
5943_01,Mars,False,TRAPPIST-1e,41.0,False,False,False,False,False,False,False,D,179.0,S
5948_01,Mars,False,TRAPPIST-1e,20.0,False,False,False,False,False,False,False,E,389.0,S
5958_01,Earth,False,PSO J318.5-22,24.0,False,False,False,False,False,False,False,F,1136.0,S
5961_01,Europa,True,55 Cancri e,31.0,False,False,False,False,False,False,False,B,204.0,P
5961_02,Europa,True,55 Cancri e,23.0,False,False,False,False,False,False,False,B,204.0,P
5962_01,Earth,False,TRAPPIST-1e,54.0,False,False,False,False,False,False,False,G,963.0,P
5964_01,Europa,True,55 Cancri e,26.0,False,False,False,False,False,False,False,B,228.0,S
5964_02,Europa,True,TRAPPIST-1e,49.0,True,True,True,True,True,True,False,B,228.0,S
5966_01,Earth,False,55 Cancri e,0.0,False,False,False,False,False,False,False,G,971.0,S
5966_02,Earth,True,55 Cancri e,17.0,False,False,False,False,False,False,False,G,971.0,S
5978_01,Earth,False,TRAPPIST-1e,22.0,False,False,False,False,False,False,False,F,1231.0,P
5978_02,Earth,False,TRAPPIST-1e,11.0,False,False,False,False,False,False,False,G,966.0,P
5979_01,Mars,True,55 Cancri e,28.0,False,False,False,False,False,False,False,E,393.0,S
5982_01,Earth,False,TRAPPIST-1e,17.0,False,False,False,False,False,False,False,F,1232.0,P
5996_01,Earth,True,TRAPPIST-1e,47.0,False,False,False,False,False,False,False,G,976.0,S
5997_01,Mars,False,55 Cancri e,29.0,False,False,False,False,False,False,False,D,183.0,S
5997_02,Mars,True,TRAPPIST-1e,46.0,False,False,False,False,False,False,False,F,1142.0,S
6002_01,Mars,True,TRAPPIST-1e,66.0,False,False,False,False,False,False,False,E,382.0,P
6005_01,Earth,False,TRAPPIST-1e,0.0,False,False,False,False,False,False,False,G,978.0,S
6005_02,Earth,False,TRAPPIST-1e,5.0,False,False,False,False,False,False,False,G,978.0,S
6005_03,Earth,False,TRAPPIST-1e,1.0,False,False,False,False,False,False,False,G,978.0,S
6005_04,Earth,False,TRAPPIST-1e,42.0,False,False,False,False,False,False,False,G,978.0,S
6005_05,Earth,True,TRAPPIST-1e,5.0,False,False,False,False,False,False,False,G,978.0,S
6009_01,Europa,False,TRAPPIST-1e,26.0,False,False,False,False,False,False,False,B,205.0,P
6009_02,Europa,False,TRAPPIST-1e,41.0,False,False,False,False,False,False,False,B,205.0,P
6012_01,Mars,False,TRAPPIST-1e,30.0,False,False,False,False,False,False,False,F,1240.0,P
6013_01,Earth,True,TRAPPIST-1e,26.0,False,False,False,False,False,False,False,G,972.0,P
6018_01,Earth,False,TRAPPIST-1e,16.0,False,False,False,False,False,False,False,F,1241.0,P
6021_01,Earth,True,TRAPPIST-1e,22.0,False,False,False,False,False,False,False,G,980.0,S
6023_01,Earth,False,55 Cancri e,20.0,False,False,False,False,False,False,False,F,1244.0,P
6037_01,Earth,True,PSO J318.5-22,44.0,False,False,False,False,False,False,False,G,977.0,P
6044_01,Earth,False,TRAPPIST-1e,36.0,False,False,False,False,False,False,False,F,1250.0,P
6044_02,Earth,False,PSO J318.5-22,6.0,False,False,False,False,False,False,False,G,979.0,P
6046_01,Earth,False,PSO J318.5-22,13.0,False,False,False,False,False,False,False,F,1149.0,S
6050_01,Mars,True,TRAPPIST-1e,22.0,False,False,False,False,False,False,False,F,1251.0,P
6051_01,Mars,False,TRAPPIST-1e,69.0,False,False,False,False,False,False,False,F,1150.0,S
6051_02,Mars,False,TRAPPIST-1e,40.0,False,False,False,False,False,False,False,D,184.0,S
6053_01,Earth,False,PSO J318.5-22,46.0,False,False,False,False,False,False,False,G,981.0,P
6056_01,Mars,False,TRAPPIST-1e,34.0,False,False,False,False,False,False,False,F,1152.0,S
6057_01,Earth,False,TRAPPIST-1e,39.0,False,False,False,False,False,False,False,F,1252.0,P
6060_01,Mars,False,TRAPPIST-1e,37.0,False,False,False,False,False,False,False,F,442.0,S
6063_01,Earth,True,55 Cancri e,13.0,False,False,False,False,False,False,False,G,983.0,P
6072_01,Earth,False,55 Cancri e,20.0,False,False,False,False,False,False,False,F,1155.0,S
6074_01,Mars,False,TRAPPIST-1e,28.0,False,False,False,False,False,False,False,D,187.0,S
6074_02,Mars,True,TRAPPIST-1e,54.0,False,False,False,False,False,False,False,E,399.0,S
6074_03,Mars,False,TRAPPIST-1e,9.0,False,False,False,False,False,False,False,F,1157.0,S
6078_01,Earth,False,TRAPPIST-1e,61.0,False,False,False,False,False,False,False,F,1255.0,P
6079_01,Earth,True,TRAPPIST-1e,18.0,False,False,False,False,False,False,False,G,986.0,P
6081_01,Earth,True,TRAPPIST-1e,26.0,False,False,False,False,False,False,False,F,1256.0,P
6081_02,Mars,False,TRAPPIST-1e,24.0,False,False,False,False,False,False,False,F,1256.0,P
6081_03,Mars,True,TRAPPIST-1e,24.0,False,False,False,False,False,False,False,F,1256.0,P
6081_04,Mars,False,TRAPPIST-1e,0.0,False,False,False,False,False,False,False,F,1256.0,P
6083_01,Earth,False,55 Cancri e,30.0,False,False,False,False,False,False,False,F,1158.0,S
6084_01,Earth,False,PSO J318.5-22,26.0,False,False,False,False,False,False,False,F,1159.0,S
6088_01,Earth,False,TRAPPIST-1e,26.0,False,False,False,False,False,False,False,F,1258.0,P
6089_01,Earth,True,TRAPPIST-1e,26.0,False,False,False,False,False,False,False,G,990.0,S
6093_01,Earth,True,TRAPPIST-1e,3.0,False,False,False,False,False,False,False,G,989.0,P
6097_01,Earth,False,TRAPPIST-1e,30.0,False,False,False,False,False,False,False,E,400.0,S
6100_01,Mars,False,TRAPPIST-1e,51.0,False,False,False,False,False,False,False,F,1164.0,S
6104_01,Mars,True,TRAPPIST-1e,36.0,False,False,False,False,False,False,False,F,1262.0,P
6113_01,Earth,False,TRAPPIST-1e,18.0,False,False,False,False,False,False,False,E,402.0,S
6114_01,Earth,False,TRAPPIST-1e,27.0,False,False,False,False,False,False,False,F,1265.0,P
6119_01,Mars,True,TRAPPIST-1e,36.0,False,False,False,False,False,False,False,F,1168.0,S
6119_02,Earth,False,TRAPPIST-1e,39.0,False,False,False,False,False,False,False,E,403.0,S
6119_03,Mars,True,TRAPPIST-1e,17.0,False,False,False,False,False,False,False,F,1168.0,S
6125_01,Earth,False,TRAPPIST-1e,24.0,False,False,False,False,False,False,False,F,1269.0,P
6129_01,Mars,False,TRAPPIST-1e,14.0,False,False,False,False,False,False,False,E,405.0,S
6131_01,Mars,False,PSO J318.5-22,25.0,False,False,False,False,False,False,False,F,1271.0,P
6134_01,Earth,False,TRAPPIST-1e,35.0,False,False,False,False,False,False,False,F,1171.0,S
6140_01,Mars,False,TRAPPIST-1e,17.0,False,False,False,False,False,False,False,E,392.0,P
6142_01,Europa,False,55 Cancri e,45.0,False,False,False,False,False,False,False,E,393.0,P
6142_02,Europa,True,TRAPPIST-1e,35.0,False,False,False,False,False,False,False,E,393.0,P
6144_01,Earth,True,TRAPPIST-1e,19.0,False,False,False,False,False,False,False,G,993.0,P
6147_01,Earth,False,PSO J318.5-22,26.0,False,False,False,False,False,False,False,G,994.0,P
6151_01,Europa,False,TRAPPIST-1e,33.0,False,False,False,False,False,False,False,F,442.0,S
6151_02,Europa,True,TRAPPIST-1e,22.0,False,False,False,False,False,False,False,C,190.0,P
6154_01,Earth,True,55 Cancri e,32.0,False,False,False,False,False,False,False,G,995.0,P
6159_01,Earth,False,55 Cancri e,25.0,False,False,False,False,False,False,False,F,1180.0,S
6160_01,Earth,False,TRAPPIST-1e,26.0,False,False,False,False,False,False,False,E,408.0,S
6160_02,Earth,True,TRAPPIST-1e,21.0,False,False,False,False,False,False,False,G,997.0,S
6161_01,Earth,True,55 Cancri e,49.0,False,False,False,False,False,False,False,G,996.0,P
6164_01,Earth,False,TRAPPIST-1e,26.0,False,False,False,False,False,False,False,G,997.0,P
6165_01,Earth,False,55 Cancri e,20.0,False,False,False,False,False,False,False,F,1273.0,P
6177_01,Europa,False,55 Cancri e,28.0,False,False,False,False,False,False,False,B,237.0,S
6183_01,Earth,False,TRAPPIST-1e,35.0,False,False,False,False,False,False,False,E,411.0,S
6185_01,Europa,False,55 Cancri e,66.0,False,False,False,False,False,False,False,E,395.0,P
6187_01,Mars,True,TRAPPIST-1e,47.0,False,False,False,False,False,False,False,F,1182.0,S
6188_01,Earth,True,TRAPPIST-1e,25.0,False,False,False,False,False,False,False,G,1003.0,P
6190_01,Earth,False,PSO J318.5-22,23.0,False,False,False,False,False,False,False,F,1276.0,P
6193_01,Mars,True,TRAPPIST-1e,19.0,False,False,False,False,False,False,False,F,1184.0,S
6193_02,Mars,False,TRAPPIST-1e,8.0,False,False,False,False,False,False,False,F,1184.0,S
6193_03,Mars,False,TRAPPIST-1e,42.0,False,False,False,False,False,False,False,F,1184.0,S
6193_04,Mars,False,TRAPPIST-1e,33.0,False,False,False,False,False,False,False,F,1184.0,S
6195_01,Earth,False,TRAPPIST-1e,29.0,False,False,False,False,False,False,False,F,1186.0,S
6196_01,Europa,True,TRAPPIST-1e,63.0,False,False,False,False,False,False,False,B,210.0,P
6197_01,Earth,True,PSO J318.5-22,24.0,False,False,False,False,False,False,False,G,1005.0,P
6198_01,Mars,False,TRAPPIST-1e,62.0,False,False,False,False,False,False,False,F,1277.0,P
6202_01,Earth,False,55 Cancri e,26.0,False,False,False,False,False,False,False,G,1004.0,S
6203_01,Europa,False,TRAPPIST-1e,52.0,False,False,False,False,False,False,False,C,232.0,S
6204_01,Earth,False,TRAPPIST-1e,23.0,False,False,False,False,False,False,False,G,1005.0,S
6209_01,Europa,False,55 Cancri e,47.0,False,False,False,False,False,False,False,A,73.0,S
6209_02,Europa,True,55 Cancri e,50.0,False,False,False,False,False,False,False,A,73.0,S
6210_01,Europa,True,TRAPPIST-1e,32.0,False,False,False,False,False,False,False,C,233.0,S
6212_01,Earth,True,TRAPPIST-1e,33.0,False,False,False,False,False,False,False,G,1006.0,P
6214_01,Earth,False,TRAPPIST-1e,26.0,False,False,False,False,False,False,False,F,1281.0,P
6217_01,Europa,True,TRAPPIST-1e,20.0,False,False,False,False,False,False,False,B,240.0,S
6217_02,Europa,False,55 Cancri e,28.0,False,False,False,False,False,False,False,B,240.0,S
6221_01,Mars,True,TRAPPIST-1e,38.0,False,False,False,False,False,False,False,F,1189.0,S
6226_01,Earth,False,TRAPPIST-1e,42.0,False,False,False,False,False,False,False,F,1285.0,P
6231_01,Earth,True,TRAPPIST-1e,0.0,False,False,False,False,False,False,False,G,1008.0,S
6231_02,Earth,True,TRAPPIST-1e,23.0,False,False,False,False,False,False,False,G,1008.0,S
6231_03,Earth,False,TRAPPIST-1e,39.0,False,False,False,False,False,False,False,G,1008.0,S
6233_01,Earth,False,PSO J318.5-22,25.0,False,False,False,False,False,False,False,F,1193.0,S
6233_02,Earth,False,55 Cancri e,17.0,False,False,False,False,False,False,False,G,1009.0,S
6233_03,Earth,True,PSO J318.5-22,15.0,False,False,False,False,False,False,False,G,1009.0,S
6235_01,Europa,True,TRAPPIST-1e,31.0,False,False,False,False,False,False,False,B,211.0,P
6240_01,Earth,True,TRAPPIST-1e,49.0,False,False,False,False,False,False,False,E,415.0,S
6242_01,Europa,True,TRAPPIST-1e,41.0,False,False,False,False,False,False,False,B,242.0,S
6244_01,Europa,False,TRAPPIST-1e,37.0,False,False,False,False,False,False,False,A,61.0,P
6244_02,Europa,True,TRAPPIST-1e,27.0,False,False,False,False,False,False,False,A,61.0,P
6247_01,Mars,False,TRAPPIST-1e,13.0,False,False,False,False,False,False,False,F,1288.0,P
6255_01,Europa,True,TRAPPIST-1e,42.0,False,False,False,False,False,False,False,B,212.0,P
6257_01,Earth,True,TRAPPIST-1e,21.0,False,False,False,False,False,False,False,G,1010.0,P
6257_02,Earth,False,TRAPPIST-1e,29.0,False,False,False,False,False,False,False,F,1290.0,P
6257_03,Earth,True,TRAPPIST-1e,0.0,False,False,False,False,False,False,False,G,1010.0,P
6258_01,Earth,False,PSO J318.5-22,19.0,False,False,False,False,False,False,False,F,1291.0,P
6259_01,Earth,False,TRAPPIST-1e,36.0,False,False,False,False,False,False,False,E,399.0,P
6260_01,Mars,False,PSO J318.5-22,31.0,False,False,False,False,False,False,False,F,1292.0,P
6260_02,Mars,False,TRAPPIST-1e,16.0,False,False,False,False,False,False,False,D,194.0,P
6261_01,Mars,True,TRAPPIST-1e,42.0,False,False,False,False,False,False,False,E,400.0,P
6261_02,Mars,True,TRAPPIST-1e,16.0,False,False,False,False,False,False,False,E,400.0,P
6267_01,Europa,False,TRAPPIST-1e,23.0,False,False,False,False,False,False,False,B,214.0,P
6267_02,Europa,False,TRAPPIST-1e,42.0,False,False,False,False,False,False,False,B,214.0,P
6267_03,Europa,True,TRAPPIST-1e,34.0,False,False,False,False,False,False,False,B,214.0,P
6267_04,Europa,True,55 Cancri e,38.0,False,False,False,False,False,False,False,B,214.0,P
6267_05,Europa,True,55 Cancri e,21.0,False,False,False,False,False,False,False,B,214.0,P
6267_06,Europa,True,TRAPPIST-1e,25.0,False,False,False,False,False,False,False,B,214.0,P
6269_01,Europa,False,55 Cancri e,30.0,False,False,False,False,False,False,False,B,244.0,S
6269_02,Europa,False,TRAPPIST-1e,40.0,False,False,False,False,False,False,False,B,244.0,S
6269_03,Europa,True,55 Cancri e,31.0,False,False,False,False,False,False,False,B,244.0,S
6272_01,Mars,False,55 Cancri e,20.0,False,False,False,False,False,False,False,F,1298.0,P
6272_02,Mars,True,TRAPPIST-1e,37.0,False,False,False,False,False,False,False,F,1298.0,P
6275_01,Earth,False,TRAPPIST-1e,26.0,False,False,False,False,False,False,False,F,1299.0,P
6278_01,Mars,True,55 Cancri e,22.0,False,False,False,False,False,False,False,F,1204.0,S
6278_02,Mars,True,TRAPPIST-1e,21.0,False,False,False,False,False,False,False,F,1204.0,S
6284_01,Mars,True,TRAPPIST-1e,33.0,False,False,False,False,False,False,False,F,1300.0,P
6286_01,Earth,False,TRAPPIST-1e,40.0,False,False,False,False,False,False,False,G,1016.0,S
6286_02,Earth,False,TRAPPIST-1e,11.0,False,False,False,False,False,False,False,G,1016.0,S
6287_01,Earth,False,TRAPPIST-1e,27.0,False,False,False,False,False,False,False,G,1017.0,S
6287_02,Earth,False,TRAPPIST-1e,22.0,False,False,False,False,False,False,False,E,416.0,S
6288_01,Europa,True,TRAPPIST-1e,40.0,False,False,False,False,False,False,False,B,246.0,S
6288_02,Europa,False,TRAPPIST-1e,61.0,True,True,True,True,True,True,False,B,246.0,S
6288_03,Europa,True,55 Cancri e,28.0,False,False,False,False,False,False,False,B,246.0,S
6288_04,Europa,False,TRAPPIST-1e,24.0,False,False,False,False,False,False,False,B,246.0,S
6291_01,Earth,False,TRAPPIST-1e,43.0,False,False,False,False,False,False,False,G,1019.0,S
6294_01,Earth,True,TRAPPIST-1e,22.0,False,False,False,False,False,False,False,G,1021.0,S
6295_01,Europa,True,55 Cancri e,14.0,False,False,False,False,False,False,False,D,197.0,P
6295_02,Europa,False,TRAPPIST-1e,56.0,False,False,False,False,False,False,False,D,197.0,P
6298_01,Mars,True,TRAPPIST-1e,35.0,False,False,False,False,False,False,False,F,1302.0,P
6303_01,Earth,False,TRAPPIST-1e,62.0,False,False,False,False,False,False,False,G,1016.0,P
6306_01,Earth,True,TRAPPIST-1e,44.0,False,False,False,False,False,False,False,G,1022.0,S
6307_01,Earth,False,55 Cancri e,32.0,False,False,False,False,False,False,False,F,1306.0,P
6310_01,Mars,False,TRAPPIST-1e,26.0,False,False,False,False,False,False,False,E,417.0,S
6311_01,Earth,False,TRAPPIST-1e,22.0,False,False,False,False,False,False,False,F,1207.0,S
6312_01,Europa,False,55 Cancri e,56.0,False,False,False,False,False,False,False,F,442.0,S
6312_02,Europa,False,TRAPPIST-1e,29.0,False,False,False,False,False,False,False,A,63.0,P
6314_01,Earth,False,TRAPPIST-1e,21.0,False,False,False,False,False,False,False,G,1024.0,S
6329_01,Europa,False,TRAPPIST-1e,34.0,False,False,False,False,False,False,False,C,236.0,S
6332_01,Earth,True,TRAPPIST-1e,35.0,False,False,False,False,False,False,False,G,1021.0,P
6332_02,Earth,False,TRAPPIST-1e,18.0,False,False,False,False,False,False,False,F,1310.0,P
6332_03,Earth,True,TRAPPIST-1e,23.0,False,False,False,False,False,False,False,G,1021.0,P
6332_04,Earth,False,55 Cancri e,18.0,False,False,False,False,False,False,False,F,1310.0,P
6332_05,Earth,False,TRAPPIST-1e,24.0,False,False,False,False,False,False,False,F,1310.0,P
6332_06,Earth,True,PSO J318.5-22,19.0,False,False,False,False,False,False,False,G,1021.0,P
6332_07,Earth,False,TRAPPIST-1e,62.0,False,False,False,False,False,False,False,G,1021.0,P
6332_08,Earth,False,TRAPPIST-1e,52.0,False,False,False,False,False,False,False,F,1310.0,P
6333_01,Earth,False,TRAPPIST-1e,37.0,False,False,False,False,False,False,False,F,1311.0,P
6336_01,Earth,False,TRAPPIST-1e,21.0,False,False,False,False,False,False,False,E,422.0,S
6337_01,Earth,True,TRAPPIST-1e,48.0,False,False,False,False,False,False,False,G,1029.0,S
6342_01,Mars,False,TRAPPIST-1e,43.0,False,False,False,False,False,False,False,D,198.0,P
6342_02,Mars,False,TRAPPIST-1e,18.0,False,False,False,False,False,False,False,E,402.0,P
6345_01,Mars,True,TRAPPIST-1e,33.0,False,False,False,False,False,False,False,F,1211.0,S
6345_02,Mars,True,TRAPPIST-1e,33.0,False,False,False,False,False,False,False,F,1211.0,S
6350_01,Europa,False,TRAPPIST-1e,29.0,False,False,False,False,False,False,False,B,215.0,P
6352_01,Europa,True,55 Cancri e,66.0,False,False,False,False,False,False,False,D,192.0,S
6352_02,Europa,False,TRAPPIST-1e,41.0,False,False,False,False,False,False,False,D,192.0,S
6358_01,Earth,False,TRAPPIST-1e,17.0,False,False,False,False,False,False,False,E,404.0,P
6358_02,Earth,False,55 Cancri e,8.0,False,False,False,False,False,False,False,G,1024.0,P
6359_01,Earth,False,55 Cancri e,20.0,False,False,False,False,False,False,False,F,1317.0,P
6362_01,Earth,False,55 Cancri e,25.0,False,False,False,False,False,False,False,G,1025.0,P
6364_01,Earth,True,TRAPPIST-1e,47.0,False,False,False,False,False,False,False,G,1032.0,S
6375_01,Earth,False,PSO J318.5-22,40.0,False,False,False,False,False,False,False,F,1321.0,P
6377_01,Mars,True,TRAPPIST-1e,26.0,False,False,False,False,False,False,False,F,1218.0,S
6379_01,Earth,False,TRAPPIST-1e,19.0,False,False,False,False,False,False,False,F,1219.0,S
6382_01,Earth,False,PSO J318.5-22,35.0,False,False,False,False,False,False,False,F,1220.0,S
6383_01,Earth,True,TRAPPIST-1e,0.0,False,False,False,False,False,False,False,G,1035.0,S
6383_02,Earth,False,55 Cancri e,12.0,False,False,False,False,False,False,False,G,1035.0,S
6383_03,Earth,False,PSO J318.5-22,37.0,False,False,False,False,False,False,False,G,1035.0,S
6384_01,Earth,False,TRAPPIST-1e,38.0,False,False,False,False,False,False,False,E,425.0,S
6386_01,Earth,False,55 Cancri e,34.0,False,False,False,False,False,False,False,F,1324.0,P
6387_01,Earth,False,TRAPPIST-1e,30.0,False,False,False,False,False,False,False,F,1325.0,P
6389_01,Mars,False,55 Cancri e,22.0,False,False,False,False,False,False,False,F,1221.0,S
6391_01,Mars,True,TRAPPIST-1e,23.0,False,False,False,False,False,False,False,F,442.0,S
6391_02,Mars,True,TRAPPIST-1e,59.0,False,False,False,False,False,False,False,F,1326.0,P
6392_01,Mars,True,TRAPPIST-1e,19.0,False,False,False,False,False,False,False,F,1222.0,S
6393_01,Mars,True,TRAPPIST-1e,16.0,False,False,False,False,False,False,False,E,406.0,P
6395_01,Earth,False,TRAPPIST-1e,22.0,False,False,False,False,False,False,False,E,426.0,S
6401_01,Europa,False,TRAPPIST-1e,30.0,False,False,False,False,False,False,False,C,196.0,P
6401_02,Europa,False,55 Cancri e,26.0,False,False,False,False,False,False,False,C,196.0,P
6403_01,Earth,False,TRAPPIST-1e,18.0,False,False,False,False,False,False,False,F,1327.0,P
6410_01,Europa,False,TRAPPIST-1e,29.0,False,False,False,False,False,False,False,D,201.0,P
6410_02,Europa,False,TRAPPIST-1e,32.0,False,False,False,False,False,False,False,D,201.0,P
6417_01,Mars,True,TRAPPIST-1e,33.0,False,False,False,False,False,False,False,F,1226.0,S
6420_01,Earth,False,TRAPPIST-1e,20.0,False,False,False,False,False,False,False,G,1036.0,P
6423_01,Europa,False,55 Cancri e,55.0,False,False,False,False,False,False,False,C,239.0,S
6425_01,Mars,False,TRAPPIST-1e,41.0,False,False,False,False,False,False,False,F,1332.0,P
6425_02,Mars,True,TRAPPIST-1e,22.0,False,False,False,False,False,False,False,E,409.0,P
6426_01,Mars,False,TRAPPIST-1e,61.0,False,False,False,False,False,False,False,E,429.0,S
6427_01,Mars,True,TRAPPIST-1e,20.0,False,False,False,False,False,False,False,F,1333.0,P
6429_01,Earth,False,TRAPPIST-1e,57.0,False,False,False,False,False,False,False,G,1042.0,S
6435_01,Earth,False,TRAPPIST-1e,17.0,False,False,False,False,False,False,False,F,1227.0,S
6438_01,Europa,False,TRAPPIST-1e,60.0,False,False,False,False,False,False,False,C,199.0,P
6440_01,Earth,True,PSO J318.5-22,20.0,False,False,False,False,False,False,False,G,1040.0,P
6441_01,Earth,False,55 Cancri e,20.0,False,False,False,False,False,False,False,F,1335.0,P
6445_01,Earth,False,TRAPPIST-1e,40.0,False,False,False,False,False,False,False,G,1042.0,P
6460_01,Europa,False,TRAPPIST-1e,28.0,False,False,False,False,False,False,False,D,195.0,S
6465_01,Earth,False,PSO J318.5-22,17.0,False,False,False,False,False,False,False,G,1048.0,S
6466_01,Earth,False,TRAPPIST-1e,18.0,False,False,False,False,False,False,False,F,1235.0,S
6467_01,Europa,False,55 Cancri e,46.0,False,False,False,False,False,False,False,C,240.0,S
6469_01,Earth,True,PSO J318.5-22,29.0,False,False,False,False,False,False,False,G,1049.0,S
6474_01,Earth,False,TRAPPIST-1e,25.0,False,False,False,False,False,False,False,G,1051.0,S
6476_01,Earth,False,TRAPPIST-1e,59.0,False,False,False,False,False,False,False,G,1048.0,P
6479_01,Europa,True,55 Cancri e,17.0,False,False,False,False,False,False,False,A,78.0,S
6479_02,Europa,False,TRAPPIST-1e,65.0,False,False,False,False,False,False,False,A,78.0,S
6483_01,Mars,True,TRAPPIST-1e,32.0,False,False,False,False,False,False,False,F,1341.0,P
6484_01,Earth,False,TRAPPIST-1e,35.0,False,False,False,False,False,False,False,F,1342.0,P
6486_01,Europa,True,TRAPPIST-1e,18.0,False,False,False,False,False,False,False,E,434.0,S
6491_01,Earth,False,55 Cancri e,23.0,False,False,False,False,False,False,False,F,1239.0,S
6491_02,Earth,False,TRAPPIST-1e,27.0,False,False,False,False,False,False,False,G,1054.0,S
6491_03,Earth,True,TRAPPIST-1e,0.0,False,False,False,False,False,False,False,G,1054.0,S
6495_01,Earth,False,TRAPPIST-1e,26.0,False,False,False,False,False,False,False,G,1056.0,S
6496_01,Earth,True,TRAPPIST-1e,38.0,False,False,False,False,False,False,False,G,1051.0,P
6496_02,Earth,False,TRAPPIST-1e,35.0,False,False,False,False,False,False,False,F,1345.0,P
6497_01,Earth,False,TRAPPIST-1e,32.0,False,False,False,False,False,False,False,E,435.0,S
6498_01,Earth,False,PSO J318.5-22,9.0,False,False,False,False,False,False,False,G,1057.0,S
6499_01,Earth,False,TRAPPIST-1e,11.0,False,False,False,False,False,False,False,G,1052.0,P
6499_02,Earth,False,TRAPPIST-1e,13.0,False,False,False,False,False,False,False,F,1346.0,P
6499_03,Earth,False,TRAPPIST-1e,2.0,False,False,False,False,False,False,False,G,1052.0,P
6499_04,Earth,False,PSO J318.5-22,12.0,False,False,False,False,False,False,False,G,1052.0,P
6499_05,Earth,False,TRAPPIST-1e,27.0,False,False,False,False,False,False,False,F,1346.0,P
6499_06,Earth,True,PSO J318.5-22,14.0,False,False,False,False,False,False,False,G,1052.0,P
6499_07,Earth,True,TRAPPIST-1e,37.0,False,False,False,False,False,False,False,G,1052.0,P
6499_08,Earth,True,PSO J318.5-22,6.0,False,False,False,False,False,False,False,G,1052.0,P
6504_01,Europa,True,55 Cancri e,36.0,False,False,False,False,False,False,False,C,202.0,P
6504_02,Europa,False,TRAPPIST-1e,27.0,False,False,False,False,False,False,False,C,202.0,P
6505_01,Earth,False,TRAPPIST-1e,20.0,False,False,False,False,False,False,False,F,442.0,S
6506_01,Earth,False,PSO J318.5-22,24.0,False,False,False,False,False,False,False,F,1241.0,S
6506_02,Earth,False,55 Cancri e,21.0,False,False,False,False,False,False,False,G,1059.0,S
6507_01,Earth,True,55 Cancri e,50.0,False,False,False,False,False,False,False,G,1054.0,P
6515_01,Earth,False,TRAPPIST-1e,18.0,False,False,False,False,False,False,False,F,1349.0,P
6516_01,Europa,True,TRAPPIST-1e,34.0,False,False,False,False,False,False,False,C,241.0,S
6516_02,Europa,True,55 Cancri e,22.0,False,False,False,False,False,False,False,C,241.0,S
6518_01,Mars,True,TRAPPIST-1e,63.0,False,False,False,False,False,False,False,F,442.0,S
6519_01,Mars,False,TRAPPIST-1e,39.0,True,True,True,True,True,True,False,F,1351.0,P
6521_01,Mars,False,TRAPPIST-1e,26.0,False,False,False,False,False,False,False,D,206.0,P
6524_01,Mars,False,55 Cancri e,27.0,False,False,False,False,False,False,False,F,1247.0,S
6527_01,Earth,True,PSO J318.5-22,17.0,False,False,False,False,False,False,False,F,442.0,S
6528_01,Earth,True,PSO J318.5-22,39.0,False,False,False,False,False,False,False,G,1057.0,P
6532_01,Earth,False,55 Cancri e,26.0,False,False,False,False,False,False,False,F,1352.0,P
6533_01,Earth,True,TRAPPIST-1e,30.0,False,False,False,False,False,False,False,G,1058.0,P
6533_02,Earth,False,TRAPPIST-1e,26.0,False,False,False,False,False,False,False,F,1353.0,P
6534_01,Mars,False,55 Cancri e,34.0,False,False,False,False,False,False,False,D,197.0,S
6536_01,Earth,False,TRAPPIST-1e,24.0,False,False,False,False,False,False,False,F,1354.0,P
6537_01,Earth,False,TRAPPIST-1e,21.0,False,False,False,False,False,False,False,F,1355.0,P
6538_01,Europa,False,TRAPPIST-1e,25.0,False,False,False,False,False,False,False,C,203.0,P
6542_01,Earth,False,55 Cancri e,64.0,False,False,False,False,False,False,False,F,1249.0,S
6543_01,Earth,False,TRAPPIST-1e,40.0,False,False,False,False,False,False,False,F,1357.0,P
6550_01,Earth,False,55 Cancri e,26.0,False,False,False,False,False,False,False,B,252.0,S
6551_01,Earth,False,PSO J318.5-22,23.0,False,False,False,False,False,False,False,F,1359.0,P
6554_01,Mars,True,TRAPPIST-1e,46.0,False,False,False,False,False,False,False,E,416.0,P
6555_01,Earth,False,55 Cancri e,22.0,False,False,False,False,False,False,False,F,1361.0,P
6559_01,Earth,False,TRAPPIST-1e,0.0,False,False,False,False,False,False,False,G,1066.0,S
6559_02,Earth,False,TRAPPIST-1e,8.0,False,False,False,False,False,False,False,G,1066.0,S
6559_03,Earth,False,TRAPPIST-1e,35.0,False,False,False,False,False,False,False,F,1252.0,S
6564_01,Europa,False,TRAPPIST-1e,22.0,False,False,False,False,False,False,False,C,204.0,P
6564_02,Europa,True,TRAPPIST-1e,29.0,False,False,False,False,False,False,False,C,204.0,P
6566_01,Earth,False,TRAPPIST-1e,25.0,False,False,False,False,False,False,False,G,1062.0,P
6571_01,Earth,False,TRAPPIST-1e,24.0,False,False,False,False,False,False,False,F,1367.0,P
6575_01,Europa,True,55 Cancri e,26.0,False,False,False,False,False,False,False,C,244.0,S
6576_01,Mars,True,TRAPPIST-1e,20.0,False,False,False,False,False,False,False,F,1368.0,P
6577_01,Earth,False,TRAPPIST-1e,40.0,False,False,False,False,False,False,False,F,1258.0,S
6577_02,Earth,False,PSO J318.5-22,28.0,False,False,False,False,False,False,False,F,1258.0,S
6577_03,Earth,True,TRAPPIST-1e,22.0,False,False,False,False,False,False,False,G,1069.0,S
6579_01,Earth,True,PSO J318.5-22,23.0,False,False,False,False,False,False,False,G,1065.0,P
6581_01,Earth,False,TRAPPIST-1e,26.0,False,False,False,False,False,False,False,F,1369.0,P
6584_01,Earth,False,TRAPPIST-1e,19.0,False,False,False,False,False,False,False,G,1070.0,S
6586_01,Mars,False,TRAPPIST-1e,35.0,False,False,False,False,False,False,False,E,418.0,P
6587_01,Earth,True,55 Cancri e,41.0,False,False,False,False,False,False,False,G,1072.0,S
6589_01,Europa,True,TRAPPIST-1e,37.0,False,False,False,False,False,False,False,E,419.0,P
6596_01,Mars,False,TRAPPIST-1e,44.0,False,False,False,False,False,False,False,D,207.0,P
6596_02,Mars,False,TRAPPIST-1e,34.0,False,False,False,False,False,False,False,F,1371.0,P
6597_01,Earth,False,TRAPPIST-1e,39.0,False,False,False,False,False,False,False,G,1075.0,S
6600_01,Mars,False,TRAPPIST-1e,27.0,False,False,False,False,False,False,False,F,1264.0,S
6600_02,Mars,False,TRAPPIST-1e,32.0,False,False,False,False,False,False,False,E,439.0,S
6605_01,Earth,True,55 Cancri e,13.0,False,False,False,False,False,False,False,G,1076.0,S
6605_02,Earth,False,55 Cancri e,10.0,False,False,False,False,False,False,False,G,1076.0,S
6607_01,Mars,False,TRAPPIST-1e,28.0,False,False,False,False,False,False,False,F,1373.0,P
6610_01,Earth,True,TRAPPIST-1e,25.0,False,False,False,False,False,False,False,G,1068.0,P
6612_01,Earth,False,TRAPPIST-1e,26.0,False,False,False,False,False,False,False,G,1077.0,S
6612_02,Earth,False,TRAPPIST-1e,27.0,False,False,False,False,False,False,False,G,1077.0,S
6612_03,Earth,False,TRAPPIST-1e,29.0,False,False,False,False,False,False,False,F,442.0,S
6612_04,Earth,False,55 Cancri e,6.0,False,False,False,False,False,False,False,G,1077.0,S
6612_05,Earth,False,TRAPPIST-1e,2.0,False,False,False,False,False,False,False,F,442.0,S
6612_06,Earth,True,PSO J318.5-22,6.0,False,False,False,False,False,False,False,G,1077.0,S
6615_01,Mars,True,TRAPPIST-1e,24.0,False,False,False,False,False,False,False,F,1376.0,P
6617_01,Europa,True,TRAPPIST-1e,31.0,False,False,False,False,False,False,False,F,442.0,S
6617_02,Europa,True,55 Cancri e,35.0,False,False,False,False,False,False,False,C,206.0,P
6617_03,Europa,True,55 Cancri e,13.0,False,False,False,False,False,False,False,C,206.0,P
6619_01,Europa,False,TRAPPIST-1e,64.0,False,False,False,False,False,False,False,C,207.0,P
6627_01,Earth,False,TRAPPIST-1e,18.0,False,False,False,False,False,False,False,F,1380.0,P
6629_01,Earth,False,TRAPPIST-1e,32.0,False,False,False,False,False,False,False,F,1269.0,S
6632_01,Earth,False,TRAPPIST-1e,21.0,False,False,False,False,False,False,False,F,1382.0,P
6636_01,Earth,True,TRAPPIST-1e,13.0,False,False,False,False,False,False,False,G,1080.0,S
6640_01,Europa,True,55 Cancri e,43.0,False,False,False,False,False,False,False,B,220.0,P
6644_01,Earth,False,TRAPPIST-1e,39.0,False,False,False,False,False,False,False,G,1082.0,S
6648_01,Earth,True,PSO J318.5-22,26.0,False,False,False,False,False,False,False,G,1076.0,P
6651_01,Earth,False,PSO J318.5-22,21.0,False,False,False,False,False,False,False,F,1275.0,S
6653_01,Earth,False,TRAPPIST-1e,18.0,False,False,False,False,False,False,False,F,1276.0,S
6657_01,Earth,True,TRAPPIST-1e,27.0,False,False,False,False,False,False,False,G,1078.0,P
6658_01,Mars,False,TRAPPIST-1e,26.0,False,False,False,False,False,False,False,F,1277.0,S
6658_02,Mars,False,TRAPPIST-1e,27.0,False,False,False,False,False,False,False,F,1277.0,S
6658_03,Mars,False,TRAPPIST-1e,29.0,False,False,False,False,False,False,False,F,1277.0,S
6661_01,Mars,False,TRAPPIST-1e,20.0,False,False,False,False,False,False,False,D,199.0,S
6666_01,Earth,False,PSO J318.5-22,26.0,False,False,False,False,False,False,False,F,1386.0,P
6677_01,Earth,True,PSO J318.5-22,26.0,False,False,False,False,False,False,False,G,1080.0,P
6678_01,Mars,False,55 Cancri e,34.0,False,False,False,False,False,False,False,D,201.0,S
6678_02,Mars,True,TRAPPIST-1e,15.0,False,False,False,False,False,False,False,D,201.0,S
6679_01,Earth,False,55 Cancri e,24.0,False,False,False,False,False,False,False,G,1081.0,P
6682_01,Mars,True,TRAPPIST-1e,26.0,False,False,False,False,False,False,False,F,1389.0,P
6682_02,Mars,False,TRAPPIST-1e,14.0,False,False,False,False,False,False,False,D,209.0,P
6685_01,Earth,False,55 Cancri e,24.0,False,False,False,False,False,False,False,E,441.0,S
6686_01,Europa,False,TRAPPIST-1e,31.0,False,False,False,False,False,False,False,C,211.0,P
6687_01,Mars,False,TRAPPIST-1e,21.0,False,False,False,False,False,False,False,D,202.0,S
6688_01,Europa,True,TRAPPIST-1e,28.0,False,False,False,False,False,False,False,B,223.0,P
6689_01,Mars,False,TRAPPIST-1e,19.0,False,False,False,False,False,False,False,F,1281.0,S
6689_02,Mars,False,TRAPPIST-1e,50.0,False,False,False,False,False,False,False,F,1281.0,S
6690_01,Earth,True,TRAPPIST-1e,15.0,False,False,False,False,False,False,False,G,1090.0,S
6695_01,Earth,False,55 Cancri e,34.0,False,False,False,False,False,False,False,F,1391.0,P
6696_01,Earth,False,TRAPPIST-1e,35.0,False,False,False,False,False,False,False,F,442.0,S
6700_01,Earth,True,TRAPPIST-1e,34.0,False,False,False,False,False,False,False,G,1086.0,P
6700_02,Earth,False,TRAPPIST-1e,36.0,False,False,False,False,False,False,False,G,1086.0,P
6701_01,Europa,True,TRAPPIST-1e,27.0,False,False,False,False,False,False,False,B,257.0,S
6703_01,Mars,False,TRAPPIST-1e,30.0,False,False,False,False,False,False,False,F,1394.0,P
6704_01,Mars,False,TRAPPIST-1e,34.0,False,False,False,False,False,False,False,E,442.0,S
6705_01,Earth,False,TRAPPIST-1e,45.0,False,False,False,False,False,False,False,F,1282.0,S
6710_01,Earth,True,TRAPPIST-1e,21.0,False,False,False,False,False,False,False,G,1093.0,S
6712_01,Earth,False,TRAPPIST-1e,56.0,False,False,False,False,False,False,False,E,443.0,S
6714_01,Earth,False,TRAPPIST-1e,21.0,False,False,False,False,False,False,False,G,1094.0,S
6715_01,Earth,False,TRAPPIST-1e,28.0,False,False,False,False,False,False,False,E,430.0,P
6716_01,Earth,False,TRAPPIST-1e,38.0,False,False,False,False,False,False,False,E,444.0,S
6717_01,Europa,True,55 Cancri e,34.0,False,False,False,False,False,False,False,B,225.0,P
6723_01,Europa,False,TRAPPIST-1e,33.0,False,False,False,False,False,False,False,C,212.0,P
6728_01,Europa,True,55 Cancri e,34.0,False,False,False,False,False,False,False,D,211.0,P
6732_01,Earth,False,TRAPPIST-1e,19.0,False,False,False,False,False,False,False,F,1398.0,P
6733_01,Earth,False,TRAPPIST-1e,19.0,False,False,False,False,False,False,False,F,1283.0,S
6735_01,Earth,False,TRAPPIST-1e,17.0,False,False,False,False,False,False,False,F,1284.0,S
6737_01,Earth,False,TRAPPIST-1e,20.0,False,False,False,False,False,False,False,G,1091.0,P
6738_01,Mars,False,55 Cancri e,22.0,False,False,False,False,False,False,False,D,204.0,S
6738_02,Mars,True,TRAPPIST-1e,35.0,False,False,False,False,False,False,False,D,204.0,S
6740_01,Mars,False,TRAPPIST-1e,50.0,False,False,False,False,False,False,False,F,1285.0,S
6743_01,Mars,True,TRAPPIST-1e,19.0,False,False,False,False,False,False,False,F,1288.0,S
6752_01,Earth,False,TRAPPIST-1e,23.0,False,False,False,False,False,False,False,E,447.0,S
6752_02,Earth,False,55 Cancri e,38.0,False,False,False,False,False,False,False,G,1099.0,S
6752_03,Earth,False,TRAPPIST-1e,20.0,False,False,False,False,False,False,False,F,1291.0,S
6755_01,Earth,False,TRAPPIST-1e,31.0,False,False,False,False,False,False,False,F,1401.0,P
6759_01,Earth,True,PSO J318.5-22,28.0,False,False,False,False,False,False,False,G,1096.0,P
6767_01,Mars,False,TRAPPIST-1e,36.0,False,False,False,False,False,False,False,F,1296.0,S
6767_02,Mars,False,TRAPPIST-1e,27.0,False,False,False,False,False,False,False,F,1296.0,S
6768_01,Earth,False,TRAPPIST-1e,66.0,False,False,False,False,False,False,False,G,1100.0,S
6769_01,Mars,True,TRAPPIST-1e,14.0,False,False,False,False,False,False,False,F,1297.0,S
6770_01,Europa,True,55 Cancri e,29.0,False,False,False,False,False,False,False,B,227.0,P
6770_02,Europa,True,55 Cancri e,34.0,False,False,False,False,False,False,False,B,227.0,P
6770_03,Europa,True,55 Cancri e,13.0,False,False,False,False,False,False,False,B,227.0,P
6771_01,Earth,False,TRAPPIST-1e,47.0,False,False,False,False,False,False,False,F,1298.0,S
6772_01,Earth,True,TRAPPIST-1e,26.0,False,False,False,False,False,False,False,G,1099.0,P
6772_02,Earth,False,TRAPPIST-1e,50.0,False,False,False,False,False,False,False,F,1406.0,P
6777_01,Europa,True,55 Cancri e,38.0,False,False,False,False,False,False,False,C,216.0,P
6781_01,Earth,True,55 Cancri e,59.0,False,False,False,False,False,False,False,A,83.0,S
6783_01,Earth,True,TRAPPIST-1e,43.0,False,False,False,False,False,False,False,G,1101.0,P
6785_01,Earth,True,TRAPPIST-1e,30.0,False,False,False,False,False,False,False,G,1102.0,P
6790_01,Earth,False,PSO J318.5-22,33.0,False,False,False,False,False,False,False,G,1103.0,S
6791_01,Earth,False,55 Cancri e,33.0,False,False,False,False,False,False,False,F,442.0,S
6793_01,Europa,False,TRAPPIST-1e,42.0,False,False,False,False,False,False,False,B,228.0,P
6793_02,Europa,True,TRAPPIST-1e,17.0,False,False,False,False,False,False,False,B,228.0,P
6795_01,Mars,False,TRAPPIST-1e,18.0,True,True,True,True,True,True,False,E,433.0,P
6797_01,Earth,False,TRAPPIST-1e,34.0,False,False,False,False,False,False,False,F,1413.0,P
6803_01,Earth,False,TRAPPIST-1e,46.0,False,False,False,False,False,False,False,F,1301.0,S
6804_01,Earth,False,TRAPPIST-1e,35.0,False,False,False,False,False,False,False,F,1302.0,S
6807_01,Earth,False,55 Cancri e,40.0,False,False,False,False,False,False,False,F,1415.0,P
6807_02,Earth,True,TRAPPIST-1e,26.0,False,False,False,False,False,False,False,G,1106.0,P
6809_01,Earth,False,TRAPPIST-1e,43.0,False,False,False,False,False,False,False,E,434.0,P
6811_01,Earth,True,PSO J318.5-22,41.0,False,False,False,False,False,False,False,G,1107.0,P
6812_01,Earth,False,TRAPPIST-1e,31.0,False,False,False,False,False,False,False,G,1105.0,S
6812_02,Earth,False,TRAPPIST-1e,23.0,False,False,False,False,False,False,False,G,1105.0,S
6815_01,Earth,False,TRAPPIST-1e,25.0,False,False,False,False,False,False,False,F,1303.0,S
6819_01,Earth,False,TRAPPIST-1e,37.0,False,False,False,False,False,False,False,G,1106.0,S
6819_02,Earth,True,PSO J318.5-22,14.0,False,False,False,False,False,False,False,G,1106.0,S
6819_03,Earth,True,TRAPPIST-1e,3.0,False,False,False,False,False,False,False,G,1106.0,S
6823_01,Earth,True,PSO J318.5-22,18.0,False,False,False,False,False,False,False,G,1107.0,S
6828_01,Earth,True,TRAPPIST-1e,35.0,False,False,False,False,False,False,False,G,1110.0,S
6830_01,Earth,True,PSO J318.5-22,19.0,False,False,False,False,False,False,False,G,1110.0,P
6835_01,Mars,True,PSO J318.5-22,39.0,False,False,False,False,False,False,False,E,453.0,S
6835_02,Mars,False,TRAPPIST-1e,48.0,False,False,False,False,False,False,False,E,453.0,S
6836_01,Earth,False,TRAPPIST-1e,27.0,False,False,False,False,False,False,False,G,1112.0,S
6838_01,Europa,True,TRAPPIST-1e,3.0,False,False,False,False,False,False,False,C,217.0,P
6838_02,Europa,False,TRAPPIST-1e,28.0,False,False,False,False,False,False,False,C,217.0,P
6838_03,Europa,False,55 Cancri e,34.0,False,False,False,False,False,False,False,C,217.0,P
6842_01,Mars,False,TRAPPIST-1e,31.0,False,False,False,False,False,False,False,F,1423.0,P
6845_01,Europa,True,55 Cancri e,60.0,False,False,False,False,False,False,False,A,69.0,P
6846_01,Earth,False,TRAPPIST-1e,45.0,False,False,False,False,False,False,False,G,1112.0,P
6847_01,Europa,False,55 Cancri e,48.0,False,False,False,False,False,False,False,A,70.0,P
6849_01,Europa,False,TRAPPIST-1e,21.0,False,False,False,False,False,False,False,D,207.0,S
6852_01,Earth,False,PSO J318.5-22,24.0,False,False,False,False,False,False,False,F,1308.0,S
6852_02,Earth,False,TRAPPIST-1e,16.0,False,False,False,False,False,False,False,F,1308.0,S
6855_01,Earth,False,TRAPPIST-1e,19.0,False,False,False,False,False,False,False,F,1425.0,P
6856_01,Mars,False,55 Cancri e,26.0,False,False,False,False,False,False,False,F,1309.0,S
6860_01,Earth,False,TRAPPIST-1e,22.0,False,False,False,False,False,False,False,F,1426.0,P
6867_01,Earth,False,TRAPPIST-1e,33.0,False,False,False,False,False,False,False,F,1312.0,S
6870_01,Mars,False,TRAPPIST-1e,44.0,True,True,True,True,True,True,False,D,209.0,S
6872_01,Earth,True,TRAPPIST-1e,27.0,False,False,False,False,False,False,False,G,1114.0,P
6874_01,Earth,True,PSO J318.5-22,23.0,False,False,False,False,False,False,False,G,1117.0,S
6875_01,Europa,False,55 Cancri e,43.0,False,False,False,False,False,False,False,B,230.0,P
6875_02,Europa,False,TRAPPIST-1e,14.0,False,False,False,False,False,False,False,B,230.0,P
6875_03,Europa,False,55 Cancri e,41.0,False,False,False,False,False,False,False,B,230.0,P
6876_01,Earth,False,TRAPPIST-1e,20.0,False,False,False,False,False,False,False,F,1313.0,S
6876_02,Earth,False,TRAPPIST-1e,0.0,False,False,False,False,False,False,False,G,1118.0,S
6876_03,Earth,True,TRAPPIST-1e,2.0,False,False,False,False,False,False,False,G,1118.0,S
6877_01,Earth,False,55 Cancri e,22.0,False,False,False,False,False,False,False,F,1429.0,P
6878_01,Mars,True,TRAPPIST-1e,29.0,False,False,False,False,False,False,False,F,1314.0,S
6881_01,Mars,False,55 Cancri e,35.0,False,False,False,False,False,False,False,D,210.0,S
6884_01,Earth,True,TRAPPIST-1e,20.0,False,False,False,False,False,False,False,G,1115.0,P
6886_01,Earth,True,PSO J318.5-22,16.0,False,False,False,False,False,False,False,G,1121.0,S
6888_01,Europa,False,TRAPPIST-1e,38.0,False,False,False,False,False,False,False,C,219.0,P
6888_02,Europa,True,TRAPPIST-1e,35.0,False,False,False,False,False,False,False,C,219.0,P
6888_03,Europa,False,TRAPPIST-1e,19.0,False,False,False,False,False,False,False,C,219.0,P
6888_04,Europa,False,PSO J318.5-22,25.0,True,True,True,True,True,True,False,C,219.0,P
6890_01,Earth,False,TRAPPIST-1e,32.0,False,False,False,False,False,False,False,E,458.0,S
6897_01,Earth,False,TRAPPIST-1e,24.0,False,False,False,False,False,False,False,E,439.0,P
6904_01,Earth,True,TRAPPIST-1e,20.0,False,False,False,False,False,False,False,G,1116.0,P
6904_02,Earth,True,TRAPPIST-1e,27.0,False,False,False,False,False,False,False,G,1116.0,P
6904_03,Earth,False,TRAPPIST-1e,18.0,False,False,False,False,False,False,False,G,1116.0,P
6909_01,Europa,True,TRAPPIST-1e,31.0,False,False,False,False,False,False,False,B,231.0,P
6914_01,Earth,True,TRAPPIST-1e,47.0,False,False,False,False,False,False,False,G,1125.0,S
6916_01,Europa,True,TRAPPIST-1e,58.0,False,False,False,False,False,False,False,B,232.0,P
6919_01,Earth,True,PSO J318.5-22,37.0,False,False,False,False,False,False,False,F,442.0,S
6922_01,Earth,True,PSO J318.5-22,35.0,False,False,False,False,False,False,False,G,1119.0,P
6923_01,Mars,True,TRAPPIST-1e,38.0,False,False,False,False,False,False,False,F,1434.0,P
6927_01,Earth,False,TRAPPIST-1e,32.0,False,False,False,False,False,False,False,G,1121.0,P
6933_01,Europa,True,55 Cancri e,35.0,False,False,False,False,False,False,False,E,442.0,P
6933_02,Europa,False,TRAPPIST-1e,27.0,False,False,False,False,False,False,False,E,442.0,P
6935_01,Earth,False,TRAPPIST-1e,61.0,False,False,False,False,False,False,False,F,1437.0,P
6936_01,Mars,False,TRAPPIST-1e,72.0,False,False,False,False,False,False,False,D,218.0,P
6936_02,Mars,False,TRAPPIST-1e,30.0,False,False,False,False,False,False,False,E,444.0,P
6936_03,Mars,True,TRAPPIST-1e,14.0,False,False,False,False,False,False,False,F,1438.0,P
6938_01,Earth,True,TRAPPIST-1e,28.0,False,False,False,False,False,False,False,G,1123.0,P
6941_01,Earth,True,TRAPPIST-1e,20.0,False,False,False,False,False,False,False,G,1125.0,P
6942_01,Earth,True,TRAPPIST-1e,41.0,False,False,False,False,False,False,False,G,1132.0,S
6948_01,Earth,True,TRAPPIST-1e,29.0,False,False,False,False,False,False,False,G,1133.0,S
6952_01,Europa,True,TRAPPIST-1e,32.0,False,False,False,False,False,False,False,C,224.0,P
6953_01,Earth,False,TRAPPIST-1e,33.0,False,False,False,False,False,False,False,F,1440.0,P
6955_01,Earth,False,TRAPPIST-1e,27.0,False,False,False,False,False,False,False,F,1441.0,P
6956_01,Earth,False,55 Cancri e,21.0,False,False,False,False,False,False,False,F,1442.0,P
6958_01,Earth,False,TRAPPIST-1e,21.0,False,False,False,False,False,False,False,F,1443.0,P
6959_01,Earth,False,TRAPPIST-1e,18.0,False,False,False,False,False,False,False,F,1327.0,S
6959_02,Earth,True,55 Cancri e,3.0,False,False,False,False,False,False,False,G,1134.0,S
6959_03,Earth,True,PSO J318.5-22,0.0,False,False,False,False,False,False,False,G,1134.0,S
6961_01,Europa,False,TRAPPIST-1e,41.0,False,False,False,False,False,False,False,A,85.0,S
6961_02,Earth,False,TRAPPIST-1e,57.0,False,False,False,False,False,False,False,D,211.0,S
6965_01,Mars,True,TRAPPIST-1e,50.0,False,False,False,False,False,False,False,F,1445.0,P
6969_01,Mars,False,TRAPPIST-1e,54.0,False,False,False,False,False,False,False,F,1448.0,P
6974_01,Earth,False,TRAPPIST-1e,49.0,False,False,False,False,False,False,False,F,1329.0,S
6975_01,Mars,False,TRAPPIST-1e,19.0,False,False,False,False,False,False,False,F,1330.0,S
6983_01,Mars,True,TRAPPIST-1e,51.0,False,False,False,False,False,False,False,F,1449.0,P
6983_02,Mars,False,TRAPPIST-1e,26.0,False,False,False,False,False,False,False,E,448.0,P
6986_01,Earth,True,55 Cancri e,5.0,False,False,False,False,False,False,False,G,1129.0,P
6986_02,Earth,False,TRAPPIST-1e,13.0,False,False,False,False,False,False,False,F,1451.0,P
6986_03,Earth,True,PSO J318.5-22,0.0,False,False,False,False,False,False,False,G,1129.0,P
6986_04,Earth,False,55 Cancri e,8.0,False,False,False,False,False,False,False,G,1129.0,P
6986_05,Earth,True,TRAPPIST-1e,27.0,False,False,False,False,False,False,False,G,1129.0,P
6986_06,Earth,False,PSO J318.5-22,13.0,False,False,False,False,False,False,False,F,1451.0,P
6986_07,Earth,False,TRAPPIST-1e,47.0,False,False,False,False,False,False,False,F,1451.0,P
6986_08,Earth,True,TRAPPIST-1e,6.0,False,False,False,False,False,False,False,G,1129.0,P
6989_01,Earth,True,TRAPPIST-1e,59.0,False,False,False,False,False,False,False,G,1140.0,S
6993_01,Earth,False,55 Cancri e,20.0,False,False,False,False,False,False,False,F,1333.0,S
7000_01,Mars,True,TRAPPIST-1e,35.0,False,False,False,False,False,False,False,F,1335.0,S
7003_01,Earth,False,TRAPPIST-1e,22.0,False,False,False,False,False,False,False,F,1336.0,S
7009_01,Mars,False,55 Cancri e,16.0,False,False,False,False,False,False,False,D,214.0,S
7009_02,Mars,False,TRAPPIST-1e,18.0,False,False,False,False,False,False,False,F,442.0,S
7012_01,Mars,True,TRAPPIST-1e,26.0,False,False,False,False,False,False,False,F,1456.0,P
7023_01,Earth,False,TRAPPIST-1e,19.0,False,False,False,False,False,False,False,F,442.0,S
7024_01,Mars,True,55 Cancri e,23.0,False,False,False,False,False,False,False,E,468.0,S
7030_01,Earth,False,TRAPPIST-1e,21.0,False,False,False,False,False,False,False,G,1149.0,S
7033_01,Earth,False,TRAPPIST-1e,32.0,False,False,False,False,False,False,False,F,1460.0,P
7035_01,Earth,True,PSO J318.5-22,25.0,False,False,False,False,False,False,False,F,1342.0,S
7043_01,Earth,True,PSO J318.5-22,50.0,False,False,False,False,False,False,False,G,1151.0,S
7046_01,Europa,False,55 Cancri e,27.0,False,False,False,False,False,False,False,T,3.0,S
7046_02,Europa,False,55 Cancri e,44.0,False,False,False,False,False,False,False,T,3.0,S
7046_03,Europa,False,TRAPPIST-1e,47.0,False,False,False,False,False,False,False,T,3.0,S
7054_01,Europa,False,TRAPPIST-1e,58.0,False,False,False,False,False,False,False,C,258.0,S
7054_02,Europa,True,55 Cancri e,27.0,False,False,False,False,False,False,False,C,258.0,S
7055_01,Mars,True,TRAPPIST-1e,52.0,False,False,False,False,False,False,False,F,1345.0,S
7063_01,Earth,False,TRAPPIST-1e,21.0,False,False,False,False,False,False,False,F,1465.0,P
7063_02,Earth,False,TRAPPIST-1e,25.0,False,False,False,False,False,False,False,E,452.0,P
7064_01,Earth,False,PSO J318.5-22,31.0,False,False,False,False,False,False,False,E,470.0,S
7065_01,Earth,True,TRAPPIST-1e,28.0,False,False,False,False,False,False,False,E,471.0,S
7066_01,Earth,False,TRAPPIST-1e,42.0,False,False,False,False,False,False,False,F,1348.0,S
7066_02,Earth,True,TRAPPIST-1e,49.0,False,False,False,False,False,False,False,G,1157.0,S
7067_01,Earth,False,TRAPPIST-1e,3.0,False,False,False,False,False,False,False,G,1158.0,S
7067_02,Earth,True,TRAPPIST-1e,5.0,False,False,False,False,False,False,False,G,1158.0,S
7067_03,Earth,False,TRAPPIST-1e,26.0,False,False,False,False,False,False,False,F,1349.0,S
7070_01,Europa,False,55 Cancri e,57.0,False,False,False,False,False,False,False,A,74.0,P
7075_01,Mars,False,TRAPPIST-1e,29.0,False,False,False,False,False,False,False,E,453.0,P
7076_01,Earth,True,TRAPPIST-1e,29.0,False,False,False,False,False,False,False,G,1139.0,P
7081_01,Europa,False,TRAPPIST-1e,21.0,False,False,False,False,False,False,False,B,234.0,P
7081_02,Europa,True,55 Cancri e,25.0,False,False,False,False,False,False,False,B,234.0,P
7100_01,Europa,False,55 Cancri e,26.0,False,False,False,False,False,False,False,A,76.0,P
7100_02,Europa,False,55 Cancri e,33.0,True,True,True,True,True,True,False,A,76.0,P
7101_01,Europa,False,55 Cancri e,43.0,False,False,False,False,False,False,False,B,235.0,P
7101_02,Europa,False,55 Cancri e,26.0,False,False,False,False,False,False,False,B,235.0,P
7102_01,Europa,True,TRAPPIST-1e,13.0,False,False,False,False,False,False,False,E,455.0,P
7103_01,Mars,False,TRAPPIST-1e,30.0,False,False,False,False,False,False,False,E,456.0,P
7103_02,Mars,True,55 Cancri e,8.0,False,False,False,False,False,False,False,F,1472.0,P
7107_01,Earth,True,PSO J318.5-22,26.0,False,False,False,False,False,False,False,G,1145.0,P
7108_01,Europa,False,TRAPPIST-1e,23.0,False,False,False,False,False,False,False,C,261.0,S
7112_01,Earth,False,TRAPPIST-1e,22.0,False,False,False,False,False,False,False,F,1360.0,S
7115_01,Mars,True,TRAPPIST-1e,36.0,False,False,False,False,False,False,False,F,1474.0,P
7122_01,Earth,False,TRAPPIST-1e,35.0,False,False,False,False,False,False,False,F,1364.0,S
7123_01,Earth,False,TRAPPIST-1e,26.0,False,False,False,False,False,False,False,F,442.0,S
7124_01,Europa,True,TRAPPIST-1e,15.0,False,False,False,False,False,False,False,C,229.0,P
7124_02,Europa,True,55 Cancri e,18.0,False,False,False,False,False,False,False,C,229.0,P
7124_03,Europa,False,TRAPPIST-1e,41.0,False,False,False,False,False,False,False,C,229.0,P
7125_01,Mars,True,PSO J318.5-22,41.0,False,False,False,False,False,False,False,F,442.0,S
7129_01,Earth,False,TRAPPIST-1e,22.0,False,False,False,False,False,False,False,F,1367.0,S
7130_01,Earth,True,55 Cancri e,26.0,False,False,False,False,False,False,False,G,1147.0,P
7130_02,Earth,True,PSO J318.5-22,0.0,False,False,False,False,False,False,False,G,1147.0,P
7130_03,Earth,False,TRAPPIST-1e,16.0,False,False,False,False,False,False,False,F,1477.0,P
7130_04,Earth,False,PSO J318.5-22,27.0,False,False,False,False,False,False,False,E,457.0,P
7130_05,Earth,False,55 Cancri e,13.0,False,False,False,False,False,False,False,G,1147.0,P
7130_06,Earth,False,55 Cancri e,1.0,False,False,False,False,False,False,False,G,1147.0,P
7130_07,Earth,False,TRAPPIST-1e,32.0,False,False,False,False,False,False,False,G,1147.0,P
7131_01,Earth,False,TRAPPIST-1e,35.0,False,False,False,False,False,False,False,F,1478.0,P
7135_01,Earth,True,TRAPPIST-1e,40.0,False,False,False,False,False,False,False,G,1166.0,S
7135_02,Earth,False,55 Cancri e,17.0,False,False,False,False,False,False,False,F,1369.0,S
7135_03,Earth,False,PSO J318.5-22,49.0,False,False,False,False,False,False,False,F,1369.0,S
7135_04,Earth,True,TRAPPIST-1e,21.0,False,False,False,False,False,False,False,G,1166.0,S
7136_01,Earth,True,55 Cancri e,9.0,False,False,False,False,False,False,False,G,1149.0,P
7138_01,Mars,False,TRAPPIST-1e,27.0,False,False,False,False,False,False,False,F,1370.0,S
7139_01,Europa,False,TRAPPIST-1e,59.0,False,False,False,False,False,False,False,C,230.0,P
7141_01,Earth,False,PSO J318.5-22,25.0,False,False,False,False,False,False,False,F,1480.0,P
7145_01,Earth,False,TRAPPIST-1e,21.0,False,False,False,False,False,False,False,F,1373.0,S
7146_01,Earth,False,TRAPPIST-1e,15.0,False,False,False,False,False,False,False,F,1481.0,P
7147_01,Europa,True,55 Cancri e,28.0,False,False,False,False,False,False,False,C,262.0,S
7150_01,Earth,False,TRAPPIST-1e,42.0,False,False,False,False,False,False,False,E,458.0,P
7150_02,Earth,True,TRAPPIST-1e,22.0,False,False,False,False,False,False,False,G,1151.0,P
7153_01,Earth,False,TRAPPIST-1e,21.0,False,False,False,False,False,False,False,F,1374.0,S
7154_01,Earth,False,TRAPPIST-1e,48.0,False,False,False,False,False,False,False,F,1483.0,P
7158_01,Earth,False,TRAPPIST-1e,24.0,False,False,False,False,False,False,False,F,1484.0,P
7163_01,Europa,True,TRAPPIST-1e,47.0,False,False,False,False,False,False,False,C,231.0,P
7163_02,Europa,True,55 Cancri e,13.0,False,False,False,False,False,False,False,C,231.0,P
7163_03,Europa,False,55 Cancri e,32.0,False,False,False,False,False,False,False,C,231.0,P
7164_01,Earth,False,PSO J318.5-22,29.0,False,False,False,False,False,False,False,G,1153.0,P
7169_01,Earth,True,TRAPPIST-1e,35.0,False,False,False,False,False,False,False,G,1169.0,S
7172_01,Mars,False,TRAPPIST-1e,24.0,False,False,False,False,False,False,False,E,477.0,S
7172_02,Mars,False,TRAPPIST-1e,52.0,False,False,False,False,False,False,False,E,477.0,S
7174_01,Earth,False,TRAPPIST-1e,21.0,False,False,False,False,False,False,False,F,1379.0,S
7178_01,Mars,True,TRAPPIST-1e,36.0,False,False,False,False,False,False,False,F,1487.0,P
7183_01,Earth,True,TRAPPIST-1e,19.0,False,False,False,False,False,False,False,F,442.0,S
7185_01,Europa,True,TRAPPIST-1e,39.0,False,False,False,False,False,False,False,D,224.0,P
7195_01,Earth,True,TRAPPIST-1e,59.0,False,False,False,False,False,False,False,G,1173.0,S
7196_01,Mars,True,55 Cancri e,45.0,False,False,False,False,False,False,False,F,1491.0,P
7198_01,Earth,True,PSO J318.5-22,25.0,False,False,False,False,False,False,False,G,1159.0,P
7201_01,Mars,False,TRAPPIST-1e,64.0,False,False,False,False,False,False,False,F,1384.0,S
7204_01,Mars,False,55 Cancri e,24.0,False,False,False,False,False,False,False,F,1385.0,S
7209_01,Europa,False,TRAPPIST-1e,36.0,False,False,False,False,False,False,False,E,479.0,S
7209_02,Europa,False,TRAPPIST-1e,26.0,False,False,False,False,False,False,False,E,479.0,S
7211_01,Mars,False,TRAPPIST-1e,31.0,False,False,False,False,False,False,False,E,480.0,S
7212_01,Earth,False,TRAPPIST-1e,18.0,False,False,False,False,False,False,False,F,1388.0,S
7213_01,Earth,True,PSO J318.5-22,21.0,False,False,False,False,False,False,False,G,1162.0,P
7220_01,Europa,False,TRAPPIST-1e,34.0,False,False,False,False,False,False,False,B,272.0,S
7222_01,Earth,False,TRAPPIST-1e,32.0,False,False,False,False,False,False,False,F,1496.0,P
7223_01,Mars,True,TRAPPIST-1e,19.0,False,False,False,False,False,False,False,F,1390.0,S
7228_01,Earth,True,TRAPPIST-1e,18.0,False,False,False,False,False,False,False,G,1176.0,S
7231_01,Earth,False,TRAPPIST-1e,39.0,False,False,False,False,False,False,False,F,1498.0,P
7237_01,Earth,False,55 Cancri e,26.0,False,False,False,False,False,False,False,G,1179.0,S
7239_01,Earth,True,TRAPPIST-1e,19.0,False,False,False,False,False,False,False,G,1164.0,P
7241_01,Europa,True,TRAPPIST-1e,16.0,False,False,False,False,False,False,False,A,88.0,S
7241_02,Europa,False,TRAPPIST-1e,24.0,False,False,False,False,False,False,False,A,88.0,S
7243_01,Earth,True,TRAPPIST-1e,2.0,False,False,False,False,False,False,False,G,1180.0,S
7243_02,Earth,True,TRAPPIST-1e,10.0,False,False,False,False,False,False,False,G,1180.0,S
7243_03,Earth,True,TRAPPIST-1e,2.0,False,False,False,False,False,False,False,G,1180.0,S
7243_04,Earth,False,55 Cancri e,21.0,False,False,False,False,False,False,False,F,1393.0,S
7243_05,Earth,True,PSO J318.5-22,5.0,False,False,False,False,False,False,False,G,1180.0,S
7244_01,Earth,True,PSO J318.5-22,29.0,False,False,False,False,False,False,False,G,1181.0,S
7245_01,Mars,False,TRAPPIST-1e,41.0,False,False,False,False,False,False,False,F,1394.0,S
7248_01,Mars,False,55 Cancri e,32.0,False,False,False,False,False,False,False,F,1500.0,P
7248_02,Mars,True,TRAPPIST-1e,23.0,False,False,False,False,False,False,False,F,1500.0,P
7251_01,Earth,True,PSO J318.5-22,23.0,False,False,False,False,False,False,False,G,1165.0,P
7254_01,Earth,False,TRAPPIST-1e,40.0,False,False,False,False,False,False,False,E,483.0,S
7262_01,Mars,False,TRAPPIST-1e,45.0,False,False,False,False,False,False,False,F,1504.0,P
7263_01,Earth,False,TRAPPIST-1e,30.0,False,False,False,False,False,False,False,F,1399.0,S
7264_01,Earth,False,TRAPPIST-1e,56.0,False,False,False,False,False,False,False,F,1400.0,S
7265_01,Earth,False,TRAPPIST-1e,13.0,False,False,False,False,False,False,False,F,442.0,S
7266_01,Earth,False,TRAPPIST-1e,19.0,False,False,False,False,False,False,False,G,1182.0,S
7266_02,Earth,True,TRAPPIST-1e,46.0,False,False,False,False,False,False,False,G,1182.0,S
7266_03,Earth,False,TRAPPIST-1e,0.0,False,False,False,False,False,False,False,G,1182.0,S
7269_01,Earth,False,PSO J318.5-22,60.0,False,False,False,False,False,False,False,F,1505.0,P
7269_02,Earth,True,TRAPPIST-1e,39.0,False,False,False,False,False,False,False,G,1169.0,P
7272_01,Earth,True,PSO J318.5-22,20.0,False,False,False,False,False,False,False,G,1172.0,P
7275_01,Earth,False,PSO J318.5-22,64.0,False,False,False,False,False,False,False,F,1402.0,S
7281_01,Europa,False,TRAPPIST-1e,34.0,False,False,False,False,False,False,False,C,266.0,S
7282_01,Earth,True,PSO J318.5-22,30.0,False,False,False,False,False,False,False,G,1173.0,P
7286_01,Mars,False,TRAPPIST-1e,62.0,False,False,False,False,False,False,False,D,226.0,P
7287_01,Europa,True,TRAPPIST-1e,29.0,False,False,False,False,False,False,False,B,274.0,S
7288_01,Earth,False,TRAPPIST-1e,33.0,False,False,False,False,False,False,False,F,1403.0,S
7291_01,Earth,True,TRAPPIST-1e,31.0,False,False,False,False,False,False,False,G,1186.0,S
7293_01,Earth,False,TRAPPIST-1e,51.0,False,False,False,False,False,False,False,E,469.0,P
7294_01,Earth,False,TRAPPIST-1e,23.0,False,False,False,False,False,False,False,G,1187.0,S
7295_01,Earth,False,TRAPPIST-1e,18.0,False,False,False,False,False,False,False,E,470.0,P
7295_02,Earth,False,TRAPPIST-1e,47.0,False,False,False,False,False,False,False,E,470.0,P
7299_01,Earth,False,TRAPPIST-1e,58.0,False,False,False,False,False,False,False,F,1404.0,S
7308_01,Europa,True,TRAPPIST-1e,46.0,False,False,False,False,False,False,False,C,267.0,S
7312_01,Mars,False,TRAPPIST-1e,44.0,False,False,False,False,False,False,False,D,230.0,P
7315_01,Earth,True,TRAPPIST-1e,19.0,False,False,False,False,False,False,False,G,1175.0,P
7316_01,Earth,False,PSO J318.5-22,43.0,False,False,False,False,False,False,False,F,1515.0,P
7317_01,Earth,False,TRAPPIST-1e,21.0,False,False,False,False,False,False,False,F,1406.0,S
7318_01,Mars,False,PSO J318.5-22,29.0,False,False,False,False,False,False,False,F,1407.0,S
7319_01,Earth,False,PSO J318.5-22,13.0,False,False,False,False,False,False,False,G,1176.0,P
7319_02,Earth,False,PSO J318.5-22,16.0,False,False,False,False,False,False,False,G,1176.0,P
7319_03,Earth,False,TRAPPIST-1e,25.0,False,False,False,False,False,False,False,F,1516.0,P
7325_01,Earth,False,TRAPPIST-1e,19.0,False,False,False,False,False,False,False,E,472.0,P
7329_01,Europa,False,TRAPPIST-1e,29.0,False,False,False,False,False,False,False,E,473.0,P
7329_02,Europa,False,TRAPPIST-1e,35.0,True,True,True,True,True,True,False,E,473.0,P
7329_03,Europa,False,55 Cancri e,56.0,False,False,False,False,False,False,False,E,473.0,P
7333_01,Earth,False,TRAPPIST-1e,20.0,False,False,False,False,False,False,False,E,489.0,S
7335_01,Earth,True,PSO J318.5-22,38.0,False,False,False,False,False,False,False,G,1177.0,P
7345_01,Mars,False,TRAPPIST-1e,18.0,False,False,False,False,False,False,False,F,1521.0,P
7348_01,Mars,False,TRAPPIST-1e,26.0,False,False,False,False,False,False,False,F,1414.0,S
7348_02,Mars,True,55 Cancri e,0.0,False,False,False,False,False,False,False,F,1414.0,S
7348_03,Mars,False,TRAPPIST-1e,2.0,False,False,False,False,False,False,False,F,1414.0,S
7349_01,Earth,False,TRAPPIST-1e,36.0,False,False,False,False,False,False,False,G,1180.0,P
7352_01,Earth,False,PSO J318.5-22,25.0,False,False,False,False,False,False,False,F,1415.0,S
7354_01,Europa,True,TRAPPIST-1e,2.0,False,False,False,False,False,False,False,B,242.0,P
7354_02,Europa,False,TRAPPIST-1e,0.0,False,False,False,False,False,False,False,B,242.0,P
7354_03,Europa,True,TRAPPIST-1e,18.0,False,False,False,False,False,False,False,B,242.0,P
7354_04,Europa,False,TRAPPIST-1e,60.0,False,False,False,False,False,False,False,B,242.0,P
7354_05,Europa,True,PSO J318.5-22,26.0,False,False,False,False,False,False,False,B,242.0,P
7354_06,Europa,False,TRAPPIST-1e,36.0,False,False,False,False,False,False,False,B,242.0,P
7355_01,Mars,False,TRAPPIST-1e,22.0,False,False,False,False,False,False,False,E,491.0,S
7357_01,Earth,True,55 Cancri e,21.0,False,False,False,False,False,False,False,G,1193.0,S
7362_01,Earth,False,TRAPPIST-1e,37.0,False,False,False,False,False,False,False,G,1195.0,S
7363_01,Earth,True,TRAPPIST-1e,65.0,False,False,False,False,False,False,False,G,1182.0,P
7364_01,Earth,False,TRAPPIST-1e,44.0,False,False,False,False,False,False,False,G,1196.0,S
7368_01,Europa,True,TRAPPIST-1e,31.0,False,False,False,False,False,False,False,F,442.0,S
7369_01,Mars,False,TRAPPIST-1e,31.0,False,False,False,False,False,False,False,F,1524.0,P
7373_01,Europa,True,TRAPPIST-1e,21.0,False,False,False,False,False,False,False,B,275.0,S
7373_02,Europa,True,TRAPPIST-1e,47.0,False,False,False,False,False,False,False,B,275.0,S
7375_01,Earth,False,TRAPPIST-1e,19.0,False,False,False,False,False,False,False,E,493.0,S
7378_01,Earth,False,TRAPPIST-1e,33.0,False,False,False,False,False,False,False,F,1528.0,P
7380_01,Europa,False,TRAPPIST-1e,25.0,False,False,False,False,False,False,False,B,276.0,S
7380_02,Europa,True,TRAPPIST-1e,16.0,False,False,False,False,False,False,False,B,276.0,S
7380_03,Europa,False,TRAPPIST-1e,44.0,False,False,False,False,False,False,False,B,276.0,S
7380_04,Europa,False,TRAPPIST-1e,9.0,False,False,False,False,False,False,False,B,276.0,S
7381_01,Earth,True,PSO J318.5-22,15.0,False,False,False,False,False,False,False,G,1187.0,P
7382_01,Earth,True,PSO J318.5-22,34.0,False,False,False,False,False,False,False,G,1197.0,S
7383_01,Earth,True,55 Cancri e,24.0,False,False,False,False,False,False,False,G,1188.0,P
7383_02,Earth,False,TRAPPIST-1e,39.0,False,False,False,False,False,False,False,F,1529.0,P
7384_01,Earth,False,TRAPPIST-1e,27.0,False,False,False,False,False,False,False,E,494.0,S
7386_01,Earth,True,TRAPPIST-1e,34.0,False,False,False,False,False,False,False,G,1189.0,P
7389_01,Mars,True,TRAPPIST-1e,24.0,False,False,False,False,False,False,False,F,1530.0,P
7397_01,Europa,False,TRAPPIST-1e,43.0,False,False,False,False,False,False,False,B,243.0,P
7400_01,Earth,False,PSO J318.5-22,41.0,False,False,False,False,False,False,False,F,1532.0,P
7404_01,Earth,True,TRAPPIST-1e,26.0,False,False,False,False,False,False,False,G,1199.0,S
7407_01,Mars,False,TRAPPIST-1e,27.0,False,False,False,False,False,False,False,E,480.0,P
7409_01,Earth,False,TRAPPIST-1e,39.0,False,False,False,False,False,False,False,F,442.0,S
7409_02,Earth,False,TRAPPIST-1e,34.0,False,False,False,False,False,False,False,F,1421.0,S
7412_01,Europa,True,55 Cancri e,33.0,False,False,False,False,False,False,False,C,273.0,S
7413_01,Earth,True,TRAPPIST-1e,16.0,False,False,False,False,False,False,False,G,1196.0,P
7413_02,Earth,True,TRAPPIST-1e,6.0,False,False,False,False,False,False,False,G,1196.0,P
7414_01,Mars,False,55 Cancri e,13.0,False,False,False,False,False,False,False,D,222.0,S
7415_01,Earth,False,TRAPPIST-1e,50.0,False,False,False,False,False,False,False,G,1202.0,S
7417_01,Earth,False,TRAPPIST-1e,24.0,False,False,False,False,False,False,False,F,1422.0,S
7417_02,Earth,False,TRAPPIST-1e,18.0,False,False,False,False,False,False,False,G,1203.0,S
7420_01,Earth,False,TRAPPIST-1e,24.0,False,False,False,False,False,False,False,F,1536.0,P
7421_01,Earth,True,PSO J318.5-22,16.0,False,False,False,False,False,False,False,G,1198.0,P
7421_02,Earth,False,PSO J318.5-22,22.0,False,False,False,False,False,False,False,F,1537.0,P
7423_01,Mars,False,TRAPPIST-1e,13.0,False,False,False,False,False,False,False,F,1538.0,P
7423_02,Mars,True,55 Cancri e,29.0,False,False,False,False,False,False,False,F,1538.0,P
7424_01,Earth,False,TRAPPIST-1e,30.0,False,False,False,False,False,False,False,G,1199.0,P
7426_01,Europa,True,TRAPPIST-1e,25.0,False,False,False,False,False,False,False,C,274.0,S
7426_02,Europa,True,TRAPPIST-1e,23.0,False,False,False,False,False,False,False,C,274.0,S
7426_03,Europa,True,55 Cancri e,28.0,False,False,False,False,False,False,False,C,274.0,S
7433_01,Earth,True,PSO J318.5-22,37.0,False,False,False,False,False,False,False,G,1201.0,P
7434_01,Earth,False,TRAPPIST-1e,21.0,False,False,False,False,False,False,False,E,482.0,P
7439_01,Europa,False,TRAPPIST-1e,54.0,False,False,False,False,False,False,False,B,280.0,S
7439_02,Europa,True,55 Cancri e,21.0,False,False,False,False,False,False,False,B,280.0,S
7440_01,Earth,False,TRAPPIST-1e,36.0,False,False,False,False,False,False,False,F,442.0,S
7441_01,Europa,True,TRAPPIST-1e,21.0,False,False,False,False,False,False,False,B,245.0,P
7443_01,Earth,True,PSO J318.5-22,21.0,False,False,False,False,False,False,False,G,1207.0,S
7451_01,Earth,False,TRAPPIST-1e,23.0,False,False,False,False,False,False,False,F,1542.0,P
7454_01,Earth,False,PSO J318.5-22,40.0,False,False,False,False,False,False,False,G,1209.0,S
7463_01,Earth,False,TRAPPIST-1e,18.0,False,False,False,False,False,False,False,F,442.0,S
7465_01,Earth,False,TRAPPIST-1e,25.0,False,False,False,False,False,False,False,E,497.0,S
7466_01,Mars,False,TRAPPIST-1e,24.0,False,False,False,False,False,False,False,F,1425.0,S
7467_01,Europa,False,TRAPPIST-1e,37.0,False,False,False,False,False,False,False,E,484.0,P
7468_01,Europa,False,TRAPPIST-1e,25.0,False,False,False,False,False,False,False,E,498.0,S
7469_01,Earth,False,TRAPPIST-1e,24.0,False,False,False,False,False,False,False,F,442.0,S
7470_01,Earth,True,TRAPPIST-1e,3.0,False,False,False,False,False,False,False,G,1213.0,S
7471_01,Earth,True,TRAPPIST-1e,2.0,False,False,False,False,False,False,False,G,1208.0,P
7471_02,Earth,False,TRAPPIST-1e,22.0,False,False,False,False,False,False,False,G,1208.0,P
7473_01,Earth,False,TRAPPIST-1e,24.0,False,False,False,False,False,False,False,F,1427.0,S
7473_02,Earth,False,55 Cancri e,17.0,False,False,False,False,False,False,False,F,1427.0,S
7474_01,Earth,True,TRAPPIST-1e,53.0,False,False,False,False,False,False,False,G,1214.0,S
7476_01,Earth,False,TRAPPIST-1e,23.0,False,False,False,False,False,False,False,F,1428.0,S
7480_01,Earth,False,55 Cancri e,29.0,False,False,False,False,False,False,False,F,1430.0,S
7482_01,Mars,True,TRAPPIST-1e,21.0,False,False,False,False,False,False,False,F,1547.0,P
7482_02,Earth,False,TRAPPIST-1e,22.0,False,False,False,False,False,False,False,F,1547.0,P
7489_01,Earth,False,TRAPPIST-1e,2.0,False,False,False,False,False,False,False,G,1211.0,P
7489_02,Earth,False,TRAPPIST-1e,26.0,False,False,False,False,False,False,False,F,1548.0,P
7489_03,Earth,False,TRAPPIST-1e,20.0,False,False,False,False,False,False,False,G,1211.0,P
7491_01,Earth,True,TRAPPIST-1e,14.0,False,False,False,False,False,False,False,G,1212.0,P
7493_01,Earth,False,PSO J318.5-22,26.0,False,False,False,False,False,False,False,F,1549.0,P
7497_01,Earth,True,TRAPPIST-1e,23.0,False,False,False,False,False,False,False,G,1218.0,S
7511_01,Earth,False,TRAPPIST-1e,21.0,False,False,False,False,False,False,False,G,1213.0,P
7516_01,Earth,False,TRAPPIST-1e,20.0,False,False,False,False,False,False,False,F,1556.0,P
7519_01,Earth,False,TRAPPIST-1e,19.0,False,False,False,False,False,False,False,F,1558.0,P
7526_01,Europa,True,TRAPPIST-1e,29.0,False,False,False,False,False,False,False,D,225.0,S
7528_01,Earth,True,TRAPPIST-1e,58.0,False,False,False,False,False,False,False,G,1220.0,S
7528_02,Earth,True,55 Cancri e,13.0,False,False,False,False,False,False,False,G,1220.0,S
7528_03,Earth,False,TRAPPIST-1e,32.0,False,False,False,False,False,False,False,F,1438.0,S
7528_04,Earth,True,55 Cancri e,23.0,False,False,False,False,False,False,False,G,1220.0,S
7530_01,Europa,True,55 Cancri e,38.0,False,False,False,False,False,False,False,B,285.0,S
7530_02,Europa,False,55 Cancri e,47.0,False,False,False,False,False,False,False,B,285.0,S
7530_03,Europa,False,TRAPPIST-1e,38.0,False,False,False,False,False,False,False,B,285.0,S
7530_04,Europa,False,55 Cancri e,47.0,False,False,False,False,False,False,False,B,285.0,S
7532_01,Earth,True,55 Cancri e,20.0,False,False,False,False,False,False,False,G,1222.0,S
7537_01,Earth,True,55 Cancri e,32.0,False,False,False,False,False,False,False,G,1224.0,S
7539_01,Europa,True,TRAPPIST-1e,42.0,False,False,False,False,False,False,False,C,242.0,P
7539_02,Europa,False,TRAPPIST-1e,34.0,False,False,False,False,False,False,False,C,242.0,P
7540_01,Earth,False,TRAPPIST-1e,60.0,False,False,False,False,False,False,False,F,1563.0,P
7541_01,Mars,True,TRAPPIST-1e,30.0,False,False,False,False,False,False,False,F,1441.0,S
7541_02,Earth,True,TRAPPIST-1e,11.0,False,False,False,False,False,False,False,F,1441.0,S
7541_03,Mars,True,TRAPPIST-1e,45.0,False,False,False,False,False,False,False,E,500.0,S
7546_01,Europa,True,55 Cancri e,39.0,True,True,True,True,True,True,False,C,243.0,P
7547_01,Earth,False,TRAPPIST-1e,19.0,False,False,False,False,False,False,False,F,1565.0,P
7548_01,Earth,False,TRAPPIST-1e,18.0,False,False,False,False,False,False,False,F,1566.0,P
7551_01,Earth,False,PSO J318.5-22,34.0,False,False,False,False,False,False,False,F,1443.0,S
7554_01,Earth,True,TRAPPIST-1e,26.0,False,False,False,False,False,False,False,G,1226.0,S
7555_01,Earth,False,55 Cancri e,30.0,False,False,False,False,False,False,False,E,491.0,P
7556_01,Europa,True,TRAPPIST-1e,48.0,False,False,False,False,False,False,False,C,280.0,S
7556_02,Earth,True,55 Cancri e,38.0,False,False,False,False,False,False,False,C,280.0,S
7556_03,Europa,False,TRAPPIST-1e,33.0,False,False,False,False,False,False,False,F,442.0,S
7556_04,Europa,True,55 Cancri e,47.0,False,False,False,False,False,False,False,C,280.0,S
7557_01,Mars,False,TRAPPIST-1e,29.0,False,False,False,False,False,False,False,F,1567.0,P
7557_02,Mars,True,TRAPPIST-1e,8.0,False,False,False,False,False,False,False,F,1567.0,P
7557_03,Mars,True,TRAPPIST-1e,47.0,False,False,False,False,False,False,False,F,1567.0,P
7558_01,Mars,False,TRAPPIST-1e,26.0,True,True,True,True,True,True,False,E,492.0,P
7558_02,Mars,True,55 Cancri e,13.0,False,False,False,False,False,False,False,F,1568.0,P
7562_01,Earth,False,TRAPPIST-1e,18.0,False,False,False,False,False,False,False,F,1446.0,S
7564_01,Mars,False,TRAPPIST-1e,27.0,False,False,False,False,False,False,False,F,1447.0,S
7566_01,Europa,False,TRAPPIST-1e,27.0,False,False,False,False,False,False,False,D,236.0,P
7570_01,Europa,False,TRAPPIST-1e,30.0,False,False,False,False,False,False,False,B,248.0,P
7570_02,Europa,False,TRAPPIST-1e,25.0,False,False,False,False,False,False,False,B,248.0,P
7571_01,Mars,False,TRAPPIST-1e,26.0,False,False,False,False,False,False,False,D,238.0,P
7575_01,Earth,False,TRAPPIST-1e,20.0,False,False,False,False,False,False,False,F,1448.0,S
7581_01,Europa,False,TRAPPIST-1e,52.0,False,False,False,False,False,False,False,E,503.0,S
7582_01,Earth,True,TRAPPIST-1e,3.0,False,False,False,False,False,False,False,G,1218.0,P
7582_02,Earth,False,TRAPPIST-1e,6.0,False,False,False,False,False,False,False,G,1218.0,P
7582_03,Earth,False,TRAPPIST-1e,0.0,False,False,False,False,False,False,False,G,1218.0,P
7582_04,Earth,False,TRAPPIST-1e,22.0,False,False,False,False,False,False,False,F,1573.0,P
7582_05,Earth,True,TRAPPIST-1e,1.0,False,False,False,False,False,False,False,G,1218.0,P
7587_01,Earth,False,TRAPPIST-1e,44.0,False,False,False,False,False,False,False,F,1575.0,P
7589_01,Earth,True,PSO J318.5-22,18.0,False,False,False,False,False,False,False,G,1220.0,P
7590_01,Earth,False,TRAPPIST-1e,20.0,False,False,False,False,False,False,False,F,1449.0,S
7591_01,Earth,False,TRAPPIST-1e,29.0,False,False,False,False,False,False,False,E,494.0,P
7591_02,Earth,False,TRAPPIST-1e,28.0,False,False,False,False,False,False,False,F,1576.0,P
7593_01,Europa,True,55 Cancri e,39.0,False,False,False,False,False,False,False,A,82.0,P
7597_01,Earth,True,TRAPPIST-1e,11.0,False,False,False,False,False,False,False,G,1221.0,P
7597_02,Earth,True,PSO J318.5-22,2.0,False,False,False,False,False,False,False,G,1221.0,P
7597_03,Earth,False,TRAPPIST-1e,15.0,False,False,False,False,False,False,False,F,1577.0,P
7597_04,Earth,True,TRAPPIST-1e,32.0,False,False,False,False,False,False,False,G,1221.0,P
7597_05,Earth,False,PSO J318.5-22,15.0,False,False,False,False,False,False,False,F,1577.0,P
7597_06,Earth,False,TRAPPIST-1e,1.0,False,False,False,False,False,False,False,G,1221.0,P
7597_07,Earth,False,TRAPPIST-1e,20.0,False,False,False,False,False,False,False,F,1577.0,P
7600_01,Europa,True,55 Cancri e,25.0,False,False,False,False,False,False,False,A,91.0,S
7600_02,Europa,False,TRAPPIST-1e,32.0,True,True,True,True,True,True,False,A,91.0,S
7602_01,Europa,True,55 Cancri e,32.0,False,False,False,False,False,False,False,E,504.0,S
7603_01,Earth,False,TRAPPIST-1e,18.0,False,False,False,False,False,False,False,F,1578.0,P
7607_01,Earth,False,TRAPPIST-1e,49.0,False,False,False,False,False,False,False,F,1580.0,P
7610_01,Earth,False,55 Cancri e,2.0,False,False,False,False,False,False,False,G,1233.0,S
7610_02,Earth,False,TRAPPIST-1e,13.0,False,False,False,False,False,False,False,F,1455.0,S
7611_01,Mars,False,TRAPPIST-1e,28.0,False,False,False,False,False,False,False,F,1581.0,P
7611_02,Mars,False,PSO J318.5-22,56.0,False,False,False,False,False,False,False,F,1581.0,P
7612_01,Earth,False,TRAPPIST-1e,27.0,False,False,False,False,False,False,False,F,1456.0,S
7612_02,Earth,True,TRAPPIST-1e,34.0,False,False,False,False,False,False,False,G,1234.0,S
7613_01,Europa,True,TRAPPIST-1e,28.0,False,False,False,False,False,False,False,B,249.0,P
7615_01,Earth,False,TRAPPIST-1e,31.0,False,False,False,False,False,False,False,G,1222.0,P
7617_01,Mars,False,TRAPPIST-1e,24.0,False,False,False,False,False,False,False,F,1582.0,P
7619_01,Earth,True,TRAPPIST-1e,8.0,False,False,False,False,False,False,False,G,1236.0,S
7629_01,Earth,False,TRAPPIST-1e,20.0,False,False,False,False,False,False,False,G,1238.0,S
7629_02,Earth,False,PSO J318.5-22,63.0,False,False,False,False,False,False,False,F,1459.0,S
7629_03,Earth,False,55 Cancri e,0.0,False,False,False,False,False,False,False,G,1238.0,S
7636_01,Earth,False,TRAPPIST-1e,13.0,False,False,False,False,False,False,False,E,498.0,P
7637_01,Mars,False,TRAPPIST-1e,1.0,False,False,False,False,False,False,False,F,1460.0,S
7637_02,Mars,False,TRAPPIST-1e,13.0,False,False,False,False,False,False,False,F,1460.0,S
7637_03,Mars,False,TRAPPIST-1e,2.0,False,False,False,False,False,False,False,F,1460.0,S
7638_01,Earth,True,TRAPPIST-1e,18.0,False,False,False,False,False,False,False,G,1225.0,P
7642_01,Mars,True,TRAPPIST-1e,30.0,False,False,False,False,False,False,False,F,1587.0,P
7645_01,Europa,True,55 Cancri e,35.0,False,False,False,False,False,False,False,B,291.0,S
7648_01,Mars,False,55 Cancri e,28.0,False,False,False,False,False,False,False,F,1588.0,P
7651_01,Mars,True,TRAPPIST-1e,28.0,False,False,False,False,False,False,False,F,1589.0,P
7653_01,Earth,False,TRAPPIST-1e,48.0,False,False,False,False,False,False,False,G,1243.0,S
7654_01,Europa,True,TRAPPIST-1e,34.0,False,False,False,False,False,False,False,C,248.0,P
7655_01,Earth,False,TRAPPIST-1e,16.0,False,False,False,False,False,False,False,F,1462.0,S
7657_01,Earth,False,PSO J318.5-22,24.0,False,False,False,False,False,False,False,F,1463.0,S
7658_01,Earth,False,TRAPPIST-1e,53.0,False,False,False,False,False,False,False,B,293.0,S
7659_01,Earth,False,TRAPPIST-1e,24.0,False,False,False,False,False,False,False,F,1464.0,S
7662_01,Mars,True,TRAPPIST-1e,32.0,False,False,False,False,False,False,False,F,1590.0,P
7663_01,Earth,True,55 Cancri e,15.0,False,False,False,False,False,False,False,G,1246.0,S
7664_01,Earth,False,PSO J318.5-22,24.0,False,False,False,False,False,False,False,G,1228.0,P
7668_01,Earth,False,TRAPPIST-1e,35.0,False,False,False,False,False,False,False,F,1592.0,P
7672_01,Europa,False,TRAPPIST-1e,42.0,False,False,False,False,False,False,False,C,249.0,P
7673_01,Earth,False,PSO J318.5-22,18.0,False,False,False,False,False,False,False,F,1593.0,P
7674_01,Earth,False,TRAPPIST-1e,15.0,False,False,False,False,False,False,False,F,1594.0,P
7675_01,Mars,False,TRAPPIST-1e,37.0,False,False,False,False,False,False,False,F,1595.0,P
7681_01,Mars,True,TRAPPIST-1e,35.0,False,False,False,False,False,False,False,E,505.0,S
7685_01,Earth,True,TRAPPIST-1e,34.0,False,False,False,False,False,False,False,G,1249.0,S
7686_01,Earth,True,55 Cancri e,21.0,False,False,False,False,False,False,False,G,1250.0,S
7695_01,Earth,False,TRAPPIST-1e,14.0,False,False,False,False,False,False,False,F,1600.0,P
7701_01,Mars,False,TRAPPIST-1e,16.0,False,False,False,False,False,False,False,F,1468.0,S
7704_01,Earth,False,55 Cancri e,23.0,False,False,False,False,False,False,False,F,1469.0,S
7706_01,Europa,False,TRAPPIST-1e,53.0,False,False,False,False,False,False,False,C,288.0,S
7718_01,Europa,True,TRAPPIST-1e,18.0,False,False,False,False,False,False,False,B,297.0,S
7722_01,Earth,False,TRAPPIST-1e,16.0,False,False,False,False,False,False,False,F,1607.0,P
7725_01,Europa,True,TRAPPIST-1e,34.0,False,False,False,False,False,False,False,D,243.0,P
7726_01,Earth,True,TRAPPIST-1e,13.0,False,False,False,False,False,False,False,G,1241.0,P
7730_01,Earth,False,PSO J318.5-22,25.0,False,False,False,False,False,False,False,F,1473.0,S
7732_01,Earth,False,TRAPPIST-1e,43.0,False,False,False,False,False,False,False,F,442.0,S
7733_01,Mars,False,TRAPPIST-1e,39.0,False,False,False,False,False,False,False,F,1474.0,S
7734_01,Earth,False,55 Cancri e,19.0,False,False,False,False,False,False,False,F,1608.0,P
7735_01,Mars,False,TRAPPIST-1e,21.0,False,False,False,False,False,False,False,F,1475.0,S
7737_01,Earth,True,TRAPPIST-1e,20.0,False,False,False,False,False,False,False,G,1242.0,P
7740_01,Earth,False,PSO J318.5-22,16.0,False,False,False,False,False,False,False,F,1610.0,P
7740_02,Earth,False,TRAPPIST-1e,9.0,False,False,False,False,False,False,False,G,1243.0,P
7745_01,Earth,False,TRAPPIST-1e,18.0,False,False,False,False,False,False,False,F,1478.0,S
7750_01,Earth,False,55 Cancri e,23.0,False,False,False,False,False,False,False,F,1479.0,S
7756_01,Earth,False,TRAPPIST-1e,36.0,False,False,False,False,False,False,False,F,1481.0,S
7758_01,Earth,False,TRAPPIST-1e,30.0,False,False,False,False,False,False,False,F,1482.0,S
7759_01,Earth,False,TRAPPIST-1e,46.0,False,False,False,False,False,False,False,F,1483.0,S
7762_01,Earth,False,TRAPPIST-1e,22.0,False,False,False,False,False,False,False,E,509.0,S
7765_01,Earth,True,TRAPPIST-1e,1.0,False,False,False,False,False,False,False,G,1255.0,S
7765_02,Earth,True,TRAPPIST-1e,21.0,False,False,False,False,False,False,False,G,1255.0,S
7765_03,Earth,True,TRAPPIST-1e,24.0,False,False,False,False,False,False,False,G,1255.0,S
7766_01,Earth,False,TRAPPIST-1e,51.0,False,False,False,False,False,False,False,G,1256.0,S
7772_01,Earth,True,TRAPPIST-1e,26.0,False,False,False,False,False,False,False,G,1247.0,P
7779_01,Europa,False,55 Cancri e,35.0,False,False,False,False,False,False,False,A,95.0,S
7781_01,Earth,False,PSO J318.5-22,22.0,False,False,False,False,False,False,False,G,1260.0,S
7792_01,Europa,True,55 Cancri e,30.0,False,False,False,False,False,False,False,B,302.0,S
7792_02,Europa,True,TRAPPIST-1e,28.0,False,False,False,False,False,False,False,B,302.0,S
7792_03,Europa,True,55 Cancri e,33.0,False,False,False,False,False,False,False,B,302.0,S
7792_04,Europa,False,TRAPPIST-1e,56.0,False,False,False,False,False,False,False,B,302.0,S
7792_05,Europa,True,55 Cancri e,32.0,False,False,False,False,False,False,False,B,302.0,S
7794_01,Mars,False,TRAPPIST-1e,39.0,False,False,False,False,False,False,False,E,511.0,S
7795_01,Earth,False,TRAPPIST-1e,25.0,False,False,False,False,False,False,False,F,1618.0,P
7795_02,Earth,False,TRAPPIST-1e,25.0,False,False,False,False,False,False,False,E,505.0,P
7796_01,Earth,False,TRAPPIST-1e,34.0,False,False,False,False,False,False,False,G,1250.0,P
7798_01,Earth,False,TRAPPIST-1e,26.0,False,False,False,False,False,False,False,E,507.0,P
7798_02,Earth,False,55 Cancri e,18.0,False,False,False,False,False,False,False,F,1619.0,P
7799_01,Earth,False,TRAPPIST-1e,18.0,False,False,False,False,False,False,False,G,1262.0,S
7804_01,Earth,False,TRAPPIST-1e,23.0,False,False,False,False,False,False,False,F,442.0,S
7807_01,Earth,True,PSO J318.5-22,21.0,False,False,False,False,False,False,False,G,1255.0,P
7811_01,Mars,True,TRAPPIST-1e,47.0,False,False,False,False,False,False,False,E,512.0,S
7814_01,Earth,False,TRAPPIST-1e,18.0,False,False,False,False,False,False,False,F,1623.0,P
7817_01,Earth,False,TRAPPIST-1e,43.0,False,False,False,False,False,False,False,F,1498.0,S
7819_01,Earth,True,TRAPPIST-1e,18.0,False,False,False,False,False,False,False,G,1263.0,S
7822_01,Europa,False,TRAPPIST-1e,25.0,False,False,False,False,False,False,False,C,254.0,P
7823_01,Earth,True,55 Cancri e,30.0,False,False,False,False,False,False,False,G,1265.0,S
7825_01,Mars,False,TRAPPIST-1e,21.0,False,False,False,False,False,False,False,F,1625.0,P
7825_02,Mars,False,TRAPPIST-1e,24.0,False,False,False,False,False,False,False,F,1625.0,P
7825_03,Mars,False,55 Cancri e,20.0,False,False,False,False,False,False,False,F,1625.0,P
7826_01,Europa,True,55 Cancri e,30.0,False,False,False,False,False,False,False,B,303.0,S
7827_01,Europa,True,TRAPPIST-1e,58.0,False,False,False,False,False,False,False,B,304.0,S
7836_01,Earth,False,PSO J318.5-22,36.0,False,False,False,False,False,False,False,F,1499.0,S
7838_01,Europa,True,TRAPPIST-1e,27.0,False,False,False,False,False,False,False,C,292.0,S
7844_01,Europa,False,TRAPPIST-1e,33.0,True,True,True,True,True,True,False,B,256.0,P
7846_01,Europa,False,TRAPPIST-1e,55.0,False,False,False,False,False,False,False,B,308.0,S
7846_02,Europa,True,55 Cancri e,24.0,False,False,False,False,False,False,False,B,308.0,S
7854_01,Earth,False,55 Cancri e,17.0,False,False,False,False,False,False,False,G,1262.0,P
7855_01,Earth,False,TRAPPIST-1e,19.0,False,False,False,False,False,False,False,E,516.0,S
7857_01,Earth,True,PSO J318.5-22,25.0,False,False,False,False,False,False,False,G,1263.0,P
7860_01,Earth,False,TRAPPIST-1e,22.0,False,False,False,False,False,False,False,E,509.0,P
7862_01,Earth,True,TRAPPIST-1e,16.0,False,False,False,False,False,False,False,G,1266.0,P
7867_01,Earth,False,TRAPPIST-1e,36.0,False,False,False,False,False,False,False,F,1631.0,P
7869_01,Earth,False,TRAPPIST-1e,40.0,False,False,False,False,False,False,False,F,1632.0,P
7874_01,Earth,False,TRAPPIST-1e,21.0,False,False,False,False,False,False,False,F,1635.0,P
7874_02,Earth,False,55 Cancri e,24.0,False,False,False,False,False,False,False,E,510.0,P
7876_01,Mars,False,TRAPPIST-1e,26.0,False,False,False,False,False,False,False,E,511.0,P
7880_01,Europa,True,TRAPPIST-1e,30.0,False,False,False,False,False,False,False,A,84.0,P
7880_02,Europa,False,55 Cancri e,27.0,False,False,False,False,False,False,False,A,84.0,P
7887_01,Earth,True,TRAPPIST-1e,24.0,False,False,False,False,False,False,False,G,1275.0,P
7893_01,Europa,True,TRAPPIST-1e,23.0,False,False,False,False,False,False,False,C,294.0,S
7893_02,Europa,True,55 Cancri e,55.0,False,False,False,False,False,False,False,C,294.0,S
7893_03,Europa,True,55 Cancri e,47.0,False,False,False,False,False,False,False,C,294.0,S
7893_04,Europa,True,55 Cancri e,31.0,False,False,False,False,False,False,False,C,294.0,S
7893_05,Europa,True,TRAPPIST-1e,40.0,False,False,False,False,False,False,False,C,294.0,S
7896_01,Earth,False,TRAPPIST-1e,19.0,False,False,False,False,False,False,False,F,1510.0,S
7898_01,Earth,False,TRAPPIST-1e,18.0,False,False,False,False,False,False,False,F,1637.0,P
7900_01,Earth,False,55 Cancri e,48.0,False,False,False,False,False,False,False,F,1511.0,S
7906_01,Earth,False,TRAPPIST-1e,15.0,False,False,False,False,False,False,False,G,1276.0,S
7909_01,Earth,False,TRAPPIST-1e,47.0,False,False,False,False,False,False,False,F,1514.0,S
7909_02,Earth,False,TRAPPIST-1e,21.0,False,False,False,False,False,False,False,E,520.0,S
7911_01,Earth,True,TRAPPIST-1e,18.0,False,False,False,False,False,False,False,G,1277.0,S
7912_01,Earth,False,TRAPPIST-1e,20.0,False,False,False,False,False,False,False,E,513.0,P
7915_01,Mars,True,TRAPPIST-1e,20.0,False,False,False,False,False,False,False,E,521.0,S
7915_02,Mars,False,TRAPPIST-1e,19.0,False,False,False,False,False,False,False,F,442.0,S
7915_03,Mars,True,TRAPPIST-1e,22.0,False,False,False,False,False,False,False,E,521.0,S
7917_01,Earth,True,TRAPPIST-1e,16.0,False,False,False,False,False,False,False,G,1280.0,P
7921_01,Mars,False,TRAPPIST-1e,26.0,False,False,False,False,False,False,False,F,1516.0,S
7921_02,Mars,False,TRAPPIST-1e,27.0,False,False,False,False,False,False,False,E,522.0,S
7923_01,Earth,False,55 Cancri e,17.0,False,False,False,False,False,False,False,F,1641.0,P
7925_01,Earth,False,TRAPPIST-1e,24.0,False,False,False,False,False,False,False,F,1518.0,S
7927_01,Earth,True,PSO J318.5-22,55.0,False,False,False,False,False,False,False,G,1282.0,P
7927_02,Earth,True,TRAPPIST-1e,7.0,False,False,False,False,False,False,False,G,1282.0,P
7927_03,Earth,False,TRAPPIST-1e,26.0,False,False,False,False,False,False,False,G,1282.0,P
7928_01,Earth,False,TRAPPIST-1e,29.0,False,False,False,False,False,False,False,G,1279.0,S
7931_01,Earth,False,55 Cancri e,31.0,False,False,False,False,False,False,False,E,523.0,S
7932_01,Earth,False,TRAPPIST-1e,44.0,False,False,False,False,False,False,False,G,1280.0,S
7933_01,Mars,False,TRAPPIST-1e,26.0,False,False,False,False,False,False,False,F,1643.0,P
7934_01,Mars,False,TRAPPIST-1e,3.0,False,False,False,False,False,False,False,F,1519.0,S
7934_02,Mars,True,TRAPPIST-1e,21.0,False,False,False,False,False,False,False,F,1519.0,S
7934_03,Mars,False,55 Cancri e,0.0,False,False,False,False,False,False,False,F,1519.0,S
7938_01,Earth,False,55 Cancri e,40.0,False,False,False,False,False,False,False,G,1285.0,P
7942_01,Earth,False,TRAPPIST-1e,25.0,False,False,False,False,False,False,False,E,515.0,P
7942_02,Earth,False,TRAPPIST-1e,2.0,False,False,False,False,False,False,False,F,442.0,S
7948_01,Earth,False,TRAPPIST-1e,28.0,False,False,False,False,False,False,False,F,442.0,S
7951_01,Europa,True,55 Cancri e,14.0,False,False,False,False,False,False,False,B,259.0,P
7953_01,Earth,False,TRAPPIST-1e,30.0,False,False,False,False,False,False,False,F,1524.0,S
7956_01,Earth,False,TRAPPIST-1e,21.0,False,False,False,False,False,False,False,G,1289.0,P
7959_01,Earth,False,55 Cancri e,30.0,False,False,False,False,False,False,False,F,1647.0,P
7961_01,Earth,False,TRAPPIST-1e,39.0,False,False,False,False,False,False,False,D,231.0,S
7963_01,Earth,False,TRAPPIST-1e,43.0,False,False,False,False,False,False,False,F,1525.0,S
7963_02,Earth,False,TRAPPIST-1e,22.0,False,False,False,False,False,False,False,F,1525.0,S
7963_03,Earth,True,55 Cancri e,18.0,False,False,False,False,False,False,False,G,1286.0,S
7964_01,Mars,True,TRAPPIST-1e,35.0,False,False,False,False,False,False,False,F,1526.0,S
7965_01,Earth,True,TRAPPIST-1e,21.0,False,False,False,False,False,False,False,G,1287.0,S
7966_01,Earth,False,TRAPPIST-1e,23.0,False,False,False,False,False,False,False,E,526.0,S
7969_01,Earth,True,55 Cancri e,15.0,False,False,False,False,False,False,False,G,1291.0,P
7971_01,Europa,True,55 Cancri e,37.0,False,False,False,False,False,False,False,B,312.0,S
7971_02,Europa,False,55 Cancri e,58.0,False,False,False,False,False,False,False,B,312.0,S
7975_01,Mars,True,TRAPPIST-1e,26.0,False,False,False,False,False,False,False,F,1649.0,P
7977_01,Mars,False,TRAPPIST-1e,21.0,False,False,False,False,False,False,False,E,527.0,S
7978_01,Earth,False,TRAPPIST-1e,0.0,False,False,False,False,False,False,False,G,1292.0,P
7978_02,Earth,False,TRAPPIST-1e,15.0,False,False,False,False,False,False,False,F,1650.0,P
7979_01,Mars,False,TRAPPIST-1e,38.0,False,False,False,False,False,False,False,D,247.0,P
7980_01,Mars,False,TRAPPIST-1e,26.0,False,False,False,False,False,False,False,F,1651.0,P
7991_01,Europa,False,TRAPPIST-1e,47.0,False,False,False,False,False,False,False,C,260.0,P
7991_02,Europa,False,55 Cancri e,26.0,False,False,False,False,False,False,False,C,260.0,P
7991_03,Europa,True,55 Cancri e,56.0,False,False,False,False,False,False,False,C,260.0,P
7991_04,Europa,True,TRAPPIST-1e,18.0,False,False,False,False,False,False,False,C,260.0,P
7992_01,Earth,False,TRAPPIST-1e,21.0,False,False,False,False,False,False,False,F,1656.0,P
7997_01,Earth,True,PSO J318.5-22,18.0,False,False,False,False,False,False,False,G,1291.0,S
7998_01,Europa,False,TRAPPIST-1e,44.0,False,False,False,False,False,False,False,C,299.0,S
7998_02,Europa,True,PSO J318.5-22,39.0,False,False,False,False,False,False,False,C,299.0,S
7998_03,Europa,True,55 Cancri e,54.0,False,False,False,False,False,False,False,C,299.0,S
7998_04,Europa,True,55 Cancri e,23.0,False,False,False,False,False,False,False,C,299.0,S
8001_01,Europa,False,TRAPPIST-1e,26.0,False,False,False,False,False,False,False,B,314.0,S
8002_01,Earth,False,TRAPPIST-1e,22.0,False,False,False,False,False,False,False,F,1658.0,P
8008_01,Earth,False,TRAPPIST-1e,25.0,False,False,False,False,False,False,False,F,1530.0,S
8009_01,Earth,True,PSO J318.5-22,49.0,False,False,False,False,False,False,False,G,1297.0,P
8011_01,Mars,True,TRAPPIST-1e,46.0,False,False,False,False,False,False,False,E,529.0,S
8013_01,Earth,False,TRAPPIST-1e,17.0,False,False,False,False,False,False,False,E,518.0,P
8017_01,Earth,False,TRAPPIST-1e,23.0,False,False,False,False,False,False,False,G,1295.0,S
8022_01,Earth,False,TRAPPIST-1e,18.0,False,False,False,False,False,False,False,G,1296.0,S
8028_01,Earth,False,TRAPPIST-1e,23.0,False,False,False,False,False,False,False,F,1662.0,P
8033_01,Earth,False,TRAPPIST-1e,38.0,False,False,False,False,False,False,False,E,519.0,P
8039_01,Europa,False,TRAPPIST-1e,32.0,False,False,False,False,False,False,False,C,261.0,P
8039_02,Europa,True,TRAPPIST-1e,18.0,False,False,False,False,False,False,False,B,264.0,P
8040_01,Mars,True,TRAPPIST-1e,24.0,False,False,False,False,False,False,False,E,520.0,P
8041_01,Europa,False,TRAPPIST-1e,37.0,False,False,False,False,False,False,False,B,265.0,P
8041_02,Europa,True,55 Cancri e,41.0,False,False,False,False,False,False,False,B,265.0,P
8044_01,Europa,True,TRAPPIST-1e,31.0,False,False,False,False,False,False,False,D,233.0,S
8045_01,Earth,False,TRAPPIST-1e,28.0,False,False,False,False,False,False,False,F,1539.0,S
8047_01,Europa,True,55 Cancri e,40.0,False,False,False,False,False,False,False,B,266.0,P
8048_01,Europa,False,TRAPPIST-1e,48.0,False,False,False,False,False,False,False,B,316.0,S
8051_01,Earth,True,55 Cancri e,41.0,False,False,False,False,False,False,False,G,1301.0,S
8051_02,Earth,True,TRAPPIST-1e,36.0,False,False,False,False,False,False,False,G,1301.0,S
8061_01,Earth,False,TRAPPIST-1e,11.0,False,False,False,False,False,False,False,G,1303.0,S
8061_02,Earth,False,TRAPPIST-1e,19.0,False,False,False,False,False,False,False,F,1542.0,S
8062_01,Earth,False,TRAPPIST-1e,20.0,False,False,False,False,False,False,False,G,1304.0,S
8065_01,Earth,False,TRAPPIST-1e,29.0,False,False,False,False,False,False,False,F,1665.0,P
8070_01,Mars,False,TRAPPIST-1e,26.0,False,False,False,False,False,False,False,D,235.0,S
8073_01,Earth,True,TRAPPIST-1e,24.0,False,False,False,False,False,False,False,G,1303.0,P
8074_01,Earth,False,TRAPPIST-1e,26.0,False,False,False,False,False,False,False,G,1305.0,S
8080_01,Mars,False,TRAPPIST-1e,28.0,False,False,False,False,False,False,False,D,237.0,S
8090_01,Earth,True,TRAPPIST-1e,13.0,False,False,False,False,False,False,False,G,1307.0,P
8093_01,Earth,False,TRAPPIST-1e,26.0,False,False,False,False,False,False,False,E,535.0,S
8095_01,Earth,False,PSO J318.5-22,19.0,False,False,False,False,False,False,False,F,1550.0,S
8096_01,Mars,True,TRAPPIST-1e,32.0,False,False,False,False,False,False,False,F,1673.0,P
8099_01,Earth,True,55 Cancri e,23.0,False,False,False,False,False,False,False,G,1308.0,P
8100_01,Earth,False,TRAPPIST-1e,18.0,False,False,False,False,False,False,False,E,536.0,S
8101_01,Mars,True,TRAPPIST-1e,25.0,False,False,False,False,False,False,False,F,1551.0,S
8104_01,Earth,False,PSO J318.5-22,19.0,False,False,False,False,False,False,False,F,1676.0,P
8109_01,Earth,False,55 Cancri e,24.0,False,False,False,False,False,False,False,F,1679.0,P
8110_01,Mars,False,TRAPPIST-1e,29.0,False,False,False,False,False,False,False,F,1680.0,P
8111_01,Earth,True,TRAPPIST-1e,43.0,False,False,False,False,False,False,False,G,1309.0,P
8113_01,Earth,True,PSO J318.5-22,3.0,False,False,False,False,False,False,False,G,1307.0,S
8113_02,Earth,False,55 Cancri e,4.0,False,False,False,False,False,False,False,G,1307.0,S
8113_03,Earth,False,TRAPPIST-1e,2.0,False,False,False,False,False,False,False,G,1307.0,S
8113_04,Earth,False,TRAPPIST-1e,24.0,False,False,False,False,False,False,False,E,537.0,S
8114_01,Earth,False,TRAPPIST-1e,27.0,False,False,False,False,False,False,False,F,1554.0,S
8125_01,Europa,True,55 Cancri e,37.0,False,False,False,False,False,False,False,C,303.0,S
8125_02,Europa,False,55 Cancri e,44.0,False,False,False,False,False,False,False,C,303.0,S
8126_01,Earth,False,TRAPPIST-1e,21.0,False,False,False,False,False,False,False,F,1556.0,S
8127_01,Europa,False,TRAPPIST-1e,27.0,False,False,False,False,False,False,False,C,266.0,P
8132_01,Earth,False,55 Cancri e,49.0,False,False,False,False,False,False,False,E,538.0,S
8134_01,Mars,False,TRAPPIST-1e,27.0,False,False,False,False,False,False,False,D,239.0,S
8142_01,Europa,True,55 Cancri e,63.0,False,False,False,False,False,False,False,C,269.0,P
8145_01,Earth,False,TRAPPIST-1e,28.0,False,False,False,False,False,False,False,G,1311.0,S
8146_01,Earth,True,55 Cancri e,33.0,False,False,False,False,False,False,False,G,1316.0,P
8151_01,Earth,False,TRAPPIST-1e,21.0,False,False,False,False,False,False,False,F,1684.0,P
8154_01,Earth,False,TRAPPIST-1e,24.0,False,False,False,False,False,False,False,F,1559.0,S
8155_01,Earth,False,TRAPPIST-1e,26.0,False,False,False,False,False,False,False,F,1685.0,P
8160_01,Earth,False,55 Cancri e,27.0,False,False,False,False,False,False,False,G,1322.0,P
8163_01,Mars,True,TRAPPIST-1e,21.0,False,False,False,False,False,False,False,E,540.0,S
8166_01,Earth,False,TRAPPIST-1e,56.0,False,False,False,False,False,False,False,G,1323.0,P
8169_01,Earth,False,55 Cancri e,31.0,False,False,False,False,False,False,False,F,1689.0,P
8170_01,Europa,True,TRAPPIST-1e,47.0,False,False,False,False,False,False,False,B,271.0,P
8172_01,Mars,True,TRAPPIST-1e,24.0,False,False,False,False,False,False,False,F,1562.0,S
8174_01,Earth,False,PSO J318.5-22,18.0,False,False,False,False,False,False,False,G,1324.0,P
8179_01,Europa,True,TRAPPIST-1e,42.0,False,False,False,False,False,False,False,C,270.0,P
8180_01,Mars,False,TRAPPIST-1e,31.0,False,False,False,False,False,False,False,F,1691.0,P
8181_01,Mars,False,TRAPPIST-1e,22.0,False,False,False,False,False,False,False,D,240.0,S
8181_02,Mars,False,TRAPPIST-1e,24.0,False,False,False,False,False,False,False,F,1563.0,S
8181_03,Mars,True,55 Cancri e,20.0,False,False,False,False,False,False,False,F,1563.0,S
8183_01,Earth,False,TRAPPIST-1e,51.0,False,False,False,False,False,False,False,E,526.0,P
8184_01,Earth,False,TRAPPIST-1e,19.0,False,False,False,False,False,False,False,G,1325.0,P
8185_01,Earth,False,TRAPPIST-1e,17.0,False,False,False,False,False,False,False,F,1565.0,S
8187_01,Earth,False,TRAPPIST-1e,23.0,False,False,False,False,False,False,False,G,1326.0,P
8188_01,Earth,False,TRAPPIST-1e,14.0,False,False,False,False,False,False,False,F,1692.0,P
8193_01,Earth,True,PSO J318.5-22,18.0,False,False,False,False,False,False,False,G,1327.0,P
8195_01,Europa,True,TRAPPIST-1e,42.0,False,False,False,False,False,False,False,C,272.0,P
8196_01,Earth,False,PSO J318.5-22,39.0,False,False,False,False,False,False,False,F,1568.0,S
8196_02,Earth,True,TRAPPIST-1e,37.0,False,False,False,False,False,False,False,G,1321.0,S
8198_01,Earth,True,TRAPPIST-1e,27.0,False,False,False,False,False,False,False,G,1328.0,P
8201_01,Europa,True,TRAPPIST-1e,26.0,False,False,False,False,False,False,False,D,255.0,P
8206_01,Earth,False,TRAPPIST-1e,49.0,False,False,False,False,False,False,False,F,1694.0,P
8215_01,Europa,False,55 Cancri e,32.0,True,True,True,True,True,True,False,D,256.0,P
8223_01,Earth,True,TRAPPIST-1e,34.0,False,False,False,False,False,False,False,G,1324.0,S
8228_01,Earth,False,TRAPPIST-1e,13.0,False,False,False,False,False,False,False,G,1326.0,S
8230_01,Earth,False,PSO J318.5-22,21.0,False,False,False,False,False,False,False,F,1573.0,S
8234_01,Europa,False,TRAPPIST-1e,55.0,False,False,False,False,False,False,False,A,86.0,P
8236_01,Europa,True,55 Cancri e,61.0,False,False,False,False,False,False,False,B,273.0,P
8240_01,Europa,False,TRAPPIST-1e,24.0,False,False,False,False,False,False,False,D,243.0,S
8241_01,Earth,True,TRAPPIST-1e,25.0,False,False,False,False,False,False,False,G,1329.0,S
8245_01,Earth,True,TRAPPIST-1e,0.0,False,False,False,False,False,False,False,G,1338.0,P
8245_02,Earth,True,TRAPPIST-1e,38.0,False,False,False,False,False,False,False,G,1338.0,P
8246_01,Mars,True,TRAPPIST-1e,30.0,False,False,False,False,False,False,False,E,528.0,P
8249_01,Earth,False,TRAPPIST-1e,15.0,False,False,False,False,False,False,False,F,1698.0,P
8250_01,Earth,True,TRAPPIST-1e,21.0,False,False,False,False,False,False,False,G,1340.0,P
8253_01,Earth,False,55 Cancri e,56.0,False,False,False,False,False,False,False,F,1580.0,S
8256_01,Europa,False,55 Cancri e,51.0,False,False,False,False,False,False,False,C,308.0,S
8258_01,Mars,False,TRAPPIST-1e,26.0,False,False,False,False,False,False,False,F,1581.0,S
8262_01,Mars,False,TRAPPIST-1e,50.0,False,False,False,False,False,False,False,D,244.0,S
8263_01,Mars,False,TRAPPIST-1e,22.0,False,False,False,False,False,False,False,F,1583.0,S
8269_01,Earth,False,TRAPPIST-1e,25.0,False,False,False,False,False,False,False,F,442.0,S
8274_01,Earth,False,55 Cancri e,37.0,False,False,False,False,False,False,False,G,1347.0,P
8278_01,Earth,True,TRAPPIST-1e,17.0,False,False,False,False,False,False,False,G,1335.0,S
8283_01,Europa,True,55 Cancri e,38.0,False,False,False,False,False,False,False,B,274.0,P
8284_01,Earth,True,PSO J318.5-22,33.0,False,False,False,False,False,False,False,G,1337.0,S
8284_02,Earth,False,TRAPPIST-1e,24.0,False,False,False,False,False,False,False,F,1589.0,S
8285_01,Earth,False,TRAPPIST-1e,21.0,False,False,False,False,False,False,False,G,1338.0,S
8286_01,Europa,True,TRAPPIST-1e,37.0,False,False,False,False,False,False,False,C,309.0,S
8290_01,Mars,True,TRAPPIST-1e,49.0,False,False,False,False,False,False,False,F,1590.0,S
8293_01,Europa,False,55 Cancri e,42.0,False,False,False,False,False,False,False,C,311.0,S
8296_01,Mars,True,TRAPPIST-1e,33.0,False,False,False,False,False,False,False,F,1706.0,P
8299_01,Earth,False,TRAPPIST-1e,25.0,False,False,False,False,False,False,False,E,544.0,S
8304_01,Mars,False,TRAPPIST-1e,27.0,False,False,False,False,False,False,False,F,1707.0,P
8304_02,Mars,True,TRAPPIST-1e,1.0,False,False,False,False,False,False,False,F,1707.0,P
8304_03,Mars,False,TRAPPIST-1e,20.0,False,False,False,False,False,False,False,F,1707.0,P
8305_01,Europa,True,TRAPPIST-1e,20.0,False,False,False,False,False,False,False,B,322.0,S
8305_02,Europa,True,55 Cancri e,51.0,False,False,False,False,False,False,False,B,322.0,S
8305_03,Europa,True,TRAPPIST-1e,33.0,False,False,False,False,False,False,False,B,322.0,S
8308_01,Earth,False,PSO J318.5-22,45.0,False,False,False,False,False,False,False,F,1708.0,P
8309_01,Europa,False,55 Cancri e,25.0,False,False,False,False,False,False,False,C,276.0,P
8311_01,Earth,False,TRAPPIST-1e,21.0,False,False,False,False,False,False,False,F,442.0,S
8312_01,Mars,True,TRAPPIST-1e,22.0,False,False,False,False,False,False,False,F,1597.0,S
8325_01,Earth,True,TRAPPIST-1e,27.0,False,False,False,False,False,False,False,G,1342.0,S
8325_02,Earth,False,TRAPPIST-1e,33.0,False,False,False,False,False,False,False,F,1599.0,S
8327_01,Earth,False,PSO J318.5-22,24.0,False,False,False,False,False,False,False,G,1355.0,P
8331_01,Earth,False,TRAPPIST-1e,38.0,False,False,False,False,False,False,False,F,1714.0,P
8337_01,Earth,False,TRAPPIST-1e,18.0,False,False,False,False,False,False,False,F,1715.0,P
8340_01,Europa,False,55 Cancri e,63.0,False,False,False,False,False,False,False,B,275.0,P
8340_02,Europa,False,55 Cancri e,26.0,True,True,True,True,True,True,False,B,275.0,P
8340_03,Europa,False,TRAPPIST-1e,29.0,False,False,False,False,False,False,False,B,275.0,P
8347_01,Earth,True,PSO J318.5-22,24.0,False,False,False,False,False,False,False,G,1360.0,P
8349_01,Earth,False,55 Cancri e,51.0,False,False,False,False,False,False,False,E,533.0,P
8350_01,Mars,False,TRAPPIST-1e,25.0,True,True,True,True,True,True,False,E,534.0,P
8351_01,Mars,False,TRAPPIST-1e,41.0,False,False,False,False,False,False,False,D,248.0,S
8352_01,Earth,False,55 Cancri e,20.0,False,False,False,False,False,False,False,F,1719.0,P
8353_01,Earth,False,TRAPPIST-1e,22.0,False,False,False,False,False,False,False,F,1603.0,S
8355_01,Europa,True,55 Cancri e,15.0,False,False,False,False,False,False,False,B,324.0,S
8357_01,Europa,False,55 Cancri e,26.0,False,False,False,False,False,False,False,B,325.0,S
8357_02,Europa,True,55 Cancri e,19.0,False,False,False,False,False,False,False,B,325.0,S
8358_01,Earth,False,TRAPPIST-1e,28.0,False,False,False,False,False,False,False,E,535.0,P
8359_01,Earth,False,TRAPPIST-1e,18.0,False,False,False,False,False,False,False,E,536.0,P
8361_01,Europa,False,55 Cancri e,31.0,False,False,False,False,False,False,False,B,327.0,S
8361_02,Europa,False,55 Cancri e,26.0,False,False,False,False,False,False,False,B,327.0,S
8361_03,Europa,False,55 Cancri e,9.0,False,False,False,False,False,False,False,B,327.0,S
8361_04,Europa,True,55 Cancri e,42.0,False,False,False,False,False,False,False,B,327.0,S
8361_05,Europa,False,TRAPPIST-1e,32.0,False,False,False,False,False,False,False,B,327.0,S
8364_01,Earth,True,PSO J318.5-22,22.0,False,False,False,False,False,False,False,G,1362.0,P
8367_01,Earth,False,TRAPPIST-1e,51.0,False,False,False,False,False,False,False,G,1343.0,S
8370_01,Europa,False,TRAPPIST-1e,31.0,False,False,False,False,False,False,False,D,249.0,S
8370_02,Europa,False,TRAPPIST-1e,44.0,False,False,False,False,False,False,False,D,249.0,S
8372_01,Europa,True,TRAPPIST-1e,36.0,False,False,False,False,False,False,False,C,314.0,S
8385_01,Mars,True,TRAPPIST-1e,29.0,False,False,False,False,False,False,False,F,1723.0,P
8385_02,Mars,False,TRAPPIST-1e,36.0,True,True,True,True,True,True,False,F,1723.0,P
8385_03,Mars,False,TRAPPIST-1e,9.0,False,False,False,False,False,False,False,F,1723.0,P
8387_01,Earth,False,TRAPPIST-1e,16.0,False,False,False,False,False,False,False,E,551.0,S
8389_01,Earth,True,PSO J318.5-22,18.0,False,False,False,False,False,False,False,G,1344.0,S
8391_01,Mars,False,TRAPPIST-1e,51.0,False,False,False,False,False,False,False,E,552.0,S
8396_01,Mars,False,PSO J318.5-22,30.0,False,False,False,False,False,False,False,F,1611.0,S
8399_01,Earth,False,PSO J318.5-22,44.0,False,False,False,False,False,False,False,E,538.0,P
8400_01,Earth,False,PSO J318.5-22,22.0,False,False,False,False,False,False,False,F,1612.0,S
8400_02,Earth,True,TRAPPIST-1e,39.0,False,False,False,False,False,False,False,G,1345.0,S
8400_03,Earth,False,PSO J318.5-22,18.0,False,False,False,False,False,False,False,G,1345.0,S
8402_01,Europa,True,TRAPPIST-1e,34.0,False,False,False,False,False,False,False,C,278.0,P
8402_02,Europa,True,TRAPPIST-1e,25.0,False,False,False,False,False,False,False,C,278.0,P
8402_03,Europa,True,TRAPPIST-1e,25.0,False,False,False,False,False,False,False,C,278.0,P
8408_01,Earth,False,55 Cancri e,16.0,False,False,False,False,False,False,False,F,1614.0,S
8408_02,Earth,True,PSO J318.5-22,41.0,False,False,False,False,False,False,False,G,1347.0,S
8412_01,Earth,False,TRAPPIST-1e,28.0,False,False,False,False,False,False,False,F,1727.0,P
8413_01,Earth,True,TRAPPIST-1e,15.0,False,False,False,False,False,False,False,G,1348.0,S
8415_01,Mars,False,TRAPPIST-1e,49.0,False,False,False,False,False,False,False,F,1616.0,S
8417_01,Earth,False,TRAPPIST-1e,43.0,False,False,False,False,False,False,False,F,1617.0,S
8422_01,Earth,False,TRAPPIST-1e,28.0,False,False,False,False,False,False,False,E,539.0,P
8424_01,Earth,False,TRAPPIST-1e,18.0,False,False,False,False,False,False,False,F,1728.0,P
8425_01,Earth,True,55 Cancri e,14.0,False,False,False,False,False,False,False,G,1350.0,S
8425_02,Earth,True,TRAPPIST-1e,40.0,False,False,False,False,False,False,False,G,1350.0,S
8426_01,Earth,False,TRAPPIST-1e,28.0,False,False,False,False,False,False,False,G,1375.0,P
8426_02,Earth,False,TRAPPIST-1e,34.0,False,False,False,False,False,False,False,G,1375.0,P
8428_01,Earth,False,TRAPPIST-1e,22.0,False,False,False,False,False,False,False,E,555.0,S
8434_01,Europa,True,TRAPPIST-1e,41.0,False,False,False,False,False,False,False,D,261.0,P
8435_01,Earth,False,TRAPPIST-1e,19.0,False,False,False,False,False,False,False,F,1730.0,P
8436_01,Earth,False,TRAPPIST-1e,33.0,False,False,False,False,False,False,False,F,1622.0,S
8439_01,Earth,True,TRAPPIST-1e,19.0,False,False,False,False,False,False,False,G,1378.0,P
8440_01,Mars,False,55 Cancri e,24.0,False,False,False,False,False,False,False,F,1731.0,P
8440_02,Mars,True,TRAPPIST-1e,3.0,False,False,False,False,False,False,False,F,1731.0,P
8440_03,Mars,True,TRAPPIST-1e,19.0,False,False,False,False,False,False,False,F,1731.0,P
8443_01,Mars,True,TRAPPIST-1e,19.0,False,False,False,False,False,False,False,F,442.0,S
8443_02,Mars,False,TRAPPIST-1e,45.0,False,False,False,False,False,False,False,F,1732.0,P
8445_01,Earth,True,PSO J318.5-22,29.0,False,False,False,False,False,False,False,G,1353.0,S
8445_02,Earth,True,TRAPPIST-1e,54.0,False,False,False,False,False,False,False,G,1353.0,S
8445_03,Earth,False,55 Cancri e,1.0,False,False,False,False,False,False,False,G,1353.0,S
8446_01,Mars,False,TRAPPIST-1e,18.0,True,True,True,True,True,True,False,D,262.0,P
8450_01,Mars,True,55 Cancri e,24.0,False,False,False,False,False,False,False,F,1735.0,P
8450_02,Mars,False,55 Cancri e,18.0,False,False,False,False,False,False,False,F,1735.0,P
8450_03,Mars,True,TRAPPIST-1e,19.0,False,False,False,False,False,False,False,F,1735.0,P
8453_01,Earth,False,TRAPPIST-1e,22.0,False,False,False,False,False,False,False,F,1626.0,S
8455_01,Europa,False,TRAPPIST-1e,48.0,False,False,False,False,False,False,False,C,318.0,S
8461_01,Europa,False,55 Cancri e,39.0,False,False,False,False,False,False,False,D,251.0,S
8464_01,Mars,False,TRAPPIST-1e,40.0,False,False,False,False,False,False,False,F,1631.0,S
8464_02,Mars,True,TRAPPIST-1e,34.0,False,False,False,False,False,False,False,F,1631.0,S
8473_01,Earth,False,TRAPPIST-1e,0.0,False,False,False,False,False,False,False,G,1381.0,P
8473_02,Earth,False,TRAPPIST-1e,25.0,False,False,False,False,False,False,False,G,1381.0,P
8478_01,Earth,True,TRAPPIST-1e,3.0,False,False,False,False,False,False,False,G,1357.0,S
8478_02,Earth,False,TRAPPIST-1e,24.0,False,False,False,False,False,False,False,E,557.0,S
8484_01,Mars,True,TRAPPIST-1e,39.0,False,False,False,False,False,False,False,F,1634.0,S
8485_01,Earth,True,PSO J318.5-22,55.0,False,False,False,False,False,False,False,G,1359.0,S
8488_01,Europa,False,55 Cancri e,24.0,False,False,False,False,False,False,False,D,264.0,P
8490_01,Mars,False,TRAPPIST-1e,26.0,False,False,False,False,False,False,False,F,442.0,S
8496_01,Earth,False,TRAPPIST-1e,27.0,False,False,False,False,False,False,False,F,1741.0,P
8497_01,Earth,False,TRAPPIST-1e,19.0,False,False,False,False,False,False,False,G,1361.0,S
8498_01,Earth,False,TRAPPIST-1e,27.0,False,False,False,False,False,False,False,F,1742.0,P
8499_01,Earth,True,PSO J318.5-22,24.0,False,False,False,False,False,False,False,G,1362.0,S
8501_01,Earth,True,PSO J318.5-22,31.0,False,False,False,False,False,False,False,G,1363.0,S
8505_01,Mars,False,TRAPPIST-1e,52.0,False,False,False,False,False,False,False,F,1745.0,P
8507_01,Europa,False,TRAPPIST-1e,26.0,False,False,False,False,False,False,False,D,265.0,P
8510_01,Mars,False,TRAPPIST-1e,58.0,False,False,False,False,False,False,False,D,255.0,S
8510_02,Mars,True,TRAPPIST-1e,16.0,False,False,False,False,False,False,False,F,1636.0,S
8513_01,Earth,False,TRAPPIST-1e,36.0,False,False,False,False,False,False,False,G,1386.0,P
8515_01,Earth,False,TRAPPIST-1e,23.0,False,False,False,False,False,False,False,F,1749.0,P
8517_01,Earth,False,55 Cancri e,25.0,False,False,False,False,False,False,False,A,87.0,P
8517_02,Europa,True,TRAPPIST-1e,21.0,False,False,False,False,False,False,False,A,87.0,P
8518_01,Earth,True,TRAPPIST-1e,22.0,False,False,False,False,False,False,False,G,1366.0,S
8519_01,Earth,False,TRAPPIST-1e,20.0,False,False,False,False,False,False,False,G,1367.0,S
8520_01,Earth,False,TRAPPIST-1e,56.0,False,False,False,False,False,False,False,F,1638.0,S
8520_02,Earth,False,TRAPPIST-1e,4.0,False,False,False,False,False,False,False,G,1368.0,S
8525_01,Europa,False,TRAPPIST-1e,36.0,False,False,False,False,False,False,False,C,321.0,S
8525_02,Europa,True,TRAPPIST-1e,47.0,False,False,False,False,False,False,False,C,321.0,S
8526_01,Mars,False,TRAPPIST-1e,24.0,False,False,False,False,False,False,False,D,256.0,S
8526_02,Mars,False,TRAPPIST-1e,30.0,False,False,False,False,False,False,False,E,558.0,S
8527_01,Earth,True,55 Cancri e,21.0,False,False,False,False,False,False,False,G,1387.0,P
8529_01,Earth,False,TRAPPIST-1e,52.0,False,False,False,False,False,False,False,F,1639.0,S
8531_01,Earth,True,TRAPPIST-1e,18.0,False,False,False,False,False,False,False,G,1388.0,P
8532_01,Earth,False,TRAPPIST-1e,53.0,False,False,False,False,False,False,False,F,1752.0,P
8533_01,Earth,True,TRAPPIST-1e,62.0,False,False,False,False,False,False,False,G,1370.0,S
8534_01,Earth,False,TRAPPIST-1e,9.0,False,False,False,False,False,False,False,G,1371.0,S
8534_02,Earth,True,PSO J318.5-22,2.0,False,False,False,False,False,False,False,G,1371.0,S
8534_03,Earth,True,TRAPPIST-1e,26.0,False,False,False,False,False,False,False,G,1371.0,S
8534_04,Earth,False,TRAPPIST-1e,23.0,False,False,False,False,False,False,False,F,1641.0,S
8538_01,Mars,False,TRAPPIST-1e,28.0,False,False,False,False,False,False,False,F,1644.0,S
8543_01,Earth,False,TRAPPIST-1e,59.0,False,False,False,False,False,False,False,F,1646.0,S
8543_02,Earth,True,PSO J318.5-22,23.0,False,False,False,False,False,False,False,G,1373.0,S
8543_03,Earth,False,PSO J318.5-22,20.0,False,False,False,False,False,False,False,F,1646.0,S
8543_04,Earth,False,TRAPPIST-1e,24.0,False,False,False,False,False,False,False,G,1373.0,S
8543_05,Earth,False,TRAPPIST-1e,48.0,False,False,False,False,False,False,False,E,560.0,S
8543_06,Earth,False,TRAPPIST-1e,25.0,False,False,False,False,False,False,False,F,1646.0,S
8543_07,Earth,True,PSO J318.5-22,37.0,False,False,False,False,False,False,False,G,1373.0,S
8543_08,Earth,False,TRAPPIST-1e,40.0,False,False,False,False,False,False,False,F,1646.0,S
8546_01,Earth,True,55 Cancri e,17.0,False,False,False,False,False,False,False,G,1389.0,P
8547_01,Earth,False,TRAPPIST-1e,17.0,False,False,False,False,False,False,False,F,1754.0,P
8550_01,Earth,False,TRAPPIST-1e,21.0,False,False,False,False,False,False,False,F,1649.0,S
8553_01,Mars,False,TRAPPIST-1e,50.0,False,False,False,False,False,False,False,E,546.0,P
8555_01,Earth,True,PSO J318.5-22,38.0,False,False,False,False,False,False,False,G,1390.0,P
8555_02,Earth,False,TRAPPIST-1e,39.0,False,False,False,False,False,False,False,F,1757.0,P
8555_03,Earth,False,55 Cancri e,0.0,False,False,False,False,False,False,False,G,1390.0,P
8558_01,Earth,True,TRAPPIST-1e,32.0,False,False,False,False,False,False,False,G,1374.0,S
8562_01,Mars,False,TRAPPIST-1e,39.0,False,False,False,False,False,False,False,F,1650.0,S
8563_01,Earth,False,TRAPPIST-1e,13.0,False,False,False,False,False,False,False,F,1759.0,P
8564_01,Earth,False,PSO J318.5-22,18.0,False,False,False,False,False,False,False,F,1760.0,P
8565_01,Earth,True,TRAPPIST-1e,31.0,False,False,False,False,False,False,False,G,1376.0,S
8565_02,Earth,False,55 Cancri e,5.0,False,False,False,False,False,False,False,G,1376.0,S
8565_03,Earth,False,TRAPPIST-1e,47.0,False,False,False,False,False,False,False,G,1376.0,S
8567_01,Europa,False,55 Cancri e,43.0,False,False,False,False,False,False,False,E,549.0,P
8567_02,Europa,False,TRAPPIST-1e,27.0,False,False,False,False,False,False,False,E,549.0,P
8567_03,Europa,False,TRAPPIST-1e,27.0,False,False,False,False,False,False,False,E,549.0,P
8568_01,Europa,True,55 Cancri e,31.0,False,False,False,False,False,False,False,E,561.0,S
8568_02,Europa,True,55 Cancri e,26.0,False,False,False,False,False,False,False,E,561.0,S
8575_01,Earth,False,TRAPPIST-1e,22.0,False,False,False,False,False,False,False,G,1393.0,P
8576_01,Earth,True,55 Cancri e,25.0,False,False,False,False,False,False,False,C,322.0,S
8578_01,Earth,False,PSO J318.5-22,20.0,False,False,False,False,False,False,False,F,1761.0,P
8579_01,Europa,True,55 Cancri e,23.0,False,False,False,False,False,False,False,B,335.0,S
8582_01,Earth,True,TRAPPIST-1e,19.0,False,False,False,False,False,False,False,G,1380.0,S
8583_01,Mars,True,TRAPPIST-1e,27.0,False,False,False,False,False,False,False,F,1762.0,P
8583_02,Mars,True,TRAPPIST-1e,8.0,False,False,False,False,False,False,False,F,1762.0,P
8590_01,Mars,False,TRAPPIST-1e,66.0,False,False,False,False,False,False,False,F,1656.0,S
8591_01,Earth,False,TRAPPIST-1e,17.0,False,False,False,False,False,False,False,F,1764.0,P
8593_01,Earth,False,TRAPPIST-1e,41.0,False,False,False,False,False,False,False,F,1657.0,S
8600_01,Earth,True,TRAPPIST-1e,14.0,False,False,False,False,False,False,False,G,1384.0,S
8601_01,Earth,False,TRAPPIST-1e,53.0,False,False,False,False,False,False,False,G,1395.0,P
8608_01,Earth,True,PSO J318.5-22,13.0,False,False,False,False,False,False,False,G,1397.0,P
8621_01,Earth,False,TRAPPIST-1e,19.0,False,False,False,False,False,False,False,E,552.0,P
8622_01,Earth,False,TRAPPIST-1e,19.0,False,False,False,False,False,False,False,F,1660.0,S
8625_01,Earth,False,TRAPPIST-1e,14.0,False,False,False,False,False,False,False,F,1662.0,S
8627_01,Earth,False,TRAPPIST-1e,18.0,False,False,False,False,False,False,False,F,1663.0,S
8630_01,Mars,False,TRAPPIST-1e,25.0,False,False,False,False,False,False,False,F,1771.0,P
8632_01,Earth,True,TRAPPIST-1e,16.0,False,False,False,False,False,False,False,G,1401.0,P
8632_02,Earth,True,TRAPPIST-1e,6.0,False,False,False,False,False,False,False,G,1401.0,P
8647_01,Mars,True,TRAPPIST-1e,22.0,False,False,False,False,False,False,False,F,1669.0,S
8648_01,Earth,False,PSO J318.5-22,3.0,False,False,False,False,False,False,False,G,1403.0,P
8648_02,Earth,False,TRAPPIST-1e,19.0,False,False,False,False,False,False,False,F,1777.0,P
8648_03,Earth,True,TRAPPIST-1e,23.0,False,False,False,False,False,False,False,G,1403.0,P
8649_01,Earth,False,TRAPPIST-1e,26.0,False,False,False,False,False,False,False,F,1670.0,S
8651_01,Earth,False,TRAPPIST-1e,23.0,False,False,False,False,False,False,False,F,1671.0,S
8652_01,Earth,False,TRAPPIST-1e,25.0,False,False,False,False,False,False,False,F,1778.0,P
8655_01,Earth,False,PSO J318.5-22,20.0,False,False,False,False,False,False,False,F,1672.0,S
8660_01,Earth,False,55 Cancri e,29.0,False,False,False,False,False,False,False,F,1674.0,S
8662_01,Earth,False,TRAPPIST-1e,26.0,False,False,False,False,False,False,False,F,1782.0,P
8665_01,Earth,True,TRAPPIST-1e,19.0,False,False,False,False,False,False,False,G,1405.0,P
8666_01,Earth,True,TRAPPIST-1e,28.0,False,False,False,False,False,False,False,G,1396.0,S
8676_01,Earth,False,TRAPPIST-1e,21.0,False,False,False,False,False,False,False,F,1785.0,P
8677_01,Europa,False,TRAPPIST-1e,25.0,False,False,False,False,False,False,False,D,261.0,S
8677_02,Europa,False,TRAPPIST-1e,27.0,True,True,True,True,True,True,False,D,261.0,S
8677_03,Europa,False,TRAPPIST-1e,54.0,False,False,False,False,False,False,False,D,261.0,S
8678_01,Earth,True,55 Cancri e,9.0,False,False,False,False,False,False,False,G,1399.0,S
8678_02,Earth,False,TRAPPIST-1e,24.0,False,False,False,False,False,False,False,F,1678.0,S
8679_01,Earth,True,TRAPPIST-1e,22.0,False,False,False,False,False,False,False,G,1407.0,P
8682_01,Europa,False,TRAPPIST-1e,42.0,False,False,False,False,False,False,False,D,262.0,S
8686_01,Europa,False,TRAPPIST-1e,35.0,False,False,False,False,False,False,False,E,557.0,P
8689_01,Earth,True,TRAPPIST-1e,6.0,False,False,False,False,False,False,False,G,1408.0,P
8690_01,Mars,False,TRAPPIST-1e,39.0,False,False,False,False,False,False,False,F,1682.0,S
8690_02,Mars,False,TRAPPIST-1e,24.0,False,False,False,False,False,False,False,D,263.0,S
8692_01,Europa,True,55 Cancri e,21.0,False,False,False,False,False,False,False,C,286.0,P
8692_02,Europa,False,55 Cancri e,48.0,False,False,False,False,False,False,False,C,286.0,P
8692_03,Europa,True,TRAPPIST-1e,24.0,False,False,False,False,False,False,False,C,286.0,P
8697_01,Earth,True,PSO J318.5-22,25.0,False,False,False,False,False,False,False,G,1401.0,S
8698_01,Earth,False,55 Cancri e,29.0,False,False,False,False,False,False,False,G,1402.0,S
8699_01,Earth,True,PSO J318.5-22,52.0,False,False,False,False,False,False,False,G,1403.0,S
8702_01,Europa,False,55 Cancri e,43.0,False,False,False,False,False,False,False,C,287.0,P
8705_01,Mars,False,55 Cancri e,20.0,False,False,False,False,False,False,False,F,1790.0,P
8706_01,Earth,False,55 Cancri e,19.0,False,False,False,False,False,False,False,G,1412.0,P
8707_01,Earth,False,TRAPPIST-1e,20.0,False,False,False,False,False,False,False,G,1404.0,S
8711_01,Mars,False,TRAPPIST-1e,48.0,True,True,True,True,True,True,False,F,1791.0,P
8713_01,Europa,False,55 Cancri e,29.0,False,False,False,False,False,False,False,B,282.0,P
8713_02,Europa,True,55 Cancri e,46.0,False,False,False,False,False,False,False,B,282.0,P
8715_01,Earth,True,TRAPPIST-1e,18.0,False,False,False,False,False,False,False,G,1414.0,P
8718_01,Earth,False,55 Cancri e,36.0,False,False,False,False,False,False,False,G,1415.0,P
8724_01,Mars,False,TRAPPIST-1e,22.0,False,False,False,False,False,False,False,F,1795.0,P
8725_01,Earth,True,TRAPPIST-1e,7.0,False,False,False,False,False,False,False,G,1405.0,S
8726_01,Mars,True,TRAPPIST-1e,38.0,False,False,False,False,False,False,False,F,1796.0,P
8730_01,Europa,False,55 Cancri e,44.0,False,False,False,False,False,False,False,C,288.0,P
8731_01,Europa,False,55 Cancri e,24.0,False,False,False,False,False,False,False,E,569.0,S
8737_01,Mars,True,TRAPPIST-1e,42.0,False,False,False,False,False,False,False,F,1801.0,P
8738_01,Earth,True,TRAPPIST-1e,35.0,False,False,False,False,False,False,False,G,1418.0,P
8739_01,Earth,False,TRAPPIST-1e,33.0,False,False,False,False,False,False,False,F,1692.0,S
8740_01,Earth,False,55 Cancri e,22.0,False,False,False,False,False,False,False,E,560.0,P
8742_01,Earth,False,TRAPPIST-1e,35.0,False,False,False,False,False,False,False,E,561.0,P
8745_01,Earth,False,TRAPPIST-1e,21.0,False,False,False,False,False,False,False,G,1419.0,P
8746_01,Earth,True,PSO J318.5-22,19.0,False,False,False,False,False,False,False,G,1407.0,S
8747_01,Mars,True,TRAPPIST-1e,34.0,False,False,False,False,False,False,False,F,1693.0,S
8747_02,Mars,False,TRAPPIST-1e,52.0,False,False,False,False,False,False,False,E,571.0,S
8748_01,Mars,False,TRAPPIST-1e,18.0,False,False,False,False,False,False,False,D,271.0,P
8748_02,Mars,False,TRAPPIST-1e,26.0,False,False,False,False,False,False,False,F,1803.0,P
8756_01,Europa,False,TRAPPIST-1e,32.0,False,False,False,False,False,False,False,B,283.0,P
8758_01,Europa,False,TRAPPIST-1e,36.0,False,False,False,False,False,False,False,E,572.0,S
8758_02,Europa,False,55 Cancri e,55.0,False,False,False,False,False,False,False,E,572.0,S
8761_01,Mars,False,TRAPPIST-1e,65.0,False,False,False,False,False,False,False,D,273.0,P
8763_01,Earth,False,TRAPPIST-1e,29.0,False,False,False,False,False,False,False,G,1420.0,P
8763_02,Earth,False,TRAPPIST-1e,18.0,False,False,False,False,False,False,False,F,1806.0,P
8763_03,Earth,False,PSO J318.5-22,0.0,False,False,False,False,False,False,False,G,1420.0,P
8765_01,Mars,False,TRAPPIST-1e,35.0,False,False,False,False,False,False,False,F,1698.0,S
8767_01,Europa,False,55 Cancri e,37.0,False,False,False,False,False,False,False,B,338.0,S
8767_02,Europa,False,TRAPPIST-1e,13.0,False,False,False,False,False,False,False,B,338.0,S
8768_01,Earth,False,TRAPPIST-1e,15.0,False,False,False,False,False,False,False,E,573.0,S
8768_02,Earth,False,55 Cancri e,33.0,False,False,False,False,False,False,False,G,1411.0,S
8768_03,Earth,False,TRAPPIST-1e,26.0,False,False,False,False,False,False,False,F,1699.0,S
8775_01,Earth,True,TRAPPIST-1e,40.0,False,False,False,False,False,False,False,D,275.0,P
8777_01,Earth,False,TRAPPIST-1e,36.0,False,False,False,False,False,False,False,E,575.0,S
8778_01,Mars,True,TRAPPIST-1e,33.0,False,False,False,False,False,False,False,F,1809.0,P
8778_02,Mars,True,TRAPPIST-1e,4.0,False,False,False,False,False,False,False,F,1809.0,P
8784_01,Earth,False,TRAPPIST-1e,20.0,False,False,False,False,False,False,False,F,1702.0,S
8788_01,Earth,False,PSO J318.5-22,23.0,False,False,False,False,False,False,False,F,1811.0,P
8792_01,Mars,False,TRAPPIST-1e,24.0,False,False,False,False,False,False,False,F,1703.0,S
8793_01,Europa,False,55 Cancri e,18.0,False,False,False,False,False,False,False,C,289.0,P
8793_02,Europa,True,PSO J318.5-22,25.0,False,False,False,False,False,False,False,C,289.0,P
8793_03,Europa,True,55 Cancri e,26.0,False,False,False,False,False,False,False,C,289.0,P
8793_04,Europa,False,TRAPPIST-1e,52.0,False,False,False,False,False,False,False,C,289.0,P
8793_05,Europa,True,TRAPPIST-1e,47.0,False,False,False,False,False,False,False,C,289.0,P
8795_01,Earth,False,55 Cancri e,24.0,False,False,False,False,False,False,False,F,1813.0,P
8800_01,Earth,True,TRAPPIST-1e,3.0,False,False,False,False,False,False,False,G,1423.0,P
8800_02,Earth,False,TRAPPIST-1e,9.0,False,False,False,False,False,False,False,G,1423.0,P
8800_03,Earth,False,TRAPPIST-1e,2.0,False,False,False,False,False,False,False,G,1423.0,P
8800_04,Earth,False,TRAPPIST-1e,19.0,False,False,False,False,False,False,False,G,1423.0,P
8800_05,Earth,False,PSO J318.5-22,12.0,False,False,False,False,False,False,False,G,1423.0,P
8803_01,Earth,True,55 Cancri e,21.0,False,False,False,False,False,False,False,G,1424.0,P
8804_01,Mars,True,TRAPPIST-1e,20.0,False,False,False,False,False,False,False,F,1814.0,P
8804_02,Mars,True,TRAPPIST-1e,63.0,False,False,False,False,False,False,False,F,1814.0,P
8804_03,Mars,True,TRAPPIST-1e,15.0,False,False,False,False,False,False,False,F,1814.0,P
8804_04,Mars,False,TRAPPIST-1e,25.0,False,False,False,False,False,False,False,F,1814.0,P
8804_05,Mars,False,TRAPPIST-1e,13.0,False,False,False,False,False,False,False,F,1814.0,P
8810_01,Mars,False,TRAPPIST-1e,45.0,True,True,True,True,True,True,False,F,1709.0,S
8814_01,Earth,True,TRAPPIST-1e,17.0,False,False,False,False,False,False,False,G,1425.0,P
8829_01,Earth,False,55 Cancri e,18.0,False,False,False,False,False,False,False,G,1423.0,S
8832_01,Earth,False,TRAPPIST-1e,40.0,False,False,False,False,False,False,False,F,1714.0,S
8837_01,Earth,False,55 Cancri e,40.0,False,False,False,False,False,False,False,G,1426.0,S
8839_01,Europa,False,TRAPPIST-1e,65.0,False,False,False,False,False,False,False,A,105.0,S
8839_02,Europa,False,55 Cancri e,45.0,False,False,False,False,False,False,False,A,105.0,S
8846_01,Europa,False,TRAPPIST-1e,34.0,False,False,False,False,False,False,False,C,328.0,S
8846_02,Europa,False,TRAPPIST-1e,37.0,False,False,False,False,False,False,False,C,328.0,S
8847_01,Earth,True,TRAPPIST-1e,13.0,False,False,False,False,False,False,False,G,1432.0,P
8851_01,Earth,True,55 Cancri e,16.0,False,False,False,False,False,False,False,G,1428.0,S
8855_01,Mars,False,TRAPPIST-1e,16.0,False,False,False,False,False,False,False,E,581.0,S
8857_01,Earth,True,55 Cancri e,13.0,False,False,False,False,False,False,False,G,1435.0,P
8859_01,Mars,False,TRAPPIST-1e,19.0,False,False,False,False,False,False,False,D,268.0,S
8866_01,Earth,False,PSO J318.5-22,54.0,False,False,False,False,False,False,False,F,1827.0,P
8870_01,Mars,True,TRAPPIST-1e,13.0,False,False,False,False,False,False,False,F,1718.0,S
8870_02,Mars,False,TRAPPIST-1e,40.0,False,False,False,False,False,False,False,F,1718.0,S
8873_01,Europa,False,TRAPPIST-1e,25.0,False,False,False,False,False,False,False,A,93.0,P
8873_02,Europa,False,TRAPPIST-1e,36.0,False,False,False,False,False,False,False,A,93.0,P
8873_03,Europa,True,55 Cancri e,58.0,False,False,False,False,False,False,False,A,93.0,P
8875_01,Europa,False,TRAPPIST-1e,2.0,False,False,False,False,False,False,False,C,330.0,S
8875_02,Europa,False,TRAPPIST-1e,32.0,False,False,False,False,False,False,False,C,330.0,S
8875_03,Europa,True,TRAPPIST-1e,32.0,False,False,False,False,False,False,False,C,330.0,S
8877_01,Europa,True,TRAPPIST-1e,26.0,False,False,False,False,False,False,False,C,292.0,P
8877_02,Europa,True,TRAPPIST-1e,54.0,False,False,False,False,False,False,False,C,292.0,P
8879_01,Earth,True,TRAPPIST-1e,21.0,False,False,False,False,False,False,False,G,1437.0,P
8882_01,Earth,False,TRAPPIST-1e,46.0,False,False,False,False,False,False,False,E,583.0,S
8887_01,Mars,True,55 Cancri e,43.0,False,False,False,False,False,False,False,E,569.0,P
8888_01,Earth,False,TRAPPIST-1e,18.0,False,False,False,False,False,False,False,F,1720.0,S
8893_01,Europa,True,55 Cancri e,26.0,False,False,False,False,False,False,False,C,293.0,P
8893_02,Europa,True,55 Cancri e,15.0,False,False,False,False,False,False,False,C,293.0,P
8895_01,Europa,True,TRAPPIST-1e,39.0,False,False,False,False,False,False,False,C,294.0,P
8895_02,Europa,False,TRAPPIST-1e,41.0,False,False,False,False,False,False,False,C,294.0,P
8898_01,Earth,False,TRAPPIST-1e,39.0,False,False,False,False,False,False,False,E,584.0,S
8908_01,Earth,True,PSO J318.5-22,19.0,False,False,False,False,False,False,False,G,1439.0,S
8909_01,Earth,False,TRAPPIST-1e,13.0,False,False,False,False,False,False,False,F,1833.0,P
8911_01,Mars,False,TRAPPIST-1e,43.0,True,True,True,True,True,True,False,D,279.0,P
8912_01,Earth,True,PSO J318.5-22,33.0,False,False,False,False,False,False,False,G,1443.0,P
8913_01,Earth,True,TRAPPIST-1e,39.0,False,False,False,False,False,False,False,G,1444.0,P
8913_02,Earth,True,TRAPPIST-1e,1.0,False,False,False,False,False,False,False,G,1444.0,P
8913_03,Earth,False,55 Cancri e,5.0,False,False,False,False,False,False,False,G,1444.0,P
8914_01,Earth,False,TRAPPIST-1e,23.0,False,False,False,False,False,False,False,F,442.0,S
8915_01,Earth,False,TRAPPIST-1e,41.0,False,False,False,False,False,False,False,G,1446.0,P
8916_01,Earth,True,TRAPPIST-1e,39.0,False,False,False,False,False,False,False,G,1447.0,P
8917_01,Earth,True,TRAPPIST-1e,26.0,False,False,False,False,False,False,False,G,1440.0,S
8921_01,Europa,True,TRAPPIST-1e,25.0,False,False,False,False,False,False,False,B,288.0,P
8924_01,Europa,True,55 Cancri e,35.0,False,False,False,False,False,False,False,C,332.0,S
8925_01,Europa,True,TRAPPIST-1e,3.0,False,False,False,False,False,False,False,C,295.0,P
8925_02,Europa,False,TRAPPIST-1e,1.0,False,False,False,False,False,False,False,C,295.0,P
8925_03,Europa,True,55 Cancri e,13.0,False,False,False,False,False,False,False,C,295.0,P
8925_04,Europa,False,TRAPPIST-1e,41.0,False,False,False,False,False,False,False,C,295.0,P
8925_05,Europa,True,TRAPPIST-1e,36.0,False,False,False,False,False,False,False,C,295.0,P
8925_06,Europa,False,TRAPPIST-1e,27.0,False,False,False,False,False,False,False,C,295.0,P
8927_01,Europa,False,TRAPPIST-1e,40.0,False,False,False,False,False,False,False,C,296.0,P
8929_01,Earth,False,TRAPPIST-1e,59.0,False,False,False,False,False,False,False,F,1724.0,S
8931_01,Mars,False,PSO J318.5-22,25.0,False,False,False,False,False,False,False,F,1726.0,S
8933_01,Mars,False,TRAPPIST-1e,22.0,False,False,False,False,False,False,False,E,572.0,P
8934_01,Europa,False,55 Cancri e,32.0,False,False,False,False,False,False,False,E,573.0,P
8935_01,Earth,False,TRAPPIST-1e,22.0,False,False,False,False,False,False,False,F,1728.0,S
8936_01,Mars,False,TRAPPIST-1e,55.0,True,True,True,True,True,True,False,E,586.0,S
8943_01,Earth,False,TRAPPIST-1e,22.0,False,False,False,False,False,False,False,F,1730.0,S
8946_01,Europa,True,PSO J318.5-22,33.0,False,False,False,False,False,False,False,C,334.0,S
8949_01,Earth,False,TRAPPIST-1e,57.0,False,False,False,False,False,False,False,F,1835.0,P
8950_01,Earth,False,TRAPPIST-1e,26.0,False,False,False,False,False,False,False,G,1451.0,P
8951_01,Europa,False,55 Cancri e,28.0,False,False,False,False,False,False,False,B,289.0,P
8952_01,Earth,False,TRAPPIST-1e,23.0,False,False,False,False,False,False,False,F,1836.0,P
8953_01,Earth,False,TRAPPIST-1e,62.0,False,False,False,False,False,False,False,F,1732.0,S
8957_01,Earth,False,TRAPPIST-1e,45.0,False,False,False,False,False,False,False,G,1443.0,S
8958_01,Earth,True,TRAPPIST-1e,23.0,False,False,False,False,False,False,False,G,1454.0,P
8960_01,Earth,False,TRAPPIST-1e,0.0,False,False,False,False,False,False,False,G,1444.0,S
8960_02,Earth,False,TRAPPIST-1e,21.0,False,False,False,False,False,False,False,G,1444.0,S
8960_03,Earth,True,TRAPPIST-1e,0.0,False,False,False,False,False,False,False,G,1444.0,S
8962_01,Earth,False,TRAPPIST-1e,23.0,False,False,False,False,False,False,False,F,1733.0,S
8963_01,Europa,True,TRAPPIST-1e,25.0,False,False,False,False,False,False,False,F,442.0,S
8965_01,Mars,False,TRAPPIST-1e,32.0,False,False,False,False,False,False,False,D,271.0,S
8971_01,Europa,False,TRAPPIST-1e,46.0,False,False,False,False,False,False,False,B,290.0,P
8974_01,Europa,True,55 Cancri e,28.0,False,False,False,False,False,False,False,C,301.0,P
8979_01,Mars,False,PSO J318.5-22,39.0,True,True,True,True,True,True,False,F,1738.0,S
8980_01,Mars,False,TRAPPIST-1e,18.0,False,False,False,False,False,False,False,D,273.0,S
8980_02,Mars,False,55 Cancri e,22.0,False,False,False,False,False,False,False,D,273.0,S
8980_03,Mars,True,TRAPPIST-1e,23.0,False,False,False,False,False,False,False,D,273.0,S
8980_04,Mars,False,TRAPPIST-1e,22.0,False,False,False,False,False,False,False,D,273.0,S
8980_05,Mars,False,TRAPPIST-1e,73.0,False,False,False,False,False,False,False,D,273.0,S
8980_06,Mars,True,TRAPPIST-1e,17.0,False,False,False,False,False,False,False,D,273.0,S
8980_07,Mars,True,TRAPPIST-1e,20.0,False,False,False,False,False,False,False,D,273.0,S
8984_01,Earth,False,TRAPPIST-1e,15.0,False,False,False,False,False,False,False,F,442.0,S
8990_01,Earth,True,TRAPPIST-1e,55.0,False,False,False,False,False,False,False,G,1457.0,P
8991_01,Earth,False,TRAPPIST-1e,42.0,False,False,False,False,False,False,False,F,1843.0,P
8994_01,Mars,False,TRAPPIST-1e,39.0,False,False,False,False,False,False,False,F,1845.0,P
8994_02,Mars,True,TRAPPIST-1e,8.0,False,False,False,False,False,False,False,F,1845.0,P
8995_01,Mars,False,TRAPPIST-1e,38.0,False,False,False,False,False,False,False,D,284.0,P
9000_01,Earth,False,TRAPPIST-1e,17.0,False,False,False,False,False,False,False,G,1450.0,S
9002_01,Earth,False,TRAPPIST-1e,13.0,False,False,False,False,False,False,False,G,1451.0,S
9005_01,Earth,True,TRAPPIST-1e,28.0,False,False,False,False,False,False,False,G,1452.0,S
9016_01,Europa,False,55 Cancri e,22.0,False,False,False,False,False,False,False,B,345.0,S
9016_02,Europa,False,55 Cancri e,64.0,False,False,False,False,False,False,False,B,345.0,S
9016_03,Europa,False,55 Cancri e,30.0,True,True,True,True,True,True,False,B,345.0,S
9016_04,Europa,True,55 Cancri e,28.0,False,False,False,False,False,False,False,B,345.0,S
9016_05,Europa,False,55 Cancri e,26.0,False,False,False,False,False,False,False,B,345.0,S
9017_01,Earth,True,TRAPPIST-1e,39.0,False,False,False,False,False,False,False,G,1453.0,S
9022_01,Earth,False,TRAPPIST-1e,31.0,False,False,False,False,False,False,False,F,1748.0,S
9022_02,Earth,True,TRAPPIST-1e,24.0,False,False,False,False,False,False,False,F,1748.0,S
9022_03,Earth,True,TRAPPIST-1e,0.0,False,False,False,False,False,False,False,F,1748.0,S
9025_01,Earth,False,TRAPPIST-1e,42.0,False,False,False,False,False,False,False,G,1454.0,S
9025_02,Earth,True,TRAPPIST-1e,0.0,False,False,False,False,False,False,False,G,1454.0,S
9027_01,Earth,False,TRAPPIST-1e,43.0,False,False,False,False,False,False,False,F,1750.0,S
9033_01,Earth,True,TRAPPIST-1e,40.0,False,False,False,False,False,False,False,G,1456.0,S
9039_01,Earth,True,TRAPPIST-1e,23.0,False,False,False,False,False,False,False,G,1468.0,P
9040_01,Earth,False,TRAPPIST-1e,54.0,False,False,False,False,False,False,False,G,1469.0,P
9044_01,Earth,False,TRAPPIST-1e,18.0,False,False,False,False,False,False,False,F,1849.0,P
9045_01,Mars,False,TRAPPIST-1e,20.0,False,False,False,False,False,False,False,F,1850.0,P
9045_02,Mars,False,TRAPPIST-1e,24.0,False,False,False,False,False,False,False,E,579.0,P
9047_01,Earth,False,TRAPPIST-1e,18.0,False,False,False,False,False,False,False,F,1851.0,P
9050_01,Earth,True,TRAPPIST-1e,18.0,False,False,False,False,False,False,False,G,1472.0,P
9051_01,Earth,False,TRAPPIST-1e,47.0,False,False,False,False,False,False,False,G,1473.0,P
9053_01,Europa,True,55 Cancri e,25.0,False,False,False,False,False,False,False,B,295.0,P
9053_02,Europa,False,TRAPPIST-1e,28.0,True,True,True,True,True,True,False,B,295.0,P
9054_01,Earth,True,55 Cancri e,8.0,False,False,False,False,False,False,False,G,1458.0,S
9055_01,Earth,False,PSO J318.5-22,59.0,False,False,False,False,False,False,False,F,1852.0,P
9056_01,Europa,False,TRAPPIST-1e,51.0,False,False,False,False,False,False,False,D,289.0,P
9058_01,Mars,False,TRAPPIST-1e,38.0,False,False,False,False,False,False,False,F,442.0,S
9062_01,Earth,False,TRAPPIST-1e,26.0,False,False,False,False,False,False,False,F,1854.0,P
9062_02,Earth,True,TRAPPIST-1e,65.0,False,False,False,False,False,False,False,F,442.0,S
9063_01,Europa,True,55 Cancri e,36.0,False,False,False,False,False,False,False,B,346.0,S
9065_01,Mars,True,TRAPPIST-1e,26.0,False,False,False,False,False,False,False,F,1755.0,S
9067_01,Earth,False,TRAPPIST-1e,14.0,False,False,False,False,False,False,False,G,1459.0,S
9067_02,Earth,True,TRAPPIST-1e,9.0,False,False,False,False,False,False,False,G,1459.0,S
9070_01,Earth,False,TRAPPIST-1e,20.0,False,False,False,False,False,False,False,F,442.0,S
9070_02,Earth,False,TRAPPIST-1e,19.0,False,False,False,False,False,False,False,F,1757.0,S
9082_01,Earth,False,55 Cancri e,20.0,False,False,False,False,False,False,False,G,1477.0,P
9083_01,Mars,True,TRAPPIST-1e,34.0,False,False,False,False,False,False,False,F,1859.0,P
9083_02,Mars,True,TRAPPIST-1e,27.0,False,False,False,False,False,False,False,E,581.0,P
9086_01,Earth,True,TRAPPIST-1e,22.0,False,False,False,False,False,False,False,G,1462.0,S
9086_02,Earth,False,PSO J318.5-22,15.0,False,False,False,False,False,False,False,F,1759.0,S
9087_01,Mars,False,TRAPPIST-1e,28.0,False,False,False,False,False,False,False,F,1860.0,P
9088_01,Earth,False,55 Cancri e,28.0,False,False,False,False,False,False,False,E,596.0,S
9090_01,Earth,False,TRAPPIST-1e,19.0,False,False,False,False,False,False,False,G,1464.0,S
9091_01,Mars,True,TRAPPIST-1e,33.0,False,False,False,False,False,False,False,F,1861.0,P
9092_01,Earth,False,TRAPPIST-1e,29.0,False,False,False,False,False,False,False,F,1862.0,P
9093_01,Europa,False,TRAPPIST-1e,48.0,False,False,False,False,False,False,False,A,108.0,S
9095_01,Earth,False,TRAPPIST-1e,31.0,False,False,False,False,False,False,False,G,1478.0,P
9096_01,Earth,True,TRAPPIST-1e,29.0,False,False,False,False,False,False,False,G,1466.0,S
9096_02,Earth,True,PSO J318.5-22,24.0,False,False,False,False,False,False,False,G,1466.0,S
9100_01,Europa,False,TRAPPIST-1e,19.0,False,False,False,False,False,False,False,E,583.0,P
9102_01,Mars,True,TRAPPIST-1e,33.0,False,False,False,False,False,False,False,F,1760.0,S
9105_01,Earth,True,TRAPPIST-1e,29.0,False,False,False,False,False,False,False,G,1480.0,P
9109_01,Earth,True,TRAPPIST-1e,38.0,False,False,False,False,False,False,False,G,1481.0,P
9113_01,Mars,True,TRAPPIST-1e,19.0,False,False,False,False,False,False,False,F,1762.0,S
9117_01,Earth,False,TRAPPIST-1e,44.0,False,False,False,False,False,False,False,E,584.0,P
9121_01,Mars,True,TRAPPIST-1e,20.0,False,False,False,False,False,False,False,F,1869.0,P
9123_01,Mars,True,TRAPPIST-1e,53.0,False,False,False,False,False,False,False,F,1764.0,S
9133_01,Earth,True,TRAPPIST-1e,27.0,False,False,False,False,False,False,False,G,1486.0,P
9135_01,Earth,False,PSO J318.5-22,23.0,False,False,False,False,False,False,False,G,1487.0,P
9138_01,Europa,False,TRAPPIST-1e,41.0,False,False,False,False,False,False,False,F,442.0,S
9143_01,Earth,False,TRAPPIST-1e,28.0,False,False,False,False,False,False,False,G,1472.0,S
9143_02,Earth,False,55 Cancri e,18.0,False,False,False,False,False,False,False,F,1767.0,S
9143_03,Earth,False,TRAPPIST-1e,18.0,False,False,False,False,False,False,False,G,1472.0,S
9146_01,Earth,False,TRAPPIST-1e,52.0,False,False,False,False,False,False,False,F,1874.0,P
9146_02,Mars,False,TRAPPIST-1e,28.0,False,False,False,False,False,False,False,D,293.0,P
9146_03,Mars,True,55 Cancri e,15.0,False,False,False,False,False,False,False,F,1874.0,P
9147_01,Earth,True,TRAPPIST-1e,26.0,False,False,False,False,False,False,False,G,1490.0,P
9153_01,Earth,False,TRAPPIST-1e,15.0,False,False,False,False,False,False,False,G,1492.0,P
9154_01,Earth,True,TRAPPIST-1e,16.0,False,False,False,False,False,False,False,G,1475.0,S
9155_01,Europa,False,TRAPPIST-1e,17.0,False,False,False,False,False,False,False,C,304.0,P
9155_02,Europa,False,TRAPPIST-1e,48.0,False,False,False,False,False,False,False,C,304.0,P
9155_03,Europa,True,TRAPPIST-1e,26.0,False,False,False,False,False,False,False,C,304.0,P
9155_04,Europa,True,TRAPPIST-1e,34.0,False,False,False,False,False,False,False,C,304.0,P
9162_01,Europa,True,TRAPPIST-1e,25.0,False,False,False,False,False,False,False,D,294.0,P
9162_02,Europa,False,TRAPPIST-1e,29.0,False,False,False,False,False,False,False,D,294.0,P
9162_03,Europa,False,TRAPPIST-1e,36.0,False,False,False,False,False,False,False,D,294.0,P
9166_01,Europa,True,55 Cancri e,62.0,False,False,False,False,False,False,False,A,109.0,S
9171_01,Europa,False,TRAPPIST-1e,29.0,False,False,False,False,False,False,False,C,305.0,P
9177_01,Europa,True,55 Cancri e,19.0,False,False,False,False,False,False,False,C,306.0,P
9177_02,Europa,True,55 Cancri e,26.0,False,False,False,False,False,False,False,C,306.0,P
9182_01,Earth,False,TRAPPIST-1e,14.0,False,False,False,False,False,False,False,F,1776.0,S
9187_01,Mars,False,TRAPPIST-1e,40.0,False,False,False,False,False,False,False,E,589.0,P
9187_02,Mars,False,TRAPPIST-1e,30.0,False,False,False,False,False,False,False,F,1879.0,P
9191_01,Earth,True,TRAPPIST-1e,41.0,False,False,False,False,False,False,False,G,1482.0,S
9198_01,Europa,False,TRAPPIST-1e,31.0,False,False,False,False,False,False,False,D,277.0,S
9200_01,Earth,False,PSO J318.5-22,17.0,False,False,False,False,False,False,False,E,591.0,P
9204_01,Earth,False,TRAPPIST-1e,25.0,False,False,False,False,False,False,False,F,1781.0,S
9206_01,Europa,False,TRAPPIST-1e,27.0,False,False,False,False,False,False,False,B,352.0,S
9206_02,Europa,False,TRAPPIST-1e,47.0,False,False,False,False,False,False,False,B,352.0,S
9206_03,Europa,False,55 Cancri e,32.0,False,False,False,False,False,False,False,B,352.0,S
9207_01,Europa,False,TRAPPIST-1e,18.0,False,False,False,False,False,False,False,C,340.0,S
9209_01,Earth,False,55 Cancri e,33.0,False,False,False,False,False,False,False,F,1881.0,P
9210_01,Earth,False,TRAPPIST-1e,19.0,False,False,False,False,False,False,False,F,1882.0,P
9212_01,Earth,False,TRAPPIST-1e,13.0,False,False,False,False,False,False,False,F,1883.0,P
9212_02,Earth,True,TRAPPIST-1e,40.0,False,False,False,False,False,False,False,G,1495.0,P
9214_01,Europa,False,TRAPPIST-1e,32.0,False,False,False,False,False,False,False,C,341.0,S
9215_01,Europa,True,TRAPPIST-1e,42.0,False,False,False,False,False,False,False,A,96.0,P
9216_01,Earth,False,TRAPPIST-1e,22.0,False,False,False,False,False,False,False,F,1885.0,P
9223_01,Mars,True,TRAPPIST-1e,24.0,False,False,False,False,False,False,False,F,442.0,S
9223_02,Mars,True,TRAPPIST-1e,17.0,False,False,False,False,False,False,False,F,442.0,S
9228_01,Earth,False,TRAPPIST-1e,21.0,False,False,False,False,False,False,False,F,1887.0,P
9229_01,Mars,False,TRAPPIST-1e,24.0,False,False,False,False,False,False,False,E,605.0,S
9232_01,Earth,False,TRAPPIST-1e,41.0,False,False,False,False,False,False,False,G,1499.0,P
9236_01,Earth,False,TRAPPIST-1e,13.0,False,False,False,False,False,False,False,F,1790.0,S
9238_01,Earth,False,TRAPPIST-1e,10.0,False,False,False,False,False,False,False,G,1501.0,P
9238_02,Earth,True,55 Cancri e,3.0,False,False,False,False,False,False,False,G,1501.0,P
9238_03,Earth,True,TRAPPIST-1e,16.0,False,False,False,False,False,False,False,G,1501.0,P
9238_04,Earth,False,TRAPPIST-1e,26.0,False,False,False,False,False,False,False,G,1501.0,P
9238_05,Earth,True,TRAPPIST-1e,14.0,False,False,False,False,False,False,False,F,442.0,S
9238_06,Earth,False,55 Cancri e,0.0,False,False,False,False,False,False,False,G,1501.0,P
9238_07,Earth,False,TRAPPIST-1e,32.0,False,False,False,False,False,False,False,F,1890.0,P
9240_01,Earth,False,TRAPPIST-1e,15.0,False,False,False,False,False,False,False,E,594.0,P
9243_01,Europa,False,TRAPPIST-1e,35.0,False,False,False,False,False,False,False,E,596.0,P
9245_01,Earth,False,TRAPPIST-1e,20.0,False,False,False,False,False,False,False,F,1791.0,S
9249_01,Earth,False,TRAPPIST-1e,21.0,False,False,False,False,False,False,False,G,1492.0,S
9255_01,Mars,False,TRAPPIST-1e,32.0,False,False,False,False,False,False,False,F,1794.0,S
9258_01,Europa,True,TRAPPIST-1e,29.0,False,False,False,False,False,False,False,E,598.0,P
9260_01,Earth,True,55 Cancri e,3.0,False,False,False,False,False,False,False,G,1503.0,P
9262_01,Earth,False,55 Cancri e,20.0,False,False,False,False,False,False,False,F,1795.0,S
9263_01,Earth,True,TRAPPIST-1e,43.0,False,False,False,False,False,False,False,G,1495.0,S
9265_01,Mars,False,TRAPPIST-1e,43.0,False,False,False,False,False,False,False,D,278.0,S
9266_01,Earth,False,TRAPPIST-1e,40.0,False,False,False,False,False,False,False,F,1796.0,S
9266_02,Earth,True,TRAPPIST-1e,34.0,False,False,False,False,False,False,False,G,1496.0,S
9269_01,Earth,False,TRAPPIST-1e,42.0,False,False,False,False,False,False,False,F,442.0,S
9271_01,Mars,True,55 Cancri e,26.0,False,False,False,False,False,False,False,D,296.0,P
9273_01,Europa,False,TRAPPIST-1e,26.0,False,False,False,False,False,False,False,D,297.0,P
9277_01,Earth,True,PSO J318.5-22,43.0,False,False,False,False,False,False,False,G,1498.0,S
