PassengerId,Age,RoomService,FoodCourt,ShoppingMall,Spa,VRDeck,Transported,num,HomePlanet_Europa,HomePlanet_Mars,CryoSleep_True,Destination_PSO J318.5-22,Destination_TRAPPIST-1e,VIP_True,deck_B,deck_C,deck_D,deck_E,deck_F,deck_G,deck_T,side_S
0013_01,0.34177215189873417,False,False,False,False,False,False,0.0015873015873015873,False,False,True,False,True,False,False,False,False,False,False,True,False,True
0018_01,0.24050632911392406,False,False,False,False,False,False,0.0021164021164021165,False,False,False,False,True,False,False,False,False,False,True,False,False,True
0019_01,0.3924050632911392,False,False,False,False,False,False,0.0,True,False,True,False,False,False,False,True,False,False,False,False,False,True
0021_01,0.4810126582278481,False,False,False,False,False,False,0.0005291005291005291,True,False,False,False,True,False,False,True,False,False,False,False,False,True
0023_01,0.25316455696202533,False,False,False,False,False,False,0.002645502645502646,False,False,False,False,True,False,False,False,False,False,True,False,False,True
0027_01,0.3924050632911392,False,False,False,False,False,False,0.003703703703703704,False,False,False,False,True,False,False,False,False,False,True,False,False,False
0029_01,0.26582278481012656,False,False,False,False,False,False,0.0010582010582010583,True,False,True,False,False,False,True,False,False,False,False,False,False,False
0032_01,0.25316455696202533,False,False,False,False,False,False,0.0,True,False,True,False,True,False,False,False,True,False,False,False,False,True
0032_02,0.2911392405063291,False,False,False,False,False,False,0.0,True,False,True,False,False,False,False,False,True,False,False,False,False,True
0033_01,0.3037974683544304,False,False,False,False,False,False,0.003703703703703704,False,False,False,False,False,False,False,False,False,False,True,False,False,True
0037_01,0.24050632911392406,False,False,False,False,False,False,0.004761904761904762,False,False,False,False,True,False,False,False,False,False,True,False,False,True
0040_01,0.569620253164557,False,False,False,False,False,False,0.0010582010582010583,True,False,False,False,True,False,False,False,True,False,False,False,False,False
0040_02,0.5569620253164557,False,False,False,False,False,False,0.0010582010582010583,True,False,False,False,True,False,False,False,True,False,False,False,False,False
0042_01,0.5822784810126582,False,False,False,False,False,False,0.0,False,True,True,False,True,False,False,False,False,True,False,False,False,False
0046_01,0.26582278481012656,False,False,False,False,False,False,0.0021164021164021165,False,False,False,False,True,False,False,False,False,False,False,True,False,False
0046_02,0.34177215189873417,False,False,False,False,False,False,0.005820105820105821,False,False,False,False,True,False,False,False,False,False,True,False,False,False
0046_03,0.25316455696202533,False,False,False,False,False,False,0.005820105820105821,False,False,False,False,True,False,False,False,False,False,True,False,False,False
0047_01,0.5569620253164557,False,False,False,False,False,False,0.0,True,False,True,False,True,False,True,False,False,False,False,False,False,True
0047_02,0.3670886075949367,False,False,False,False,False,False,0.23386243386243388,True,False,False,False,True,False,False,False,False,False,True,False,False,True
0047_03,0.5063291139240507,False,False,False,False,False,False,0.0,True,False,False,False,True,False,True,False,False,False,False,False,False,True
0048_01,0.37974683544303794,False,False,False,False,False,False,0.002645502645502646,False,False,False,False,True,False,False,False,False,False,False,True,False,True
0049_01,0.17721518987341772,False,False,False,False,False,False,0.0005291005291005291,False,False,False,False,True,False,False,False,False,True,False,False,False,False
0054_01,0.3924050632911392,False,False,False,False,False,False,0.0021164021164021165,True,False,True,False,False,False,True,False,False,False,False,False,False,False
0054_02,0.34177215189873417,False,False,False,False,False,False,0.0021164021164021165,True,False,False,False,False,False,True,False,False,False,False,False,False,False
0054_03,0.8354430379746836,False,False,False,False,False,False,0.0021164021164021165,True,False,False,False,False,False,True,False,False,False,False,False,False,False
0055_01,0.3037974683544304,False,False,False,False,False,False,0.002645502645502646,False,False,False,False,True,False,False,False,False,False,False,True,False,False
0057_01,0.24050632911392406,False,False,False,False,False,False,0.0005291005291005291,True,False,False,False,False,False,False,True,False,False,False,False,False,False
0059_01,0.45569620253164556,False,False,False,False,False,False,0.0010582010582010583,False,False,True,False,True,False,False,False,False,True,False,False,False,False
0060_01,0.26582278481012656,False,False,False,False,False,False,0.006349206349206349,False,False,False,False,True,False,False,False,False,False,True,False,False,False
0063_01,0.22784810126582278,False,False,False,False,False,False,0.004232804232804233,False,False,True,False,False,False,False,False,False,False,False,True,False,True
0065_01,0.3291139240506329,False,False,False,False,False,False,0.004761904761904762,False,False,True,False,True,False,False,False,False,False,False,True,False,True
0075_01,0.24050632911392406,False,False,False,False,False,False,0.005820105820105821,False,False,False,False,True,False,False,False,False,False,False,True,False,True
0079_01,0.6075949367088608,False,False,False,False,False,False,0.006349206349206349,False,False,True,False,True,False,False,False,False,False,False,True,False,True
0080_01,0.2911392405063291,False,False,False,False,False,False,0.003703703703703704,False,False,False,False,True,False,False,False,False,False,False,True,False,False
0083_01,0.3037974683544304,False,False,False,False,False,False,0.004232804232804233,False,False,False,False,True,False,False,False,False,False,False,True,False,False
0087_01,0.24050632911392406,False,False,False,False,False,False,0.0015873015873015873,False,False,False,False,True,False,False,False,False,True,False,False,False,False
0089_01,0.3037974683544304,False,False,False,False,False,False,0.010052910052910053,False,True,True,False,True,False,False,False,False,False,True,False,False,True
0093_01,0.34177215189873417,False,False,False,False,False,False,0.005291005291005292,False,False,False,False,True,False,False,False,False,False,False,True,False,False
0094_01,0.0759493670886076,False,False,False,False,False,False,0.008994708994708995,False,False,True,False,True,False,False,False,False,False,False,True,False,True
0094_02,0.4177215189873418,False,False,False,False,False,False,0.011111111111111112,False,False,False,False,True,False,False,False,False,False,True,False,False,True
0095_01,0.2911392405063291,False,False,False,False,False,False,0.009523809523809525,False,False,False,True,False,False,False,False,False,False,True,False,False,False
0096_01,0.37974683544303794,False,False,False,False,False,False,0.011640211640211642,False,False,False,True,False,False,False,False,False,False,True,False,False,True
0100_01,0.3291139240506329,False,False,False,False,False,False,0.0068783068783068784,False,False,False,False,True,False,False,False,False,False,False,True,False,False
0100_02,0.012658227848101266,False,False,False,False,False,False,0.0068783068783068784,False,False,False,False,True,False,False,False,False,False,False,True,False,False
0104_01,0.25316455696202533,False,False,False,False,False,False,0.013227513227513229,False,False,False,False,True,False,False,False,False,False,True,False,False,True
0106_01,0.21518987341772153,False,False,False,False,False,False,0.013756613756613757,False,False,True,False,True,False,False,False,False,False,True,False,False,True
0109_01,0.43037974683544306,False,False,False,False,False,False,0.011640211640211642,False,False,False,False,True,False,False,False,False,False,True,False,False,False
0117_01,0.3037974683544304,False,False,False,False,False,False,0.0021164021164021165,False,False,False,True,False,False,False,False,False,True,False,False,False,False
0118_01,0.3670886075949367,False,False,False,False,False,False,0.007407407407407408,False,False,False,False,True,False,False,False,False,False,False,True,False,False
0121_01,0.25316455696202533,False,False,False,False,False,False,0.013756613756613757,False,False,False,False,True,False,False,False,False,False,True,False,False,False
0124_01,0.06329113924050633,False,False,False,False,False,False,0.007936507936507938,False,False,True,False,False,False,False,False,False,False,False,True,False,False
0125_01,0.27848101265822783,False,False,False,False,False,False,0.0031746031746031746,True,False,True,False,False,False,True,False,False,False,False,False,False,False
0125_02,0.20253164556962025,False,False,False,False,False,False,0.0031746031746031746,True,False,False,False,True,False,True,False,False,False,False,False,False,False
0130_01,0.08860759493670886,False,False,False,False,False,False,0.008465608465608466,False,False,True,False,False,False,False,False,False,False,False,True,False,False
0131_01,0.45569620253164556,False,False,False,False,False,False,0.014814814814814815,False,False,False,False,False,False,False,False,False,False,True,False,False,True
0132_01,0.3291139240506329,False,False,False,False,False,False,0.0021164021164021165,False,True,False,False,False,False,False,False,True,False,False,False,False,True
0135_01,0.5063291139240507,False,False,False,False,False,False,0.014814814814814815,False,False,False,False,True,False,False,False,False,False,True,False,False,False
0137_01,0.3670886075949367,False,False,False,False,False,False,0.012698412698412698,False,False,True,False,True,False,False,False,False,False,False,True,False,True
0142_01,0.02531645569620253,False,False,False,False,False,False,0.015873015873015876,False,True,True,False,True,False,False,False,False,False,True,False,False,True
0142_02,0.2911392405063291,False,False,False,False,False,False,0.015873015873015876,False,True,False,False,True,False,False,False,False,False,True,False,False,True
0142_03,0.0,False,False,False,False,False,False,0.015873015873015876,False,True,False,False,True,False,False,False,False,False,True,False,False,True
0143_01,0.37974683544303794,False,False,False,False,False,False,0.0010582010582010583,True,False,False,False,False,False,False,True,False,False,False,False,False,False
0145_01,0.7088607594936709,False,False,False,False,False,False,0.0031746031746031746,False,False,False,False,True,False,False,False,False,True,False,False,False,False
0150_01,0.45569620253164556,False,False,False,False,False,False,0.003703703703703704,True,False,True,False,True,False,True,False,False,False,False,False,False,False
0150_02,0.7088607594936709,False,False,False,False,False,False,0.003703703703703704,True,False,True,False,True,False,True,False,False,False,False,False,False,False
0153_01,0.24050632911392406,False,False,False,False,False,False,0.016931216931216932,False,False,False,False,True,False,False,False,False,False,True,False,False,True
0154_01,0.49367088607594933,False,False,False,False,False,False,0.011111111111111112,False,False,True,True,False,False,False,False,False,False,False,True,False,False
0155_01,0.4810126582278481,False,False,False,False,False,False,0.01746031746031746,False,True,False,False,True,False,False,False,False,False,True,False,False,False
0156_01,0.3291139240506329,False,False,False,False,False,False,0.01798941798941799,False,True,False,False,True,False,False,False,False,False,True,False,False,False
0157_01,0.4430379746835443,False,False,False,False,False,False,0.0005291005291005291,True,False,False,False,True,False,False,False,False,False,False,False,False,False
0158_01,0.3291139240506329,False,False,False,False,False,False,0.004761904761904762,False,False,False,False,False,False,False,False,False,True,False,False,False,True
0158_02,0.3924050632911392,False,False,False,False,False,False,0.01746031746031746,False,False,False,False,True,False,False,False,False,False,True,False,False,True
0159_01,0.4810126582278481,False,False,False,False,False,False,0.01798941798941799,False,False,False,False,True,False,False,False,False,False,True,False,False,True
0161_01,0.34177215189873417,False,False,False,False,False,False,0.01851851851851852,False,False,False,False,False,False,False,False,False,False,True,False,False,False
0162_01,0.37974683544303794,False,False,False,False,False,False,0.01904761904761905,False,True,True,False,False,False,False,False,False,False,True,False,False,False
0166_01,0.27848101265822783,False,False,False,False,False,False,0.015343915343915345,False,False,False,False,True,False,False,False,False,False,False,True,False,True
0168_01,0.3670886075949367,False,False,False,False,False,False,0.003703703703703704,True,False,True,False,True,False,False,True,False,False,False,False,False,True
0175_01,0.0,False,False,False,False,False,False,0.013227513227513229,False,False,True,False,True,False,False,False,False,False,False,True,False,False
0175_02,0.10126582278481013,False,False,False,False,False,False,0.013227513227513229,False,False,False,False,False,False,False,False,False,False,False,True,False,False
0175_03,0.0379746835443038,False,False,False,False,False,False,0.013227513227513229,False,False,True,False,True,False,False,False,False,False,False,True,False,False
0175_04,0.34177215189873417,False,False,False,False,False,False,0.013227513227513229,False,False,True,False,True,False,False,False,False,False,False,True,False,False
0175_05,0.11392405063291139,False,False,False,False,False,False,0.013227513227513229,False,False,False,False,True,False,False,False,False,False,False,True,False,False
0176_01,0.3670886075949367,False,False,False,False,False,False,0.020634920634920638,False,False,False,True,False,False,False,False,False,False,True,False,False,False
0180_01,0.22784810126582278,False,False,False,False,False,False,0.021164021164021166,False,False,False,False,True,False,False,False,False,False,True,False,False,False
0184_01,0.27848101265822783,False,False,False,False,False,False,0.003703703703703704,False,True,False,False,True,False,False,False,False,True,False,False,False,False
0185_01,0.3037974683544304,False,False,False,False,False,False,0.019576719576719578,False,True,False,False,True,False,False,False,False,False,True,False,False,True
0187_01,0.31645569620253167,False,False,False,False,False,False,0.020105820105820106,False,True,True,False,False,False,False,False,False,False,True,False,False,True
0191_01,0.45569620253164556,False,False,False,False,False,False,0.020634920634920638,False,False,False,False,True,False,False,False,False,False,True,False,False,True
0194_01,0.17721518987341772,False,False,False,False,False,False,0.0021164021164021165,True,False,True,False,True,False,False,True,False,False,False,False,False,False
0194_02,0.3037974683544304,False,False,False,False,False,False,0.0021164021164021165,True,False,True,False,False,False,False,True,False,False,False,False,False,False
0194_03,0.3291139240506329,True,True,True,True,True,False,0.0021164021164021165,True,False,False,False,False,True,False,True,False,False,False,False,False,False
0204_01,0.3670886075949367,False,False,False,False,False,False,0.02275132275132275,False,False,False,True,False,False,False,False,False,False,True,False,False,False
0208_01,0.5063291139240507,False,False,False,False,False,False,0.01746031746031746,False,False,False,False,True,False,False,False,False,False,False,True,False,False
0209_01,0.45569620253164556,False,False,False,False,False,False,0.005291005291005292,True,False,False,False,True,False,True,False,False,False,False,False,False,False
0214_01,0.5822784810126582,False,False,False,False,False,False,0.006349206349206349,True,False,False,False,True,False,False,False,False,True,False,False,False,True
0214_02,0.5316455696202531,False,False,False,False,False,False,0.006349206349206349,True,False,False,False,True,False,False,False,False,True,False,False,False,True
0215_01,0.2911392405063291,False,False,False,False,False,False,0.01798941798941799,False,False,True,False,True,False,False,False,False,False,False,True,False,False
0218_01,0.24050632911392406,False,False,False,False,False,False,0.01851851851851852,False,False,False,False,True,False,False,False,False,False,False,True,False,False
0226_01,0.31645569620253167,False,False,False,False,False,False,0.003703703703703704,True,False,False,False,False,False,False,False,True,False,False,False,False,True
0227_01,0.27848101265822783,False,False,False,False,False,False,0.23386243386243388,False,False,False,False,True,False,False,False,False,False,True,False,False,True
0228_01,0.4430379746835443,False,False,False,False,False,False,0.0021164021164021165,True,False,True,False,True,False,True,False,False,False,False,False,False,True
0228_02,0.49367088607594933,False,False,False,False,False,False,0.0021164021164021165,True,False,False,False,False,False,True,False,False,False,False,False,False,True
0228_03,0.5316455696202531,False,False,False,False,False,False,0.0021164021164021165,True,False,True,False,False,False,True,False,False,False,False,False,False,True
0228_04,0.4430379746835443,False,False,False,False,False,False,0.0021164021164021165,True,False,False,False,True,False,True,False,False,False,False,False,False,True
0230_01,0.3670886075949367,False,False,False,False,False,False,0.02592592592592593,False,False,True,True,False,False,False,False,False,False,True,False,False,False
0230_02,0.25316455696202533,False,False,False,False,False,False,0.02592592592592593,False,False,False,False,True,False,False,False,False,False,True,False,False,False
0235_01,0.31645569620253167,False,False,False,False,False,False,0.021164021164021166,False,False,True,False,True,False,False,False,False,False,False,True,False,False
0236_01,0.45569620253164556,False,False,False,False,False,False,0.026984126984126985,False,True,True,False,True,False,False,False,False,False,True,False,False,False
0238_01,0.49367088607594933,False,False,False,False,False,False,0.003703703703703704,False,True,False,False,True,False,False,False,True,False,False,False,False,False
0247_01,0.2911392405063291,False,False,False,False,False,False,0.004761904761904762,True,False,True,False,False,False,False,False,True,False,False,False,False,False
0247_02,0.24050632911392406,False,False,False,False,False,False,0.004761904761904762,True,False,True,False,False,False,False,False,True,False,False,False,False,False
0249_01,0.6329113924050633,False,False,False,False,False,False,0.021693121693121695,False,False,False,False,True,False,False,False,False,False,False,True,False,False
0256_01,0.5189873417721519,False,False,False,False,False,False,0.025396825396825397,False,False,False,True,False,False,False,False,False,False,True,False,False,True
0259_01,0.24050632911392406,False,False,False,False,False,False,0.029100529100529102,False,True,False,False,False,False,False,False,False,False,True,False,False,False
0262_01,0.25316455696202533,False,False,False,False,False,False,0.020634920634920638,False,False,False,False,True,False,False,False,False,False,False,True,False,True
0264_01,0.24050632911392406,False,False,False,False,False,False,0.002645502645502646,True,False,True,False,False,False,True,False,False,False,False,False,False,True
0264_02,0.4810126582278481,False,False,False,False,False,False,0.002645502645502646,True,False,True,False,True,False,True,False,False,False,False,False,False,True
0264_03,0.4050632911392405,False,False,False,False,False,False,0.002645502645502646,True,False,False,False,False,False,True,False,False,False,False,False,False,True
0266_01,0.5569620253164557,False,False,False,False,False,False,0.006349206349206349,False,True,False,False,True,False,False,False,False,True,False,False,False,False
0266_02,0.22784810126582278,False,False,False,False,False,False,0.03015873015873016,False,True,False,False,True,False,False,False,False,False,True,False,False,False
0268_01,0.620253164556962,False,False,False,False,False,False,0.03068783068783069,False,True,False,False,True,False,False,False,False,False,True,False,False,False
0268_02,0.2911392405063291,False,False,False,False,False,False,0.0068783068783068784,False,True,False,False,False,False,False,False,False,True,False,False,False,False
0271_01,0.3924050632911392,False,False,False,False,False,False,0.023280423280423283,False,False,False,False,True,False,False,False,False,False,False,True,False,False
0272_01,0.6962025316455696,False,False,False,False,False,False,0.005291005291005292,False,True,False,False,True,False,False,False,True,False,False,False,False,False
0273_01,0.7594936708860759,False,False,False,False,False,False,0.03174603174603175,False,True,False,False,True,False,False,False,False,False,True,False,False,False
0273_02,0.25316455696202533,False,False,False,False,False,False,0.03174603174603175,False,True,True,False,True,False,False,False,False,False,True,False,False,False
0273_03,0.43037974683544306,False,False,False,False,False,False,0.007407407407407408,False,True,False,False,True,False,False,False,False,True,False,False,False,False
0274_01,0.17721518987341772,False,False,False,False,False,False,0.008994708994708995,False,True,False,False,True,False,False,False,False,True,False,False,False,True
0274_02,0.3291139240506329,False,False,False,False,False,False,0.008994708994708995,False,True,True,False,True,False,False,False,False,True,False,False,False,True
0276_01,0.24050632911392406,False,False,False,False,False,False,0.0031746031746031746,True,False,False,False,False,False,True,False,False,False,False,False,False,True
0276_02,0.31645569620253167,False,False,False,False,False,False,0.0031746031746031746,True,False,True,False,True,False,True,False,False,False,False,False,False,True
0279_01,0.5316455696202531,False,False,False,False,False,False,0.03280423280423281,False,False,False,False,False,False,False,False,False,False,True,False,False,False
0280_01,0.22784810126582278,False,False,False,False,False,False,0.028042328042328046,False,False,False,False,True,False,False,False,False,False,True,False,False,True
0284_01,0.6329113924050633,False,False,False,False,False,False,0.007936507936507938,False,True,False,False,True,False,False,False,False,True,False,False,False,False
0292_01,0.3291139240506329,False,False,False,False,False,False,0.02962962962962963,False,False,False,False,True,False,False,False,False,False,True,False,False,True
0293_01,0.5949367088607594,False,False,False,False,False,False,0.23386243386243388,True,False,True,False,True,False,False,False,False,False,True,False,False,True
0295_01,0.4430379746835443,False,False,False,False,False,False,0.03492063492063492,False,False,False,True,False,False,False,False,False,False,True,False,False,False
0296_01,0.7341772151898734,False,False,False,False,False,False,0.03015873015873016,False,True,False,False,False,False,False,False,False,False,True,False,False,True
0299_01,0.25316455696202533,False,False,False,False,False,False,0.03068783068783069,False,False,False,False,False,False,False,False,False,False,True,False,False,True
0300_01,0.35443037974683544,False,False,False,False,False,False,0.005820105820105821,True,False,False,False,True,False,False,False,True,False,False,False,False,False
0308_01,0.1518987341772152,False,False,False,False,False,False,0.025396825396825397,False,False,True,True,False,False,False,False,False,False,False,True,False,False
0311_01,0.25316455696202533,False,False,False,False,False,False,0.008994708994708995,False,False,False,False,False,False,False,False,False,True,False,False,False,False
0312_01,0.27848101265822783,False,False,False,False,False,False,0.02592592592592593,False,False,True,False,True,False,False,False,False,False,False,True,False,False
0317_01,0.3924050632911392,False,False,False,False,False,False,0.02275132275132275,False,False,False,False,True,False,False,False,False,False,False,True,False,True
0318_01,0.3037974683544304,False,False,False,False,False,False,0.027513227513227514,False,False,True,True,False,False,False,False,False,False,False,True,False,False
0319_01,0.21518987341772153,False,False,False,False,False,False,0.009523809523809525,False,True,False,False,True,False,False,False,False,True,False,False,False,False
0319_02,0.3291139240506329,False,False,False,False,False,False,0.03650793650793651,False,True,True,False,False,False,False,False,False,False,True,False,False,False
0323_01,0.22784810126582278,False,False,False,False,False,False,0.23386243386243388,False,False,True,False,False,False,False,False,False,False,True,False,False,True
0325_01,0.6075949367088608,False,False,False,False,False,False,0.028571428571428574,False,False,False,False,True,False,False,False,False,False,False,True,False,False
0328_01,0.4810126582278481,False,False,False,False,False,False,0.03756613756613757,False,False,False,False,True,False,False,False,False,False,True,False,False,False
0329_01,0.4177215189873418,False,False,False,False,False,False,0.007407407407407408,True,False,True,False,False,False,True,False,False,False,False,False,False,False
0332_01,0.25316455696202533,False,False,False,False,False,False,0.029100529100529102,False,False,True,False,True,False,False,False,False,False,False,True,False,False
0335_01,0.27848101265822783,False,False,False,False,False,False,0.010582010582010583,False,True,False,False,True,False,False,False,False,True,False,False,False,True
0339_01,0.6582278481012658,False,False,False,False,False,False,0.03968253968253969,False,False,False,False,True,False,False,False,False,False,True,False,False,False
0339_02,0.18987341772151897,False,False,False,False,False,False,0.03968253968253969,False,False,False,False,False,False,False,False,False,False,True,False,False,False
0339_03,0.31645569620253167,False,False,False,False,False,False,0.03968253968253969,False,False,False,False,True,False,False,False,False,False,True,False,False,False
0339_04,0.17721518987341772,False,False,False,False,False,False,0.02962962962962963,False,False,True,False,False,False,False,False,False,False,False,True,False,False
0339_05,0.3291139240506329,False,False,False,False,False,False,0.02962962962962963,False,False,True,False,False,False,False,False,False,False,False,True,False,False
0339_06,0.20253164556962025,False,False,False,False,False,False,0.03968253968253969,False,False,False,False,True,False,False,False,False,False,True,False,False,False
0339_07,0.6075949367088608,False,False,False,False,False,False,0.02962962962962963,False,False,False,False,True,False,False,False,False,False,False,True,False,False
0339_08,0.45569620253164556,False,False,False,False,False,False,0.03968253968253969,False,False,False,False,True,False,False,False,False,False,True,False,False,False
0342_01,0.24050632911392406,False,False,False,False,False,False,0.010052910052910053,False,False,False,True,False,False,False,False,False,True,False,False,False,False
0342_02,0.5443037974683544,False,False,False,False,False,False,0.03068783068783069,False,False,True,True,False,False,False,False,False,False,False,True,False,False
0344_01,0.4050632911392405,False,False,False,False,False,False,0.004232804232804233,True,False,True,False,True,False,False,True,False,False,False,False,False,False
0344_02,0.6835443037974683,False,False,False,False,False,False,0.004232804232804233,True,False,False,False,False,False,False,True,False,False,False,False,False,False
0349_01,0.4177215189873418,False,False,False,False,False,False,0.0021164021164021165,True,False,False,False,True,False,False,False,False,False,False,False,False,True
0349_02,0.26582278481012656,False,False,False,False,False,False,0.0021164021164021165,True,False,True,False,True,False,False,False,False,False,False,False,False,True
0349_03,0.4177215189873418,False,False,False,False,False,False,0.0021164021164021165,True,False,False,False,True,False,False,False,False,False,False,False,False,True
0349_04,0.35443037974683544,False,False,False,False,False,False,0.0021164021164021165,True,False,True,False,False,False,False,False,False,False,False,False,False,True
0349_05,0.2911392405063291,False,False,False,False,False,False,0.0021164021164021165,True,False,False,False,True,False,False,False,False,False,False,False,False,True
0349_06,0.3291139240506329,False,False,False,False,False,False,0.0021164021164021165,True,False,False,False,True,False,False,False,False,False,False,False,False,True
0351_01,0.5189873417721519,False,False,False,False,False,False,0.040740740740740744,False,True,True,False,True,False,False,False,False,False,True,False,False,False
0353_01,0.02531645569620253,False,False,False,False,False,False,0.032275132275132276,False,False,True,False,True,False,False,False,False,False,False,True,False,False
0353_02,0.26582278481012656,False,False,False,False,False,False,0.032275132275132276,False,False,True,True,False,False,False,False,False,False,False,True,False,False
0354_01,0.8860759493670886,False,False,False,False,False,False,0.0417989417989418,False,False,False,True,False,False,False,False,False,False,True,False,False,False
0362_01,0.25316455696202533,False,False,False,False,False,False,0.04232804232804233,False,False,False,False,True,False,False,False,False,False,True,False,False,False
0363_01,0.3924050632911392,False,False,False,False,False,False,0.011640211640211642,False,False,False,False,True,False,False,False,False,True,False,False,False,True
0363_02,0.10126582278481013,False,False,False,False,False,False,0.011640211640211642,False,False,False,False,True,False,False,False,False,True,False,False,False,True
0363_03,0.06329113924050633,False,False,False,False,False,False,0.011640211640211642,False,False,True,False,True,False,False,False,False,True,False,False,False,True
0364_01,0.569620253164557,False,False,False,False,False,False,0.04285714285714286,False,True,False,False,True,False,False,False,False,False,True,False,False,False
0364_02,0.46835443037974683,False,False,False,False,False,False,0.23386243386243388,False,True,False,False,True,False,False,False,False,False,True,False,False,True
0366_01,0.3037974683544304,False,False,False,False,False,False,0.027513227513227514,False,False,True,False,True,False,False,False,False,False,False,True,False,True
0367_01,0.6962025316455696,False,False,False,False,False,False,0.005820105820105821,True,False,False,False,False,False,False,False,True,False,False,False,False,True
0374_01,0.22784810126582278,False,False,False,False,False,False,0.0455026455026455,False,False,False,False,True,False,False,False,False,False,True,False,False,False
0374_02,0.45569620253164556,False,False,False,False,False,False,0.23386243386243388,False,False,False,False,True,False,False,False,False,False,True,False,False,True
0386_01,0.7468354430379747,False,False,False,False,False,False,0.006349206349206349,False,True,False,False,True,False,False,False,True,False,False,False,False,True
0390_01,0.7721518987341772,False,False,False,False,False,False,0.03544973544973545,False,False,True,False,True,False,False,False,False,False,False,True,False,False
0393_01,0.5822784810126582,False,False,False,False,False,False,0.03068783068783069,False,False,False,False,False,False,False,False,False,False,False,True,False,True
0394_01,0.3670886075949367,False,False,False,False,False,False,0.046031746031746035,False,True,False,False,True,False,False,False,False,False,True,False,False,False
0399_01,0.22784810126582278,False,False,False,False,False,False,0.03597883597883598,False,False,True,False,True,False,False,False,False,False,False,True,False,False
0400_01,0.25316455696202533,False,False,False,False,False,False,0.005291005291005292,True,False,True,False,True,False,False,True,False,False,False,False,False,False
0404_01,0.35443037974683544,False,False,False,False,False,False,0.04656084656084657,False,True,False,False,True,False,False,False,False,False,True,False,False,False
0406_01,0.3291139240506329,False,False,False,False,False,False,0.03703703703703704,False,False,False,False,True,False,False,False,False,False,True,False,False,True
0414_01,0.4050632911392405,False,False,False,False,False,False,0.04920634920634921,False,False,False,False,True,False,False,False,False,False,True,False,False,False
0416_01,0.22784810126582278,False,False,False,False,False,False,0.01216931216931217,False,False,False,False,True,False,False,False,False,True,False,False,False,True
0418_01,0.6329113924050633,False,False,False,False,False,False,0.04973544973544974,False,False,False,False,True,False,False,False,False,False,True,False,False,False
0419_01,0.5949367088607594,False,False,False,False,False,False,0.03703703703703704,False,False,False,False,True,False,False,False,False,False,False,True,False,False
0419_02,0.18987341772151897,False,False,False,False,False,False,0.03703703703703704,False,False,True,True,False,False,False,False,False,False,False,True,False,False
0419_03,0.4430379746835443,False,False,False,False,False,False,0.03703703703703704,False,False,True,False,True,False,False,False,False,False,False,True,False,False
0420_01,0.620253164556962,False,False,False,False,False,False,0.05026455026455027,False,False,False,False,True,False,False,False,False,False,True,False,False,False
0421_01,0.4050632911392405,False,False,False,False,False,False,0.006349206349206349,True,False,False,False,False,False,False,True,False,False,False,False,False,False
0422_01,0.7974683544303798,False,False,False,False,False,False,0.032275132275132276,False,False,False,False,True,False,False,False,False,False,False,True,False,True
0424_01,0.6835443037974683,False,False,False,False,False,False,0.038624338624338624,False,True,False,False,True,False,False,False,False,False,True,False,False,True
0426_01,0.26582278481012656,False,False,False,False,False,False,0.039153439153439155,False,False,False,False,True,False,False,False,False,False,True,False,False,True
0440_01,0.4810126582278481,False,False,False,False,False,False,0.007407407407407408,False,True,False,False,True,False,False,False,True,False,False,False,False,False
0443_01,0.6329113924050633,False,False,False,False,False,False,0.012698412698412698,False,True,False,False,True,False,False,False,False,True,False,False,False,True
0450_01,0.4050632911392405,False,False,False,False,False,False,0.04338624338624339,False,False,False,True,False,False,False,False,False,False,True,False,False,True
0451_01,0.4177215189873418,False,False,False,False,False,False,0.008994708994708995,True,False,True,False,False,False,False,True,False,False,False,False,False,True
0455_01,0.37974683544303794,False,False,False,False,False,False,0.008465608465608466,True,False,False,False,True,False,False,False,True,False,False,False,False,False
0464_01,0.35443037974683544,False,False,False,False,False,False,0.03597883597883598,False,False,True,False,True,False,False,False,False,False,False,True,False,True
0467_01,0.27848101265822783,False,False,False,False,False,False,0.008994708994708995,False,True,True,False,True,False,False,False,True,False,False,False,False,False
0467_02,0.3291139240506329,False,False,False,False,False,False,0.008994708994708995,False,True,True,False,True,False,False,False,True,False,False,False,False,False
0467_03,0.46835443037974683,False,False,False,False,False,False,0.008994708994708995,False,True,True,False,False,False,False,False,True,False,False,False,False,False
0467_04,0.7468354430379747,False,False,False,False,False,False,0.008994708994708995,False,True,False,False,True,False,False,False,True,False,False,False,False,False
0469_01,0.3924050632911392,False,False,False,False,False,False,0.009523809523809525,True,False,False,False,True,False,False,True,False,False,False,False,False,True
0473_01,0.31645569620253167,False,False,False,False,False,False,0.05396825396825397,False,False,False,False,True,False,False,False,False,False,True,False,False,False
0478_01,0.4810126582278481,False,False,False,False,False,False,0.007407407407407408,True,False,False,False,True,False,False,True,False,False,False,False,False,False
0478_02,0.46835443037974683,False,False,False,False,False,False,0.007407407407407408,True,False,True,False,False,False,False,True,False,False,False,False,False,False
0479_01,0.5569620253164557,False,False,False,False,False,False,0.008465608465608466,True,False,True,False,False,False,True,False,False,False,False,False,False,True
0483_01,0.35443037974683544,False,False,False,False,False,False,0.009523809523809525,True,False,True,False,True,False,False,False,True,False,False,False,False,False
0483_02,0.569620253164557,False,False,False,False,False,False,0.009523809523809525,True,False,False,False,True,False,False,False,True,False,False,False,False,False
0484_01,0.6708860759493671,False,False,False,False,False,False,0.05502645502645503,False,True,True,False,False,False,False,False,False,False,True,False,False,False
0486_01,0.26582278481012656,False,False,False,False,False,False,0.03968253968253969,False,False,False,False,False,False,False,False,False,False,False,True,False,False
0489_01,0.4177215189873418,False,False,False,False,False,False,0.016402116402116404,False,True,True,False,True,False,False,False,False,True,False,False,False,False
0489_02,0.22784810126582278,False,False,False,False,False,False,0.05555555555555556,False,True,True,False,True,False,False,False,False,False,True,False,False,False
0491_01,0.46835443037974683,False,False,False,False,False,False,0.05608465608465609,False,False,False,True,False,False,False,False,False,False,True,False,False,False
0492_01,0.43037974683544306,False,False,False,False,False,False,0.008994708994708995,False,True,False,False,True,False,False,False,True,False,False,False,False,True
0493_01,0.5822784810126582,False,False,False,False,False,False,0.0380952380952381,False,False,True,False,True,False,False,False,False,False,False,True,False,True
0494_01,0.22784810126582278,False,False,False,False,False,False,0.007936507936507938,True,False,True,False,False,False,False,True,False,False,False,False,False,False
0494_02,0.24050632911392406,False,False,False,False,False,False,0.007936507936507938,True,False,False,False,True,False,False,True,False,False,False,False,False,False
0495_01,0.05063291139240506,False,False,False,False,False,False,0.038624338624338624,False,False,True,False,True,False,False,False,False,False,False,True,False,True
0495_02,0.0,False,False,False,False,False,False,0.038624338624338624,False,False,True,False,True,False,False,False,False,False,False,True,False,True
0495_03,0.1518987341772152,False,False,False,False,False,False,0.038624338624338624,False,False,True,False,True,False,False,False,False,False,False,True,False,True
0495_04,0.08860759493670886,False,False,False,False,False,False,0.038624338624338624,False,False,False,False,True,False,False,False,False,False,False,True,False,True
0495_05,0.43037974683544306,False,False,False,False,False,False,0.038624338624338624,False,False,False,False,True,False,False,False,False,False,False,True,False,True
0495_06,0.12658227848101267,False,False,False,False,False,False,0.038624338624338624,False,False,False,False,True,False,False,False,False,False,False,True,False,True
0496_01,0.0,False,False,False,False,False,False,0.040740740740740744,False,False,False,False,False,False,False,False,False,False,False,True,False,False
0496_02,0.17721518987341772,False,False,False,False,False,False,0.040740740740740744,False,False,True,True,False,False,False,False,False,False,False,True,False,False
0497_01,0.34177215189873417,False,False,False,False,False,False,0.056613756613756616,False,True,True,False,True,False,False,False,False,False,True,False,False,False
0505_01,0.26582278481012656,False,False,False,False,False,False,0.05714285714285715,False,False,False,False,True,False,False,False,False,False,True,False,False,False
0508_01,0.46835443037974683,False,False,False,False,False,False,0.010582010582010583,True,False,False,False,False,False,False,False,True,False,False,False,False,False
0509_01,0.3670886075949367,False,False,False,False,False,False,0.23386243386243388,False,False,True,False,True,False,False,False,False,False,True,False,False,True
0511_01,0.21518987341772153,False,False,False,False,False,False,0.04021164021164021,False,False,False,False,True,False,False,False,False,False,False,True,False,True
0514_01,0.21518987341772153,False,False,False,False,False,False,0.0417989417989418,False,False,True,False,True,False,False,False,False,False,False,True,False,False
0524_01,0.4430379746835443,False,False,False,False,False,False,0.0,True,False,False,False,True,False,False,False,False,False,False,False,True,True
0526_01,0.43037974683544306,False,False,False,False,False,False,0.04232804232804233,False,False,True,False,True,False,False,False,False,False,False,True,False,False
0530_01,0.21518987341772153,False,False,False,False,False,False,0.011111111111111112,True,False,False,False,True,False,True,False,False,False,False,False,False,True
0530_02,0.49367088607594933,False,False,False,False,False,False,0.011111111111111112,True,False,False,False,False,False,True,False,False,False,False,False,False,True
0530_03,0.7088607594936709,False,False,False,False,False,False,0.011111111111111112,True,False,True,False,False,False,True,False,False,False,False,False,False,True
0532_01,0.4430379746835443,False,False,False,False,False,False,0.011640211640211642,True,False,False,False,False,False,True,False,False,False,False,False,False,True
0532_02,0.21518987341772153,False,False,False,False,False,False,0.011640211640211642,True,False,True,False,True,False,True,False,False,False,False,False,False,True
0535_01,0.3670886075949367,False,False,False,False,False,False,0.01798941798941799,False,False,False,True,False,False,False,False,False,True,False,False,False,True
0536_01,0.18987341772151897,False,False,False,False,False,False,0.04973544973544974,False,True,False,False,True,False,False,False,False,False,True,False,False,True
0536_02,0.46835443037974683,False,False,False,False,False,False,0.01851851851851852,False,True,False,False,True,False,False,False,False,True,False,False,False,True
0541_01,0.45569620253164556,False,False,False,False,False,False,0.01216931216931217,True,False,True,False,True,False,True,False,False,False,False,False,False,True
0543_01,0.45569620253164556,False,False,False,False,False,False,0.04497354497354498,False,False,True,False,True,False,False,False,False,False,False,True,False,False
0544_01,0.22784810126582278,False,False,False,False,False,False,0.010582010582010583,True,False,False,False,True,False,False,True,False,False,False,False,False,True
0554_01,0.7721518987341772,False,False,False,False,False,False,0.05925925925925926,False,True,False,False,True,False,False,False,False,False,True,False,False,False
0557_01,0.569620253164557,False,False,False,False,False,False,0.05978835978835979,False,True,True,False,True,False,False,False,False,False,True,False,False,False
0557_02,0.26582278481012656,False,False,False,False,False,False,0.05978835978835979,False,True,True,False,True,False,False,False,False,False,True,False,False,False
0558_01,0.8227848101265822,False,False,False,False,False,False,0.053439153439153446,False,False,False,False,True,False,False,False,False,False,True,False,False,True
0562_01,0.34177215189873417,False,False,False,False,False,False,0.05502645502645503,False,True,False,False,True,False,False,False,False,False,True,False,False,True
0562_02,0.16455696202531644,False,False,False,False,False,False,0.05502645502645503,False,True,True,False,True,False,False,False,False,False,True,False,False,True
0574_01,0.4050632911392405,False,False,False,False,False,False,0.23386243386243388,False,True,False,False,True,False,False,False,False,False,True,False,False,True
0578_01,0.21518987341772153,False,False,False,False,False,False,0.044444444444444446,False,False,True,False,True,False,False,False,False,False,False,True,False,True
0578_02,0.5569620253164557,False,False,False,False,False,False,0.044444444444444446,False,False,False,False,True,False,False,False,False,False,False,True,False,True
0584_01,0.26582278481012656,False,False,False,False,False,False,0.04656084656084657,False,False,True,False,True,False,False,False,False,False,False,True,False,False
0584_02,0.20253164556962025,False,False,False,False,False,False,0.06296296296296297,False,False,False,False,True,False,False,False,False,False,True,False,False,False
0592_01,0.5189873417721519,False,False,False,False,False,False,0.06455026455026455,False,False,False,False,True,False,False,False,False,False,True,False,False,False
0595_01,0.5063291139240507,False,False,False,False,False,False,0.04656084656084657,False,False,True,False,True,False,False,False,False,False,False,True,False,True
0601_01,0.20253164556962025,False,False,False,False,False,False,0.04867724867724868,False,False,False,False,True,False,False,False,False,False,False,True,False,False
0604_01,0.21518987341772153,False,False,False,False,False,False,0.0671957671957672,False,False,False,False,True,False,False,False,False,False,True,False,False,False
0605_01,0.5063291139240507,False,False,False,False,False,False,0.058201058201058205,False,False,False,False,True,False,False,False,False,False,True,False,False,True
0606_01,0.46835443037974683,False,False,False,False,False,False,0.04920634920634921,False,False,True,True,False,False,False,False,False,False,False,True,False,False
0613_01,0.6708860759493671,False,False,False,False,False,False,0.013756613756613757,True,False,True,False,True,False,True,False,False,False,False,False,False,False
0613_02,0.5316455696202531,False,False,False,False,False,False,0.013756613756613757,True,False,True,False,True,False,True,False,False,False,False,False,False,False
0616_01,0.3924050632911392,False,False,False,False,False,False,0.021164021164021166,False,False,False,False,True,False,False,False,False,True,False,False,False,True
0617_01,0.22784810126582278,False,False,False,False,False,False,0.0687830687830688,False,True,False,False,True,False,False,False,False,False,True,False,False,False
0620_01,0.6455696202531646,True,True,True,True,True,False,0.06984126984126984,False,True,False,False,True,True,False,False,False,False,True,False,False,False
0620_02,0.25316455696202533,False,False,False,False,False,False,0.06984126984126984,False,True,False,False,True,False,False,False,False,False,True,False,False,False
0620_03,0.24050632911392406,False,False,False,False,False,False,0.06984126984126984,False,True,False,False,False,False,False,False,False,False,True,False,False,False
0621_01,0.27848101265822783,False,False,False,False,False,False,0.021693121693121695,False,False,False,False,True,False,False,False,False,True,False,False,False,True
0622_01,0.5189873417721519,False,False,False,False,False,False,0.014285714285714287,True,False,False,False,False,False,True,False,False,False,False,False,False,False
0624_01,0.35443037974683544,False,False,False,False,False,False,0.022222222222222223,True,False,False,False,True,False,False,False,False,True,False,False,False,True
0625_01,0.0,False,False,False,False,False,False,0.05873015873015874,False,True,True,False,False,False,False,False,False,False,True,False,False,True
0625_02,0.5316455696202531,False,False,False,False,False,False,0.05873015873015874,False,True,True,False,True,False,False,False,False,False,True,False,False,True
0625_03,0.25316455696202533,False,False,False,False,False,False,0.05873015873015874,False,True,True,False,False,False,False,False,False,False,True,False,False,True
0626_01,0.31645569620253167,False,False,False,False,False,False,0.012698412698412698,True,False,True,False,False,False,True,False,False,False,False,False,False,True
0626_02,0.27848101265822783,False,False,False,False,False,False,0.012698412698412698,True,False,True,False,True,False,True,False,False,False,False,False,False,True
0626_03,0.31645569620253167,True,True,True,True,True,False,0.011111111111111112,True,False,False,False,True,True,False,False,True,False,False,False,False,True
0627_01,0.569620253164557,False,False,False,False,False,False,0.011640211640211642,False,True,False,False,True,False,False,False,True,False,False,False,False,True
0632_01,0.24050632911392406,False,False,False,False,False,False,0.0708994708994709,False,False,False,False,True,False,False,False,False,False,True,False,False,False
0632_02,0.20253164556962025,False,False,False,False,False,False,0.019576719576719578,False,False,False,True,False,False,False,False,False,True,False,False,False,False
0632_03,0.22784810126582278,False,False,False,False,False,False,0.051322751322751325,False,False,True,False,True,False,False,False,False,False,False,True,False,False
0640_01,0.4810126582278481,False,False,False,False,False,False,0.013756613756613757,True,False,True,False,True,False,False,False,True,False,False,False,False,False
0640_02,0.34177215189873417,False,False,False,False,False,False,0.013756613756613757,True,False,True,False,False,False,False,False,True,False,False,False,False,False
0648_01,0.45569620253164556,False,False,False,False,False,False,0.014285714285714287,False,True,False,False,False,False,False,False,True,False,False,False,False,False
0648_02,0.26582278481012656,False,False,False,False,False,False,0.014285714285714287,False,True,False,False,True,False,False,False,True,False,False,False,False,False
0649_01,0.012658227848101266,False,False,False,False,False,False,0.05238095238095238,False,False,False,False,True,False,False,False,False,False,False,True,False,False
0651_01,0.31645569620253167,False,False,False,False,False,False,0.014814814814814815,True,False,True,False,True,False,False,False,True,False,False,False,False,False
0652_01,0.0379746835443038,False,False,False,False,False,False,0.050793650793650794,False,False,True,True,False,False,False,False,False,False,False,True,False,True
0652_02,0.08860759493670886,False,False,False,False,False,False,0.050793650793650794,False,False,False,False,True,False,False,False,False,False,False,True,False,True
0652_03,0.0,False,False,False,False,False,False,0.050793650793650794,False,False,False,False,True,False,False,False,False,False,False,True,False,True
0652_04,0.4050632911392405,False,False,False,False,False,False,0.06137566137566138,False,False,False,False,True,False,False,False,False,False,True,False,False,True
0652_05,0.06329113924050633,False,False,False,False,False,False,0.050793650793650794,False,False,False,False,False,False,False,False,False,False,False,True,False,True
0654_01,1.0,False,False,False,False,False,False,0.052910052910052914,False,False,False,False,True,False,False,False,False,False,False,True,False,False
0662_01,0.24050632911392406,False,False,False,False,False,False,0.07354497354497355,False,False,False,False,True,False,False,False,False,False,True,False,False,False
0666_01,0.37974683544303794,False,False,False,False,False,False,0.052910052910052914,False,False,True,False,True,False,False,False,False,False,False,True,False,True
0666_02,0.16455696202531644,False,False,False,False,False,False,0.06296296296296297,False,False,False,False,True,False,False,False,False,False,True,False,False,True
0667_01,0.6708860759493671,False,False,False,False,False,False,0.015343915343915345,False,True,False,False,True,False,False,False,True,False,False,False,False,False
0670_01,0.5063291139240507,False,False,False,False,False,False,0.021164021164021166,False,True,False,False,True,False,False,False,False,True,False,False,False,False
0670_02,0.4050632911392405,False,False,False,False,False,False,0.021164021164021166,False,True,False,False,True,False,False,False,False,True,False,False,False,False
0673_01,0.3924050632911392,False,False,False,False,False,False,0.05502645502645503,False,False,True,False,False,False,False,False,False,False,False,True,False,False
0675_01,0.7974683544303798,False,False,False,False,False,False,0.02486772486772487,False,False,False,False,True,False,False,False,False,True,False,False,False,True
0676_01,0.22784810126582278,False,False,False,False,False,False,0.0634920634920635,False,True,False,False,True,False,False,False,False,False,True,False,False,True
0681_01,0.26582278481012656,False,False,False,False,False,False,0.05608465608465609,False,False,True,False,True,False,False,False,False,False,False,True,False,False
0692_01,0.17721518987341772,False,False,False,False,False,False,0.06560846560846562,False,False,False,False,True,False,False,False,False,False,True,False,False,True
0694_01,0.5189873417721519,False,False,False,False,False,False,0.05555555555555556,False,False,True,True,False,False,False,False,False,False,False,True,False,True
0695_01,0.5063291139240507,False,False,False,False,False,False,0.05608465608465609,False,False,True,False,False,False,False,False,False,False,False,True,False,True
0698_01,0.7341772151898734,False,False,False,False,False,False,0.06613756613756615,False,False,False,False,True,False,False,False,False,False,True,False,False,True
0700_01,0.27848101265822783,False,False,False,False,False,False,0.07830687830687831,False,False,False,False,True,False,False,False,False,False,True,False,False,False
0706_01,0.16455696202531644,False,False,False,False,False,False,0.05714285714285715,False,False,True,False,False,False,False,False,False,False,False,True,False,False
0708_01,0.20253164556962025,False,False,False,False,False,False,0.015343915343915345,True,False,True,False,True,False,True,False,False,False,False,False,False,False
0708_02,0.16455696202531644,False,False,False,False,False,False,0.015343915343915345,True,False,True,False,False,False,True,False,False,False,False,False,False,False
0711_01,0.18987341772151897,False,False,False,False,False,False,0.06772486772486773,False,True,False,False,True,False,False,False,False,False,True,False,False,True
0716_01,0.5316455696202531,False,False,False,False,False,False,0.026984126984126985,False,True,False,False,True,False,False,False,False,True,False,False,False,True
0717_01,0.3037974683544304,False,False,False,False,False,False,0.016402116402116404,True,False,True,False,True,False,True,False,False,False,False,False,False,False
0717_02,0.24050632911392406,False,False,False,False,False,False,0.016402116402116404,True,False,False,False,False,False,True,False,False,False,False,False,False,False
0717_03,0.3291139240506329,False,False,False,False,False,False,0.016402116402116404,True,False,True,False,True,False,True,False,False,False,False,False,False,False
0717_04,0.3670886075949367,False,False,False,False,False,False,0.016402116402116404,True,False,True,False,True,False,True,False,False,False,False,False,False,False
0717_05,0.18987341772151897,False,False,False,False,False,False,0.016402116402116404,True,False,False,False,True,False,True,False,False,False,False,False,False,False
0717_06,0.4810126582278481,False,False,False,False,False,False,0.016402116402116404,True,False,False,False,True,False,True,False,False,False,False,False,False,False
0717_07,0.620253164556962,False,False,False,False,False,False,0.016402116402116404,True,False,True,False,False,False,True,False,False,False,False,False,False,False
0720_01,0.25316455696202533,False,False,False,False,False,False,0.06825396825396826,False,True,True,False,True,False,False,False,False,False,True,False,False,True
0720_02,0.3291139240506329,False,False,False,False,False,False,0.027513227513227514,False,True,False,False,True,False,False,False,False,True,False,False,False,True
0720_03,0.24050632911392406,False,False,False,False,False,False,0.013756613756613757,False,True,False,False,True,False,False,False,True,False,False,False,False,True
0721_01,0.5822784810126582,False,False,False,False,False,False,0.0687830687830688,False,False,False,False,True,False,False,False,False,False,True,False,False,True
0722_01,0.26582278481012656,False,False,False,False,False,False,0.0798941798941799,False,True,False,False,True,False,False,False,False,False,True,False,False,False
0723_01,0.3670886075949367,False,False,False,False,False,False,0.06931216931216931,False,False,False,False,False,False,False,False,False,False,True,False,False,True
0725_01,0.3291139240506329,False,False,False,False,False,False,0.058201058201058205,False,False,True,True,False,False,False,False,False,False,False,True,False,False
0730_01,0.5569620253164557,False,False,False,False,False,False,0.07142857142857144,False,False,False,False,True,False,False,False,False,False,True,False,False,True
0731_01,0.24050632911392406,False,False,False,False,False,False,0.07195767195767196,False,False,False,False,True,False,False,False,False,False,True,False,False,True
0731_02,0.3670886075949367,False,False,False,False,False,False,0.07195767195767196,False,False,False,False,True,False,False,False,False,False,True,False,False,True
0735_01,0.31645569620253167,False,False,False,False,False,False,0.08201058201058202,False,True,False,False,True,False,False,False,False,False,True,False,False,False
0739_01,0.5189873417721519,False,False,False,False,False,False,0.23386243386243388,False,False,False,False,True,False,False,False,False,False,True,False,False,True
0741_01,0.24050632911392406,False,False,False,False,False,False,0.07248677248677249,False,False,False,False,False,False,False,False,False,False,True,False,False,True
0742_01,0.4177215189873418,False,False,False,False,False,False,0.028571428571428574,False,True,False,False,True,False,False,False,False,True,False,False,False,True
0742_02,0.31645569620253167,False,False,False,False,False,False,0.07301587301587302,False,True,True,False,True,False,False,False,False,False,True,False,False,True
0744_01,0.5569620253164557,False,False,False,False,False,False,0.013756613756613757,True,False,True,False,False,False,True,False,False,False,False,False,False,True
0745_01,0.26582278481012656,False,False,False,False,False,False,0.02380952380952381,False,False,False,False,True,False,False,False,False,True,False,False,False,False
0747_01,0.4050632911392405,False,False,False,False,False,False,0.0835978835978836,False,True,False,False,True,False,False,False,False,False,True,False,False,False
0748_01,0.4177215189873418,False,False,False,False,False,False,0.07354497354497355,False,True,True,False,True,False,False,False,False,False,True,False,False,True
0748_02,0.4050632911392405,False,False,False,False,False,False,0.07354497354497355,False,True,False,False,True,False,False,False,False,False,True,False,False,True
0749_01,0.24050632911392406,False,False,False,False,False,False,0.08412698412698413,False,True,True,False,True,False,False,False,False,False,True,False,False,False
0751_01,0.26582278481012656,False,False,False,False,False,False,0.0746031746031746,False,True,True,False,True,False,False,False,False,False,True,False,False,True
0752_01,0.2911392405063291,False,False,False,False,False,False,0.05978835978835979,False,False,True,False,True,False,False,False,False,False,False,True,False,True
0755_01,0.3924050632911392,False,False,False,False,False,False,0.016931216931216932,True,False,False,False,False,False,False,False,True,False,False,False,False,False
0758_01,0.27848101265822783,False,False,False,False,False,False,0.015343915343915345,True,False,False,False,True,False,False,True,False,False,False,False,False,True
0758_02,0.9367088607594937,False,False,False,False,False,False,0.23386243386243388,True,False,True,False,False,False,False,False,False,False,True,False,False,True
0758_03,0.6708860759493671,False,False,False,False,False,False,0.015343915343915345,True,False,False,False,True,False,False,True,False,False,False,False,False,True
0759_01,0.5063291139240507,False,False,False,False,False,False,0.013227513227513229,True,False,True,False,False,False,False,True,False,False,False,False,False,False
0759_02,0.2911392405063291,False,False,False,False,False,False,0.013227513227513229,True,False,False,False,False,False,False,True,False,False,False,False,False,False
0759_03,0.45569620253164556,False,False,False,False,False,False,0.013227513227513229,True,False,True,False,True,False,False,True,False,False,False,False,False,False
0760_01,0.22784810126582278,False,False,False,False,False,False,0.08465608465608467,False,False,False,False,True,False,False,False,False,False,True,False,False,False
0763_01,0.3670886075949367,False,False,False,False,False,False,0.015873015873015876,True,False,True,False,True,False,False,True,False,False,False,False,False,True
0763_02,0.6075949367088608,False,False,False,False,False,False,0.015873015873015876,True,False,False,False,True,False,False,True,False,False,False,False,False,True
0766_01,0.43037974683544306,False,False,False,False,False,False,0.029100529100529102,False,True,True,False,True,False,False,False,False,True,False,False,False,True
0774_01,0.43037974683544306,False,False,False,False,False,False,0.014285714285714287,True,False,False,False,True,False,False,True,False,False,False,False,False,False
0774_02,0.34177215189873417,False,False,False,False,False,False,0.01746031746031746,True,False,False,False,False,False,True,False,False,False,False,False,False,False
0774_03,0.5569620253164557,False,False,False,False,False,False,0.01746031746031746,True,False,False,False,True,False,True,False,False,False,False,False,False,False
0775_01,0.0,False,False,False,False,False,False,0.016402116402116404,True,False,False,False,True,False,False,True,False,False,False,False,False,True
0775_02,0.012658227848101266,False,False,False,False,False,False,0.016402116402116404,True,False,True,False,True,False,False,True,False,False,False,False,False,True
0775_03,0.22784810126582278,False,False,False,False,False,False,0.016402116402116404,True,False,True,False,True,False,False,True,False,False,False,False,False,True
0775_04,0.2911392405063291,False,False,False,False,False,False,0.016402116402116404,True,False,False,False,True,False,False,True,False,False,False,False,False,True
0775_05,0.3291139240506329,False,False,False,False,False,False,0.016402116402116404,True,False,False,False,True,False,False,True,False,False,False,False,False,True
0775_06,0.5822784810126582,False,False,False,False,False,False,0.016402116402116404,True,False,True,False,False,False,False,True,False,False,False,False,False,True
0778_01,0.5189873417721519,False,False,False,False,False,False,0.016931216931216932,True,False,True,False,True,False,False,True,False,False,False,False,False,True
0778_02,0.31645569620253167,False,False,False,False,False,False,0.016931216931216932,True,False,False,False,False,False,False,True,False,False,False,False,False,True
0780_01,0.6329113924050633,False,False,False,False,False,False,0.014285714285714287,False,True,True,False,True,False,False,False,True,False,False,False,False,True
0783_01,0.35443037974683544,False,False,False,False,False,False,0.08677248677248678,False,False,False,False,True,False,False,False,False,False,True,False,False,False
0792_01,0.21518987341772153,False,False,False,False,False,False,0.06137566137566138,False,False,True,True,False,False,False,False,False,False,False,True,False,False
0800_01,0.3670886075949367,True,True,True,True,True,False,0.01798941798941799,True,False,False,False,False,True,False,True,False,False,False,False,False,True
0801_01,0.24050632911392406,False,False,False,False,False,False,0.08835978835978836,False,True,True,False,True,False,False,False,False,False,True,False,False,False
0803_01,0.43037974683544306,False,False,False,False,False,False,0.06243386243386244,False,False,False,False,False,False,False,False,False,False,False,True,False,False
0804_01,0.35443037974683544,False,False,False,False,False,False,0.014814814814814815,True,False,True,False,False,False,False,True,False,False,False,False,False,False
0807_01,0.5949367088607594,False,False,False,False,False,False,0.07936507936507937,False,True,False,False,True,False,False,False,False,False,True,False,False,True
0810_01,0.35443037974683544,False,False,False,False,False,False,0.08888888888888889,False,True,False,False,True,False,False,False,False,False,True,False,False,False
0812_01,0.4810126582278481,False,False,False,False,False,False,0.03068783068783069,False,True,True,False,True,False,False,False,False,True,False,False,False,True
0814_01,0.27848101265822783,True,True,True,True,True,False,0.08095238095238096,False,True,False,False,True,True,False,False,False,False,True,False,False,True
0821_01,0.22784810126582278,False,False,False,False,False,False,0.08201058201058202,False,True,False,False,False,False,False,False,False,False,True,False,False,True
0827_01,0.26582278481012656,False,False,False,False,False,False,0.003703703703703704,True,False,False,False,True,False,False,False,False,False,False,False,False,False
0827_02,0.5063291139240507,False,False,False,False,False,False,0.003703703703703704,True,False,False,False,True,False,False,False,False,False,False,False,False,False
0827_03,0.8481012658227848,False,False,False,False,False,False,0.003703703703703704,True,False,True,False,False,False,False,False,False,False,False,False,False,False
0831_01,0.49367088607594933,False,False,False,False,False,False,0.091005291005291,False,False,False,True,False,False,False,False,False,False,True,False,False,False
0832_01,0.24050632911392406,False,False,False,False,False,False,0.06455026455026455,False,False,True,True,False,False,False,False,False,False,False,True,False,False
0837_01,0.35443037974683544,False,False,False,False,False,False,0.01798941798941799,True,False,True,False,True,False,False,False,True,False,False,False,False,False
0837_02,0.3670886075949367,False,False,False,False,False,False,0.01798941798941799,True,False,False,False,False,False,False,False,True,False,False,False,False,False
0838_01,0.27848101265822783,False,False,False,False,False,False,0.02433862433862434,False,True,True,False,True,False,False,False,False,True,False,False,False,False
0838_02,0.2911392405063291,False,False,False,False,False,False,0.01851851851851852,False,True,False,False,True,False,False,False,True,False,False,False,False,False
0841_01,0.5189873417721519,False,False,False,False,False,False,0.09206349206349207,False,False,False,True,False,False,False,False,False,False,True,False,False,False
0842_01,0.31645569620253167,False,False,False,False,False,False,0.02486772486772487,False,True,True,False,True,False,False,False,False,True,False,False,False,False
0843_01,0.5443037974683544,False,False,False,False,False,False,0.06560846560846562,False,False,True,True,False,False,False,False,False,False,False,True,False,False
0844_01,0.6835443037974683,False,False,False,False,False,False,0.032275132275132276,False,True,True,False,True,False,False,False,False,True,False,False,False,True
0847_01,0.17721518987341772,False,False,False,False,False,False,0.0851851851851852,False,False,False,False,True,False,False,False,False,False,True,False,False,True
0852_01,0.8734177215189873,False,False,False,False,False,False,0.015343915343915345,True,False,True,False,True,False,False,False,True,False,False,False,False,True
0854_01,0.3037974683544304,False,False,False,False,False,False,0.06666666666666667,False,False,True,True,False,False,False,False,False,False,False,True,False,True
0855_01,0.46835443037974683,False,False,False,False,False,False,0.01746031746031746,True,False,False,False,True,False,True,False,False,False,False,False,False,True
0856_01,0.35443037974683544,False,False,False,False,False,False,0.09365079365079365,False,False,False,False,True,False,False,False,False,False,True,False,False,False
0857_01,0.7468354430379747,False,False,False,False,False,False,0.01798941798941799,True,False,False,False,False,False,True,False,False,False,False,False,False,True
0858_01,0.25316455696202533,False,False,False,False,False,False,0.01904761904761905,False,True,False,False,True,False,False,False,True,False,False,False,False,False
0858_02,0.2911392405063291,False,False,False,False,False,False,0.09417989417989418,False,True,True,False,True,False,False,False,False,False,True,False,False,False
0861_01,0.7468354430379747,False,False,False,False,False,False,0.06772486772486773,False,False,False,False,True,False,False,False,False,False,False,True,False,True
0862_01,0.25316455696202533,False,False,False,False,False,False,0.06613756613756615,False,False,True,False,True,False,False,False,False,False,False,True,False,False
0864_01,0.45569620253164556,False,False,False,False,False,False,0.015873015873015876,False,True,False,False,True,False,False,False,True,False,False,False,False,True
0864_02,0.5443037974683544,False,False,False,False,False,False,0.08571428571428572,False,True,True,False,True,False,False,False,False,False,True,False,False,True
0864_03,0.11392405063291139,False,False,False,False,False,False,0.08571428571428572,False,True,True,False,True,False,False,False,False,False,True,False,False,True
0866_01,0.4050632911392405,False,False,False,False,False,False,0.09470899470899471,False,True,True,False,True,False,False,False,False,False,True,False,False,False
0872_01,0.3037974683544304,False,False,False,False,False,False,0.03333333333333333,False,False,False,False,True,False,False,False,False,True,False,False,False,True
0880_01,0.17721518987341772,False,False,False,False,False,False,0.026455026455026457,False,True,True,True,False,False,False,False,False,True,False,False,False,False
0880_02,0.569620253164557,False,False,False,False,False,False,0.026455026455026457,False,True,True,False,True,False,False,False,False,True,False,False,False,False
0882_01,0.2911392405063291,False,False,False,False,False,False,0.06984126984126984,False,False,False,False,True,False,False,False,False,False,False,True,False,True
0884_01,0.7468354430379747,False,False,False,False,False,False,0.06772486772486773,False,False,False,False,True,False,False,False,False,False,False,True,False,False
0884_02,0.35443037974683544,False,False,False,False,False,False,0.23386243386243388,False,False,False,False,True,False,False,False,False,False,True,False,False,True
0886_01,0.7721518987341772,False,False,False,False,False,False,0.0962962962962963,False,True,False,False,True,False,False,False,False,False,True,False,False,False
0886_02,0.6582278481012658,False,False,False,False,False,False,0.0962962962962963,False,True,True,False,True,False,False,False,False,False,True,False,False,False
0886_03,0.06329113924050633,False,False,False,False,False,False,0.0962962962962963,False,True,True,False,True,False,False,False,False,False,True,False,False,False
0887_01,0.6455696202531646,False,False,False,False,False,False,0.016402116402116404,True,False,False,False,True,False,False,True,False,False,False,False,False,False
0887_02,0.3291139240506329,False,False,False,False,False,False,0.016402116402116404,True,False,False,False,True,False,False,True,False,False,False,False,False,False
0888_01,0.5569620253164557,False,False,False,False,False,False,0.019576719576719578,False,True,False,False,True,False,False,False,True,False,False,False,False,False
0888_02,0.5822784810126582,False,False,False,False,False,False,0.09682539682539683,False,True,False,False,True,False,False,False,False,False,True,False,False,False
0891_01,0.4050632911392405,False,False,False,False,False,False,0.01746031746031746,False,True,False,False,True,False,False,False,True,False,False,False,False,True
0892_01,0.21518987341772153,False,False,False,False,False,False,0.01904761904761905,True,False,True,False,True,False,False,True,False,False,False,False,False,True
0892_02,0.26582278481012656,False,False,False,False,False,False,0.01904761904761905,True,False,True,False,False,False,False,True,False,False,False,False,False,True
0892_03,0.6582278481012658,False,False,False,False,False,False,0.01904761904761905,True,False,True,False,False,False,False,True,False,False,False,False,False,True
0894_01,0.6582278481012658,False,False,False,False,False,False,0.019576719576719578,True,False,True,False,False,False,False,True,False,False,False,False,False,True
0895_01,0.17721518987341772,False,False,False,False,False,False,0.09788359788359789,False,False,False,False,True,False,False,False,False,False,True,False,False,False
0896_01,0.26582278481012656,False,False,False,False,False,False,0.09841269841269842,False,False,False,False,True,False,False,False,False,False,True,False,False,False
0897_01,0.5316455696202531,False,False,False,False,False,False,0.01904761904761905,True,False,True,False,False,False,True,False,False,False,False,False,False,True
0897_02,0.35443037974683544,False,False,False,False,False,False,0.01904761904761905,True,False,True,False,True,False,True,False,False,False,False,False,False,True
0900_01,0.3291139240506329,False,False,False,False,False,False,0.06931216931216931,False,False,True,True,False,False,False,False,False,False,False,True,False,False
0908_01,0.08860759493670886,False,False,False,False,False,False,0.07195767195767196,False,False,True,False,True,False,False,False,False,False,False,True,False,True
0909_01,0.17721518987341772,False,False,False,False,False,False,0.08941798941798942,False,True,False,False,True,False,False,False,False,False,True,False,False,True
0909_02,0.0379746835443038,False,False,False,False,False,False,0.08941798941798942,False,True,True,False,True,False,False,False,False,False,True,False,False,True
0909_03,0.3291139240506329,False,False,False,False,False,False,0.08941798941798942,False,True,True,False,True,False,False,False,False,False,True,False,False,True
0914_01,0.6835443037974683,False,False,False,False,False,False,0.033862433862433865,True,False,False,False,False,False,False,False,False,True,False,False,False,True
0916_01,0.6962025316455696,False,False,False,False,False,False,0.06984126984126984,False,False,False,False,True,False,False,False,False,False,False,True,False,False
0917_01,0.20253164556962025,False,False,False,False,False,False,0.0343915343915344,False,True,False,False,True,False,False,False,False,True,False,False,False,True
0920_01,0.4810126582278481,False,False,False,False,False,False,0.01798941798941799,True,False,False,False,True,False,False,True,False,False,False,False,False,False
0929_01,0.6075949367088608,False,False,False,False,False,False,0.0746031746031746,False,False,False,False,True,False,False,False,False,False,False,True,False,True
0934_01,0.16455696202531644,False,False,False,False,False,False,0.07513227513227513,False,False,False,False,False,False,False,False,False,False,False,True,False,True
0936_01,0.25316455696202533,False,False,False,False,False,False,0.09047619047619049,False,False,False,False,True,False,False,False,False,False,True,False,False,True
0937_01,0.22784810126582278,False,False,False,False,False,False,0.027513227513227514,False,True,True,False,True,False,False,False,False,True,False,False,False,False
0943_01,0.569620253164557,False,False,False,False,False,False,0.10423280423280425,False,True,True,False,True,False,False,False,False,False,True,False,False,False
0943_02,0.06329113924050633,False,False,False,False,False,False,0.10423280423280425,False,True,True,False,True,False,False,False,False,False,True,False,False,False
0943_03,0.5316455696202531,False,False,False,False,False,False,0.10423280423280425,False,True,False,False,False,False,False,False,False,False,True,False,False,False
0945_01,0.6329113924050633,False,False,False,False,False,False,0.03650793650793651,False,True,False,False,False,False,False,False,False,True,False,False,False,True
0945_02,0.26582278481012656,False,False,False,False,False,False,0.09153439153439154,False,True,False,False,True,False,False,False,False,False,True,False,False,True
0948_01,0.27848101265822783,False,False,False,False,False,False,0.07354497354497355,False,False,False,False,True,False,False,False,False,False,False,True,False,False
0950_01,0.2911392405063291,False,False,False,False,False,False,0.09206349206349207,False,True,True,False,True,False,False,False,False,False,True,False,False,True
0954_01,0.27848101265822783,False,False,False,False,False,False,0.10582010582010583,False,False,False,True,False,False,False,False,False,False,True,False,False,False
0958_01,0.26582278481012656,False,False,False,False,False,False,0.09312169312169313,False,False,False,False,True,False,False,False,False,False,True,False,False,True
0959_01,0.3037974683544304,False,False,False,False,False,False,0.03756613756613757,False,False,False,True,False,False,False,False,False,True,False,False,False,True
0962_01,0.3037974683544304,False,False,False,False,False,False,0.09365079365079365,False,False,False,False,True,False,False,False,False,False,True,False,False,True
0963_01,0.5316455696202531,False,False,False,False,False,False,0.01798941798941799,True,False,True,False,True,False,False,False,True,False,False,False,False,True
0967_01,0.24050632911392406,False,False,False,False,False,False,0.09523809523809525,False,False,False,False,True,False,False,False,False,False,True,False,False,True
0973_01,0.4050632911392405,False,False,False,False,False,False,0.0761904761904762,False,False,False,False,True,False,False,False,False,False,False,True,False,False
0974_01,0.4430379746835443,False,False,False,False,False,False,0.029100529100529102,False,False,False,False,True,False,False,False,False,True,False,False,False,False
0977_01,0.24050632911392406,False,False,False,False,False,False,0.07777777777777778,False,False,True,True,False,False,False,False,False,False,False,True,False,True
0980_01,0.6962025316455696,False,False,False,False,False,False,0.09576719576719578,False,False,False,False,True,False,False,False,False,False,True,False,False,True
0981_01,0.4430379746835443,False,False,False,False,False,False,0.07830687830687831,False,False,False,False,True,False,False,False,False,False,False,True,False,True
0981_02,0.7974683544303798,False,False,False,False,False,False,0.07830687830687831,False,False,True,False,True,False,False,False,False,False,False,True,False,True
0986_01,0.8354430379746836,False,False,False,False,False,False,0.019576719576719578,True,False,False,False,True,False,True,False,False,False,False,False,False,False
0986_02,0.569620253164557,False,False,False,False,False,False,0.019576719576719578,True,False,True,False,False,False,True,False,False,False,False,False,False,False
0996_01,0.25316455696202533,False,False,False,False,False,False,0.10846560846560847,False,False,False,True,False,False,False,False,False,False,True,False,False,False
0999_01,0.26582278481012656,False,False,False,False,False,False,0.07777777777777778,False,False,True,True,False,False,False,False,False,False,False,True,False,False
0999_02,0.6455696202531646,False,False,False,False,False,False,0.07777777777777778,False,False,False,False,True,False,False,False,False,False,False,True,False,False
1003_01,0.16455696202531644,False,False,False,False,False,False,0.08201058201058202,False,False,False,False,True,False,False,False,False,False,False,True,False,True
1007_01,0.3037974683544304,False,False,False,False,False,False,0.08306878306878307,False,False,False,False,True,False,False,False,False,False,False,True,False,True
1009_01,0.35443037974683544,False,False,False,False,False,False,0.108994708994709,False,True,False,False,True,False,False,False,False,False,True,False,False,False
1010_01,0.6582278481012658,False,False,False,False,False,False,0.09947089947089947,False,True,True,False,True,False,False,False,False,False,True,False,False,True
1016_01,0.4050632911392405,False,False,False,False,False,False,0.006349206349206349,True,False,False,False,False,False,False,False,False,False,False,False,False,True
1021_01,0.2911392405063291,False,False,False,False,False,False,0.10158730158730159,False,False,False,False,True,False,False,False,False,False,True,False,False,True
1023_01,0.46835443037974683,False,False,False,False,False,False,0.10211640211640212,False,True,True,False,True,False,False,False,False,False,True,False,False,True
1028_01,0.4430379746835443,False,False,False,False,False,False,0.08465608465608467,False,False,True,True,False,False,False,False,False,False,False,True,False,True
1037_01,0.5822784810126582,False,False,False,False,False,False,0.08571428571428572,False,False,True,False,True,False,False,False,False,False,False,True,False,True
1039_01,0.4177215189873418,False,False,False,False,False,False,0.10317460317460318,False,False,False,False,True,False,False,False,False,False,True,False,False,True
1042_01,0.43037974683544306,True,True,True,True,True,False,0.004232804232804233,True,False,False,False,False,True,False,False,False,False,False,False,False,False
1044_01,0.6455696202531646,False,False,False,False,False,False,0.08730158730158731,False,False,False,False,True,False,False,False,False,False,False,True,False,True
1050_01,0.3291139240506329,False,False,False,False,False,False,0.08306878306878307,False,False,True,False,True,False,False,False,False,False,False,True,False,False
1055_01,0.34177215189873417,False,False,False,False,False,False,0.0835978835978836,False,False,False,False,True,False,False,False,False,False,False,True,False,False
1059_01,0.27848101265822783,False,False,False,False,False,False,0.021164021164021166,True,False,True,False,False,False,False,True,False,False,False,False,False,False
1059_02,0.4177215189873418,False,False,False,False,False,False,0.021164021164021166,True,False,True,False,False,False,False,True,False,False,False,False,False,False
1061_01,0.3924050632911392,False,False,False,False,False,False,0.021693121693121695,True,False,True,False,False,False,False,True,False,False,False,False,False,False
1064_01,0.20253164556962025,False,False,False,False,False,False,0.03121693121693122,False,False,False,False,True,False,False,False,False,True,False,False,False,False
1064_02,0.0759493670886076,False,False,False,False,False,False,0.08412698412698413,False,False,False,False,False,False,False,False,False,False,False,True,False,False
1067_01,0.22784810126582278,False,False,False,False,False,False,0.10740740740740741,False,False,False,True,False,False,False,False,False,False,True,False,False,True
1069_01,0.37974683544303794,False,False,False,False,False,False,0.021164021164021166,True,False,True,False,False,False,False,False,True,False,False,False,False,False
1070_01,0.3037974683544304,False,False,False,False,False,False,0.11693121693121694,False,False,False,False,True,False,False,False,False,False,True,False,False,False
1072_01,0.7215189873417721,False,False,False,False,False,False,0.08465608465608467,False,False,True,True,False,False,False,False,False,False,False,True,False,False
1072_02,0.3037974683544304,False,False,False,False,False,False,0.08465608465608467,False,False,True,False,True,False,False,False,False,False,False,True,False,False
1072_03,0.2911392405063291,False,False,False,False,False,False,0.08465608465608467,False,False,False,False,True,False,False,False,False,False,False,True,False,False
1072_04,0.5063291139240507,False,False,False,False,False,False,0.08465608465608467,False,False,False,False,True,False,False,False,False,False,False,True,False,False
1072_05,0.26582278481012656,False,False,False,False,False,False,0.08465608465608467,False,False,False,False,False,False,False,False,False,False,False,True,False,False
1072_06,0.21518987341772153,False,False,False,False,False,False,0.08465608465608467,False,False,False,False,True,False,False,False,False,False,False,True,False,False
1072_07,0.31645569620253167,False,False,False,False,False,False,0.08465608465608467,False,False,True,False,False,False,False,False,False,False,False,True,False,False
1072_08,0.43037974683544306,False,False,False,False,False,False,0.08465608465608467,False,False,True,False,True,False,False,False,False,False,False,True,False,False
1073_01,0.22784810126582278,False,False,False,False,False,False,0.08888888888888889,False,False,False,False,True,False,False,False,False,False,False,True,False,True
1074_01,0.10126582278481013,False,False,False,False,False,False,0.03968253968253969,False,False,False,False,True,False,False,False,False,True,False,False,False,True
1074_02,0.17721518987341772,False,False,False,False,False,False,0.03968253968253969,False,False,True,True,False,False,False,False,False,True,False,False,False,True
1081_01,0.20253164556962025,False,False,False,False,False,False,0.08677248677248678,False,False,False,False,True,False,False,False,False,False,False,True,False,False
1087_01,0.27848101265822783,False,False,False,False,False,False,0.11746031746031747,False,True,False,False,True,False,False,False,False,False,True,False,False,False
1090_01,0.26582278481012656,False,False,False,False,False,False,0.022222222222222223,True,False,True,False,True,False,True,False,False,False,False,False,False,True
1090_02,0.2911392405063291,False,False,False,False,False,False,0.022222222222222223,True,False,False,False,False,False,True,False,False,False,False,False,False,True
1092_01,0.3291139240506329,False,False,False,False,False,False,0.08835978835978836,False,False,True,False,False,False,False,False,False,False,False,True,False,False
1098_01,0.22784810126582278,False,False,False,False,False,False,0.019576719576719578,False,True,False,False,True,False,False,False,True,False,False,False,False,True
1101_01,0.9113924050632911,False,False,False,False,False,False,0.09047619047619049,False,False,False,False,True,False,False,False,False,False,False,True,False,True
1103_01,0.22784810126582278,False,False,False,False,False,False,0.12063492063492064,False,True,False,False,True,False,False,False,False,False,True,False,False,False
1104_01,0.3037974683544304,False,False,False,False,False,False,0.021693121693121695,True,False,True,False,False,False,False,True,False,False,False,False,False,True
1106_01,0.45569620253164556,False,False,False,False,False,False,0.11058201058201059,False,True,False,False,True,False,False,False,False,False,True,False,False,True
1106_02,0.16455696202531644,False,False,False,False,False,False,0.11058201058201059,False,True,True,False,True,False,False,False,False,False,True,False,False,True
1107_01,0.24050632911392406,False,False,False,False,False,False,0.11111111111111112,False,False,False,False,True,False,False,False,False,False,True,False,False,True
1109_01,0.35443037974683544,False,False,False,False,False,False,0.11216931216931218,False,False,False,True,False,False,False,False,False,False,True,False,False,True
1111_01,0.02531645569620253,False,False,False,False,False,False,0.091005291005291,False,False,True,False,False,False,False,False,False,False,False,True,False,True
1111_02,0.06329113924050633,False,False,False,False,False,False,0.091005291005291,False,False,True,False,True,False,False,False,False,False,False,True,False,True
1111_03,0.31645569620253167,False,False,False,False,False,False,0.040740740740740744,False,False,False,False,False,False,False,False,False,True,False,False,False,True
1118_01,0.569620253164557,False,False,False,False,False,False,0.02275132275132275,True,False,False,False,True,False,False,True,False,False,False,False,False,True
1118_02,0.7468354430379747,False,False,False,False,False,False,0.02275132275132275,True,False,True,False,True,False,False,True,False,False,False,False,False,True
1118_03,0.0759493670886076,False,False,False,False,False,False,0.02275132275132275,True,False,False,False,True,False,False,True,False,False,False,False,False,True
1118_04,0.45569620253164556,False,False,False,False,False,False,0.02275132275132275,True,False,False,False,True,False,False,True,False,False,False,False,False,True
1118_05,0.5063291139240507,False,False,False,False,False,False,0.02275132275132275,True,False,False,False,True,False,False,True,False,False,False,False,False,True
1119_01,0.45569620253164556,True,True,True,True,True,False,0.11322751322751323,False,True,False,False,True,True,False,False,False,False,True,False,False,True
1119_02,0.3924050632911392,False,False,False,False,False,False,0.11322751322751323,False,True,True,False,True,False,False,False,False,False,True,False,False,True
1120_01,0.24050632911392406,False,False,False,False,False,False,0.08888888888888889,False,False,False,True,False,False,False,False,False,False,False,True,False,False
1122_01,0.16455696202531644,False,False,False,False,False,False,0.08941798941798942,False,False,True,False,True,False,False,False,False,False,False,True,False,False
1124_01,0.3924050632911392,False,False,False,False,False,False,0.023280423280423283,True,False,True,False,True,False,False,True,False,False,False,False,False,True
1124_02,0.27848101265822783,False,False,False,False,False,False,0.023280423280423283,False,False,True,False,True,False,False,True,False,False,False,False,False,True
1124_03,0.6582278481012658,False,False,False,False,False,False,0.023280423280423283,True,False,False,False,False,False,False,True,False,False,False,False,False,True
1125_01,0.27848101265822783,False,False,False,False,False,False,0.1216931216931217,False,False,False,False,True,False,False,False,False,False,True,False,False,False
1125_02,0.43037974683544306,False,False,False,False,False,False,0.08994708994708996,False,False,True,False,True,False,False,False,False,False,False,True,False,False
1126_01,0.2911392405063291,False,False,False,False,False,False,0.11375661375661376,False,True,True,False,True,False,False,False,False,False,True,False,False,True
1128_01,0.17721518987341772,False,False,False,False,False,False,0.021693121693121695,True,False,True,False,False,False,True,False,False,False,False,False,False,False
1128_02,0.37974683544303794,False,False,False,False,False,False,0.021693121693121695,True,False,True,False,True,False,True,False,False,False,False,False,False,False
1131_01,0.9493670886075949,False,False,False,False,False,False,0.023280423280423283,True,False,True,False,False,False,True,False,False,False,False,False,False,True
1135_01,0.35443037974683544,False,False,False,False,False,False,0.02380952380952381,True,False,False,False,True,False,True,False,False,False,False,False,False,True
1135_02,0.7721518987341772,False,False,False,False,False,False,0.23386243386243388,True,False,False,False,False,False,False,False,False,False,True,False,False,True
1135_03,0.31645569620253167,False,False,False,False,False,False,0.02380952380952381,True,False,False,False,True,False,True,False,False,False,False,False,False,True
1135_04,0.26582278481012656,False,False,False,False,False,False,0.02380952380952381,True,False,False,False,False,False,True,False,False,False,False,False,False,True
1137_01,0.3291139240506329,False,False,False,False,False,False,0.04338624338624339,True,False,False,False,True,False,False,False,False,True,False,False,False,True
1137_02,0.35443037974683544,True,True,True,True,True,False,0.0068783068783068784,True,False,False,False,False,True,False,False,False,False,False,False,False,True
1138_01,0.5189873417721519,False,False,False,False,False,False,0.03492063492063492,True,False,False,False,True,False,False,False,False,True,False,False,False,False
1139_01,0.31645569620253167,False,False,False,False,False,False,0.091005291005291,False,False,True,True,False,False,False,False,False,False,False,True,False,False
1143_01,0.35443037974683544,False,False,False,False,False,False,0.1142857142857143,False,False,False,False,False,False,False,False,False,False,True,False,False,True
1145_01,0.0,False,False,False,False,False,False,0.12222222222222223,False,True,False,False,True,False,False,False,False,False,True,False,False,False
1145_02,0.24050632911392406,False,False,False,False,False,False,0.12222222222222223,False,True,False,False,True,False,False,False,False,False,True,False,False,False
1145_03,0.27848101265822783,False,False,False,False,False,False,0.03544973544973545,False,True,False,False,True,False,False,False,False,True,False,False,False,False
1145_04,0.02531645569620253,False,False,False,False,False,False,0.12222222222222223,False,True,False,False,True,False,False,False,False,False,True,False,False,False
1151_01,0.4430379746835443,False,False,False,False,False,False,0.09523809523809525,False,False,False,False,False,False,False,False,False,False,False,True,False,True
1157_01,0.5316455696202531,False,False,False,False,False,False,0.11587301587301588,False,False,False,False,True,False,False,False,False,False,True,False,False,True
1158_01,0.5822784810126582,False,False,False,False,False,False,0.03597883597883598,False,True,True,False,True,False,False,False,False,True,False,False,False,False
1158_02,0.3291139240506329,False,False,False,False,False,False,0.03597883597883598,False,True,True,False,True,False,False,False,False,True,False,False,False,False
1159_01,0.24050632911392406,False,False,False,False,False,False,0.09576719576719578,False,False,True,True,False,False,False,False,False,False,False,True,False,True
1159_02,0.13924050632911392,False,False,False,False,False,False,0.09576719576719578,False,False,False,False,True,False,False,False,False,False,False,True,False,True
1159_03,0.13924050632911392,False,False,False,False,False,False,0.09576719576719578,False,False,True,True,False,False,False,False,False,False,False,True,False,True
1160_01,0.21518987341772153,False,False,False,False,False,False,0.12380952380952381,False,True,False,False,True,False,False,False,False,False,True,False,False,False
1164_01,0.2911392405063291,False,False,False,False,False,False,0.11640211640211641,False,False,False,False,True,False,False,False,False,False,True,False,False,True
1171_01,0.46835443037974683,False,False,False,False,False,False,0.044444444444444446,False,False,False,False,True,False,False,False,False,True,False,False,False,True
1172_01,0.22784810126582278,False,False,False,False,False,False,0.11746031746031747,False,True,True,False,True,False,False,False,False,False,True,False,False,True
1176_01,0.6075949367088608,False,False,False,False,False,False,0.04497354497354498,False,True,False,False,True,False,False,False,False,True,False,False,False,True
1181_01,0.22784810126582278,False,False,False,False,False,False,0.11957671957671959,False,False,False,False,True,False,False,False,False,False,True,False,False,True
1183_01,0.22784810126582278,False,False,False,False,False,False,0.02380952380952381,True,False,True,False,True,False,False,True,False,False,False,False,False,False
1183_02,0.4050632911392405,True,True,True,True,True,False,0.02380952380952381,True,False,False,False,True,True,False,True,False,False,False,False,False,False
1183_03,0.3291139240506329,False,False,False,False,False,False,0.02380952380952381,True,False,True,False,False,False,False,True,False,False,False,False,False,False
1184_01,0.3291139240506329,False,False,False,False,False,False,0.02433862433862434,True,False,True,True,False,False,False,True,False,False,False,False,False,True
1184_02,0.6962025316455696,False,False,False,False,False,False,0.02433862433862434,False,False,False,False,False,False,False,True,False,False,False,False,False,True
1189_01,0.24050632911392406,False,False,False,False,False,False,0.09365079365079365,False,False,False,False,False,False,False,False,False,False,False,True,False,False
1194_01,0.8227848101265822,False,False,False,False,False,False,0.020634920634920638,False,True,False,False,True,False,False,False,True,False,False,False,False,True
1196_01,0.35443037974683544,False,False,False,False,False,False,0.126984126984127,False,True,False,False,True,False,False,False,False,False,True,False,False,False
1196_02,0.3037974683544304,False,False,False,False,False,False,0.126984126984127,False,True,False,False,True,False,False,False,False,False,True,False,False,False
1200_01,0.6582278481012658,False,False,False,False,False,False,0.02486772486772487,True,False,True,False,False,False,False,True,False,False,False,False,False,True
1201_01,0.8481012658227848,False,False,False,False,False,False,0.021164021164021166,True,False,False,False,True,False,False,False,True,False,False,False,False,True
1201_02,0.43037974683544306,False,False,False,False,False,False,0.021164021164021166,True,False,False,False,True,False,False,False,True,False,False,False,False,True
1202_01,0.2911392405063291,False,False,False,False,False,False,0.039153439153439155,False,True,False,False,True,False,False,False,False,True,False,False,False,False
1204_01,0.3291139240506329,False,False,False,False,False,False,0.03968253968253969,False,False,False,False,True,False,False,False,False,True,False,False,False,False
1205_01,0.35443037974683544,False,False,False,False,False,False,0.12222222222222223,False,False,False,False,True,False,False,False,False,False,True,False,False,True
1207_01,0.11392405063291139,False,False,False,False,False,False,0.09788359788359789,False,False,False,False,True,False,False,False,False,False,False,True,False,True
1207_02,0.012658227848101266,False,False,False,False,False,False,0.09788359788359789,False,False,False,False,False,False,False,False,False,False,False,True,False,True
1207_03,0.012658227848101266,False,False,False,False,False,False,0.09788359788359789,False,False,True,False,True,False,False,False,False,False,False,True,False,True
1207_04,0.7341772151898734,False,False,False,False,False,False,0.0455026455026455,False,False,False,False,True,False,False,False,False,True,False,False,False,True
1209_01,0.7468354430379747,False,False,False,False,False,False,0.02486772486772487,True,False,False,False,True,False,False,True,False,False,False,False,False,False
1209_02,0.6835443037974683,False,False,False,False,False,False,0.02486772486772487,True,False,False,False,True,False,False,True,False,False,False,False,False,False
1217_01,0.10126582278481013,False,False,False,False,False,False,0.021693121693121695,True,False,False,False,False,False,False,False,True,False,False,False,False,True
1217_02,0.35443037974683544,False,False,False,False,False,False,0.021693121693121695,True,False,True,False,True,False,False,False,True,False,False,False,False,True
1219_01,0.24050632911392406,False,False,False,False,False,False,0.027513227513227514,True,False,False,False,False,False,True,False,False,False,False,False,False,True
1219_02,0.2911392405063291,False,False,False,False,False,False,0.027513227513227514,True,False,True,False,False,False,True,False,False,False,False,False,False,True
1224_01,0.5949367088607594,False,False,False,False,False,False,0.12328042328042328,False,True,True,False,True,False,False,False,False,False,True,False,False,True
1224_02,0.21518987341772153,False,False,False,False,False,False,0.022222222222222223,False,True,False,False,True,False,False,False,True,False,False,False,False,True
1226_01,0.4177215189873418,False,False,False,False,False,False,0.12380952380952381,False,True,True,False,True,False,False,False,False,False,True,False,False,True
1226_02,0.5443037974683544,False,False,False,False,False,False,0.12380952380952381,False,True,True,False,True,False,False,False,False,False,True,False,False,True
1227_01,0.35443037974683544,False,False,False,False,False,False,0.04656084656084657,True,False,True,False,True,False,False,False,False,True,False,False,False,True
1237_01,0.4050632911392405,False,False,False,False,False,False,0.1306878306878307,False,False,False,False,True,False,False,False,False,False,True,False,False,False
1241_01,0.16455696202531644,False,False,False,False,False,False,0.13121693121693123,False,False,False,False,True,False,False,False,False,False,True,False,False,False
1244_01,0.22784810126582278,False,False,False,False,False,False,0.13174603174603175,False,True,True,False,True,False,False,False,False,False,True,False,False,False
1245_01,0.20253164556962025,False,False,False,False,False,False,0.10052910052910054,False,False,True,False,True,False,False,False,False,False,False,True,False,True
1247_01,0.0759493670886076,False,False,False,False,False,False,0.1322751322751323,False,True,True,False,True,False,False,False,False,False,True,False,False,False
1249_01,0.34177215189873417,False,False,False,False,False,False,0.1328042328042328,False,False,False,False,True,False,False,False,False,False,True,False,False,False
1251_01,0.3670886075949367,False,False,False,False,False,False,0.02275132275132275,False,True,True,False,True,False,False,False,True,False,False,False,False,True
1252_01,0.4050632911392405,False,False,False,False,False,False,0.04761904761904762,False,False,False,False,False,False,False,False,False,True,False,False,False,True
1253_01,0.2911392405063291,False,False,False,False,False,False,0.04814814814814815,False,False,False,False,True,False,False,False,False,True,False,False,False,True
1257_01,0.4177215189873418,False,False,False,False,False,False,0.026984126984126985,True,False,True,False,True,False,False,True,False,False,False,False,False,True
1257_02,0.6455696202531646,False,False,False,False,False,False,0.026984126984126985,True,False,True,False,True,False,False,True,False,False,False,False,False,True
1257_03,0.5189873417721519,False,False,False,False,False,False,0.026984126984126985,True,False,False,False,True,False,False,True,False,False,False,False,False,True
1257_04,0.25316455696202533,False,False,False,False,False,False,0.026984126984126985,True,False,False,False,True,False,False,True,False,False,False,False,False,True
1262_01,0.0,False,False,False,False,False,False,0.09894179894179894,False,False,False,False,False,False,False,False,False,False,False,True,False,False
1262_02,0.16455696202531644,False,False,False,False,False,False,0.13333333333333333,False,False,False,False,False,False,False,False,False,False,True,False,False,False
1265_01,0.16455696202531644,False,False,False,False,False,False,0.09947089947089947,False,False,True,False,True,False,False,False,False,False,False,True,False,False
1266_01,0.16455696202531644,False,False,False,False,False,False,0.12962962962962965,False,True,False,False,True,False,False,False,False,False,True,False,False,True
1268_01,0.3037974683544304,False,False,False,False,False,False,0.13386243386243388,False,True,True,False,False,False,False,False,False,False,True,False,False,False
1270_01,0.3291139240506329,False,False,False,False,False,False,0.028571428571428574,True,False,False,False,False,False,True,False,False,False,False,False,False,True
1272_01,0.4050632911392405,False,False,False,False,False,False,0.10158730158730159,False,False,False,False,False,False,False,False,False,False,False,True,False,True
1275_01,0.3037974683544304,False,False,False,False,False,False,0.13492063492063494,False,False,False,False,True,False,False,False,False,False,True,False,False,False
1276_01,0.34177215189873417,False,False,False,False,False,False,0.04920634920634921,False,True,False,False,True,False,False,False,False,True,False,False,False,True
1277_01,0.3037974683544304,False,False,False,False,False,False,0.13544973544973546,False,False,False,False,True,False,False,False,False,False,True,False,False,False
1290_01,0.43037974683544306,False,False,False,False,False,False,0.13174603174603175,False,True,False,False,True,False,False,False,False,False,True,False,False,True
1296_01,0.3291139240506329,False,False,False,False,False,False,0.13862433862433862,False,False,False,True,False,False,False,False,False,False,True,False,False,False
1297_01,0.27848101265822783,False,False,False,False,False,False,0.13915343915343917,False,False,False,False,True,False,False,False,False,False,True,False,False,False
1298_01,0.12658227848101267,False,False,False,False,False,False,0.10370370370370371,False,False,False,False,True,False,False,False,False,False,False,True,False,True
1301_01,0.35443037974683544,False,False,False,False,False,False,0.10423280423280425,False,False,False,False,True,False,False,False,False,False,False,True,False,True
1301_02,0.06329113924050633,False,False,False,False,False,False,0.10423280423280425,False,False,True,False,True,False,False,False,False,False,False,True,False,True
1301_03,0.3291139240506329,False,False,False,False,False,False,0.10423280423280425,False,False,True,False,True,False,False,False,False,False,False,True,False,True
1303_01,0.3670886075949367,False,False,False,False,False,False,0.13333333333333333,False,False,False,False,True,False,False,False,False,False,True,False,False,True
1305_01,0.21518987341772153,False,False,False,False,False,False,0.13386243386243388,False,False,False,False,True,False,False,False,False,False,True,False,False,True
1313_01,0.22784810126582278,False,False,False,False,False,False,0.04391534391534392,False,False,False,False,True,False,False,False,False,True,False,False,False,False
1314_01,0.4430379746835443,False,False,False,False,False,False,0.1343915343915344,False,False,False,True,False,False,False,False,False,False,True,False,False,True
1315_01,0.5316455696202531,False,False,False,False,False,False,0.10476190476190476,False,False,False,False,True,False,False,False,False,False,False,True,False,True
1318_01,0.4430379746835443,False,False,False,False,False,False,0.13492063492063494,False,True,True,False,False,False,False,False,False,False,True,False,False,True
1319_01,0.5316455696202531,False,False,False,False,False,False,0.005820105820105821,True,False,False,False,True,False,False,False,False,False,False,False,False,False
1319_02,0.4177215189873418,False,False,False,False,False,False,0.005820105820105821,True,False,False,False,True,False,False,False,False,False,False,False,False,False
1320_01,0.25316455696202533,False,False,False,False,False,False,0.10317460317460318,False,False,True,True,False,False,False,False,False,False,False,True,False,False
1320_02,0.02531645569620253,False,False,False,False,False,False,0.10317460317460318,False,False,True,False,True,False,False,False,False,False,False,True,False,False
1320_03,0.02531645569620253,False,False,False,False,False,False,0.10317460317460318,False,False,True,False,True,False,False,False,False,False,False,True,False,False
1321_01,0.5443037974683544,False,False,False,False,False,False,0.050793650793650794,False,True,True,False,True,False,False,False,False,True,False,False,False,True
1321_02,0.12658227848101267,False,False,False,False,False,False,0.13544973544973546,False,True,True,False,True,False,False,False,False,False,True,False,False,True
1321_03,0.3291139240506329,False,False,False,False,False,False,0.13544973544973546,False,True,False,False,True,False,False,False,False,False,True,False,False,True
1321_04,0.5316455696202531,False,False,False,False,False,False,0.050793650793650794,False,True,False,False,True,False,False,False,False,True,False,False,False,True
1327_01,0.3037974683544304,False,False,False,False,False,False,0.10423280423280425,False,False,True,False,True,False,False,False,False,False,False,True,False,False
1329_01,0.4050632911392405,False,False,False,False,False,False,0.1417989417989418,False,True,False,False,True,False,False,False,False,False,True,False,False,False
1334_01,0.2911392405063291,False,False,False,False,False,False,0.14285714285714288,False,False,False,False,True,False,False,False,False,False,True,False,False,False
1338_01,0.3291139240506329,False,False,False,False,False,False,0.026984126984126985,True,False,True,False,False,False,False,True,False,False,False,False,False,False
1338_02,0.18987341772151897,False,False,False,False,False,False,0.026984126984126985,True,False,True,False,True,False,False,True,False,False,False,False,False,False
1339_01,0.18987341772151897,False,False,False,False,False,False,0.10687830687830689,False,False,True,False,True,False,False,False,False,False,False,True,False,True
1341_01,0.3291139240506329,False,False,False,False,False,False,0.10793650793650794,False,False,False,False,True,False,False,False,False,False,False,True,False,True
1341_02,0.18987341772151897,False,False,False,False,False,False,0.10793650793650794,False,False,True,False,True,False,False,False,False,False,False,True,False,True
1341_03,0.16455696202531644,False,False,False,False,False,False,0.10793650793650794,False,False,False,False,False,False,False,False,False,False,False,True,False,True
1343_01,0.4177215189873418,False,False,False,False,False,False,0.006349206349206349,True,False,False,False,True,False,False,False,False,False,False,False,False,False
1343_02,0.5949367088607594,False,False,False,False,False,False,0.006349206349206349,True,False,False,False,True,False,False,False,False,False,False,False,False,False
1343_03,0.34177215189873417,False,False,False,False,False,False,0.006349206349206349,True,False,False,False,False,False,False,False,False,False,False,False,False,False
1344_01,0.22784810126582278,False,False,False,False,False,False,0.13703703703703704,False,False,False,True,False,False,False,False,False,False,True,False,False,True
1346_01,0.12658227848101267,False,False,False,False,False,False,0.10634920634920636,False,False,False,False,True,False,False,False,False,False,False,True,False,False
1349_01,0.5063291139240507,False,False,False,False,False,False,0.10846560846560847,False,False,True,False,True,False,False,False,False,False,False,True,False,True
1349_02,0.35443037974683544,False,False,False,False,False,False,0.10846560846560847,False,False,True,False,False,False,False,False,False,False,False,True,False,True
1354_01,0.2911392405063291,False,False,False,False,False,False,0.13915343915343917,False,True,False,False,False,False,False,False,False,False,True,False,False,True
1354_02,0.2911392405063291,False,False,False,False,False,False,0.05238095238095238,False,True,False,False,True,False,False,False,False,True,False,False,False,True
1354_03,0.5189873417721519,False,False,False,False,False,False,0.13915343915343917,False,True,True,False,False,False,False,False,False,False,True,False,False,True
1354_04,0.25316455696202533,False,False,False,False,False,False,0.02486772486772487,False,True,False,False,True,False,False,False,True,False,False,False,False,True
1354_05,0.3670886075949367,False,False,False,False,False,False,0.13915343915343917,False,True,True,False,True,False,False,False,False,False,True,False,False,True
1354_06,0.21518987341772153,False,False,False,False,False,False,0.13915343915343917,False,True,True,False,True,False,False,False,False,False,True,False,False,True
1354_07,0.26582278481012656,False,False,False,False,False,False,0.13915343915343917,False,True,False,False,True,False,False,False,False,False,True,False,False,True
1358_01,0.31645569620253167,False,False,False,False,False,False,0.14444444444444446,False,True,True,False,True,False,False,False,False,False,True,False,False,False
1358_02,0.31645569620253167,False,False,False,False,False,False,0.044444444444444446,False,True,False,False,True,False,False,False,False,True,False,False,False,False
1359_01,0.35443037974683544,False,False,False,False,False,False,0.10793650793650794,False,False,False,False,True,False,False,False,False,False,False,True,False,False
1361_01,0.3037974683544304,False,False,False,False,False,False,0.13968253968253969,False,True,True,False,True,False,False,False,False,False,True,False,False,True
1361_02,0.7088607594936709,False,False,False,False,False,False,0.053439153439153446,False,True,False,False,True,False,False,False,False,True,False,False,False,True
1363_01,0.45569620253164556,False,False,False,False,False,False,0.10846560846560847,False,False,False,False,True,False,False,False,False,False,False,True,False,False
1364_01,0.25316455696202533,False,False,False,False,False,False,0.14074074074074075,False,False,False,True,False,False,False,False,False,False,True,False,False,True
1364_02,0.6329113924050633,False,False,False,False,False,False,0.14074074074074075,False,False,False,False,True,False,False,False,False,False,True,False,False,True
1367_01,0.3670886075949367,False,False,False,False,False,False,0.10952380952380954,False,False,True,True,False,False,False,False,False,False,False,True,False,False
1369_01,0.43037974683544306,False,False,False,False,False,False,0.14497354497354498,False,False,False,False,True,False,False,False,False,False,True,False,False,False
1369_02,0.5063291139240507,False,False,False,False,False,False,0.11058201058201059,False,False,True,True,False,False,False,False,False,False,False,True,False,False
1369_03,0.25316455696202533,False,False,False,False,False,False,0.11058201058201059,False,False,False,False,True,False,False,False,False,False,False,True,False,False
1372_01,0.45569620253164556,False,False,False,False,False,False,0.11111111111111112,False,False,True,False,True,False,False,False,False,False,False,True,False,False
1373_01,0.31645569620253167,False,False,False,False,False,False,0.0544973544973545,False,False,False,False,True,False,False,False,False,True,False,False,False,True
1374_01,0.31645569620253167,True,True,True,True,True,False,0.03121693121693122,True,False,True,False,False,True,True,False,False,False,False,False,False,True
1388_01,0.21518987341772153,False,False,False,False,False,False,0.11164021164021165,False,False,True,True,False,False,False,False,False,False,False,True,False,True
1392_01,0.5316455696202531,False,False,False,False,False,False,0.02433862433862434,True,False,False,False,True,False,True,False,False,False,False,False,False,False
1394_01,0.5949367088607594,False,False,False,False,False,False,0.1126984126984127,False,False,True,True,False,False,False,False,False,False,False,True,False,True
1396_01,0.2911392405063291,False,False,False,False,False,False,0.14656084656084656,False,False,False,False,True,False,False,False,False,False,True,False,False,False
1405_01,0.3291139240506329,False,False,False,False,False,False,0.046031746031746035,False,True,False,False,True,False,False,False,False,True,False,False,False,False
1409_01,0.49367088607594933,True,True,True,True,True,False,0.026455026455026457,False,True,False,False,True,True,False,False,True,False,False,False,False,True
1409_02,0.5443037974683544,False,False,False,False,False,False,0.056613756613756616,False,True,True,False,True,False,False,False,False,True,False,False,False,True
1411_01,0.2911392405063291,False,False,False,False,False,False,0.04656084656084657,False,False,False,False,True,False,False,False,False,True,False,False,False,False
1418_01,0.5822784810126582,False,False,False,False,False,False,0.14867724867724869,False,False,False,False,True,False,False,False,False,False,True,False,False,False
1422_01,0.3924050632911392,False,False,False,False,False,False,0.007936507936507938,True,False,True,False,False,False,False,False,False,False,False,False,False,True
1422_02,0.46835443037974683,False,False,False,False,False,False,0.007936507936507938,True,False,False,False,True,False,False,False,False,False,False,False,False,True
1422_03,0.6075949367088608,False,False,False,False,False,False,0.007936507936507938,True,False,False,False,False,False,False,False,False,False,False,False,False,True
1429_01,0.35443037974683544,False,False,False,False,False,False,0.14603174603174604,False,True,False,False,True,False,False,False,False,False,True,False,False,True
1432_01,0.4810126582278481,False,False,False,False,False,False,0.14656084656084656,False,True,False,False,True,False,False,False,False,False,True,False,False,True
1432_02,0.3924050632911392,False,False,False,False,False,False,0.026984126984126985,False,True,False,False,True,False,False,False,True,False,False,False,False,True
1436_01,0.4430379746835443,False,False,False,False,False,False,0.1470899470899471,False,False,False,False,True,False,False,False,False,False,True,False,False,True
1437_01,0.35443037974683544,False,False,False,False,False,False,0.11851851851851852,False,False,False,True,False,False,False,False,False,False,False,True,False,False
1441_01,0.3670886075949367,False,False,False,False,False,False,0.15026455026455027,False,False,False,False,True,False,False,False,False,False,True,False,False,False
1446_01,0.24050632911392406,False,False,False,False,False,False,0.11957671957671959,False,False,False,False,True,False,False,False,False,False,False,True,False,False
1448_01,0.3291139240506329,False,False,False,False,False,False,0.12063492063492064,False,False,False,False,True,False,False,False,False,False,False,True,False,False
1449_01,0.5569620253164557,False,False,False,False,False,False,0.04761904761904762,False,True,False,False,True,False,False,False,False,True,False,False,False,False
1456_01,0.7468354430379747,False,False,False,False,False,False,0.11746031746031747,False,False,False,False,True,False,False,False,False,False,False,True,False,True
1459_01,0.2911392405063291,False,False,False,False,False,False,0.14867724867724869,False,False,False,False,False,False,False,False,False,False,True,False,False,True
1464_01,0.6075949367088608,False,False,False,False,False,False,0.12275132275132276,False,False,False,True,False,False,False,False,False,False,False,True,False,False
1466_01,0.620253164556962,False,False,False,False,False,False,0.11904761904761905,False,False,True,False,True,False,False,False,False,False,False,True,False,True
1468_01,0.18987341772151897,False,False,False,False,False,False,0.12380952380952381,False,False,False,False,True,False,False,False,False,False,False,True,False,False
1469_01,0.37974683544303794,False,False,False,False,False,False,0.14973544973544975,False,True,False,False,True,False,False,False,False,False,True,False,False,True
1469_02,0.25316455696202533,False,False,False,False,False,False,0.14973544973544975,False,True,False,False,True,False,False,False,False,False,True,False,False,True
1470_01,0.25316455696202533,False,False,False,False,False,False,0.12433862433862435,False,False,True,False,True,False,False,False,False,False,False,True,False,False
1471_01,0.0759493670886076,False,False,False,False,False,False,0.11957671957671959,False,False,False,False,True,False,False,False,False,False,False,True,False,True
1471_02,0.012658227848101266,False,False,False,False,False,False,0.11957671957671959,False,False,True,False,True,False,False,False,False,False,False,True,False,True
1471_03,0.012658227848101266,False,False,False,False,False,False,0.23386243386243388,False,False,False,False,True,False,False,False,False,False,True,False,False,True
1471_04,0.02531645569620253,False,False,False,False,False,False,0.11957671957671959,False,False,False,False,True,False,False,False,False,False,False,True,False,True
1471_05,0.10126582278481013,False,False,False,False,False,False,0.11957671957671959,False,False,True,False,True,False,False,False,False,False,False,True,False,True
1472_01,0.3670886075949367,False,False,False,False,False,False,0.12486772486772488,False,False,True,True,False,False,False,False,False,False,False,True,False,False
1473_01,0.5443037974683544,False,False,False,False,False,False,0.15132275132275133,False,False,False,False,True,False,False,False,False,False,True,False,False,False
1473_02,0.9240506329113924,False,False,False,False,False,False,0.1253968253968254,False,False,False,False,True,False,False,False,False,False,False,True,False,False
1475_01,0.6075949367088608,False,False,False,False,False,False,0.1523809523809524,False,False,False,False,True,False,False,False,False,False,True,False,False,False
1476_01,0.3037974683544304,False,False,False,False,False,False,0.12010582010582012,False,False,False,False,False,False,False,False,False,False,False,True,False,True
1477_01,0.25316455696202533,False,False,False,False,False,False,0.025396825396825397,True,False,False,False,True,False,True,False,False,False,False,False,False,False
1477_02,0.21518987341772153,False,False,False,False,False,False,0.025396825396825397,True,False,False,False,True,False,True,False,False,False,False,False,False,False
1480_01,0.5316455696202531,False,False,False,False,False,False,0.12592592592592594,False,False,True,False,True,False,False,False,False,False,False,True,False,False
1482_01,0.27848101265822783,False,False,False,False,False,False,0.15026455026455027,False,True,True,False,True,False,False,False,False,False,True,False,False,True
1483_01,0.6835443037974683,False,False,False,False,False,False,0.04867724867724868,False,False,False,True,False,False,False,False,False,True,False,False,False,False
1486_01,0.5189873417721519,False,False,False,False,False,False,0.12063492063492064,False,False,True,False,True,False,False,False,False,False,False,True,False,True
1487_01,0.0,False,False,False,False,False,False,0.12645502645502646,False,False,True,True,False,False,False,False,False,False,False,True,False,False
1487_02,0.25316455696202533,False,False,False,False,False,False,0.12645502645502646,False,False,False,False,True,False,False,False,False,False,False,True,False,False
1492_01,0.6835443037974683,False,False,False,False,False,False,0.03015873015873016,True,False,False,False,False,False,False,True,False,False,False,False,False,True
1492_02,0.9240506329113924,False,False,False,False,False,False,0.03015873015873016,True,False,False,False,False,False,False,True,False,False,False,False,False,True
1494_01,0.21518987341772153,False,False,False,False,False,False,0.15132275132275133,False,False,False,False,False,False,False,False,False,False,True,False,False,True
1495_01,0.26582278481012656,False,False,False,False,False,False,0.23386243386243388,False,False,False,False,True,False,False,False,False,False,True,False,False,True
1495_02,0.7594936708860759,False,False,False,False,False,False,0.12751322751322752,False,False,True,False,False,False,False,False,False,False,False,True,False,False
1496_01,0.6329113924050633,False,False,False,False,False,False,0.12804232804232804,False,False,True,False,True,False,False,False,False,False,False,True,False,False
1497_01,0.21518987341772153,False,False,False,False,False,False,0.15555555555555556,False,True,True,False,True,False,False,False,False,False,True,False,False,False
1497_02,0.22784810126582278,False,False,False,False,False,False,0.15555555555555556,False,True,True,False,True,False,False,False,False,False,True,False,False,False
1502_01,0.31645569620253167,False,False,False,False,False,False,0.028571428571428574,False,False,False,False,False,False,False,True,False,False,False,False,False,False
1502_02,0.7215189873417721,True,True,True,True,True,False,0.028571428571428574,True,False,False,False,False,True,False,True,False,False,False,False,False,False
1502_03,0.5822784810126582,False,False,False,False,False,False,0.028571428571428574,True,False,True,False,False,False,False,True,False,False,False,False,False,False
1502_04,0.8987341772151899,False,False,False,False,False,False,0.028571428571428574,True,False,True,False,True,False,False,True,False,False,False,False,False,False
1504_01,0.26582278481012656,False,False,False,False,False,False,0.15661375661375662,False,False,False,False,True,False,False,False,False,False,True,False,False,False
1505_01,0.4810126582278481,False,False,False,False,False,False,0.15714285714285714,False,True,False,False,True,False,False,False,False,False,True,False,False,False
1508_01,0.2911392405063291,False,False,False,False,False,False,0.15343915343915346,False,False,False,False,True,False,False,False,False,False,True,False,False,True
1512_01,0.3037974683544304,False,False,False,False,False,False,0.1544973544973545,False,True,False,False,True,False,False,False,False,False,True,False,False,True
1513_01,0.31645569620253167,False,False,False,False,False,False,0.12275132275132276,False,False,True,True,False,False,False,False,False,False,False,True,False,True
1514_01,0.4430379746835443,False,False,False,False,False,False,0.12328042328042328,False,False,True,True,False,False,False,False,False,False,False,True,False,True
1516_01,0.26582278481012656,False,False,False,False,False,False,0.12380952380952381,False,False,False,True,False,False,False,False,False,False,False,True,False,True
1517_01,0.27848101265822783,False,False,False,False,False,False,0.15555555555555556,False,False,False,False,True,False,False,False,False,False,True,False,False,True
1518_01,0.7594936708860759,False,False,False,False,False,False,0.02592592592592593,True,False,False,False,False,False,True,False,False,False,False,False,False,False
1518_02,0.3670886075949367,False,False,False,False,False,False,0.02592592592592593,True,False,False,False,True,False,True,False,False,False,False,False,False,False
1519_01,0.620253164556962,False,False,False,False,False,False,0.05925925925925926,False,False,False,False,True,False,False,False,False,True,False,False,False,True
1522_01,0.34177215189873417,False,False,False,False,False,False,0.15661375661375662,False,True,True,False,True,False,False,False,False,False,True,False,False,True
1530_01,0.2911392405063291,False,False,False,False,False,False,0.15925925925925927,False,False,False,False,True,False,False,False,False,False,True,False,False,False
1534_01,0.2911392405063291,False,False,False,False,False,False,0.05978835978835979,False,True,False,False,True,False,False,False,False,True,False,False,False,True
1534_02,0.4177215189873418,False,False,False,False,False,False,0.029100529100529102,False,True,False,False,True,False,False,False,True,False,False,False,False,True
1535_01,0.4430379746835443,False,False,False,False,False,False,0.1597883597883598,False,False,False,True,False,False,False,False,False,False,True,False,False,False
1537_01,0.34177215189873417,False,False,False,False,False,False,0.03492063492063492,True,False,False,False,True,False,True,False,False,False,False,False,False,True
1538_01,0.5569620253164557,False,False,False,False,False,False,0.16031746031746033,False,True,False,False,True,False,False,False,False,False,True,False,False,False
1538_02,0.22784810126582278,False,False,False,False,False,False,0.026984126984126985,False,True,False,False,False,False,False,False,True,False,False,False,False,False
1546_01,0.3924050632911392,False,False,False,False,False,False,0.12592592592592594,False,False,True,False,False,False,False,False,False,False,False,True,False,True
1549_01,0.26582278481012656,False,False,False,False,False,False,0.12645502645502646,False,False,False,False,True,False,False,False,False,False,False,True,False,True
1553_01,0.34177215189873417,False,False,False,False,False,False,0.1597883597883598,False,True,True,False,True,False,False,False,False,False,True,False,False,True
1553_02,0.45569620253164556,False,False,False,False,False,False,0.1597883597883598,False,False,False,False,True,False,False,False,False,False,True,False,False,True
1554_01,0.4177215189873418,False,False,False,False,False,False,0.13015873015873017,False,False,True,True,False,False,False,False,False,False,False,True,False,False
1554_02,0.37974683544303794,False,False,False,False,False,False,0.16084656084656085,False,False,False,False,True,False,False,False,False,False,True,False,False,False
1556_01,0.3670886075949367,False,False,False,False,False,False,0.12751322751322752,False,False,True,False,True,False,False,False,False,False,False,True,False,True
1557_01,0.4050632911392405,False,False,False,False,False,False,0.03544973544973545,True,False,False,False,False,False,True,False,False,False,False,False,False,True
1559_01,0.3924050632911392,False,False,False,False,False,False,0.026984126984126985,True,False,True,False,False,False,True,False,False,False,False,False,False,False
1559_02,0.34177215189873417,False,False,False,False,False,False,0.026984126984126985,True,False,True,False,True,False,True,False,False,False,False,False,False,False
1563_01,0.31645569620253167,False,False,False,False,False,False,0.03597883597883598,True,False,True,False,False,False,True,False,False,False,False,False,False,True
1566_01,0.4810126582278481,False,False,False,False,False,False,0.027513227513227514,True,False,True,False,False,False,True,False,False,False,False,False,False,False
1570_01,0.5949367088607594,False,False,False,False,False,False,0.1613756613756614,False,False,False,False,True,False,False,False,False,False,True,False,False,True
1571_01,0.3037974683544304,False,False,False,False,False,False,0.1285714285714286,False,False,False,False,True,False,False,False,False,False,False,True,False,True
1574_01,0.5822784810126582,False,False,False,False,False,False,0.1291005291005291,False,False,True,False,True,False,False,False,False,False,False,True,False,True
1575_01,0.20253164556962025,False,False,False,False,False,False,0.12962962962962965,False,False,True,False,True,False,False,False,False,False,False,True,False,True
1582_01,0.37974683544303794,False,False,False,False,False,False,0.16560846560846562,False,False,False,False,True,False,False,False,False,False,True,False,False,False
1582_02,0.0,False,False,False,False,False,False,0.1322751322751323,False,False,False,False,True,False,False,False,False,False,False,True,False,False
1583_01,0.7594936708860759,False,False,False,False,False,False,0.1619047619047619,False,True,True,False,True,False,False,False,False,False,True,False,False,True
1586_01,0.6329113924050633,False,False,False,False,False,False,0.03121693121693122,True,False,False,False,True,False,False,True,False,False,False,False,False,True
1587_01,0.46835443037974683,False,False,False,False,False,False,0.1306878306878307,False,False,True,True,False,False,False,False,False,False,False,True,False,True
1587_02,0.34177215189873417,False,False,False,False,False,False,0.1306878306878307,False,False,True,False,False,False,False,False,False,False,False,True,False,True
1589_01,0.3670886075949367,False,False,False,False,False,False,0.16666666666666669,False,True,False,False,True,False,False,False,False,False,True,False,False,False
1591_01,0.3291139240506329,False,False,False,False,False,False,0.03650793650793651,True,False,False,False,True,False,True,False,False,False,False,False,False,True
1591_02,0.27848101265822783,False,False,False,False,False,False,0.03650793650793651,True,False,False,False,True,False,True,False,False,False,False,False,False,True
1598_01,0.3291139240506329,False,False,False,False,False,False,0.1671957671957672,False,True,False,False,True,False,False,False,False,False,True,False,False,False
1598_02,0.3291139240506329,False,False,False,False,False,False,0.052910052910052914,False,True,False,False,True,False,False,False,False,True,False,False,False,False
1600_01,0.17721518987341772,False,False,False,False,False,False,0.06084656084656085,False,False,False,False,True,False,False,False,False,True,False,False,False,True
1605_01,0.3291139240506329,False,False,False,False,False,False,0.16825396825396827,False,False,False,False,True,False,False,False,False,False,True,False,False,False
1607_01,0.25316455696202533,False,False,False,False,False,False,0.13650793650793652,False,False,True,True,False,False,False,False,False,False,False,True,False,False
1609_01,0.24050632911392406,False,False,False,False,False,False,0.06190476190476191,False,True,False,False,True,False,False,False,False,True,False,False,False,True
1610_01,0.17721518987341772,False,False,False,False,False,False,0.027513227513227514,False,True,False,False,False,False,False,False,True,False,False,False,False,False
1616_01,0.8734177215189873,False,False,False,False,False,False,0.1375661375661376,False,False,True,False,True,False,False,False,False,False,False,True,False,False
1618_01,0.3291139240506329,False,False,False,False,False,False,0.032275132275132276,True,False,False,False,True,False,False,True,False,False,False,False,False,True
1620_01,0.31645569620253167,False,False,False,False,False,False,0.03703703703703704,True,False,False,False,False,False,True,False,False,False,False,False,False,True
1623_01,0.45569620253164556,False,False,False,False,False,False,0.03068783068783069,False,True,False,False,True,False,False,False,True,False,False,False,False,True
1627_01,0.43037974683544306,False,False,False,False,False,False,0.1328042328042328,False,False,True,False,True,False,False,False,False,False,False,True,False,True
1629_01,0.05063291139240506,False,False,False,False,False,False,0.0380952380952381,True,False,False,False,True,False,True,False,False,False,False,False,False,True
1629_02,0.012658227848101266,False,False,False,False,False,False,0.0380952380952381,True,False,False,False,True,False,True,False,False,False,False,False,False,True
1629_03,0.3037974683544304,False,False,False,False,False,False,0.0380952380952381,True,False,True,False,True,False,True,False,False,False,False,False,False,True
1629_04,0.26582278481012656,False,False,False,False,False,False,0.0380952380952381,True,False,False,False,True,False,True,False,False,False,False,False,False,True
1629_05,0.31645569620253167,False,False,False,False,False,False,0.0380952380952381,True,False,True,False,True,False,True,False,False,False,False,False,False,True
1629_06,0.5569620253164557,False,False,False,False,False,False,0.0380952380952381,True,False,True,False,False,False,True,False,False,False,False,False,False,True
1639_01,0.27848101265822783,False,False,False,False,False,False,0.13544973544973546,False,False,False,False,True,False,False,False,False,False,False,True,False,True
1641_01,0.810126582278481,False,False,False,False,False,False,0.1724867724867725,False,True,True,False,True,False,False,False,False,False,True,False,False,False
1642_01,0.4050632911392405,False,False,False,False,False,False,0.05396825396825397,True,False,False,False,True,False,False,False,False,True,False,False,False,False
1643_01,0.5316455696202531,False,False,False,False,False,False,0.13915343915343917,False,False,False,False,True,False,False,False,False,False,False,True,False,False
1648_01,0.3670886075949367,False,False,False,False,False,False,0.0634920634920635,True,False,True,False,True,False,False,False,False,True,False,False,False,True
1652_01,0.05063291139240506,False,False,False,False,False,False,0.13703703703703704,False,False,True,True,False,False,False,False,False,False,False,True,False,True
1654_01,0.21518987341772153,False,False,False,False,False,False,0.06402116402116402,False,False,False,False,True,False,False,False,False,True,False,False,False,True
1664_01,0.26582278481012656,False,False,False,False,False,False,0.17407407407407408,False,False,False,False,True,False,False,False,False,False,True,False,False,False
1665_01,0.6582278481012658,False,False,False,False,False,False,0.03174603174603175,True,False,True,False,True,False,False,True,False,False,False,False,False,False
1665_02,0.3670886075949367,False,False,False,False,False,False,0.03174603174603175,True,False,True,False,True,False,False,True,False,False,False,False,False,False
1667_01,0.4430379746835443,False,False,False,False,False,False,0.16666666666666669,False,False,False,False,True,False,False,False,False,False,True,False,False,True
1675_01,0.2911392405063291,False,False,False,False,False,False,0.16878306878306878,False,True,True,False,False,False,False,False,False,False,True,False,False,True
1678_01,0.34177215189873417,False,False,False,False,False,False,0.16931216931216933,False,False,False,False,True,False,False,False,False,False,True,False,False,True
1679_01,0.10126582278481013,False,False,False,False,False,False,0.1433862433862434,False,False,True,False,True,False,False,False,False,False,False,True,False,False
1680_01,0.25316455696202533,False,False,False,False,False,False,0.03333333333333333,True,False,False,False,True,False,False,True,False,False,False,False,False,True
1680_02,0.20253164556962025,False,False,False,False,False,False,0.03333333333333333,True,False,True,False,False,False,False,True,False,False,False,False,False,True
1683_01,0.4430379746835443,False,False,False,False,False,False,0.06507936507936508,False,False,False,False,True,False,False,False,False,True,False,False,False,True
1684_01,0.5569620253164557,False,False,False,False,False,False,0.17566137566137568,False,True,False,False,True,False,False,False,False,False,True,False,False,False
1686_01,0.24050632911392406,False,False,False,False,False,False,0.1761904761904762,False,False,False,False,True,False,False,False,False,False,True,False,False,False
1689_01,0.02531645569620253,False,False,False,False,False,False,0.033862433862433865,True,False,True,False,True,False,False,True,False,False,False,False,False,True
1689_02,0.37974683544303794,False,False,False,False,False,False,0.033862433862433865,True,False,False,False,True,False,False,True,False,False,False,False,False,True
1689_03,0.35443037974683544,False,False,False,False,False,False,0.033862433862433865,True,False,False,False,True,False,False,True,False,False,False,False,False,True
1692_01,0.5569620253164557,False,False,False,False,False,False,0.23386243386243388,False,False,True,False,True,False,False,False,False,False,True,False,False,True
1693_01,0.25316455696202533,False,False,False,False,False,False,0.1703703703703704,False,False,False,False,True,False,False,False,False,False,True,False,False,True
1701_01,0.27848101265822783,False,False,False,False,False,False,0.14550264550264552,False,False,True,False,True,False,False,False,False,False,False,True,False,False
1702_01,0.17721518987341772,False,False,False,False,False,False,0.1708994708994709,False,False,False,False,True,False,False,False,False,False,True,False,False,True
1703_01,0.25316455696202533,False,False,False,False,False,False,0.17830687830687833,False,False,False,False,True,False,False,False,False,False,True,False,False,False
1706_01,0.569620253164557,False,False,False,False,False,False,0.17142857142857143,False,False,False,False,True,False,False,False,False,False,True,False,False,True
1707_01,0.24050632911392406,False,False,False,False,False,False,0.17195767195767198,False,False,False,False,False,False,False,False,False,False,True,False,False,True
1716_01,0.5316455696202531,False,False,False,False,False,False,0.23386243386243388,False,True,False,False,True,False,False,False,False,False,True,False,False,True
1720_01,0.2911392405063291,False,False,False,False,False,False,0.1798941798941799,False,False,False,False,True,False,False,False,False,False,True,False,False,False
1722_01,0.5443037974683544,False,False,False,False,False,False,0.14761904761904762,False,False,False,False,True,False,False,False,False,False,False,True,False,False
1726_01,0.25316455696202533,False,False,False,False,False,False,0.17407407407407408,False,True,False,False,True,False,False,False,False,False,True,False,False,True
1726_02,0.13924050632911392,False,False,False,False,False,False,0.17407407407407408,False,True,True,False,True,False,False,False,False,False,True,False,False,True
1726_03,0.25316455696202533,False,False,False,False,False,False,0.17407407407407408,False,True,False,False,True,False,False,False,False,False,True,False,False,True
1732_01,0.26582278481012656,False,False,False,False,False,False,0.1492063492063492,False,False,True,False,True,False,False,False,False,False,False,True,False,False
1735_01,0.21518987341772153,False,False,False,False,False,False,0.17460317460317462,False,False,False,False,True,False,False,False,False,False,True,False,False,True
1737_01,0.4050632911392405,False,False,False,False,False,False,0.1507936507936508,False,False,False,False,True,False,False,False,False,False,False,True,False,False
1741_01,0.3037974683544304,False,False,False,False,False,False,0.15132275132275133,False,False,False,False,True,False,False,False,False,False,False,True,False,False
1741_02,0.05063291139240506,False,False,False,False,False,False,0.15132275132275133,False,False,True,False,True,False,False,False,False,False,False,True,False,False
1741_03,0.05063291139240506,False,False,False,False,False,False,0.15132275132275133,False,False,False,False,True,False,False,False,False,False,False,True,False,False
1743_01,0.45569620253164556,False,False,False,False,False,False,0.18253968253968256,False,False,False,True,False,False,False,False,False,False,True,False,False,False
1744_01,0.34177215189873417,False,False,False,False,False,False,0.03280423280423281,False,True,False,False,True,False,False,False,True,False,False,False,False,True
1750_01,0.5822784810126582,False,False,False,False,False,False,0.1529100529100529,False,False,True,False,True,False,False,False,False,False,False,True,False,False
1751_01,0.3037974683544304,False,False,False,False,False,False,0.17566137566137568,False,True,True,False,False,False,False,False,False,False,True,False,False,True
1751_02,0.0379746835443038,False,False,False,False,False,False,0.17566137566137568,False,True,False,False,True,False,False,False,False,False,True,False,False,True
1754_01,0.26582278481012656,False,False,False,False,False,False,0.18306878306878308,False,False,False,False,False,False,False,False,False,False,True,False,False,False
1756_01,0.5316455696202531,False,False,False,False,False,False,0.06931216931216931,False,False,False,False,True,False,False,False,False,True,False,False,False,True
1759_01,0.3291139240506329,False,False,False,False,False,False,0.17724867724867727,False,True,True,False,True,False,False,False,False,False,True,False,False,True
1765_01,0.4810126582278481,False,False,False,False,False,False,0.15343915343915346,False,False,True,False,True,False,False,False,False,False,False,True,False,False
1773_01,0.45569620253164556,False,False,False,False,False,False,0.1798941798941799,False,False,False,False,False,False,False,False,False,False,True,False,False,True
1777_01,0.35443037974683544,False,False,False,False,False,False,0.02962962962962963,True,False,False,False,False,False,True,False,False,False,False,False,False,False
1777_02,0.7848101265822784,False,False,False,False,False,False,0.02962962962962963,True,False,True,False,True,False,True,False,False,False,False,False,False,False
1780_01,0.27848101265822783,False,False,False,False,False,False,0.1851851851851852,False,False,False,False,True,False,False,False,False,False,True,False,False,False
1784_01,0.22784810126582278,False,False,False,False,False,False,0.1544973544973545,False,False,False,False,True,False,False,False,False,False,False,True,False,False
1787_01,0.1518987341772152,False,False,False,False,False,False,0.15502645502645504,False,False,False,False,True,False,False,False,False,False,False,True,False,False
1788_01,0.4050632911392405,False,False,False,False,False,False,0.1814814814814815,False,False,False,False,True,False,False,False,False,False,True,False,False,True
1789_01,0.13924050632911392,False,False,False,False,False,False,0.1492063492063492,False,False,False,False,True,False,False,False,False,False,False,True,False,True
1790_01,0.5949367088607594,False,False,False,False,False,False,0.15555555555555556,False,False,True,False,True,False,False,False,False,False,False,True,False,False
1790_02,0.6075949367088608,False,False,False,False,False,False,0.15555555555555556,False,False,True,False,True,False,False,False,False,False,False,True,False,False
1791_01,0.4810126582278481,False,False,False,False,False,False,0.18571428571428572,False,True,True,False,False,False,False,False,False,False,True,False,False,False
1791_02,0.24050632911392406,False,False,False,False,False,False,0.18571428571428572,False,True,True,False,True,False,False,False,False,False,True,False,False,False
1793_01,0.27848101265822783,False,False,False,False,False,False,0.07195767195767196,False,True,False,False,True,False,False,False,False,True,False,False,False,True
1793_02,0.26582278481012656,False,False,False,False,False,False,0.182010582010582,False,True,False,False,True,False,False,False,False,False,True,False,False,True
1794_01,0.46835443037974683,False,False,False,False,False,False,0.18677248677248678,False,False,False,False,False,False,False,False,False,False,True,False,False,False
1795_01,0.35443037974683544,False,False,False,False,False,False,0.05714285714285715,False,False,False,False,False,False,False,False,False,True,False,False,False,False
1801_01,0.18987341772151897,False,False,False,False,False,False,0.18253968253968256,False,False,False,False,True,False,False,False,False,False,True,False,False,True
1801_02,0.7215189873417721,False,False,False,False,False,False,0.18253968253968256,False,False,False,False,True,False,False,False,False,False,True,False,False,True
1809_01,0.27848101265822783,False,False,False,False,False,False,0.15661375661375662,False,False,True,False,True,False,False,False,False,False,False,True,False,False
1814_01,0.27848101265822783,False,False,False,False,False,False,0.15132275132275133,False,False,False,False,False,False,False,False,False,False,False,True,False,True
1814_02,0.3670886075949367,False,False,False,False,False,False,0.15132275132275133,False,False,True,True,False,False,False,False,False,False,False,True,False,True
1814_03,0.0,False,False,False,False,False,False,0.15132275132275133,False,False,False,False,True,False,False,False,False,False,False,True,False,True
1815_01,0.5569620253164557,False,False,False,False,False,False,0.18412698412698414,False,True,True,False,True,False,False,False,False,False,True,False,False,True
1819_01,0.27848101265822783,False,False,False,False,False,False,0.18994708994708995,False,False,False,False,True,False,False,False,False,False,True,False,False,False
1820_01,0.31645569620253167,False,False,False,False,False,False,0.058201058201058205,False,True,True,False,True,False,False,False,False,True,False,False,False,False
1824_01,0.810126582278481,False,False,False,False,False,False,0.15873015873015875,False,False,False,False,True,False,False,False,False,False,False,True,False,False
1825_01,0.26582278481012656,False,False,False,False,False,False,0.1904761904761905,False,False,False,False,True,False,False,False,False,False,True,False,False,False
1825_02,0.4430379746835443,False,False,False,False,False,False,0.05873015873015874,False,False,False,False,True,False,False,False,False,True,False,False,False,False
1830_01,0.18987341772151897,False,False,False,False,False,False,0.15185185185185185,False,False,True,True,False,False,False,False,False,False,False,True,False,True
1832_01,0.6075949367088608,False,False,False,False,False,False,0.18677248677248678,False,False,False,False,True,False,False,False,False,False,True,False,False,True
1835_01,0.27848101265822783,False,False,False,False,False,False,0.04021164021164021,True,False,True,False,True,False,True,False,False,False,False,False,False,True
1835_02,0.5316455696202531,False,False,False,False,False,False,0.04021164021164021,True,False,True,False,True,False,True,False,False,False,False,False,False,True
1837_01,0.16455696202531644,False,False,False,False,False,False,0.040740740740740744,True,False,True,False,False,False,True,False,False,False,False,False,False,True
1838_01,0.4430379746835443,False,False,False,False,False,False,0.19206349206349208,False,True,True,False,True,False,False,False,False,False,True,False,False,False
1839_01,0.34177215189873417,False,False,False,False,False,False,0.1925925925925926,False,True,False,False,True,False,False,False,False,False,True,False,False,False
1840_01,0.26582278481012656,False,False,False,False,False,False,0.15925925925925927,False,False,True,False,False,False,False,False,False,False,False,True,False,False
1842_01,0.27848101265822783,False,False,False,False,False,False,0.03015873015873016,False,True,False,False,True,False,False,False,True,False,False,False,False,False
1845_01,0.4177215189873418,False,False,False,False,False,False,0.03650793650793651,True,False,False,False,True,False,False,True,False,False,False,False,False,True
1851_01,0.31645569620253167,False,False,False,False,False,False,0.041269841269841276,True,False,False,False,False,False,True,False,False,False,False,False,False,True
1851_02,0.46835443037974683,False,False,False,False,False,False,0.041269841269841276,True,False,True,False,True,False,True,False,False,False,False,False,False,True
1852_01,0.45569620253164556,False,False,False,False,False,False,0.0417989417989418,True,False,True,False,False,False,True,False,False,False,False,False,False,True
1852_02,0.5949367088607594,False,False,False,False,False,False,0.0417989417989418,True,False,False,False,False,False,True,False,False,False,False,False,False,True
1852_03,0.43037974683544306,False,False,False,False,False,False,0.0417989417989418,True,False,True,False,True,False,True,False,False,False,False,False,False,True
1852_04,0.3670886075949367,False,False,False,False,False,False,0.0417989417989418,True,False,True,False,False,False,True,False,False,False,False,False,False,True
1858_01,0.49367088607594933,False,False,False,False,False,False,0.03280423280423281,True,False,False,False,False,False,False,True,False,False,False,False,False,False
1862_01,0.34177215189873417,False,False,False,False,False,False,0.19523809523809524,False,False,False,False,False,False,False,False,False,False,True,False,False,False
1862_02,0.4430379746835443,False,False,False,False,False,False,0.16084656084656085,False,False,False,False,False,False,False,False,False,False,False,True,False,False
1862_03,0.0,False,False,False,False,False,False,0.16084656084656085,False,False,False,False,True,False,False,False,False,False,False,True,False,False
1867_01,0.4177215189873418,False,False,False,False,False,False,0.03333333333333333,True,False,True,False,False,False,False,True,False,False,False,False,False,False
1869_01,0.3037974683544304,False,False,False,False,False,False,0.19735449735449737,False,True,False,False,True,False,False,False,False,False,True,False,False,False
1870_01,0.24050632911392406,False,False,False,False,False,False,0.18994708994708995,False,True,False,False,True,False,False,False,False,False,True,False,False,True
1875_01,0.4177215189873418,False,False,False,False,False,False,0.0343915343915344,False,True,False,False,True,False,False,False,True,False,False,False,False,True
1876_01,0.24050632911392406,False,False,False,False,False,False,0.1904761904761905,False,False,False,False,True,False,False,False,False,False,True,False,False,True
1883_01,0.20253164556962025,False,False,False,False,False,False,0.06031746031746032,False,True,True,False,True,False,False,False,False,True,False,False,False,False
1885_01,0.5949367088607594,False,False,False,False,False,False,0.15555555555555556,False,False,False,False,True,False,False,False,False,False,False,True,False,True
1893_01,0.5063291139240507,False,False,False,False,False,False,0.19153439153439156,False,True,True,False,True,False,False,False,False,False,True,False,False,True
1894_01,0.24050632911392406,False,False,False,False,False,False,0.20052910052910053,False,True,True,False,True,False,False,False,False,False,True,False,False,False
1895_01,0.34177215189873417,False,False,False,False,False,False,0.19206349206349208,False,True,False,False,True,False,False,False,False,False,True,False,False,True
1896_01,0.3924050632911392,False,False,False,False,False,False,0.07566137566137567,True,False,False,False,True,False,False,False,False,True,False,False,False,True
1900_01,0.3037974683544304,False,False,False,False,False,False,0.20105820105820107,False,False,False,False,True,False,False,False,False,False,True,False,False,False
1904_01,0.3924050632911392,False,False,False,False,False,False,0.007936507936507938,True,False,False,False,False,False,False,False,False,False,False,False,False,False
1909_01,0.5189873417721519,False,False,False,False,False,False,0.033862433862433865,True,False,True,True,False,False,False,True,False,False,False,False,False,False
1909_02,0.20253164556962025,False,False,False,False,False,False,0.033862433862433865,True,False,True,False,True,False,False,True,False,False,False,False,False,False
1909_03,0.34177215189873417,False,False,False,False,False,False,0.033862433862433865,True,False,False,False,True,False,False,True,False,False,False,False,False,False
1910_01,0.13924050632911392,False,False,False,False,False,False,0.19312169312169314,False,True,False,False,True,False,False,False,False,False,True,False,False,True
1910_02,0.35443037974683544,False,False,False,False,False,False,0.19312169312169314,False,True,False,False,False,False,False,False,False,False,True,False,False,True
1910_03,0.6455696202531646,False,False,False,False,False,False,0.19312169312169314,False,True,False,False,True,False,False,False,False,False,True,False,False,True
1910_04,0.012658227848101266,False,False,False,False,False,False,0.19312169312169314,False,True,False,False,True,False,False,False,False,False,True,False,False,True
1912_01,0.7088607594936709,False,False,False,False,False,False,0.16402116402116404,False,False,False,False,True,False,False,False,False,False,False,True,False,False
1913_01,0.3291139240506329,False,False,False,False,False,False,0.2015873015873016,False,True,False,False,True,False,False,False,False,False,True,False,False,False
1913_02,0.7215189873417721,False,False,False,False,False,False,0.2015873015873016,False,True,True,False,True,False,False,False,False,False,True,False,False,False
1913_03,0.16455696202531644,False,False,False,False,False,False,0.2015873015873016,False,True,True,False,True,False,False,False,False,False,True,False,False,False
1914_01,0.4050632911392405,False,False,False,False,False,False,0.15925925925925927,False,False,True,True,False,False,False,False,False,False,False,True,False,True
1917_01,0.35443037974683544,False,False,False,False,False,False,0.19365079365079366,False,False,False,True,False,False,False,False,False,False,True,False,False,True
1919_01,0.1518987341772152,False,False,False,False,False,False,0.1597883597883598,False,False,False,False,True,False,False,False,False,False,False,True,False,True
1921_01,0.4430379746835443,False,False,False,False,False,False,0.20211640211640214,False,True,False,True,False,False,False,False,False,False,True,False,False,False
1921_02,0.4177215189873418,True,True,True,True,True,False,0.20211640211640214,False,True,False,False,True,True,False,False,False,False,True,False,False,False
1924_01,0.17721518987341772,False,False,False,False,False,False,0.16455026455026456,False,False,True,True,False,False,False,False,False,False,False,True,False,False
1929_01,0.3291139240506329,False,False,False,False,False,False,0.1619047619047619,False,False,False,False,True,False,False,False,False,False,False,True,False,True
1930_01,0.31645569620253167,False,False,False,False,False,False,0.20264550264550266,False,False,False,False,False,False,False,False,False,False,True,False,False,False
1932_01,0.34177215189873417,False,False,False,False,False,False,0.1941798941798942,False,False,False,False,True,False,False,False,False,False,True,False,False,True
1934_01,0.2911392405063291,False,False,False,False,False,False,0.20317460317460317,False,False,False,False,True,False,False,False,False,False,True,False,False,False
1936_01,0.569620253164557,False,False,False,False,False,False,0.06296296296296297,False,True,False,False,True,False,False,False,False,True,False,False,False,False
1943_01,0.6329113924050633,False,False,False,False,False,False,0.1962962962962963,False,False,False,False,False,False,False,False,False,False,True,False,False,True
1944_01,0.3037974683544304,False,False,False,False,False,False,0.16296296296296298,False,False,False,False,True,False,False,False,False,False,False,True,False,True
1948_01,0.6835443037974683,False,False,False,False,False,False,0.04232804232804233,True,False,False,False,True,False,True,False,False,False,False,False,False,True
1948_02,0.24050632911392406,False,False,False,False,False,False,0.04232804232804233,True,False,True,False,False,False,True,False,False,False,False,False,False,True
1949_01,0.24050632911392406,False,False,False,False,False,False,0.19735449735449737,False,False,False,False,True,False,False,False,False,False,True,False,False,True
1951_01,0.35443037974683544,False,False,False,False,False,False,0.03544973544973545,True,False,True,False,False,False,False,False,True,False,False,False,False,True
1951_02,0.35443037974683544,False,False,False,False,False,False,0.03544973544973545,True,False,False,False,False,False,False,False,True,False,False,False,False,True
1954_01,0.49367088607594933,False,False,False,False,False,False,0.2052910052910053,False,True,False,False,False,False,False,False,False,False,True,False,False,False
1955_01,0.25316455696202533,False,False,False,False,False,False,0.20582010582010585,False,False,False,False,True,False,False,False,False,False,True,False,False,False
1958_01,0.37974683544303794,False,False,False,False,False,False,0.16613756613756614,False,False,False,False,True,False,False,False,False,False,False,True,False,False
1965_01,0.4430379746835443,False,False,False,False,False,False,0.16772486772486775,False,False,True,False,True,False,False,False,False,False,False,True,False,False
1966_01,0.45569620253164556,False,False,False,False,False,False,0.04285714285714286,True,False,False,False,False,False,True,False,False,False,False,False,False,True
1970_01,0.4177215189873418,False,False,False,False,False,False,0.20740740740740743,False,False,False,False,True,False,False,False,False,False,True,False,False,False
1972_01,0.37974683544303794,False,False,False,False,False,False,0.06507936507936508,False,True,False,False,True,False,False,False,False,True,False,False,False,False
1982_01,0.31645569620253167,False,False,False,False,False,False,0.07671957671957673,False,False,False,False,True,False,False,False,False,True,False,False,False,True
1986_01,0.569620253164557,False,False,False,False,False,False,0.1994708994708995,False,True,True,False,True,False,False,False,False,False,True,False,False,True
1987_01,0.2911392405063291,False,False,False,False,False,False,0.16560846560846562,False,False,False,False,True,False,False,False,False,False,False,True,False,True
1989_01,0.6455696202531646,False,False,False,False,False,False,0.1703703703703704,False,False,True,False,False,False,False,False,False,False,False,True,False,False
1990_01,0.3924050632911392,False,False,False,False,False,False,0.208994708994709,False,True,True,False,True,False,False,False,False,False,True,False,False,False
1990_02,0.6962025316455696,False,False,False,False,False,False,0.208994708994709,False,True,True,False,False,False,False,False,False,False,True,False,False,False
1998_01,0.3037974683544304,False,False,False,False,False,False,0.20211640211640214,False,False,False,True,False,False,False,False,False,False,True,False,False,True
2002_01,0.7215189873417721,False,False,False,False,False,False,0.20317460317460317,False,True,True,False,True,False,False,False,False,False,True,False,False,True
2004_01,0.3037974683544304,False,False,False,False,False,False,0.07777777777777778,False,True,True,False,True,False,False,False,False,True,False,False,False,True
2005_01,0.5569620253164557,False,False,False,False,False,False,0.20370370370370372,False,False,False,False,True,False,False,False,False,False,True,False,False,True
2005_02,0.0,False,False,False,False,False,False,0.1671957671957672,False,False,False,False,True,False,False,False,False,False,False,True,False,True
2008_01,0.18987341772151897,False,False,False,False,False,False,0.21005291005291007,False,False,False,False,True,False,False,False,False,False,True,False,False,False
2014_01,0.620253164556962,False,False,False,False,False,False,0.07830687830687831,True,False,True,False,True,False,False,False,False,True,False,False,False,True
2016_01,0.3037974683544304,False,False,False,False,False,False,0.2052910052910053,False,True,True,False,True,False,False,False,False,False,True,False,False,True
2016_02,0.5949367088607594,False,False,False,False,False,False,0.2052910052910053,False,True,False,False,True,False,False,False,False,False,True,False,False,True
2017_01,0.3291139240506329,False,False,False,False,False,False,0.07883597883597884,False,True,False,False,True,False,False,False,False,True,False,False,False,True
2017_02,0.3291139240506329,False,False,False,False,False,False,0.20582010582010585,False,True,False,False,True,False,False,False,False,False,True,False,False,True
2018_01,0.05063291139240506,False,False,False,False,False,False,0.16878306878306878,False,False,True,False,True,False,False,False,False,False,False,True,False,True
2020_01,0.37974683544303794,False,False,False,False,False,False,0.040740740740740744,True,False,False,False,True,False,False,True,False,False,False,False,False,True
2021_01,0.2911392405063291,False,False,False,False,False,False,0.16931216931216933,False,False,True,False,True,False,False,False,False,False,False,True,False,True
2023_01,0.2911392405063291,False,False,False,False,False,False,0.16984126984126985,False,False,False,False,True,False,False,False,False,False,False,True,False,True
2023_02,0.05063291139240506,False,False,False,False,False,False,0.16984126984126985,False,False,True,False,True,False,False,False,False,False,False,True,False,True
2023_03,0.0379746835443038,False,False,False,False,False,False,0.16984126984126985,False,False,True,False,True,False,False,False,False,False,False,True,False,True
2025_01,0.5316455696202531,True,True,True,True,True,False,0.044444444444444446,True,False,False,False,False,True,True,False,False,False,False,False,False,True
2030_01,0.27848101265822783,False,False,False,False,False,False,0.21216931216931217,False,False,False,False,True,False,False,False,False,False,True,False,False,False
2031_01,0.26582278481012656,False,False,False,False,False,False,0.17195767195767198,False,False,False,False,True,False,False,False,False,False,False,True,False,False
2033_01,0.35443037974683544,False,False,False,False,False,False,0.20740740740740743,False,False,False,False,False,False,False,False,False,False,True,False,False,True
2035_01,0.4430379746835443,False,False,False,False,False,False,0.033862433862433865,False,True,False,False,True,False,False,False,True,False,False,False,False,False
2035_02,0.25316455696202533,False,False,False,False,False,False,0.21322751322751324,False,True,True,False,True,False,False,False,False,False,True,False,False,False
2036_01,0.27848101265822783,False,False,False,False,False,False,0.1724867724867725,False,False,True,True,False,False,False,False,False,False,False,True,False,False
2036_02,0.37974683544303794,False,False,False,False,False,False,0.1724867724867725,False,False,False,False,True,False,False,False,False,False,False,True,False,False
2036_03,0.0,False,False,False,False,False,False,0.1724867724867725,False,False,False,False,True,False,False,False,False,False,False,True,False,False
2037_01,0.27848101265822783,False,False,False,False,False,False,0.032275132275132276,True,False,True,False,True,False,True,False,False,False,False,False,False,False
2037_02,0.18987341772151897,False,False,False,False,False,False,0.032275132275132276,True,False,False,False,True,False,True,False,False,False,False,False,False,False
2039_01,0.05063291139240506,False,False,False,False,False,False,0.2142857142857143,False,True,False,False,True,False,False,False,False,False,True,False,False,False
2039_02,0.24050632911392406,False,False,False,False,False,False,0.2142857142857143,False,True,True,False,True,False,False,False,False,False,True,False,False,False
2039_03,0.3670886075949367,False,False,False,False,False,False,0.2142857142857143,False,True,True,False,True,False,False,False,False,False,True,False,False,False
2047_01,0.21518987341772153,False,False,False,False,False,False,0.17195767195767198,False,False,True,False,True,False,False,False,False,False,False,True,False,True
2048_01,0.26582278481012656,False,False,False,False,False,False,0.21481481481481482,False,False,False,False,False,False,False,False,False,False,True,False,False,False
2049_01,0.25316455696202533,False,False,False,False,False,False,0.1724867724867725,False,False,True,True,False,False,False,False,False,False,False,True,False,True
2050_01,0.3037974683544304,False,False,False,False,False,False,0.17407407407407408,False,False,False,False,True,False,False,False,False,False,False,True,False,False
2057_01,0.0759493670886076,False,False,False,False,False,False,0.17566137566137568,False,False,True,True,False,False,False,False,False,False,False,True,False,False
2057_02,0.11392405063291139,False,False,False,False,False,False,0.17566137566137568,False,False,False,True,False,False,False,False,False,False,False,True,False,False
2057_03,0.26582278481012656,False,False,False,False,False,False,0.17566137566137568,False,False,False,False,True,False,False,False,False,False,False,True,False,False
2057_04,0.5822784810126582,False,False,False,False,False,False,0.17566137566137568,False,False,True,False,True,False,False,False,False,False,False,True,False,False
2057_05,0.25316455696202533,False,False,False,False,False,False,0.21587301587301588,False,False,False,False,True,False,False,False,False,False,True,False,False,False
2058_01,0.34177215189873417,False,False,False,False,False,False,0.21005291005291007,False,True,False,False,False,False,False,False,False,False,True,False,False,True
2064_01,0.2911392405063291,False,False,False,False,False,False,0.21640211640211643,False,True,True,False,True,False,False,False,False,False,True,False,False,False
2068_01,0.35443037974683544,False,False,False,False,False,False,0.03756613756613757,True,False,True,False,True,False,False,True,False,False,False,False,False,False
2068_02,0.6708860759493671,False,False,False,False,False,False,0.03756613756613757,True,False,False,False,False,False,False,True,False,False,False,False,False,False
2068_03,0.5189873417721519,False,False,False,False,False,False,0.03756613756613757,True,False,False,False,True,False,False,True,False,False,False,False,False,False
2068_04,0.4050632911392405,False,False,False,False,False,False,0.03756613756613757,True,False,False,False,False,False,False,True,False,False,False,False,False,False
2068_05,0.34177215189873417,False,False,False,False,False,False,0.03756613756613757,True,False,False,False,True,False,False,True,False,False,False,False,False,False
2069_01,0.3924050632911392,False,False,False,False,False,False,0.21111111111111114,False,False,False,False,True,False,False,False,False,False,True,False,False,True
2072_01,0.25316455696202533,False,False,False,False,False,False,0.08042328042328042,False,False,False,False,True,False,False,False,False,True,False,False,False,True
2072_02,0.24050632911392406,False,False,False,False,False,False,0.21164021164021166,False,False,False,False,True,False,False,False,False,False,True,False,False,True
2076_01,0.6962025316455696,False,False,False,False,False,False,0.21322751322751324,False,True,True,False,True,False,False,False,False,False,True,False,False,True
2077_01,0.4430379746835443,False,False,False,False,False,False,0.21375661375661378,False,False,False,False,True,False,False,False,False,False,True,False,False,True
2078_01,0.8860759493670886,False,False,False,False,False,False,0.2142857142857143,False,True,True,False,True,False,False,False,False,False,True,False,False,True
2079_01,0.27848101265822783,False,False,False,False,False,False,0.17460317460317462,False,False,False,False,False,False,False,False,False,False,False,True,False,True
2079_02,0.5822784810126582,False,False,False,False,False,False,0.21481481481481482,False,False,False,False,True,False,False,False,False,False,True,False,False,True
2079_03,0.20253164556962025,False,False,False,False,False,False,0.21481481481481482,False,False,False,False,True,False,False,False,False,False,True,False,False,True
2093_01,0.17721518987341772,False,False,False,False,False,False,0.17777777777777778,False,False,False,False,True,False,False,False,False,False,False,True,False,False
2098_01,0.16455696202531644,False,False,False,False,False,False,0.17566137566137568,False,False,False,False,True,False,False,False,False,False,False,True,False,True
2101_01,0.5569620253164557,False,False,False,False,False,False,0.17830687830687833,False,False,True,False,False,False,False,False,False,False,False,True,False,False
2101_02,0.18987341772151897,False,False,False,False,False,False,0.2201058201058201,False,False,False,False,True,False,False,False,False,False,True,False,False,False
2103_01,0.4050632911392405,False,False,False,False,False,False,0.1761904761904762,False,False,False,False,True,False,False,False,False,False,False,True,False,True
2108_01,0.3291139240506329,False,False,False,False,False,False,0.038624338624338624,True,False,False,False,False,False,False,True,False,False,False,False,False,False
2108_02,0.5316455696202531,False,False,False,False,False,False,0.038624338624338624,True,False,False,False,True,False,False,True,False,False,False,False,False,False
2109_01,0.5569620253164557,False,False,False,False,False,False,0.17830687830687833,False,False,True,False,True,False,False,False,False,False,False,True,False,True
2113_01,0.18987341772151897,False,False,False,False,False,False,0.23386243386243388,False,False,True,False,True,False,False,False,False,False,True,False,False,True
2119_01,0.4430379746835443,False,False,False,False,False,False,0.1798941798941799,False,False,False,False,True,False,False,False,False,False,False,True,False,True
2119_02,0.4430379746835443,False,False,False,False,False,False,0.1798941798941799,False,False,True,False,True,False,False,False,False,False,False,True,False,True
2122_01,0.3037974683544304,False,False,False,False,False,False,0.08148148148148149,False,False,False,True,False,False,False,False,False,True,False,False,False,True
2132_01,0.24050632911392406,False,False,False,False,False,False,0.18095238095238098,False,False,True,True,False,False,False,False,False,False,False,True,False,True
2146_01,0.46835443037974683,False,False,False,False,False,False,0.03280423280423281,True,False,False,False,True,False,True,False,False,False,False,False,False,False
2146_02,0.3924050632911392,False,False,False,False,False,False,0.03280423280423281,True,False,True,False,False,False,True,False,False,False,False,False,False,False
2151_01,0.49367088607594933,False,False,False,False,False,False,0.18306878306878308,False,False,True,False,True,False,False,False,False,False,False,True,False,True
2155_01,0.4430379746835443,False,False,False,False,False,False,0.22592592592592595,False,False,False,False,True,False,False,False,False,False,True,False,False,False
2157_01,0.3291139240506329,False,False,False,False,False,False,0.2232804232804233,False,False,False,False,True,False,False,False,False,False,True,False,False,True
2160_01,0.3291139240506329,False,False,False,False,False,False,0.23386243386243388,False,True,False,False,True,False,False,False,False,False,True,False,False,True
2160_02,0.0,False,False,False,False,False,False,0.22645502645502646,False,True,True,False,False,False,False,False,False,False,True,False,False,False
2160_03,0.10126582278481013,False,False,False,False,False,False,0.22645502645502646,False,True,True,False,True,False,False,False,False,False,True,False,False,False
2165_01,0.5569620253164557,False,False,False,False,False,False,0.2253968253968254,False,False,False,False,True,False,False,False,False,False,True,False,False,True
2166_01,0.25316455696202533,False,False,False,False,False,False,0.22751322751322753,False,False,False,False,True,False,False,False,False,False,True,False,False,False
2169_01,0.7088607594936709,False,False,False,False,False,False,0.1851851851851852,False,False,False,False,True,False,False,False,False,False,False,True,False,False
2170_01,0.3924050632911392,False,False,False,False,False,False,0.2285714285714286,False,False,False,False,True,False,False,False,False,False,True,False,False,False
2174_01,0.20253164556962025,False,False,False,False,False,False,0.22962962962962966,False,False,False,False,False,False,False,False,False,False,True,False,False,False
2176_01,0.3670886075949367,False,False,False,False,False,False,0.18677248677248678,False,False,True,True,False,False,False,False,False,False,False,True,False,False
2178_01,0.27848101265822783,False,False,False,False,False,False,0.18465608465608466,False,False,False,False,True,False,False,False,False,False,False,True,False,True
2181_01,0.49367088607594933,False,False,False,False,False,False,0.2306878306878307,False,False,False,False,True,False,False,False,False,False,True,False,False,False
2184_01,0.31645569620253167,False,False,False,False,False,False,0.04285714285714286,True,False,True,False,False,False,False,True,False,False,False,False,False,True
2184_02,0.5443037974683544,False,False,False,False,False,False,0.04285714285714286,True,False,False,False,True,False,False,True,False,False,False,False,False,True
2185_01,0.46835443037974683,False,False,False,False,False,False,0.04338624338624339,True,False,True,False,False,False,False,True,False,False,False,False,False,True
2192_01,0.3037974683544304,False,False,False,False,False,False,0.18571428571428572,False,False,False,True,False,False,False,False,False,False,False,True,False,True
2197_01,0.6708860759493671,False,False,False,False,False,False,0.18677248677248678,False,False,False,False,False,False,False,False,False,False,False,True,False,True
2199_01,0.24050632911392406,False,False,False,False,False,False,0.23386243386243388,False,False,False,False,False,False,False,False,False,False,True,False,False,True
2208_01,0.3037974683544304,False,False,False,False,False,False,0.23492063492063495,False,True,False,False,True,False,False,False,False,False,True,False,False,False
2213_01,0.3924050632911392,False,False,False,False,False,False,0.06931216931216931,False,True,False,False,True,False,False,False,False,True,False,False,False,False
2214_01,0.34177215189873417,False,False,False,False,False,False,0.06984126984126984,False,False,False,False,True,False,False,False,False,True,False,False,False,False
2216_01,0.7215189873417721,False,False,False,False,False,False,0.23597883597883598,False,False,False,True,False,False,False,False,False,False,True,False,False,False
2217_01,0.3291139240506329,False,False,False,False,False,False,0.0005291005291005291,True,False,False,False,True,False,False,False,False,False,False,False,True,True
2218_01,0.18987341772151897,False,False,False,False,False,False,0.07037037037037037,False,False,False,False,True,False,False,False,False,True,False,False,False,False
2222_01,0.24050632911392406,False,False,False,False,False,False,0.23650793650793653,False,True,True,False,True,False,False,False,False,False,True,False,False,False
2226_01,0.34177215189873417,False,False,False,False,False,False,0.1888888888888889,False,False,False,True,False,False,False,False,False,False,False,True,False,False
2227_01,0.2911392405063291,False,False,False,False,False,False,0.2306878306878307,False,True,True,False,True,False,False,False,False,False,True,False,False,True
2230_01,0.0759493670886076,False,False,False,False,False,False,0.18941798941798943,False,False,True,False,True,False,False,False,False,False,False,True,False,False
2236_01,0.18987341772151897,False,False,False,False,False,False,0.08465608465608467,False,False,False,False,True,False,False,False,False,True,False,False,False,True
2240_01,0.02531645569620253,False,False,False,False,False,False,0.1904761904761905,False,False,True,False,False,False,False,False,False,False,False,True,False,False
2240_02,0.26582278481012656,False,False,False,False,False,False,0.2380952380952381,False,False,False,False,True,False,False,False,False,False,True,False,False,False
2240_03,0.0,False,False,False,False,False,False,0.1904761904761905,False,False,False,False,True,False,False,False,False,False,False,True,False,False
2242_01,0.22784810126582278,False,False,False,False,False,False,0.191005291005291,False,False,True,False,False,False,False,False,False,False,False,True,False,False
2244_01,0.5822784810126582,False,False,False,False,False,False,0.23280423280423282,False,False,False,False,True,False,False,False,False,False,True,False,False,True
2245_01,0.5443037974683544,False,False,False,False,False,False,0.008994708994708995,False,False,True,False,False,False,False,False,False,False,False,False,False,False
2245_02,0.569620253164557,True,True,True,True,True,False,0.008994708994708995,True,False,True,False,True,True,False,False,False,False,False,False,False,False
2246_01,0.5063291139240507,False,False,False,False,False,False,0.039153439153439155,True,False,False,False,False,False,False,True,False,False,False,False,False,False
2246_02,0.5569620253164557,False,False,False,False,False,False,0.039153439153439155,True,False,False,False,True,False,False,True,False,False,False,False,False,False
2247_01,0.34177215189873417,False,False,False,False,False,False,0.23915343915343917,False,False,False,False,False,False,False,False,False,False,True,False,False,False
2248_01,0.6962025316455696,False,False,False,False,False,False,0.2396825396825397,False,False,False,False,True,False,False,False,False,False,True,False,False,False
2249_01,0.3037974683544304,False,False,False,False,False,False,0.07142857142857144,False,False,False,False,True,False,False,False,False,True,False,False,False,False
2250_01,0.34177215189873417,False,False,False,False,False,False,0.24021164021164024,False,False,False,False,True,False,False,False,False,False,True,False,False,False
2259_01,0.4177215189873418,False,False,False,False,False,False,0.040740740740740744,True,False,False,False,False,False,False,True,False,False,False,False,False,False
2259_02,0.4430379746835443,False,False,False,False,False,False,0.040740740740740744,True,False,True,False,False,False,False,True,False,False,False,False,False,False
2260_01,0.4177215189873418,False,False,False,False,False,False,0.03544973544973545,True,False,True,False,True,False,False,False,True,False,False,False,False,False
2265_01,0.43037974683544306,False,False,False,False,False,False,0.2343915343915344,False,False,False,False,True,False,False,False,False,False,True,False,False,True
2271_01,0.46835443037974683,False,False,False,False,False,False,0.041269841269841276,True,False,False,False,False,False,False,True,False,False,False,False,False,False
2276_01,0.5822784810126582,False,False,False,False,False,False,0.191005291005291,False,False,True,False,True,False,False,False,False,False,False,True,False,True
2276_02,0.569620253164557,False,False,False,False,False,False,0.23492063492063495,False,False,False,False,True,False,False,False,False,False,True,False,False,True
2283_01,0.17721518987341772,False,False,False,False,False,False,0.24444444444444446,False,False,False,False,True,False,False,False,False,False,True,False,False,False
2285_01,0.3291139240506329,False,False,False,False,False,False,0.19206349206349208,False,False,False,True,False,False,False,False,False,False,False,True,False,True
2286_01,0.7088607594936709,False,False,False,False,False,False,0.19470899470899472,False,False,False,False,True,False,False,False,False,False,False,True,False,False
2290_01,0.3037974683544304,False,False,False,False,False,False,0.1925925925925926,False,False,True,True,False,False,False,False,False,False,False,True,False,True
2292_01,0.24050632911392406,False,False,False,False,False,False,0.19365079365079366,False,False,True,True,False,False,False,False,False,False,False,True,False,True
2293_01,0.6455696202531646,False,False,False,False,False,False,0.23597883597883598,False,True,True,False,True,False,False,False,False,False,True,False,False,True
2294_01,0.3037974683544304,False,False,False,False,False,False,0.044444444444444446,True,False,False,False,False,False,False,True,False,False,False,False,False,True
2297_01,0.2911392405063291,False,False,False,False,False,False,0.23650793650793653,False,False,False,False,True,False,False,False,False,False,True,False,False,True
2304_01,0.26582278481012656,False,False,False,False,False,False,0.19576719576719578,False,False,True,False,True,False,False,False,False,False,False,True,False,False
2307_01,0.0759493670886076,False,False,False,False,False,False,0.08677248677248678,False,False,True,False,True,False,False,False,False,True,False,False,False,True
2307_02,0.13924050632911392,False,False,False,False,False,False,0.08677248677248678,False,False,False,False,True,False,False,False,False,True,False,False,False,True
2307_03,0.05063291139240506,False,False,False,False,False,False,0.08677248677248678,False,False,False,False,True,False,False,False,False,True,False,False,False,True
2307_04,0.0,False,False,False,False,False,False,0.08677248677248678,False,False,False,False,True,False,False,False,False,True,False,False,False,True
2307_05,0.08860759493670886,False,False,False,False,False,False,0.08677248677248678,False,False,True,False,True,False,False,False,False,True,False,False,False,True
2322_01,0.3037974683544304,False,False,False,False,False,False,0.08730158730158731,False,False,False,False,True,False,False,False,False,True,False,False,False,True
2323_01,0.4050632911392405,False,False,False,False,False,False,0.23862433862433863,False,False,False,False,True,False,False,False,False,False,True,False,False,True
2324_01,0.5443037974683544,False,False,False,False,False,False,0.23915343915343917,False,False,False,False,True,False,False,False,False,False,True,False,False,True
2326_01,0.3037974683544304,False,False,False,False,False,False,0.19788359788359788,False,False,True,False,True,False,False,False,False,False,False,True,False,False
2328_01,0.620253164556962,False,False,False,False,False,False,0.24920634920634924,False,False,False,False,True,False,False,False,False,False,True,False,False,False
2330_01,0.26582278481012656,False,False,False,False,False,False,0.2502645502645503,False,False,False,True,False,False,False,False,False,False,True,False,False,False
2331_01,0.3670886075949367,False,False,False,False,False,False,0.23386243386243388,True,False,True,False,False,False,False,False,False,False,True,False,False,True
2334_01,0.31645569620253167,False,False,False,False,False,False,0.19841269841269843,False,False,False,False,True,False,False,False,False,False,False,True,False,True
2335_01,0.34177215189873417,False,False,False,False,False,False,0.19894179894179895,False,False,True,True,False,False,False,False,False,False,False,True,False,True
2337_01,0.17721518987341772,False,False,False,False,False,False,0.19841269841269843,False,False,True,True,False,False,False,False,False,False,False,True,False,False
2342_01,0.8481012658227848,False,False,False,False,False,False,0.1994708994708995,False,False,False,False,True,False,False,False,False,False,False,True,False,True
2343_01,0.21518987341772153,False,False,False,False,False,False,0.03650793650793651,True,False,True,False,False,False,True,False,False,False,False,False,False,False
2343_02,0.5569620253164557,False,False,False,False,False,False,0.03650793650793651,True,False,False,False,True,False,True,False,False,False,False,False,False,False
2344_01,0.6582278481012658,False,False,False,False,False,False,0.03703703703703704,False,False,False,False,False,False,True,False,False,False,False,False,False,False
2344_02,0.17721518987341772,False,False,False,False,False,False,0.03703703703703704,True,False,True,False,False,False,True,False,False,False,False,False,False,False
2346_01,0.21518987341772153,False,False,False,False,False,False,0.2518518518518519,False,False,False,False,True,False,False,False,False,False,True,False,False,False
2350_01,0.24050632911392406,False,False,False,False,False,False,0.07301587301587302,False,True,False,False,True,False,False,False,False,True,False,False,False,False
2350_02,0.45569620253164556,False,False,False,False,False,False,0.2529100529100529,False,True,False,False,True,False,False,False,False,False,True,False,False,False
2350_03,0.24050632911392406,False,False,False,False,False,False,0.2529100529100529,False,True,True,False,False,False,False,False,False,False,True,False,False,False
2351_01,0.31645569620253167,False,False,False,False,False,False,0.03703703703703704,False,True,False,False,True,False,False,False,True,False,False,False,False,False
2351_02,0.49367088607594933,False,False,False,False,False,False,0.25343915343915346,False,True,False,False,True,False,False,False,False,False,True,False,False,False
2352_01,0.4050632911392405,False,False,False,False,False,False,0.24126984126984127,False,True,False,False,False,False,False,False,False,False,True,False,False,True
2354_01,0.9493670886075949,False,False,False,False,False,False,0.24232804232804234,False,True,False,False,True,False,False,False,False,False,True,False,False,True
2355_01,0.46835443037974683,False,False,False,False,False,False,0.0417989417989418,True,False,True,False,True,False,False,False,True,False,False,False,False,True
2355_02,0.31645569620253167,False,False,False,False,False,False,0.0417989417989418,True,False,True,False,False,False,False,False,True,False,False,False,False,True
2355_03,0.4177215189873418,False,False,False,False,False,False,0.0417989417989418,True,False,False,False,True,False,False,False,True,False,False,False,False,True
2355_04,0.31645569620253167,False,False,False,False,False,False,0.0417989417989418,True,False,False,False,False,False,False,False,True,False,False,False,False,True
2358_01,0.3037974683544304,False,False,False,False,False,False,0.2,False,False,False,False,True,False,False,False,False,False,False,True,False,False
2359_01,0.27848101265822783,False,False,False,False,False,False,0.253968253968254,False,False,False,False,True,False,False,False,False,False,True,False,False,False
2362_01,0.27848101265822783,False,False,False,False,False,False,0.07407407407407408,False,False,False,False,True,False,False,False,False,True,False,False,False,False
2370_01,0.45569620253164556,False,False,False,False,False,False,0.20211640211640214,False,False,True,False,True,False,False,False,False,False,False,True,False,False
2370_02,0.05063291139240506,False,False,False,False,False,False,0.20211640211640214,False,False,True,False,True,False,False,False,False,False,False,True,False,False
2370_03,0.7721518987341772,False,False,False,False,False,False,0.20211640211640214,False,False,False,False,True,False,False,False,False,False,False,True,False,False
2370_04,0.0,False,False,False,False,False,False,0.20211640211640214,False,False,False,False,True,False,False,False,False,False,False,True,False,False
2371_01,0.18987341772151897,False,False,False,False,False,False,0.2566137566137566,False,False,False,False,True,False,False,False,False,False,True,False,False,False
2372_01,0.5316455696202531,False,False,False,False,False,False,0.2571428571428572,False,True,False,False,True,False,False,False,False,False,True,False,False,False
2378_01,0.34177215189873417,False,False,False,False,False,False,0.08835978835978836,False,True,False,False,True,False,False,False,False,True,False,False,False,True
2378_02,0.06329113924050633,False,False,False,False,False,False,0.2433862433862434,False,True,True,False,True,False,False,False,False,False,True,False,False,True
2380_01,0.4050632911392405,False,False,False,False,False,False,0.016402116402116404,True,False,False,False,True,False,False,False,False,False,False,False,False,True
2380_02,0.4810126582278481,False,False,False,False,False,False,0.016402116402116404,True,False,True,False,False,False,False,False,False,False,False,False,False,True
2381_01,0.26582278481012656,False,False,False,False,False,False,0.2015873015873016,False,False,True,True,False,False,False,False,False,False,False,True,False,True
2383_01,0.2911392405063291,False,False,False,False,False,False,0.20211640211640214,False,False,False,True,False,False,False,False,False,False,False,True,False,True
2383_02,0.43037974683544306,False,False,False,False,False,False,0.20211640211640214,False,False,False,False,True,False,False,False,False,False,False,True,False,True
2386_01,0.35443037974683544,False,False,False,False,False,False,0.25873015873015875,False,True,True,False,True,False,False,False,False,False,True,False,False,False
2388_01,0.2911392405063291,False,False,False,False,False,False,0.20317460317460317,False,False,False,False,True,False,False,False,False,False,False,True,False,False
2388_02,0.17721518987341772,False,False,False,False,False,False,0.20317460317460317,False,False,True,False,True,False,False,False,False,False,False,True,False,False
2393_01,0.7594936708860759,False,False,False,False,False,False,0.24444444444444446,False,False,False,False,True,False,False,False,False,False,True,False,False,True
2394_01,0.9873417721518987,False,False,False,False,False,False,0.20370370370370372,False,False,True,True,False,False,False,False,False,False,False,True,False,True
2394_02,0.0759493670886076,False,False,False,False,False,False,0.20370370370370372,False,False,True,False,False,False,False,False,False,False,False,True,False,True
2394_03,0.21518987341772153,False,False,False,False,False,False,0.24497354497354498,False,False,False,False,False,False,False,False,False,False,True,False,False,True
2400_01,0.5189873417721519,False,False,False,False,False,False,0.2597883597883598,False,False,False,False,False,False,False,False,False,False,True,False,False,False
2405_01,0.5063291139240507,False,False,False,False,False,False,0.24550264550264553,False,False,False,True,False,False,False,False,False,False,True,False,False,True
2407_01,0.5949367088607594,False,False,False,False,False,False,0.046031746031746035,True,False,False,False,False,False,False,True,False,False,False,False,False,True
2408_01,0.2911392405063291,False,False,False,False,False,False,0.20582010582010585,False,False,False,False,True,False,False,False,False,False,False,True,False,True
2415_01,0.5189873417721519,False,False,False,False,False,False,0.2613756613756614,False,False,False,False,True,False,False,False,False,False,True,False,False,False
2418_01,0.7594936708860759,False,False,False,False,False,False,0.0761904761904762,False,False,False,False,True,False,False,False,False,True,False,False,False,False
2420_01,0.5822784810126582,False,False,False,False,False,False,0.20740740740740743,False,False,False,False,True,False,False,False,False,False,False,True,False,True
2422_01,0.24050632911392406,False,False,False,False,False,False,0.04920634920634921,True,False,False,False,False,False,True,False,False,False,False,False,False,True
2422_02,0.22784810126582278,False,False,False,False,False,False,0.04920634920634921,True,False,True,False,False,False,True,False,False,False,False,False,False,True
2425_01,0.0,False,False,False,False,False,False,0.20952380952380953,False,False,True,False,True,False,False,False,False,False,False,True,False,False
2425_02,0.35443037974683544,False,False,False,False,False,False,0.20952380952380953,False,False,False,True,False,False,False,False,False,False,False,True,False,False
2425_03,0.37974683544303794,False,False,False,False,False,False,0.2619047619047619,False,False,False,False,True,False,False,False,False,False,True,False,False,False
2425_04,0.11392405063291139,False,False,False,False,False,False,0.20952380952380953,False,False,False,False,False,False,False,False,False,False,False,True,False,False
2425_05,0.0,False,False,False,False,False,False,0.23386243386243388,False,False,True,False,True,False,False,False,False,False,True,False,False,True
2425_06,0.05063291139240506,False,False,False,False,False,False,0.20952380952380953,False,False,True,False,True,False,False,False,False,False,False,True,False,False
2428_01,0.27848101265822783,False,False,False,False,False,False,0.26243386243386246,False,False,False,True,False,False,False,False,False,False,True,False,False,False
2430_01,0.4050632911392405,False,False,False,False,False,False,0.2084656084656085,False,False,True,False,True,False,False,False,False,False,False,True,False,True
2430_02,0.08860759493670886,False,False,False,False,False,False,0.2084656084656085,False,False,False,False,True,False,False,False,False,False,False,True,False,True
2430_03,0.24050632911392406,False,False,False,False,False,False,0.2084656084656085,False,False,False,False,True,False,False,False,False,False,False,True,False,True
2434_01,0.43037974683544306,False,False,False,False,False,False,0.21005291005291007,False,False,True,False,True,False,False,False,False,False,False,True,False,False
2434_02,0.3037974683544304,False,False,False,False,False,False,0.2645502645502646,False,False,False,False,True,False,False,False,False,False,True,False,False,False
2437_01,0.21518987341772153,False,False,False,False,False,False,0.2656084656084656,False,False,False,False,True,False,False,False,False,False,True,False,False,False
2440_01,0.3924050632911392,False,False,False,False,False,False,0.2105820105820106,False,False,False,False,True,False,False,False,False,False,False,True,False,False
2447_01,0.5316455696202531,False,False,False,False,False,False,0.24814814814814817,False,False,False,False,True,False,False,False,False,False,True,False,False,True
2448_01,0.17721518987341772,False,False,False,False,False,False,0.03756613756613757,True,False,True,False,False,False,True,False,False,False,False,False,False,False
2448_02,0.34177215189873417,False,False,False,False,False,False,0.03756613756613757,True,False,True,False,False,False,True,False,False,False,False,False,False,False
2450_01,0.26582278481012656,False,False,False,False,False,False,0.26931216931216934,False,False,False,False,True,False,False,False,False,False,True,False,False,False
2459_01,0.3037974683544304,False,False,False,False,False,False,0.21216931216931217,False,False,True,False,False,False,False,False,False,False,False,True,False,False
2464_01,0.43037974683544306,False,False,False,False,False,False,0.07830687830687831,False,True,False,False,True,False,False,False,False,True,False,False,False,False
2465_01,0.4430379746835443,False,False,False,False,False,False,0.04338624338624339,False,True,False,False,False,False,False,False,True,False,False,False,False,True
2468_01,0.5443037974683544,False,False,False,False,False,False,0.091005291005291,True,False,True,False,False,False,False,False,False,True,False,False,False,True
2469_01,0.31645569620253167,False,False,False,False,False,False,0.2502645502645503,False,True,True,False,True,False,False,False,False,False,True,False,False,True
2469_02,0.24050632911392406,False,False,False,False,False,False,0.2502645502645503,False,True,False,False,True,False,False,False,False,False,True,False,False,True
2473_01,0.31645569620253167,False,False,False,False,False,False,0.2507936507936508,False,False,False,False,True,False,False,False,False,False,True,False,False,True
2481_01,0.27848101265822783,False,False,False,False,False,False,0.21164021164021166,False,False,True,False,False,False,False,False,False,False,False,True,False,True
2481_02,0.2911392405063291,False,False,False,False,False,False,0.23386243386243388,False,False,False,False,True,False,False,False,False,False,True,False,False,True
2482_01,0.5316455696202531,False,False,False,False,False,False,0.044444444444444446,True,False,False,False,False,False,False,False,True,False,False,False,False,True
2482_02,0.5063291139240507,False,False,False,False,False,False,0.044444444444444446,True,False,False,False,False,False,False,False,True,False,False,False,False,True
2484_01,0.8987341772151899,False,False,False,False,False,False,0.2529100529100529,False,True,True,False,True,False,False,False,False,False,True,False,False,True
2484_02,0.22784810126582278,False,False,False,False,False,False,0.2529100529100529,False,True,False,False,True,False,False,False,False,False,True,False,False,True
2485_01,0.43037974683544306,True,True,True,True,True,False,0.0925925925925926,False,True,False,False,True,True,False,False,False,True,False,False,False,True
2487_01,0.05063291139240506,False,False,False,False,False,False,0.27195767195767195,False,True,False,False,True,False,False,False,False,False,True,False,False,False
2487_02,0.22784810126582278,False,False,False,False,False,False,0.27195767195767195,False,True,True,False,True,False,False,False,False,False,True,False,False,False
2487_03,0.27848101265822783,False,False,False,False,False,False,0.038624338624338624,False,True,False,False,True,False,False,False,True,False,False,False,False,False
2490_01,0.4810126582278481,False,False,False,False,False,False,0.25343915343915346,False,False,False,False,True,False,False,False,False,False,True,False,False,True
2493_01,0.4177215189873418,False,False,False,False,False,False,0.04656084656084657,True,False,False,False,False,False,False,True,False,False,False,False,False,True
2493_02,0.34177215189873417,True,True,True,True,True,False,0.04656084656084657,True,False,False,True,False,True,False,True,False,False,False,False,False,True
2494_01,0.22784810126582278,False,False,False,False,False,False,0.05026455026455027,True,False,True,False,True,False,True,False,False,False,False,False,False,True
2494_02,0.43037974683544306,False,False,False,False,False,False,0.05026455026455027,True,False,False,False,False,False,True,False,False,False,False,False,False,True
2495_01,0.8354430379746836,False,False,False,False,False,False,0.21269841269841272,False,False,False,False,False,False,False,False,False,False,False,True,False,True
2501_01,0.5949367088607594,False,False,False,False,False,False,0.04761904761904762,True,False,True,False,True,False,False,True,False,False,False,False,False,True
2504_01,0.4430379746835443,False,False,False,False,False,False,0.25502645502645505,False,False,False,False,True,False,False,False,False,False,True,False,False,True
2507_01,0.2911392405063291,False,False,False,False,False,False,0.2142857142857143,False,False,True,False,True,False,False,False,False,False,False,True,False,False
2511_01,0.45569620253164556,False,False,False,False,False,False,0.2740740740740741,False,False,False,False,True,False,False,False,False,False,True,False,False,False
2514_01,0.45569620253164556,False,False,False,False,False,False,0.23386243386243388,False,False,False,False,True,False,False,False,False,False,True,False,False,True
2517_01,0.4430379746835443,False,False,False,False,False,False,0.2560846560846561,False,True,True,False,True,False,False,False,False,False,True,False,False,True
2525_01,0.18987341772151897,False,False,False,False,False,False,0.2571428571428572,False,False,False,False,True,False,False,False,False,False,True,False,False,True
2529_01,0.49367088607594933,True,True,True,True,True,False,0.04708994708994709,True,False,False,False,True,True,False,True,False,False,False,False,False,False
2533_01,0.6075949367088608,False,False,False,False,False,False,0.21587301587301588,False,False,False,False,False,False,False,False,False,False,False,True,False,False
2536_01,0.5949367088607594,False,False,False,False,False,False,0.2592592592592593,False,True,True,False,True,False,False,False,False,False,True,False,False,True
2538_01,0.26582278481012656,False,False,False,False,False,False,0.04021164021164021,True,False,True,False,False,False,True,False,False,False,False,False,False,False
2538_02,0.3924050632911392,False,False,False,False,False,False,0.04021164021164021,True,False,True,False,True,False,True,False,False,False,False,False,False,False
2539_01,0.16455696202531644,False,False,False,False,False,False,0.23386243386243388,False,False,False,False,True,False,False,False,False,False,True,False,False,True
2543_01,0.4050632911392405,False,False,False,False,False,False,0.27566137566137566,False,False,False,False,True,False,False,False,False,False,True,False,False,False
2554_01,0.27848101265822783,False,False,False,False,False,False,0.2608465608465609,False,False,False,True,False,False,False,False,False,False,True,False,False,True
2556_01,0.5063291139240507,False,False,False,False,False,False,0.27724867724867724,False,True,True,False,False,False,False,False,False,False,True,False,False,False
2563_01,0.18987341772151897,False,False,False,False,False,False,0.21640211640211643,False,False,True,False,True,False,False,False,False,False,False,True,False,True
2566_01,0.4177215189873418,False,False,False,False,False,False,0.21693121693121695,False,False,False,False,True,False,False,False,False,False,False,True,False,True
2567_01,0.35443037974683544,False,False,False,False,False,False,0.09523809523809525,False,True,True,False,True,False,False,False,False,True,False,False,False,True
2567_02,0.21518987341772153,False,False,False,False,False,False,0.2613756613756614,False,True,True,False,True,False,False,False,False,False,True,False,False,True
2568_01,0.25316455696202533,False,False,False,False,False,False,0.2619047619047619,False,False,False,False,True,False,False,False,False,False,True,False,False,True
2569_01,0.5316455696202531,False,False,False,False,False,False,0.27936507936507937,False,False,False,False,True,False,False,False,False,False,True,False,False,False
2570_01,0.22784810126582278,False,False,False,False,False,False,0.21851851851851853,False,False,True,False,True,False,False,False,False,False,False,True,False,False
2575_01,0.34177215189873417,False,False,False,False,False,False,0.2798941798941799,False,True,False,False,False,False,False,False,False,False,True,False,False,False
2576_01,0.4050632911392405,False,False,False,False,False,False,0.26296296296296295,False,True,True,False,True,False,False,False,False,False,True,False,False,True
2577_01,0.24050632911392406,False,False,False,False,False,False,0.21746031746031746,False,False,True,False,True,False,False,False,False,False,False,True,False,True
2577_02,0.11392405063291139,False,False,False,False,False,False,0.21746031746031746,False,False,True,False,True,False,False,False,False,False,False,True,False,True
2579_01,0.45569620253164556,False,False,False,False,False,False,0.28042328042328046,False,True,False,False,True,False,False,False,False,False,True,False,False,False
2583_01,0.26582278481012656,False,False,False,False,False,False,0.2201058201058201,False,False,True,False,True,False,False,False,False,False,False,True,False,False
2585_01,0.5063291139240507,False,False,False,False,False,False,0.0417989417989418,True,False,True,False,True,False,True,False,False,False,False,False,False,False
2586_01,0.5316455696202531,False,False,False,False,False,False,0.22116402116402117,False,False,True,False,True,False,False,False,False,False,False,True,False,False
2587_01,0.5063291139240507,False,False,False,False,False,False,0.2814814814814815,False,True,True,False,True,False,False,False,False,False,True,False,False,False
2587_02,0.27848101265822783,False,False,False,False,False,False,0.2814814814814815,False,True,True,False,True,False,False,False,False,False,True,False,False,False
2600_01,0.18987341772151897,False,False,False,False,False,False,0.08306878306878307,False,True,False,False,True,False,False,False,False,True,False,False,False,False
2603_01,0.4810126582278481,False,False,False,False,False,False,0.21904761904761907,False,False,True,False,True,False,False,False,False,False,False,True,False,True
2603_02,0.18987341772151897,False,False,False,False,False,False,0.2650793650793651,False,False,False,False,False,False,False,False,False,False,True,False,False,True
2604_01,0.3037974683544304,False,False,False,False,False,False,0.22380952380952382,False,False,True,True,False,False,False,False,False,False,False,True,False,False
2608_01,0.27848101265822783,False,False,False,False,False,False,0.2195767195767196,False,False,True,False,True,False,False,False,False,False,False,True,False,True
2610_01,0.3037974683544304,False,False,False,False,False,False,0.2656084656084656,False,False,False,False,True,False,False,False,False,False,True,False,False,True
2611_01,0.31645569620253167,False,False,False,False,False,False,0.22063492063492066,False,False,False,False,True,False,False,False,False,False,False,True,False,True
2612_01,0.27848101265822783,False,False,False,False,False,False,0.28465608465608466,False,False,False,False,True,False,False,False,False,False,True,False,False,False
2613_01,0.7215189873417721,False,False,False,False,False,False,0.2851851851851852,False,False,False,False,True,False,False,False,False,False,True,False,False,False
2614_01,0.31645569620253167,False,False,False,False,False,False,0.2661375661375662,False,True,False,False,True,False,False,False,False,False,True,False,False,True
2615_01,0.26582278481012656,False,False,False,False,False,False,0.28571428571428575,False,False,False,False,True,False,False,False,False,False,True,False,False,False
2620_01,0.5189873417721519,False,False,False,False,False,False,0.22486772486772488,False,False,True,False,False,False,False,False,False,False,False,True,False,False
2621_01,0.34177215189873417,False,False,False,False,False,False,0.04973544973544974,True,False,False,False,False,False,False,True,False,False,False,False,False,True
2623_01,0.22784810126582278,False,False,False,False,False,False,0.26772486772486775,False,False,False,False,True,False,False,False,False,False,True,False,False,True
2630_01,0.7721518987341772,False,False,False,False,False,False,0.26825396825396824,False,False,False,False,True,False,False,False,False,False,True,False,False,True
2630_02,0.11392405063291139,False,False,False,False,False,False,0.22116402116402117,False,False,True,False,True,False,False,False,False,False,False,True,False,True
2630_03,0.012658227848101266,False,False,False,False,False,False,0.22116402116402117,False,False,False,False,True,False,False,False,False,False,False,True,False,True
2632_01,0.34177215189873417,False,False,False,False,False,False,0.2888888888888889,False,False,False,False,True,False,False,False,False,False,True,False,False,False
2637_01,0.25316455696202533,False,False,False,False,False,False,0.23386243386243388,False,False,False,False,True,False,False,False,False,False,True,False,False,True
2637_02,0.02531645569620253,False,False,False,False,False,False,0.226984126984127,False,False,True,True,False,False,False,False,False,False,False,True,False,False
2637_03,0.0,False,False,False,False,False,False,0.226984126984127,False,False,False,False,True,False,False,False,False,False,False,True,False,False
2639_01,0.31645569620253167,False,False,False,False,False,False,0.26931216931216934,False,True,True,False,True,False,False,False,False,False,True,False,False,True
2644_01,0.27848101265822783,False,False,False,False,False,False,0.2708994708994709,False,False,False,False,True,False,False,False,False,False,True,False,False,True
2653_01,0.4050632911392405,True,True,True,True,True,False,0.28994708994708995,False,True,False,False,True,True,False,False,False,False,True,False,False,False
2654_01,0.35443037974683544,False,False,False,False,False,False,0.04708994708994709,False,True,False,False,True,False,False,False,True,False,False,False,False,True
2656_01,0.5443037974683544,False,False,False,False,False,False,0.050793650793650794,True,False,True,False,True,False,False,True,False,False,False,False,False,True
2665_01,0.35443037974683544,False,False,False,False,False,False,0.04867724867724868,True,False,False,False,False,False,False,True,False,False,False,False,False,False
2667_01,0.4050632911392405,False,False,False,False,False,False,0.053439153439153446,True,False,True,False,False,False,True,False,False,False,False,False,False,True
2667_02,0.6835443037974683,False,False,False,False,False,False,0.053439153439153446,True,False,False,False,True,False,True,False,False,False,False,False,False,True
2667_03,0.34177215189873417,False,False,False,False,False,False,0.053439153439153446,True,False,False,False,True,False,True,False,False,False,False,False,False,True
2667_04,0.37974683544303794,False,False,False,False,False,False,0.053439153439153446,True,False,True,False,True,False,True,False,False,False,False,False,False,True
2667_05,0.31645569620253167,False,False,False,False,False,False,0.053439153439153446,True,False,True,False,False,False,True,False,False,False,False,False,False,True
2669_01,0.49367088607594933,False,False,False,False,False,False,0.2925925925925926,False,True,False,False,True,False,False,False,False,False,True,False,False,False
2673_01,0.17721518987341772,False,False,False,False,False,False,0.2291005291005291,False,False,False,False,True,False,False,False,False,False,False,True,False,False
2674_01,0.10126582278481013,False,False,False,False,False,False,0.22486772486772488,False,False,False,False,True,False,False,False,False,False,False,True,False,True
2674_02,0.27848101265822783,False,False,False,False,False,False,0.22486772486772488,False,False,False,False,True,False,False,False,False,False,False,True,False,True
2680_01,0.34177215189873417,False,False,False,False,False,False,0.04338624338624339,True,False,False,False,True,False,True,False,False,False,False,False,False,False
2681_01,0.5443037974683544,False,False,False,False,False,False,0.22592592592592595,False,False,True,True,False,False,False,False,False,False,False,True,False,True
2686_01,0.20253164556962025,False,False,False,False,False,False,0.2740740740740741,False,False,False,False,True,False,False,False,False,False,True,False,False,True
2689_01,0.5063291139240507,False,False,False,False,False,False,0.2306878306878307,False,False,False,False,True,False,False,False,False,False,False,True,False,False
2694_01,0.6075949367088608,False,False,False,False,False,False,0.044444444444444446,True,False,True,False,True,False,True,False,False,False,False,False,False,False
2694_02,0.31645569620253167,False,False,False,False,False,False,0.04920634920634921,True,False,False,False,True,False,False,True,False,False,False,False,False,False
2696_01,0.3670886075949367,False,False,False,False,False,False,0.05185185185185186,True,False,False,False,True,False,False,True,False,False,False,False,False,True
2699_01,0.7594936708860759,False,False,False,False,False,False,0.2746031746031746,False,False,False,True,False,False,False,False,False,False,True,False,False,True
2705_01,0.27848101265822783,False,False,False,False,False,False,0.22751322751322753,False,False,True,False,True,False,False,False,False,False,False,True,False,True
2710_01,0.46835443037974683,False,False,False,False,False,False,0.05502645502645503,True,False,True,False,False,False,True,False,False,False,False,False,False,True
2710_02,0.4430379746835443,False,False,False,False,False,False,0.05502645502645503,True,False,True,False,False,False,True,False,False,False,False,False,False,True
2711_01,0.2911392405063291,False,False,False,False,False,False,0.29629629629629634,False,True,False,False,True,False,False,False,False,False,True,False,False,False
2715_01,0.3037974683544304,False,False,False,False,False,False,0.08571428571428572,False,True,False,False,True,False,False,False,False,True,False,False,False,False
2715_02,0.18987341772151897,False,False,False,False,False,False,0.29735449735449737,False,True,False,False,True,False,False,False,False,False,True,False,False,False
2716_01,0.22784810126582278,False,False,False,False,False,False,0.04232804232804233,True,False,False,False,True,False,False,False,True,False,False,False,False,False
2716_02,0.17721518987341772,False,False,False,False,False,False,0.04232804232804233,True,False,True,False,False,False,False,False,True,False,False,False,False,False
2719_01,0.49367088607594933,False,False,False,False,False,False,0.04867724867724868,False,True,False,False,True,False,False,False,True,False,False,False,False,True
2719_02,0.1518987341772152,False,False,False,False,False,False,0.27724867724867724,False,True,True,False,True,False,False,False,False,False,True,False,False,True
2719_03,0.5443037974683544,False,False,False,False,False,False,0.27724867724867724,False,True,False,False,True,False,False,False,False,False,True,False,False,True
2728_01,0.569620253164557,False,False,False,False,False,False,0.27830687830687834,False,True,False,False,True,False,False,False,False,False,True,False,False,True
2731_01,0.3037974683544304,False,False,False,False,False,False,0.22962962962962966,False,False,True,False,True,False,False,False,False,False,False,True,False,True
2733_01,0.6582278481012658,False,False,False,False,False,False,0.2994708994708995,False,False,False,False,True,False,False,False,False,False,True,False,False,False
2735_01,0.22784810126582278,False,False,False,False,False,False,0.23333333333333334,False,False,False,False,True,False,False,False,False,False,False,True,False,False
2742_01,0.4810126582278481,False,False,False,False,False,False,0.2306878306878307,False,False,True,True,False,False,False,False,False,False,False,True,False,True
2744_01,0.3291139240506329,False,False,False,False,False,False,0.2343915343915344,False,False,False,False,False,False,False,False,False,False,False,True,False,False
2749_01,0.35443037974683544,False,False,False,False,False,False,0.23121693121693124,False,False,True,False,True,False,False,False,False,False,False,True,False,True
2757_01,0.24050632911392406,False,False,False,False,False,False,0.23544973544973546,False,False,False,False,True,False,False,False,False,False,False,True,False,False
2761_01,0.569620253164557,False,False,False,False,False,False,0.28095238095238095,False,False,False,True,False,False,False,False,False,False,True,False,False,True
2761_02,0.34177215189873417,False,False,False,False,False,False,0.28095238095238095,False,False,False,False,True,False,False,False,False,False,True,False,False,True
2766_01,0.18987341772151897,False,False,False,False,False,False,0.23280423280423282,False,False,True,False,False,False,False,False,False,False,False,True,False,True
2767_01,0.27848101265822783,False,False,False,False,False,False,0.23333333333333334,False,False,False,False,True,False,False,False,False,False,False,True,False,True
2771_01,0.2911392405063291,False,False,False,False,False,False,0.3037037037037037,False,False,False,False,True,False,False,False,False,False,True,False,False,False
2775_01,0.4050632911392405,False,False,False,False,False,False,0.053439153439153446,True,False,False,False,True,False,False,True,False,False,False,False,False,True
2776_01,0.18987341772151897,False,False,False,False,False,False,0.23544973544973546,False,False,False,False,True,False,False,False,False,False,False,True,False,True
2777_01,0.37974683544303794,True,True,True,True,True,False,0.01746031746031746,True,False,True,False,True,True,False,False,False,False,False,False,False,True
2779_01,0.7594936708860759,False,False,False,False,False,False,0.30529100529100534,False,False,False,False,True,False,False,False,False,False,True,False,False,False
2782_01,0.6329113924050633,False,False,False,False,False,False,0.28253968253968254,False,False,False,False,True,False,False,False,False,False,True,False,False,True
2791_01,0.569620253164557,False,False,False,False,False,False,0.23862433862433863,False,False,False,False,True,False,False,False,False,False,False,True,False,False
2794_01,0.3037974683544304,False,False,False,False,False,False,0.08994708994708996,False,True,False,False,True,False,False,False,False,True,False,False,False,False
2794_02,0.27848101265822783,False,False,False,False,False,False,0.30634920634920637,False,True,False,False,True,False,False,False,False,False,True,False,False,False
2794_03,0.25316455696202533,False,False,False,False,False,False,0.30634920634920637,False,True,False,False,True,False,False,False,False,False,True,False,False,False
2794_04,0.24050632911392406,False,False,False,False,False,False,0.30634920634920637,False,True,True,False,False,False,False,False,False,False,True,False,False,False
2794_05,0.5063291139240507,False,False,False,False,False,False,0.30634920634920637,False,True,False,False,True,False,False,False,False,False,True,False,False,False
2794_06,0.17721518987341772,False,False,False,False,False,False,0.30634920634920637,False,True,True,False,True,False,False,False,False,False,True,False,False,False
2794_07,0.22784810126582278,False,False,False,False,False,False,0.30634920634920637,False,True,True,False,True,False,False,False,False,False,True,False,False,False
2800_01,0.25316455696202533,False,False,False,False,False,False,0.10105820105820107,False,True,True,False,False,False,False,False,False,True,False,False,False,True
2803_01,0.4430379746835443,False,False,False,False,False,False,0.044444444444444446,True,False,True,False,True,False,False,False,True,False,False,False,False,False
2804_01,0.3037974683544304,False,False,False,False,False,False,0.23703703703703705,False,False,True,False,True,False,False,False,False,False,False,True,False,True
2808_01,0.37974683544303794,False,False,False,False,False,False,0.05026455026455027,True,False,True,False,False,False,False,True,False,False,False,False,False,False
2808_02,0.5569620253164557,False,False,False,False,False,False,0.05026455026455027,True,False,False,False,True,False,False,True,False,False,False,False,False,False
2815_01,0.5316455696202531,False,False,False,False,False,False,0.091005291005291,False,False,False,False,True,False,False,False,False,True,False,False,False,False
2815_02,0.0379746835443038,False,False,False,False,False,False,0.24126984126984127,False,False,True,False,True,False,False,False,False,False,False,True,False,False
2815_03,0.24050632911392406,False,False,False,False,False,False,0.3084656084656085,False,False,False,False,True,False,False,False,False,False,True,False,False,False
2816_01,0.8734177215189873,False,False,False,False,False,False,0.04497354497354498,True,False,True,False,True,False,False,False,True,False,False,False,False,False
2827_01,0.6329113924050633,False,False,False,False,False,False,0.23862433862433863,False,False,True,False,False,False,False,False,False,False,False,True,False,True
2828_01,0.18987341772151897,False,False,False,False,False,False,0.24285714285714288,False,False,False,True,False,False,False,False,False,False,False,True,False,False
2829_01,0.22784810126582278,False,False,False,False,False,False,0.2433862433862434,False,False,True,False,True,False,False,False,False,False,False,True,False,False
2830_01,0.31645569620253167,False,False,False,False,False,False,0.24391534391534392,False,False,True,True,False,False,False,False,False,False,False,True,False,False
2833_01,0.18987341772151897,False,False,False,False,False,False,0.24444444444444446,False,False,True,True,False,False,False,False,False,False,False,True,False,False
2836_01,0.7848101265822784,False,False,False,False,False,False,0.05608465608465609,True,False,False,False,False,False,False,True,False,False,False,False,False,True
2841_01,0.24050632911392406,False,False,False,False,False,False,0.31164021164021166,False,False,False,False,True,False,False,False,False,False,True,False,False,False
2842_01,0.3670886075949367,False,False,False,False,False,False,0.24497354497354498,False,False,True,False,True,False,False,False,False,False,False,True,False,False
2844_01,0.35443037974683544,False,False,False,False,False,False,0.28624338624338624,False,False,False,False,False,False,False,False,False,False,True,False,False,True
2845_01,0.31645569620253167,False,False,False,False,False,False,0.051322751322751325,True,False,True,False,False,False,False,True,False,False,False,False,False,False
2845_02,0.27848101265822783,False,False,False,False,False,False,0.051322751322751325,True,False,True,False,True,False,False,True,False,False,False,False,False,False
2848_01,0.4430379746835443,False,False,False,False,False,False,0.01798941798941799,True,False,True,False,True,False,False,False,False,False,False,False,False,True
2848_02,0.7721518987341772,False,False,False,False,False,False,0.01798941798941799,True,False,True,False,True,False,False,False,False,False,False,False,False,True
2848_03,0.3291139240506329,False,False,False,False,False,False,0.01798941798941799,True,False,True,False,False,False,False,False,False,False,False,False,False,True
2849_01,0.24050632911392406,False,False,False,False,False,False,0.23386243386243388,False,False,False,False,True,False,False,False,False,False,True,False,False,True
2850_01,0.02531645569620253,False,False,False,False,False,False,0.28730158730158734,False,True,False,False,True,False,False,False,False,False,True,False,False,True
2850_02,0.0,False,False,False,False,False,False,0.28730158730158734,False,True,True,False,True,False,False,False,False,False,True,False,False,True
2850_03,0.3291139240506329,False,False,False,False,False,False,0.10158730158730159,False,True,False,False,True,False,False,False,False,True,False,False,False,True
2850_04,0.0759493670886076,False,False,False,False,False,False,0.28730158730158734,False,True,True,False,True,False,False,False,False,False,True,False,False,True
2851_01,0.2911392405063291,False,False,False,False,False,False,0.3121693121693122,False,False,False,False,False,False,False,False,False,False,True,False,False,False
2855_01,0.6329113924050633,False,False,False,False,False,False,0.046031746031746035,False,False,True,False,False,False,False,False,True,False,False,False,False,False
2864_01,0.22784810126582278,False,False,False,False,False,False,0.28994708994708995,False,True,False,False,True,False,False,False,False,False,True,False,False,True
2868_01,0.08860759493670886,False,False,False,False,False,False,0.2396825396825397,False,False,True,False,True,False,False,False,False,False,False,True,False,True
2868_02,0.0379746835443038,False,False,False,False,False,False,0.2396825396825397,False,False,True,False,True,False,False,False,False,False,False,True,False,True
2868_03,0.0379746835443038,False,False,False,False,False,False,0.2396825396825397,False,False,False,False,True,False,False,False,False,False,False,True,False,True
2868_04,0.46835443037974683,False,False,False,False,False,False,0.2396825396825397,False,False,False,False,True,False,False,False,False,False,False,True,False,True
2874_01,0.31645569620253167,False,False,False,False,False,False,0.09365079365079365,False,False,False,False,True,False,False,False,False,True,False,False,False,False
2879_01,0.27848101265822783,False,False,False,False,False,False,0.3142857142857143,False,False,False,False,True,False,False,False,False,False,True,False,False,False
2885_01,0.25316455696202533,False,False,False,False,False,False,0.2904761904761905,False,True,False,False,True,False,False,False,False,False,True,False,False,True
2886_01,0.4050632911392405,False,False,False,False,False,False,0.31534391534391537,False,True,False,False,True,False,False,False,False,False,True,False,False,False
2889_01,0.43037974683544306,False,False,False,False,False,False,0.10317460317460318,False,False,False,False,True,False,False,False,False,True,False,False,False,True
2895_01,0.5949367088607594,False,False,False,False,False,False,0.05873015873015874,True,False,True,False,False,False,False,True,False,False,False,False,False,True
2896_01,0.2911392405063291,False,False,False,False,False,False,0.29100529100529104,False,False,False,False,True,False,False,False,False,False,True,False,False,True
2898_01,0.27848101265822783,False,False,False,False,False,False,0.04761904761904762,True,False,False,False,True,False,True,False,False,False,False,False,False,False
2898_02,0.4430379746835443,False,False,False,False,False,False,0.04761904761904762,True,False,True,False,True,False,True,False,False,False,False,False,False,False
2903_01,0.22784810126582278,False,False,False,False,False,False,0.24973544973544975,False,False,False,True,False,False,False,False,False,False,False,True,False,False
2904_01,0.45569620253164556,False,False,False,False,False,False,0.05238095238095238,True,False,False,False,True,False,False,True,False,False,False,False,False,False
2904_02,0.4050632911392405,False,False,False,False,False,False,0.05238095238095238,True,False,True,False,True,False,False,True,False,False,False,False,False,False
2911_01,0.3670886075949367,False,False,False,False,False,False,0.24603174603174605,False,False,True,False,True,False,False,False,False,False,False,True,False,True
2914_01,0.24050632911392406,False,False,False,False,False,False,0.04814814814814815,True,False,True,False,True,False,True,False,False,False,False,False,False,False
2915_01,0.569620253164557,False,False,False,False,False,False,0.2931216931216931,False,True,True,False,True,False,False,False,False,False,True,False,False,True
2916_01,0.3291139240506329,False,False,False,False,False,False,0.3195767195767196,False,True,True,False,True,False,False,False,False,False,True,False,False,False
2917_01,0.17721518987341772,False,False,False,False,False,False,0.3201058201058201,False,False,False,False,True,False,False,False,False,False,True,False,False,False
2918_01,0.27848101265822783,False,False,False,False,False,False,0.05714285714285715,True,False,False,False,False,False,True,False,False,False,False,False,False,True
2921_01,0.3924050632911392,False,False,False,False,False,False,0.3211640211640212,False,False,False,False,True,False,False,False,False,False,True,False,False,False
2922_01,0.31645569620253167,False,False,False,False,False,False,0.3216931216931217,False,True,False,False,True,False,False,False,False,False,True,False,False,False
2923_01,0.18987341772151897,False,False,False,False,False,False,0.24656084656084656,False,False,False,False,True,False,False,False,False,False,False,True,False,True
2924_01,0.35443037974683544,False,False,False,False,False,False,0.2941798941798942,False,True,False,False,True,False,False,False,False,False,True,False,False,True
2931_01,0.43037974683544306,False,False,False,False,False,False,0.25132275132275134,False,False,True,False,True,False,False,False,False,False,False,True,False,False
2931_02,0.35443037974683544,False,False,False,False,False,False,0.3238095238095238,False,False,False,False,True,False,False,False,False,False,True,False,False,False
2932_01,0.569620253164557,False,False,False,False,False,False,0.05767195767195767,True,False,True,False,True,False,True,False,False,False,False,False,False,True
2933_01,0.5569620253164557,False,False,False,False,False,False,0.32433862433862437,False,False,False,False,True,False,False,False,False,False,True,False,False,False
2937_01,0.27848101265822783,False,False,False,False,False,False,0.3248677248677249,False,False,False,False,True,False,False,False,False,False,True,False,False,False
2939_01,0.6075949367088608,False,False,False,False,False,False,0.2518518518518519,False,False,False,False,True,False,False,False,False,False,False,True,False,False
2946_01,0.31645569620253167,False,False,False,False,False,False,0.32592592592592595,False,False,False,False,True,False,False,False,False,False,True,False,False,False
2946_02,0.3037974683544304,False,False,False,False,False,False,0.253968253968254,False,False,False,False,True,False,False,False,False,False,False,True,False,False
2946_03,0.25316455696202533,False,False,False,False,False,False,0.253968253968254,False,False,False,False,True,False,False,False,False,False,False,True,False,False
2946_04,0.5822784810126582,False,False,False,False,False,False,0.253968253968254,False,False,False,False,True,False,False,False,False,False,False,True,False,False
2947_01,0.5063291139240507,False,False,False,False,False,False,0.2544973544973545,False,False,True,False,True,False,False,False,False,False,False,True,False,False
2951_01,0.3291139240506329,False,False,False,False,False,False,0.2555555555555556,False,False,False,True,False,False,False,False,False,False,False,True,False,False
2952_01,0.7088607594936709,False,False,False,False,False,False,0.326984126984127,False,False,False,False,False,False,False,False,False,False,True,False,False,False
2955_01,0.46835443037974683,False,False,False,False,False,False,0.29629629629629634,False,False,False,False,True,False,False,False,False,False,True,False,False,True
2957_01,0.4430379746835443,False,False,False,False,False,False,0.2560846560846561,False,False,True,False,True,False,False,False,False,False,False,True,False,False
2963_01,0.18987341772151897,False,False,False,False,False,False,0.24920634920634924,False,False,False,False,True,False,False,False,False,False,False,True,False,True
2967_01,0.26582278481012656,False,False,False,False,False,False,0.32962962962962966,False,False,False,False,True,False,False,False,False,False,True,False,False,False
2973_01,0.3037974683544304,False,False,False,False,False,False,0.10370370370370371,False,False,False,False,True,False,False,False,False,True,False,False,False,True
2974_01,0.37974683544303794,False,False,False,False,False,False,0.3301587301587302,False,False,False,False,False,False,False,False,False,False,True,False,False,False
2976_01,0.43037974683544306,False,False,False,False,False,False,0.058201058201058205,True,False,True,False,False,False,True,False,False,False,False,False,False,True
2976_02,0.20253164556962025,False,False,False,False,False,False,0.058201058201058205,True,False,True,False,False,False,True,False,False,False,False,False,False,True
2976_03,0.6962025316455696,False,False,False,False,False,False,0.058201058201058205,True,False,True,False,False,False,True,False,False,False,False,False,False,True
2976_04,0.34177215189873417,False,False,False,False,False,False,0.058201058201058205,True,False,False,False,False,False,True,False,False,False,False,False,False,True
2977_01,0.5569620253164557,False,False,False,False,False,False,0.3306878306878307,False,False,False,False,True,False,False,False,False,False,True,False,False,False
2977_02,0.21518987341772153,False,False,False,False,False,False,0.3306878306878307,False,False,False,False,True,False,False,False,False,False,True,False,False,False
2977_03,0.21518987341772153,False,False,False,False,False,False,0.3306878306878307,False,False,False,True,False,False,False,False,False,False,True,False,False,False
2978_01,0.45569620253164556,False,False,False,False,False,False,0.29894179894179895,False,True,False,False,True,False,False,False,False,False,True,False,False,True
2980_01,0.22784810126582278,False,False,False,False,False,False,0.2994708994708995,False,False,False,False,True,False,False,False,False,False,True,False,False,True
2981_01,0.17721518987341772,False,False,False,False,False,False,0.25767195767195766,False,False,True,True,False,False,False,False,False,False,False,True,False,False
2985_01,0.26582278481012656,False,False,False,False,False,False,0.30000000000000004,False,False,False,False,True,False,False,False,False,False,True,False,False,True
2987_01,0.3291139240506329,False,False,False,False,False,False,0.09735449735449736,False,False,False,False,False,False,False,False,False,True,False,False,False,False
2989_01,0.3291139240506329,False,False,False,False,False,False,0.30052910052910053,False,False,False,False,True,False,False,False,False,False,True,False,False,True
2991_01,0.26582278481012656,False,False,False,False,False,False,0.3010582010582011,False,True,False,False,True,False,False,False,False,False,True,False,False,True
2997_01,0.31645569620253167,False,False,False,False,False,False,0.05026455026455027,True,False,True,False,False,False,True,False,False,False,False,False,False,False
2997_02,0.34177215189873417,False,False,False,False,False,False,0.05026455026455027,True,False,False,False,True,False,True,False,False,False,False,False,False,False
2997_03,0.31645569620253167,False,False,False,False,False,False,0.05026455026455027,True,False,False,False,False,False,True,False,False,False,False,False,False,False
2997_04,0.5443037974683544,False,False,False,False,False,False,0.05026455026455027,True,False,True,False,True,False,True,False,False,False,False,False,False,False
2999_01,0.4430379746835443,False,False,False,False,False,False,0.04814814814814815,False,True,False,False,True,False,False,False,True,False,False,False,False,False
3002_01,0.26582278481012656,False,False,False,False,False,False,0.3322751322751323,False,False,False,True,False,False,False,False,False,False,True,False,False,False
3007_01,0.2911392405063291,False,False,False,False,False,False,0.2582010582010582,False,False,False,False,True,False,False,False,False,False,False,True,False,False
3008_01,0.21518987341772153,False,False,False,False,False,False,0.04867724867724868,True,False,True,False,False,False,False,False,True,False,False,False,False,False
3008_02,0.26582278481012656,False,False,False,False,False,False,0.04867724867724868,False,False,False,False,True,False,False,False,True,False,False,False,False,False
3008_03,0.26582278481012656,False,False,False,False,False,False,0.04867724867724868,True,False,True,False,True,False,False,False,True,False,False,False,False,False
3008_04,0.49367088607594933,False,False,False,False,False,False,0.04867724867724868,True,False,False,False,True,False,False,False,True,False,False,False,False,False
3008_05,0.27848101265822783,False,False,False,False,False,False,0.04867724867724868,True,False,True,False,False,False,False,False,True,False,False,False,False,False
3008_06,0.5063291139240507,False,False,False,False,False,False,0.04867724867724868,True,False,True,False,False,False,False,False,True,False,False,False,False,False
3011_01,0.31645569620253167,False,False,False,False,False,False,0.25873015873015875,False,False,True,False,True,False,False,False,False,False,False,True,False,False
3016_01,0.0759493670886076,False,False,False,False,False,False,0.2592592592592593,False,False,False,False,True,False,False,False,False,False,False,True,False,False
3016_02,0.012658227848101266,False,False,False,False,False,False,0.2592592592592593,False,False,True,False,True,False,False,False,False,False,False,True,False,False
3016_03,0.012658227848101266,False,False,False,False,False,False,0.2592592592592593,False,False,True,False,True,False,False,False,False,False,False,True,False,False
3016_04,0.25316455696202533,False,False,False,False,False,False,0.09841269841269842,False,False,False,False,True,False,False,False,False,True,False,False,False,False
3017_01,0.21518987341772153,False,False,False,False,False,False,0.2597883597883598,False,False,False,False,True,False,False,False,False,False,False,True,False,False
3028_01,0.27848101265822783,False,False,False,False,False,False,0.2613756613756614,False,False,True,False,True,False,False,False,False,False,False,True,False,False
3031_01,0.22784810126582278,False,False,False,False,False,False,0.33492063492063495,False,True,True,False,False,False,False,False,False,False,True,False,False,False
3035_01,0.620253164556962,False,False,False,False,False,False,0.09947089947089947,False,True,False,False,True,False,False,False,False,True,False,False,False,False
3037_01,0.34177215189873417,False,False,False,False,False,False,0.05502645502645503,True,False,True,False,False,False,False,True,False,False,False,False,False,False
3037_02,0.5063291139240507,False,False,False,False,False,False,0.05502645502645503,True,False,True,False,True,False,False,True,False,False,False,False,False,False
3041_01,0.27848101265822783,False,False,False,False,False,False,0.1,False,False,False,False,True,False,False,False,False,True,False,False,False,False
3043_01,0.6962025316455696,False,False,False,False,False,False,0.335978835978836,False,True,False,False,True,False,False,False,False,False,True,False,False,False
3046_01,0.569620253164557,False,False,False,False,False,False,0.04920634920634921,False,False,False,False,True,False,False,False,True,False,False,False,False,False
3049_01,0.4177215189873418,False,False,False,False,False,False,0.2619047619047619,False,False,False,False,True,False,False,False,False,False,False,True,False,False
3051_01,0.5316455696202531,False,False,False,False,False,False,0.26243386243386246,False,False,False,False,True,False,False,False,False,False,False,True,False,False
3052_01,0.34177215189873417,False,False,False,False,False,False,0.06137566137566138,True,False,False,False,True,False,False,True,False,False,False,False,False,True
3056_01,0.20253164556962025,False,False,False,False,False,False,0.26296296296296295,False,False,True,False,True,False,False,False,False,False,False,True,False,False
3057_01,0.2911392405063291,False,False,False,False,False,False,0.3068783068783069,False,True,False,False,True,False,False,False,False,False,True,False,False,True
3058_01,0.3924050632911392,False,False,False,False,False,False,0.2544973544973545,False,False,False,False,True,False,False,False,False,False,False,True,False,True
3059_01,0.7848101265822784,False,False,False,False,False,False,0.052910052910052914,True,False,True,False,True,False,True,False,False,False,False,False,False,False
3069_01,0.5443037974683544,False,False,False,False,False,False,0.30793650793650795,False,False,False,True,False,False,False,False,False,False,True,False,False,True
3072_01,0.7215189873417721,False,False,False,False,False,False,0.3380952380952381,False,True,True,False,False,False,False,False,False,False,True,False,False,False
3074_01,0.2911392405063291,False,False,False,False,False,False,0.3084656084656085,False,False,False,True,False,False,False,False,False,False,True,False,False,True
3075_01,0.25316455696202533,False,False,False,False,False,False,0.33915343915343915,False,False,False,False,False,False,False,False,False,False,True,False,False,False
3077_01,0.26582278481012656,False,False,False,False,False,False,0.06031746031746032,True,False,True,False,False,False,True,False,False,False,False,False,False,True
3077_02,0.34177215189873417,False,False,False,False,False,False,0.06031746031746032,True,False,True,False,False,False,True,False,False,False,False,False,False,True
3078_01,0.3924050632911392,False,False,False,False,False,False,0.06190476190476191,True,False,False,False,False,False,False,True,False,False,False,False,False,True
3078_02,0.3924050632911392,True,True,True,True,True,False,0.06190476190476191,True,False,False,False,True,True,False,True,False,False,False,False,False,True
3078_03,0.3037974683544304,False,False,False,False,False,False,0.06190476190476191,True,False,True,False,True,False,False,True,False,False,False,False,False,True
3078_04,0.34177215189873417,False,False,False,False,False,False,0.06190476190476191,True,False,False,False,True,False,False,True,False,False,False,False,False,True
3086_01,0.35443037974683544,False,False,False,False,False,False,0.34021164021164024,False,False,False,False,True,False,False,False,False,False,True,False,False,False
3089_01,0.5569620253164557,False,False,False,False,False,False,0.10687830687830689,False,True,True,False,True,False,False,False,False,True,False,False,False,True
3094_01,0.24050632911392406,False,False,False,False,False,False,0.2560846560846561,False,False,True,False,True,False,False,False,False,False,False,True,False,True
3097_01,0.17721518987341772,False,False,False,False,False,False,0.3407407407407408,False,True,True,False,True,False,False,False,False,False,True,False,False,False
3098_01,0.8227848101265822,False,False,False,False,False,False,0.10317460317460318,False,False,False,False,True,False,False,False,False,True,False,False,False,False
3101_01,0.9240506329113924,False,False,False,False,False,False,0.05502645502645503,False,True,False,False,True,False,False,False,True,False,False,False,False,True
3105_01,0.3291139240506329,False,False,False,False,False,False,0.05555555555555556,True,False,True,False,True,False,False,True,False,False,False,False,False,False
3105_02,0.31645569620253167,False,False,False,False,False,False,0.05555555555555556,True,False,False,False,True,False,False,True,False,False,False,False,False,False
3105_03,0.3291139240506329,False,False,False,False,False,False,0.05555555555555556,True,False,True,False,True,False,False,True,False,False,False,False,False,False
3106_01,0.43037974683544306,False,False,False,False,False,False,0.3105820105820106,False,False,False,False,True,False,False,False,False,False,True,False,False,True
3107_01,0.7974683544303798,False,False,False,False,False,False,0.2571428571428572,False,False,True,False,True,False,False,False,False,False,False,True,False,True
3108_01,0.6708860759493671,False,False,False,False,False,False,0.2687830687830688,False,False,True,False,True,False,False,False,False,False,False,True,False,False
3109_01,0.22784810126582278,False,False,False,False,False,False,0.25767195767195766,False,False,False,False,True,False,False,False,False,False,False,True,False,True
3115_01,0.5063291139240507,False,False,False,False,False,False,0.25873015873015875,False,False,True,True,False,False,False,False,False,False,False,True,False,True
3122_01,0.35443037974683544,False,False,False,False,False,False,0.05185185185185186,False,True,False,False,True,False,False,False,True,False,False,False,False,False
3122_02,0.569620253164557,False,False,False,False,False,False,0.34232804232804237,False,True,False,False,True,False,False,False,False,False,True,False,False,False
3125_01,0.4050632911392405,False,False,False,False,False,False,0.05238095238095238,False,True,False,False,True,False,False,False,True,False,False,False,False,False
3125_02,0.24050632911392406,False,False,False,False,False,False,0.05238095238095238,False,False,False,False,False,False,False,False,True,False,False,False,False,False
3127_01,0.8227848101265822,False,False,False,False,False,False,0.05608465608465609,True,False,True,False,False,False,False,True,False,False,False,False,False,False
3129_01,0.25316455696202533,False,False,False,False,False,False,0.10846560846560847,False,False,False,False,True,False,False,False,False,True,False,False,False,True
3135_01,0.22784810126582278,False,False,False,False,False,False,0.34391534391534395,False,False,False,False,False,False,False,False,False,False,True,False,False,False
3137_01,0.22784810126582278,False,False,False,False,False,False,0.34444444444444444,False,False,True,True,False,False,False,False,False,False,True,False,False,False
3139_01,0.7341772151898734,False,False,False,False,False,False,0.31164021164021166,False,False,False,False,True,False,False,False,False,False,True,False,False,True
3141_01,0.31645569620253167,False,False,False,False,False,False,0.3121693121693122,False,True,True,False,True,False,False,False,False,False,True,False,False,True
3144_01,0.16455696202531644,False,False,False,False,False,False,0.3137566137566138,False,False,False,False,True,False,False,False,False,False,True,False,False,True
3146_01,0.3291139240506329,False,False,False,False,False,False,0.34550264550264553,False,False,False,True,False,False,False,False,False,False,True,False,False,False
3148_01,0.27848101265822783,False,False,False,False,False,False,0.3148148148148148,False,False,False,False,True,False,False,False,False,False,True,False,False,True
3148_02,0.27848101265822783,False,False,False,False,False,False,0.2608465608465609,False,False,False,False,True,False,False,False,False,False,False,True,False,True
3150_01,0.12658227848101267,False,False,False,False,False,False,0.2619047619047619,False,False,False,False,True,False,False,False,False,False,False,True,False,True
3151_01,0.17721518987341772,False,False,False,False,False,False,0.056613756613756616,True,False,True,False,False,False,False,True,False,False,False,False,False,False
3153_01,0.5569620253164557,False,False,False,False,False,False,0.26296296296296295,False,False,False,False,True,False,False,False,False,False,False,True,False,True
3153_02,0.12658227848101267,False,False,False,False,False,False,0.26296296296296295,False,False,True,False,False,False,False,False,False,False,False,True,False,True
3154_01,0.46835443037974683,False,False,False,False,False,False,0.2634920634920635,False,False,True,False,True,False,False,False,False,False,False,True,False,True
3155_01,0.46835443037974683,False,False,False,False,False,False,0.0544973544973545,True,False,True,False,False,False,True,False,False,False,False,False,False,False
3155_02,0.5569620253164557,False,False,False,False,False,False,0.0544973544973545,True,False,False,False,False,False,True,False,False,False,False,False,False,False
3156_01,0.5316455696202531,False,False,False,False,False,False,0.26402116402116405,False,False,False,True,False,False,False,False,False,False,False,True,False,True
3157_01,0.22784810126582278,False,False,False,False,False,False,0.23386243386243388,False,True,False,False,True,False,False,False,False,False,True,False,False,True
3160_01,0.43037974683544306,False,False,False,False,False,False,0.34656084656084657,False,True,False,False,True,False,False,False,False,False,True,False,False,False
3165_01,0.18987341772151897,False,False,False,False,False,False,0.3158730158730159,False,False,False,False,True,False,False,False,False,False,True,False,False,True
3167_01,0.45569620253164556,False,False,False,False,False,False,0.2735449735449736,False,False,False,False,True,False,False,False,False,False,False,True,False,False
3170_01,0.34177215189873417,False,False,False,False,False,False,0.2650793650793651,False,False,True,False,True,False,False,False,False,False,False,True,False,True
3173_01,0.4177215189873418,False,False,False,False,False,False,0.2661375661375662,False,False,True,False,True,False,False,False,False,False,False,True,False,True
3177_01,0.34177215189873417,False,False,False,False,False,False,0.34973544973544973,False,False,False,False,True,False,False,False,False,False,True,False,False,False
3178_01,0.27848101265822783,False,False,False,False,False,False,0.3502645502645503,False,True,True,False,True,False,False,False,False,False,True,False,False,False
3183_01,0.24050632911392406,False,False,False,False,False,False,0.2740740740740741,False,False,False,False,True,False,False,False,False,False,False,True,False,False
3186_01,0.22784810126582278,False,False,False,False,False,False,0.35132275132275137,False,True,True,False,True,False,False,False,False,False,True,False,False,False
3187_01,0.3924050632911392,False,False,False,False,False,False,0.013756613756613757,True,False,False,False,False,False,False,False,False,False,False,False,False,False
3190_01,0.5189873417721519,False,False,False,False,False,False,0.31851851851851853,False,True,False,False,True,False,False,False,False,False,True,False,False,True
3190_02,0.6075949367088608,False,False,False,False,False,False,0.11111111111111112,False,True,True,False,True,False,False,False,False,True,False,False,False,True
3194_01,0.2911392405063291,False,False,False,False,False,False,0.26666666666666666,False,False,False,False,True,False,False,False,False,False,False,True,False,True
3198_01,0.3670886075949367,False,False,False,False,False,False,0.3195767195767196,False,True,False,False,True,False,False,False,False,False,True,False,False,True
3199_01,0.4810126582278481,False,False,False,False,False,False,0.05714285714285715,True,False,False,False,True,False,False,True,False,False,False,False,False,False
3202_01,0.26582278481012656,False,False,False,False,False,False,0.2746031746031746,False,False,False,True,False,False,False,False,False,False,False,True,False,False
3207_01,0.25316455696202533,False,False,False,False,False,False,0.355026455026455,False,False,False,True,False,False,False,False,False,False,True,False,False,False
3208_01,0.34177215189873417,False,False,False,False,False,False,0.0021164021164021165,True,False,False,False,True,False,False,False,False,False,False,False,True,False
3214_01,0.4177215189873418,False,False,False,False,False,False,0.3201058201058201,False,True,True,False,True,False,False,False,False,False,True,False,False,True
3222_01,0.3037974683544304,False,False,False,False,False,False,0.2708994708994709,False,False,False,False,True,False,False,False,False,False,False,True,False,True
3226_01,0.2911392405063291,False,False,False,False,False,False,0.3216931216931217,False,True,True,False,True,False,False,False,False,False,True,False,False,True
3228_01,0.27848101265822783,False,False,False,False,False,False,0.05555555555555556,False,True,False,False,False,False,False,False,True,False,False,False,False,True
3231_01,0.16455696202531644,False,False,False,False,False,False,0.27195767195767195,False,False,True,False,False,False,False,False,False,False,False,True,False,True
3233_01,0.3037974683544304,False,False,False,False,False,False,0.35714285714285715,False,False,False,False,False,False,False,False,False,False,True,False,False,False
3234_01,0.4050632911392405,False,False,False,False,False,False,0.1052910052910053,False,False,False,False,True,False,False,False,False,True,False,False,False,False
3242_01,0.21518987341772153,False,False,False,False,False,False,0.10634920634920636,False,True,False,False,True,False,False,False,False,True,False,False,False,False
3244_01,0.35443037974683544,False,False,False,False,False,False,0.020105820105820106,True,False,True,False,True,False,False,False,False,False,False,False,False,True
3244_02,0.5822784810126582,False,False,False,False,False,False,0.020105820105820106,True,False,True,False,True,False,False,False,False,False,False,False,False,True
3244_03,0.22784810126582278,False,False,False,False,False,False,0.020105820105820106,True,False,True,False,False,False,False,False,False,False,False,False,False,True
3245_01,0.3037974683544304,False,False,False,False,False,False,0.3232804232804233,False,False,False,False,True,False,False,False,False,False,True,False,False,True
3245_02,0.25316455696202533,False,False,False,False,False,False,0.3232804232804233,False,False,False,False,True,False,False,False,False,False,True,False,False,True
3246_01,0.21518987341772153,False,False,False,False,False,False,0.3238095238095238,False,False,False,False,True,False,False,False,False,False,True,False,False,True
3249_01,0.5569620253164557,False,False,False,False,False,False,0.35873015873015873,False,False,False,False,True,False,False,False,False,False,True,False,False,False
3249_02,0.43037974683544306,False,False,False,False,False,False,0.2788359788359789,False,False,False,True,False,False,False,False,False,False,False,True,False,False
3250_01,0.24050632911392406,False,False,False,False,False,False,0.3592592592592593,False,False,False,True,False,False,False,False,False,False,True,False,False,False
3251_01,0.35443037974683544,False,False,False,False,False,False,0.3597883597883598,False,False,False,False,True,False,False,False,False,False,True,False,False,False
3257_01,0.3291139240506329,False,False,False,False,False,False,0.3248677248677249,False,True,True,False,True,False,False,False,False,False,True,False,False,True
3261_01,0.7215189873417721,False,False,False,False,False,False,0.05767195767195767,True,False,False,False,False,False,False,True,False,False,False,False,False,False
3263_01,0.43037974683544306,False,False,False,False,False,False,0.32592592592592595,False,True,True,False,True,False,False,False,False,False,True,False,False,True
3264_01,0.22784810126582278,False,False,False,False,False,False,0.11534391534391535,False,True,False,False,True,False,False,False,False,True,False,False,False,True
3265_01,0.35443037974683544,True,True,True,True,True,False,0.06296296296296297,True,False,False,False,True,True,True,False,False,False,False,False,False,True
3265_02,0.0759493670886076,False,False,False,False,False,False,0.06296296296296297,True,False,False,False,False,False,True,False,False,False,False,False,False,True
3265_03,0.6708860759493671,False,False,False,False,False,False,0.06296296296296297,True,False,True,False,False,False,True,False,False,False,False,False,False,True
3265_04,0.0759493670886076,False,False,False,False,False,False,0.06296296296296297,True,False,False,False,True,False,True,False,False,False,False,False,False,True
3266_01,0.4177215189873418,False,False,False,False,False,False,0.36084656084656086,False,True,False,False,True,False,False,False,False,False,True,False,False,False
3267_01,0.5443037974683544,False,False,False,False,False,False,0.014814814814814815,True,False,True,False,False,False,False,False,False,False,False,False,False,False
3277_01,0.5569620253164557,False,False,False,False,False,False,0.2751322751322752,False,False,False,False,True,False,False,False,False,False,False,True,False,True
3278_01,0.35443037974683544,False,False,False,False,False,False,0.3613756613756614,False,True,True,False,True,False,False,False,False,False,True,False,False,False
3281_01,0.46835443037974683,False,False,False,False,False,False,0.326984126984127,False,True,True,False,False,False,False,False,False,False,True,False,False,True
3285_01,0.6962025316455696,False,False,False,False,False,False,0.11640211640211641,False,True,False,False,True,False,False,False,False,True,False,False,False,True
3285_02,0.5063291139240507,False,False,False,False,False,False,0.11640211640211641,False,True,True,False,True,False,False,False,False,True,False,False,False,True
3286_01,0.4810126582278481,False,False,False,False,False,False,0.3280423280423281,False,False,False,False,True,False,False,False,False,False,True,False,False,True
3288_01,0.3037974683544304,False,False,False,False,False,False,0.36243386243386244,False,True,True,False,True,False,False,False,False,False,True,False,False,False
3290_01,0.6708860759493671,False,False,False,False,False,False,0.3291005291005291,False,True,True,False,True,False,False,False,False,False,True,False,False,True
3290_02,0.7721518987341772,False,False,False,False,False,False,0.05608465608465609,False,True,False,False,True,False,False,False,True,False,False,False,False,True
3291_01,0.21518987341772153,False,False,False,False,False,False,0.27671957671957675,False,False,True,False,True,False,False,False,False,False,False,True,False,True
3302_01,0.25316455696202533,False,False,False,False,False,False,0.27830687830687834,False,False,False,False,True,False,False,False,False,False,False,True,False,True
3303_01,0.27848101265822783,False,False,False,False,False,False,0.2788359788359789,False,False,False,False,True,False,False,False,False,False,False,True,False,True
3306_01,0.34177215189873417,False,False,False,False,False,False,0.36455026455026457,False,True,False,False,True,False,False,False,False,False,True,False,False,False
3307_01,0.24050632911392406,False,False,False,False,False,False,0.3306878306878307,False,False,False,False,True,False,False,False,False,False,True,False,False,True
3316_01,0.2911392405063291,False,False,False,False,False,False,0.3322751322751323,False,False,False,False,True,False,False,False,False,False,True,False,False,True
3320_01,0.4177215189873418,False,False,False,False,False,False,0.06560846560846562,True,False,False,False,False,False,True,False,False,False,False,False,False,True
3320_02,0.3291139240506329,False,False,False,False,False,False,0.06560846560846562,True,False,False,False,False,False,True,False,False,False,False,False,False,True
3321_01,0.4177215189873418,False,False,False,False,False,False,0.3328042328042328,False,True,True,False,True,False,False,False,False,False,True,False,False,True
3333_01,0.49367088607594933,False,False,False,False,False,False,0.28835978835978837,False,False,False,False,True,False,False,False,False,False,False,True,False,False
3334_01,0.5949367088607594,False,False,False,False,False,False,0.2798941798941799,False,False,True,True,False,False,False,False,False,False,False,True,False,True
3335_01,0.4177215189873418,False,False,False,False,False,False,0.11798941798941799,False,False,False,False,True,False,False,False,False,True,False,False,False,True
3340_01,0.5063291139240507,False,False,False,False,False,False,0.10793650793650794,False,True,False,False,True,False,False,False,False,True,False,False,False,False
3341_01,0.24050632911392406,False,False,False,False,False,False,0.06560846560846562,False,False,True,False,False,False,False,True,False,False,False,False,False,True
3341_02,0.3291139240506329,False,False,False,False,False,False,0.06560846560846562,True,False,False,False,False,False,False,True,False,False,False,False,False,True
3344_01,0.3037974683544304,False,False,False,False,False,False,0.06666666666666667,True,False,True,False,True,False,True,False,False,False,False,False,False,True
3344_02,0.18987341772151897,False,False,False,False,False,False,0.06666666666666667,True,False,True,False,True,False,True,False,False,False,False,False,False,True
3345_01,0.02531645569620253,False,False,False,False,False,False,0.28201058201058204,False,False,False,False,False,False,False,False,False,False,False,True,False,True
3345_02,0.4177215189873418,False,False,False,False,False,False,0.11851851851851852,False,False,False,False,False,False,False,False,False,True,False,False,False,True
3345_03,0.17721518987341772,False,False,False,False,False,False,0.28201058201058204,False,False,True,True,False,False,False,False,False,False,False,True,False,True
3346_01,0.27848101265822783,False,False,False,False,False,False,0.3343915343915344,False,False,False,False,True,False,False,False,False,False,True,False,False,True
3347_01,0.569620253164557,False,False,False,False,False,False,0.0671957671957672,True,False,False,False,False,False,True,False,False,False,False,False,False,True
3347_02,0.7341772151898734,False,False,False,False,False,False,0.0671957671957672,True,False,False,False,False,False,True,False,False,False,False,False,False,True
3351_01,0.16455696202531644,False,False,False,False,False,False,0.23386243386243388,False,False,True,False,False,False,False,False,False,False,True,False,False,True
3351_02,0.45569620253164556,False,False,False,False,False,False,0.3354497354497355,False,False,False,False,False,False,False,False,False,False,True,False,False,True
3354_01,0.4430379746835443,False,False,False,False,False,False,0.11957671957671959,True,False,False,False,True,False,False,False,False,True,False,False,False,True
3355_01,0.2911392405063291,False,False,False,False,False,False,0.28994708994708995,False,False,True,True,False,False,False,False,False,False,False,True,False,False
3356_01,0.34177215189873417,False,False,False,False,False,False,0.12010582010582012,True,False,False,False,True,False,False,False,False,True,False,False,False,True
3358_01,0.3037974683544304,False,False,False,False,False,False,0.2904761904761905,False,False,False,False,True,False,False,False,False,False,False,True,False,False
3362_01,0.5443037974683544,False,False,False,False,False,False,0.06772486772486773,True,False,False,False,True,False,True,False,False,False,False,False,False,True
3362_02,0.8481012658227848,True,True,True,True,True,False,0.06772486772486773,True,False,False,False,True,True,True,False,False,False,False,False,False,True
3366_01,0.3670886075949367,False,False,False,False,False,False,0.06825396825396826,True,False,True,False,True,False,True,False,False,False,False,False,False,True
3367_01,0.35443037974683544,False,False,False,False,False,False,0.23386243386243388,False,False,False,False,True,False,False,False,False,False,True,False,False,True
3368_01,0.22784810126582278,False,False,False,False,False,False,0.12063492063492064,False,True,True,False,True,False,False,False,False,True,False,False,False,True
3368_02,0.4430379746835443,False,False,False,False,False,False,0.12063492063492064,False,True,True,False,False,False,False,False,False,True,False,False,False,True
3368_03,0.27848101265822783,True,True,True,True,True,False,0.12063492063492064,False,True,False,False,True,True,False,False,False,True,False,False,False,True
3368_04,0.24050632911392406,False,False,False,False,False,False,0.12063492063492064,False,True,True,False,True,False,False,False,False,True,False,False,False,True
3368_05,0.5949367088607594,False,False,False,False,False,False,0.12063492063492064,False,False,True,False,True,False,False,False,False,True,False,False,False,True
3368_06,0.20253164556962025,False,False,False,False,False,False,0.12063492063492064,False,True,False,False,True,False,False,False,False,True,False,False,False,True
3368_07,0.5189873417721519,False,False,False,False,False,False,0.12063492063492064,False,True,False,False,True,False,False,False,False,True,False,False,False,True
3369_01,0.3291139240506329,False,False,False,False,False,False,0.12116402116402117,True,False,False,False,True,False,False,False,False,True,False,False,False,True
3373_01,0.46835443037974683,False,False,False,False,False,False,0.28465608465608466,False,False,True,False,True,False,False,False,False,False,False,True,False,True
3374_01,0.3291139240506329,False,False,False,False,False,False,0.108994708994709,False,True,False,False,True,False,False,False,False,True,False,False,False,False
3375_01,0.26582278481012656,False,False,False,False,False,False,0.36772486772486773,False,True,False,False,True,False,False,False,False,False,True,False,False,False
3376_01,0.569620253164557,False,False,False,False,False,False,0.3370370370370371,False,False,False,True,False,False,False,False,False,False,True,False,False,True
3378_01,0.35443037974683544,False,False,False,False,False,False,0.2920634920634921,False,False,False,False,True,False,False,False,False,False,False,True,False,False
3379_01,0.3291139240506329,False,False,False,False,False,False,0.3380952380952381,False,False,False,False,True,False,False,False,False,False,True,False,False,True
3385_01,0.4430379746835443,False,False,False,False,False,False,0.33862433862433866,False,False,False,False,True,False,False,False,False,False,True,False,False,True
3388_01,0.7594936708860759,False,False,False,False,False,False,0.058201058201058205,True,False,False,False,False,False,False,False,True,False,False,False,False,True
3393_01,0.08860759493670886,False,False,False,False,False,False,0.29365079365079366,False,False,True,False,True,False,False,False,False,False,False,True,False,False
3398_01,0.18987341772151897,False,False,False,False,False,False,0.11005291005291006,False,True,False,False,False,False,False,False,False,True,False,False,False,False
3399_01,0.3291139240506329,False,False,False,False,False,False,0.1216931216931217,False,False,False,False,True,False,False,False,False,True,False,False,False,True
3400_01,0.4810126582278481,False,False,False,False,False,False,0.2878306878306878,False,False,True,False,True,False,False,False,False,False,False,True,False,True
3407_01,0.3037974683544304,False,False,False,False,False,False,0.3407407407407408,False,False,False,False,True,False,False,False,False,False,True,False,False,True
3407_02,0.9746835443037974,False,False,False,False,False,False,0.3407407407407408,False,False,False,False,True,False,False,False,False,False,True,False,False,True
3411_01,0.27848101265822783,False,False,False,False,False,False,0.12275132275132276,False,True,False,False,True,False,False,False,False,True,False,False,False,True
3411_02,0.27848101265822783,False,False,False,False,False,False,0.23386243386243388,False,True,False,False,True,False,False,False,False,False,True,False,False,True
3411_03,0.25316455696202533,False,False,False,False,False,False,0.3412698412698413,False,True,False,False,True,False,False,False,False,False,True,False,False,True
3411_04,0.5949367088607594,False,False,False,False,False,False,0.3412698412698413,False,True,False,False,True,False,False,False,False,False,True,False,False,True
3411_05,0.31645569620253167,False,False,False,False,False,False,0.3412698412698413,False,True,True,False,True,False,False,False,False,False,True,False,False,True
3411_06,0.11392405063291139,False,False,False,False,False,False,0.3412698412698413,False,True,True,False,True,False,False,False,False,False,True,False,False,True
3411_07,0.24050632911392406,False,False,False,False,False,False,0.3412698412698413,False,True,False,False,True,False,False,False,False,False,True,False,False,True
3414_01,0.5569620253164557,False,False,False,False,False,False,0.29629629629629634,False,False,False,False,True,False,False,False,False,False,False,True,False,False
3416_01,0.5189873417721519,True,True,True,True,True,False,0.05714285714285715,True,False,False,False,True,True,True,False,False,False,False,False,False,False
3427_01,0.6708860759493671,False,False,False,False,False,False,0.29100529100529104,False,False,True,False,True,False,False,False,False,False,False,True,False,True
3429_01,0.34177215189873417,False,False,False,False,False,False,0.12433862433862435,True,False,True,False,True,False,False,False,False,True,False,False,False,True
3435_01,0.25316455696202533,False,False,False,False,False,False,0.2978835978835979,False,False,False,False,True,False,False,False,False,False,False,True,False,False
3436_01,0.2911392405063291,False,False,False,False,False,False,0.2920634920634921,False,False,True,False,False,False,False,False,False,False,False,True,False,True
3448_01,0.25316455696202533,False,False,False,False,False,False,0.12486772486772488,False,True,False,False,True,False,False,False,False,True,False,False,False,True
3448_02,0.3291139240506329,False,False,False,False,False,False,0.34391534391534395,False,True,False,True,False,False,False,False,False,False,True,False,False,True
3451_01,0.6455696202531646,False,False,False,False,False,False,0.2994708994708995,False,False,False,True,False,False,False,False,False,False,False,True,False,False
3452_01,0.27848101265822783,False,False,False,False,False,False,0.29470899470899475,False,False,False,False,True,False,False,False,False,False,False,True,False,True
3457_01,0.45569620253164556,False,False,False,False,False,False,0.2957671957671958,False,False,True,False,False,False,False,False,False,False,False,True,False,True
3460_01,0.22784810126582278,False,False,False,False,False,False,0.34444444444444444,False,False,False,False,True,False,False,False,False,False,True,False,False,True
3463_01,0.24050632911392406,False,False,False,False,False,False,0.344973544973545,False,False,False,True,False,False,False,False,False,False,True,False,False,True
3466_01,0.21518987341772153,False,False,False,False,False,False,0.34550264550264553,False,False,False,False,True,False,False,False,False,False,True,False,False,True
3471_01,0.3670886075949367,False,False,False,False,False,False,0.3015873015873016,False,False,False,False,True,False,False,False,False,False,False,True,False,False
3472_01,0.22784810126582278,False,False,False,False,False,False,0.3772486772486773,False,False,False,False,True,False,False,False,False,False,True,False,False,False
3477_01,0.27848101265822783,False,False,False,False,False,False,0.3777777777777778,False,True,False,False,True,False,False,False,False,False,True,False,False,False
3477_02,0.5443037974683544,False,False,False,False,False,False,0.05767195767195767,False,True,False,False,False,False,False,False,True,False,False,False,False,False
3479_01,0.3037974683544304,False,False,False,False,False,False,0.2984126984126984,False,False,False,True,False,False,False,False,False,False,False,True,False,True
3481_01,0.31645569620253167,False,False,False,False,False,False,0.3783068783068783,False,True,False,False,True,False,False,False,False,False,True,False,False,False
3482_01,0.25316455696202533,False,False,False,False,False,False,0.37883597883597886,False,False,False,False,True,False,False,False,False,False,True,False,False,False
3482_02,0.2911392405063291,False,False,False,False,False,False,0.30264550264550266,False,False,True,False,True,False,False,False,False,False,False,True,False,False
3493_01,0.4050632911392405,False,False,False,False,False,False,0.38148148148148153,False,False,False,False,True,False,False,False,False,False,True,False,False,False
3494_01,0.6455696202531646,False,False,False,False,False,False,0.05925925925925926,True,False,False,False,True,False,True,False,False,False,False,False,False,False
3494_02,0.27848101265822783,False,False,False,False,False,False,0.05925925925925926,True,False,False,False,True,False,False,False,True,False,False,False,False,False
3498_01,0.27848101265822783,False,False,False,False,False,False,0.34761904761904766,False,False,False,True,False,False,False,False,False,False,True,False,False,True
3500_01,0.37974683544303794,False,False,False,False,False,False,0.34814814814814815,False,False,False,True,False,False,False,False,False,False,True,False,False,True
3502_01,0.2911392405063291,False,False,False,False,False,False,0.3486772486772487,False,False,False,False,True,False,False,False,False,False,True,False,False,True
3503_01,0.7721518987341772,False,False,False,False,False,False,0.11111111111111112,False,False,False,False,True,False,False,False,False,True,False,False,False,False
3505_01,0.3037974683544304,False,False,False,False,False,False,0.3830687830687831,False,False,False,False,True,False,False,False,False,False,True,False,False,False
3507_01,0.24050632911392406,False,False,False,False,False,False,0.34920634920634924,False,False,False,False,True,False,False,False,False,False,True,False,False,True
3508_01,0.34177215189873417,False,False,False,False,False,False,0.016931216931216932,False,False,False,False,True,False,False,False,False,False,False,False,False,False
3508_02,0.3670886075949367,True,True,True,True,True,False,0.016931216931216932,True,False,False,False,True,True,False,False,False,False,False,False,False,False
3509_01,0.6962025316455696,False,False,False,False,False,False,0.07037037037037037,True,False,True,False,False,False,True,False,False,False,False,False,False,True
3509_02,0.3291139240506329,False,False,False,False,False,False,0.07037037037037037,True,False,False,False,True,False,True,False,False,False,False,False,False,True
3510_01,0.7341772151898734,False,False,False,False,False,False,0.29894179894179895,False,False,True,False,False,False,False,False,False,False,False,True,False,True
3513_01,0.7594936708860759,False,False,False,False,False,False,0.0708994708994709,True,False,True,False,False,False,True,False,False,False,False,False,False,True
3513_02,0.16455696202531644,False,False,False,False,False,False,0.0708994708994709,True,False,True,False,True,False,True,False,False,False,False,False,False,True
3513_03,0.49367088607594933,True,True,True,True,True,False,0.0708994708994709,True,False,False,False,False,True,True,False,False,False,False,False,False,True
3513_04,0.4430379746835443,False,False,False,False,False,False,0.0708994708994709,True,False,True,False,False,False,True,False,False,False,False,False,False,True
3516_01,0.26582278481012656,False,False,False,False,False,False,0.38412698412698415,False,False,False,False,True,False,False,False,False,False,True,False,False,False
3517_01,0.46835443037974683,False,False,False,False,False,False,0.3507936507936508,False,False,False,False,True,False,False,False,False,False,True,False,False,True
3522_01,0.3924050632911392,False,False,False,False,False,False,0.30000000000000004,False,False,True,True,False,False,False,False,False,False,False,True,False,True
3524_01,0.25316455696202533,False,False,False,False,False,False,0.35185185185185186,False,False,False,False,True,False,False,False,False,False,True,False,False,True
3526_01,0.34177215189873417,False,False,False,False,False,False,0.3851851851851852,False,True,False,False,True,False,False,False,False,False,True,False,False,False
3529_01,0.5063291139240507,False,False,False,False,False,False,0.3862433862433863,False,True,True,False,True,False,False,False,False,False,True,False,False,False
3532_01,0.3291139240506329,False,False,False,False,False,False,0.35291005291005295,False,True,True,False,True,False,False,False,False,False,True,False,False,True
3538_01,0.45569620253164556,False,False,False,False,False,False,0.06772486772486773,True,False,False,False,False,False,False,True,False,False,False,False,False,True
3541_01,0.24050632911392406,False,False,False,False,False,False,0.126984126984127,False,False,False,False,True,False,False,False,False,True,False,False,False,True
3544_01,0.27848101265822783,False,False,False,False,False,False,0.35449735449735453,False,False,False,True,False,False,False,False,False,False,True,False,False,True
3544_02,0.18987341772151897,False,False,False,False,False,False,0.3010582010582011,False,False,False,False,True,False,False,False,False,False,False,True,False,True
3545_01,0.22784810126582278,False,False,False,False,False,False,0.355026455026455,False,False,False,False,False,False,False,False,False,False,True,False,False,True
3549_01,0.31645569620253167,False,False,False,False,False,False,0.06031746031746032,True,False,False,False,True,False,False,False,True,False,False,False,False,False
3549_02,0.7848101265822784,False,False,False,False,False,False,0.06031746031746032,True,False,True,False,True,False,False,False,True,False,False,False,False,False
3551_01,0.6708860759493671,False,False,False,False,False,False,0.3021164021164021,False,False,False,False,True,False,False,False,False,False,False,True,False,True
3554_01,0.3291139240506329,False,False,False,False,False,False,0.3883597883597884,False,False,False,False,False,False,False,False,False,False,True,False,False,False
3557_01,0.24050632911392406,False,False,False,False,False,False,0.38941798941798944,False,False,False,False,True,False,False,False,False,False,True,False,False,False
3571_01,0.26582278481012656,False,False,False,False,False,False,0.30423280423280424,False,False,True,True,False,False,False,False,False,False,False,True,False,True
3574_01,0.25316455696202533,False,False,False,False,False,False,0.3047619047619048,False,False,False,False,True,False,False,False,False,False,False,True,False,True
3575_01,0.7088607594936709,False,False,False,False,False,False,0.07248677248677249,True,False,False,False,False,False,True,False,False,False,False,False,False,True
3580_01,0.810126582278481,False,False,False,False,False,False,0.06031746031746032,True,False,False,False,False,False,False,False,True,False,False,False,False,True
3580_02,0.3291139240506329,False,False,False,False,False,False,0.07301587301587302,True,False,True,False,True,False,True,False,False,False,False,False,False,True
3581_01,0.45569620253164556,False,False,False,False,False,False,0.06825396825396826,True,False,False,False,True,False,False,True,False,False,False,False,False,True
3583_01,0.6455696202531646,False,False,False,False,False,False,0.06084656084656085,False,True,False,False,True,False,False,False,True,False,False,False,False,True
3585_01,0.20253164556962025,False,False,False,False,False,False,0.30529100529100534,False,False,True,True,False,False,False,False,False,False,False,True,False,True
3587_01,0.26582278481012656,False,False,False,False,False,False,0.3058201058201058,False,False,True,False,False,False,False,False,False,False,False,True,False,True
3587_02,0.6329113924050633,False,False,False,False,False,False,0.35820105820105824,False,False,False,False,False,False,False,False,False,False,True,False,False,True
3587_03,0.0,False,False,False,False,False,False,0.3058201058201058,False,False,False,False,True,False,False,False,False,False,False,True,False,True
3589_01,0.43037974683544306,False,False,False,False,False,False,0.3936507936507937,False,False,False,False,True,False,False,False,False,False,True,False,False,False
3589_02,0.0379746835443038,False,False,False,False,False,False,0.3105820105820106,False,False,True,False,True,False,False,False,False,False,False,True,False,False
3589_03,0.13924050632911392,False,False,False,False,False,False,0.3105820105820106,False,False,True,True,False,False,False,False,False,False,False,True,False,False
3589_04,0.06329113924050633,False,False,False,False,False,False,0.3105820105820106,False,False,True,True,False,False,False,False,False,False,False,True,False,False
3589_05,0.5949367088607594,False,False,False,False,False,False,0.3105820105820106,False,False,False,False,True,False,False,False,False,False,False,True,False,False
3589_06,0.012658227848101266,False,False,False,False,False,False,0.3105820105820106,False,False,True,False,True,False,False,False,False,False,False,True,False,False
3589_07,0.0,False,False,False,False,False,False,0.3105820105820106,False,False,True,False,True,False,False,False,False,False,False,True,False,False
3590_01,0.2911392405063291,False,False,False,False,False,False,0.1126984126984127,False,False,False,False,True,False,False,False,False,True,False,False,False,False
3593_01,0.34177215189873417,False,False,False,False,False,False,0.06190476190476191,True,False,False,False,True,False,False,True,False,False,False,False,False,False
3599_01,0.5822784810126582,False,False,False,False,False,False,0.23386243386243388,False,False,False,False,True,False,False,False,False,False,True,False,False,True
3601_01,0.43037974683544306,False,False,False,False,False,False,0.3126984126984127,False,False,False,False,True,False,False,False,False,False,False,True,False,False
3601_02,0.02531645569620253,False,False,False,False,False,False,0.3126984126984127,False,False,False,False,False,False,False,False,False,False,False,True,False,False
3601_03,0.13924050632911392,False,False,False,False,False,False,0.3126984126984127,False,False,True,False,True,False,False,False,False,False,False,True,False,False
3601_04,0.012658227848101266,False,False,False,False,False,False,0.3126984126984127,False,False,False,False,False,False,False,False,False,False,False,True,False,False
3601_05,0.16455696202531644,False,False,False,False,False,False,0.3126984126984127,False,False,True,False,True,False,False,False,False,False,False,True,False,False
3601_06,0.5189873417721519,False,False,False,False,False,False,0.39470899470899473,False,False,False,False,True,False,False,False,False,False,True,False,False,False
3601_07,0.13924050632911392,False,False,False,False,False,False,0.3126984126984127,False,False,False,False,False,False,False,False,False,False,False,True,False,False
3603_01,0.6582278481012658,False,False,False,False,False,False,0.3592592592592593,False,True,True,False,True,False,False,False,False,False,True,False,False,True
3603_02,0.18987341772151897,False,False,False,False,False,False,0.3592592592592593,False,True,True,False,True,False,False,False,False,False,True,False,False,True
3604_01,0.7341772151898734,False,False,False,False,False,False,0.3074074074074074,False,False,True,False,True,False,False,False,False,False,False,True,False,True
3611_01,0.2911392405063291,False,False,False,False,False,False,0.3603174603174603,False,False,False,False,True,False,False,False,False,False,True,False,False,True
3617_01,0.43037974683544306,False,False,False,False,False,False,0.30952380952380953,False,False,False,False,True,False,False,False,False,False,False,True,False,True
3617_02,0.11392405063291139,False,False,False,False,False,False,0.30952380952380953,False,False,False,False,True,False,False,False,False,False,False,True,False,True
3617_03,0.31645569620253167,False,False,False,False,False,False,0.3613756613756614,False,False,False,False,True,False,False,False,False,False,True,False,False,True
3618_01,0.4810126582278481,False,False,False,False,False,False,0.021693121693121695,True,False,True,False,False,False,False,False,False,False,False,False,False,True
3618_02,0.5316455696202531,True,True,True,True,True,False,0.021693121693121695,True,False,False,False,False,True,False,False,False,False,False,False,False,True
3618_03,0.5063291139240507,False,False,False,False,False,False,0.021693121693121695,True,False,False,False,True,False,False,False,False,False,False,False,False,True
3618_04,0.22784810126582278,False,False,False,False,False,False,0.021693121693121695,True,False,False,False,True,False,False,False,False,False,False,False,False,True
3621_01,0.5316455696202531,False,False,False,False,False,False,0.39682539682539686,False,True,False,False,True,False,False,False,False,False,True,False,False,False
3621_02,0.5063291139240507,False,False,False,False,False,False,0.39682539682539686,False,True,False,False,True,False,False,False,False,False,True,False,False,False
3623_01,0.35443037974683544,False,False,False,False,False,False,0.3973544973544974,False,False,False,False,True,False,False,False,False,False,True,False,False,False
3627_01,0.7088607594936709,False,False,False,False,False,False,0.0687830687830688,True,False,False,False,True,False,False,True,False,False,False,False,False,True
3632_01,0.27848101265822783,False,False,False,False,False,False,0.3105820105820106,False,False,False,False,True,False,False,False,False,False,False,True,False,True
3633_01,0.49367088607594933,False,False,False,False,False,False,0.4,False,True,False,False,True,False,False,False,False,False,True,False,False,False
3635_01,0.4430379746835443,False,False,False,False,False,False,0.3111111111111111,False,False,True,False,False,False,False,False,False,False,False,True,False,True
3635_02,0.45569620253164556,False,False,False,False,False,False,0.36190476190476195,False,False,False,False,True,False,False,False,False,False,True,False,False,True
3637_01,0.43037974683544306,False,False,False,False,False,False,0.1285714285714286,False,True,False,False,True,False,False,False,False,True,False,False,False,True
3638_01,0.27848101265822783,False,False,False,False,False,False,0.36243386243386244,False,False,False,False,True,False,False,False,False,False,True,False,False,True
3643_01,0.26582278481012656,False,False,False,False,False,False,0.3121693121693122,False,False,True,False,True,False,False,False,False,False,False,True,False,True
3646_01,0.20253164556962025,False,False,False,False,False,False,0.06931216931216931,True,False,False,False,True,False,False,True,False,False,False,False,False,True
3646_02,0.4430379746835443,False,False,False,False,False,False,0.06931216931216931,True,False,False,False,True,False,False,True,False,False,False,False,False,True
3649_01,0.24050632911392406,False,False,False,False,False,False,0.364021164021164,False,True,False,False,True,False,False,False,False,False,True,False,False,True
3651_01,0.45569620253164556,False,False,False,False,False,False,0.0746031746031746,True,False,True,False,True,False,True,False,False,False,False,False,False,True
3656_01,0.4050632911392405,False,False,False,False,False,False,0.11481481481481483,True,False,False,False,False,False,False,False,False,True,False,False,False,False
3656_02,0.8734177215189873,False,False,False,False,False,False,0.11481481481481483,True,False,False,False,True,False,False,False,False,True,False,False,False,False
3657_01,0.5569620253164557,False,False,False,False,False,False,0.11534391534391535,True,False,True,False,False,False,False,False,False,True,False,False,False,False
3657_02,0.43037974683544306,False,False,False,False,False,False,0.11534391534391535,True,False,True,False,False,False,False,False,False,True,False,False,False,False
3657_03,0.4430379746835443,False,False,False,False,False,False,0.11534391534391535,True,False,False,False,True,False,False,False,False,True,False,False,False,False
3659_01,0.31645569620253167,False,False,False,False,False,False,0.3158730158730159,False,False,False,False,True,False,False,False,False,False,False,True,False,False
3659_02,0.0379746835443038,False,False,False,False,False,False,0.3158730158730159,False,False,True,False,True,False,False,False,False,False,False,True,False,False
3659_03,0.1518987341772152,False,False,False,False,False,False,0.3158730158730159,False,False,False,True,False,False,False,False,False,False,False,True,False,False
3659_04,0.0379746835443038,False,False,False,False,False,False,0.3158730158730159,False,False,False,False,True,False,False,False,False,False,False,True,False,False
3659_05,0.16455696202531644,False,False,False,False,False,False,0.40105820105820106,False,False,False,False,True,False,False,False,False,False,True,False,False,False
3659_06,0.3291139240506329,False,False,False,False,False,False,0.3158730158730159,False,False,False,False,True,False,False,False,False,False,False,True,False,False
3659_07,0.02531645569620253,False,False,False,False,False,False,0.3158730158730159,False,False,True,True,False,False,False,False,False,False,False,True,False,False
3661_01,0.31645569620253167,False,False,False,False,False,False,0.4015873015873016,False,True,False,False,True,False,False,False,False,False,True,False,False,False
3663_01,0.24050632911392406,False,False,False,False,False,False,0.40211640211640215,False,True,True,False,True,False,False,False,False,False,True,False,False,False
3666_01,0.4177215189873418,False,False,False,False,False,False,0.31534391534391537,False,False,True,False,False,False,False,False,False,False,False,True,False,True
3669_01,0.5189873417721519,False,False,False,False,False,False,0.36613756613756615,False,False,False,False,False,False,False,False,False,False,True,False,False,True
3670_01,0.6962025316455696,False,False,False,False,False,False,0.3158730158730159,False,False,True,True,False,False,False,False,False,False,False,True,False,True
3672_01,0.37974683544303794,False,False,False,False,False,False,0.3666666666666667,False,False,False,False,False,False,False,False,False,False,True,False,False,True
3672_02,0.4430379746835443,False,False,False,False,False,False,0.3164021164021164,False,False,False,True,False,False,False,False,False,False,False,True,False,True
3673_01,0.08860759493670886,False,False,False,False,False,False,0.31693121693121695,False,False,False,False,True,False,False,False,False,False,False,True,False,True
3675_01,0.4810126582278481,False,False,False,False,False,False,0.317989417989418,False,False,False,False,True,False,False,False,False,False,False,True,False,True
3675_02,0.6455696202531646,False,False,False,False,False,False,0.317989417989418,False,False,True,True,False,False,False,False,False,False,False,True,False,True
3675_03,0.22784810126582278,False,False,False,False,False,False,0.317989417989418,False,False,True,False,True,False,False,False,False,False,False,True,False,True
3676_01,0.5569620253164557,False,False,False,False,False,False,0.07566137566137567,True,False,True,False,True,False,True,False,False,False,False,False,False,True
3683_01,0.22784810126582278,False,False,False,False,False,False,0.06455026455026455,True,False,True,False,True,False,False,True,False,False,False,False,False,False
3683_02,0.16455696202531644,False,False,False,False,False,False,0.06455026455026455,True,False,True,False,True,False,False,True,False,False,False,False,False,False
3684_01,0.620253164556962,False,False,False,False,False,False,0.31851851851851853,False,False,True,False,True,False,False,False,False,False,False,True,False,True
3684_02,0.10126582278481013,False,False,False,False,False,False,0.31851851851851853,False,False,False,False,True,False,False,False,False,False,False,True,False,True
3685_01,0.27848101265822783,False,False,False,False,False,False,0.36772486772486773,False,False,False,False,True,False,False,False,False,False,True,False,False,True
3687_01,0.4050632911392405,False,False,False,False,False,False,0.13121693121693123,True,False,False,False,False,False,False,False,False,True,False,False,False,True
3689_01,0.3291139240506329,False,False,False,False,False,False,0.3693121693121693,False,True,False,False,True,False,False,False,False,False,True,False,False,True
3694_01,0.7088607594936709,False,False,False,False,False,False,0.31693121693121695,False,False,True,False,False,False,False,False,False,False,False,True,False,False
3695_01,0.22784810126582278,False,False,False,False,False,False,0.4042328042328043,False,True,False,False,False,False,False,False,False,False,True,False,False,False
3696_01,0.34177215189873417,False,False,False,False,False,False,0.40476190476190477,False,True,True,False,True,False,False,False,False,False,True,False,False,False
3697_01,0.5822784810126582,False,False,False,False,False,False,0.11587301587301588,False,False,False,False,True,False,False,False,False,True,False,False,False,False
3698_01,0.22784810126582278,False,False,False,False,False,False,0.4052910052910053,False,False,False,False,True,False,False,False,False,False,True,False,False,False
3701_01,0.37974683544303794,False,False,False,False,False,False,0.06613756613756615,True,False,True,False,True,False,False,False,True,False,False,False,False,False
3701_02,0.4430379746835443,False,False,False,False,False,False,0.06613756613756615,True,False,False,False,False,False,False,False,True,False,False,False,False,False
3701_03,0.6075949367088608,False,False,False,False,False,False,0.06613756613756615,True,False,True,False,True,False,False,False,True,False,False,False,False,False
3709_01,0.4177215189873418,False,False,False,False,False,False,0.3201058201058201,False,False,True,False,False,False,False,False,False,False,False,True,False,True
3712_01,0.0,False,False,False,False,False,False,0.23386243386243388,False,False,True,False,False,False,False,False,False,False,True,False,False,True
3712_02,0.13924050632911392,False,False,False,False,False,False,0.32063492063492066,False,False,True,False,False,False,False,False,False,False,False,True,False,True
3712_03,0.0,False,False,False,False,False,False,0.32063492063492066,False,False,True,False,True,False,False,False,False,False,False,True,False,True
3712_04,0.17721518987341772,False,False,False,False,False,False,0.37089947089947095,False,False,False,False,True,False,False,False,False,False,True,False,False,True
3712_05,0.11392405063291139,False,False,False,False,False,False,0.32063492063492066,False,False,True,True,False,False,False,False,False,False,False,True,False,True
3717_01,0.46835443037974683,False,False,False,False,False,False,0.3211640211640212,False,False,False,False,True,False,False,False,False,False,False,True,False,True
3717_02,0.37974683544303794,False,False,False,False,False,False,0.3211640211640212,False,False,True,False,True,False,False,False,False,False,False,True,False,True
3718_01,0.26582278481012656,False,False,False,False,False,False,0.371957671957672,False,True,True,False,True,False,False,False,False,False,True,False,False,True
3720_01,0.4050632911392405,False,False,False,False,False,False,0.373015873015873,False,True,True,False,True,False,False,False,False,False,True,False,False,True
3720_02,0.05063291139240506,False,False,False,False,False,False,0.373015873015873,False,True,False,False,True,False,False,False,False,False,True,False,False,True
3720_03,0.24050632911392406,False,False,False,False,False,False,0.373015873015873,False,True,True,False,True,False,False,False,False,False,True,False,False,True
3721_01,0.31645569620253167,True,True,True,True,True,False,0.06190476190476191,False,True,False,False,True,True,False,False,True,False,False,False,False,True
3722_01,0.43037974683544306,False,False,False,False,False,False,0.3216931216931217,False,False,False,False,True,False,False,False,False,False,False,True,False,True
3723_01,0.24050632911392406,False,False,False,False,False,False,0.407936507936508,False,False,False,False,True,False,False,False,False,False,True,False,False,False
3725_01,0.22784810126582278,False,False,False,False,False,False,0.3227513227513228,False,False,True,True,False,False,False,False,False,False,False,True,False,True
3727_01,0.2911392405063291,False,False,False,False,False,False,0.3232804232804233,False,False,False,True,False,False,False,False,False,False,False,True,False,True
3730_01,0.6708860759493671,False,False,False,False,False,False,0.23386243386243388,False,True,True,False,True,False,False,False,False,False,True,False,False,True
3731_01,0.16455696202531644,False,False,False,False,False,False,0.32433862433862437,False,False,True,True,False,False,False,False,False,False,False,True,False,True
3738_01,0.25316455696202533,False,False,False,False,False,False,0.408994708994709,False,False,False,False,True,False,False,False,False,False,True,False,False,False
3740_01,0.43037974683544306,False,False,False,False,False,False,0.37354497354497357,False,False,False,False,True,False,False,False,False,False,True,False,False,True
3746_01,0.22784810126582278,False,False,False,False,False,False,0.32222222222222224,False,False,False,False,True,False,False,False,False,False,False,True,False,False
3746_02,0.0,False,False,False,False,False,False,0.32222222222222224,False,False,False,False,True,False,False,False,False,False,False,True,False,False
3746_03,0.4430379746835443,False,False,False,False,False,False,0.32222222222222224,False,False,True,False,True,False,False,False,False,False,False,True,False,False
3746_04,0.0,False,False,False,False,False,False,0.32222222222222224,False,False,True,False,True,False,False,False,False,False,False,True,False,False
3762_01,0.7848101265822784,False,False,False,False,False,False,0.1322751322751323,False,False,False,False,True,False,False,False,False,True,False,False,False,True
3763_01,0.18987341772151897,False,False,False,False,False,False,0.3746031746031746,False,False,False,False,False,False,False,False,False,False,True,False,False,True
3764_01,0.35443037974683544,False,False,False,False,False,False,0.3248677248677249,False,False,True,False,True,False,False,False,False,False,False,True,False,False
3764_02,0.06329113924050633,False,False,False,False,False,False,0.3248677248677249,False,False,True,False,True,False,False,False,False,False,False,True,False,False
3766_01,0.27848101265822783,False,False,False,False,False,False,0.06666666666666667,True,False,True,False,True,False,False,False,True,False,False,False,False,False
3766_02,0.17721518987341772,False,False,False,False,False,False,0.06666666666666667,True,False,True,False,True,False,False,False,True,False,False,False,False,False
3780_01,0.5443037974683544,False,False,False,False,False,False,0.3783068783068783,False,True,True,False,False,False,False,False,False,False,True,False,False,True
3782_01,0.3037974683544304,False,False,False,False,False,False,0.11798941798941799,False,True,False,False,True,False,False,False,False,True,False,False,False,False
3782_02,0.8227848101265822,False,False,False,False,False,False,0.4121693121693122,False,True,False,False,True,False,False,False,False,False,True,False,False,False
3791_01,0.5569620253164557,False,False,False,False,False,False,0.07142857142857144,True,False,False,False,True,False,False,True,False,False,False,False,False,True
3792_01,0.6329113924050633,False,False,False,False,False,False,0.32857142857142857,False,False,True,False,True,False,False,False,False,False,False,True,False,True
3794_01,0.18987341772151897,False,False,False,False,False,False,0.32857142857142857,False,False,True,True,False,False,False,False,False,False,False,True,False,False
3799_01,0.22784810126582278,False,False,False,False,False,False,0.11851851851851852,False,False,False,False,True,False,False,False,False,True,False,False,False,False
3800_01,0.5189873417721519,False,False,False,False,False,False,0.06560846560846562,True,False,False,False,False,False,False,True,False,False,False,False,False,False
3802_01,0.26582278481012656,False,False,False,False,False,False,0.4132275132275133,False,False,False,False,True,False,False,False,False,False,True,False,False,False
3806_01,0.20253164556962025,False,False,False,False,False,False,0.32962962962962966,False,False,True,True,False,False,False,False,False,False,False,True,False,False
3808_01,0.26582278481012656,False,False,False,False,False,False,0.41534391534391535,False,False,False,False,True,False,False,False,False,False,True,False,False,False
3809_01,0.3670886075949367,False,False,False,False,False,False,0.3301587301587302,False,False,False,False,True,False,False,False,False,False,False,True,False,False
3809_02,0.24050632911392406,False,False,False,False,False,False,0.3301587301587302,False,False,False,False,True,False,False,False,False,False,False,True,False,False
3813_01,0.22784810126582278,False,False,False,False,False,False,0.3306878306878307,False,False,True,False,True,False,False,False,False,False,False,True,False,False
3819_01,0.31645569620253167,False,False,False,False,False,False,0.4174603174603175,False,False,False,False,False,False,False,False,False,False,True,False,False,False
3825_01,0.569620253164557,False,False,False,False,False,False,0.33121693121693124,False,False,False,False,True,False,False,False,False,False,False,True,False,False
3827_01,0.4050632911392405,False,False,False,False,False,False,0.380952380952381,False,False,False,False,False,False,False,False,False,False,True,False,False,True
3828_01,0.4177215189873418,False,False,False,False,False,False,0.06507936507936508,True,False,False,False,True,False,True,False,False,False,False,False,False,False
3828_02,0.3291139240506329,False,False,False,False,False,False,0.06507936507936508,True,False,False,False,True,False,True,False,False,False,False,False,False,False
3828_03,0.3037974683544304,False,False,False,False,False,False,0.06507936507936508,True,False,False,False,False,False,True,False,False,False,False,False,False,False
3829_01,0.3670886075949367,False,False,False,False,False,False,0.1343915343915344,False,False,False,False,False,False,False,False,False,True,False,False,False,True
3829_02,0.3037974683544304,False,False,False,False,False,False,0.38148148148148153,False,False,False,False,True,False,False,False,False,False,True,False,False,True
3833_01,0.27848101265822783,False,False,False,False,False,False,0.382010582010582,False,True,True,False,False,False,False,False,False,False,True,False,False,True
3834_01,0.22784810126582278,False,False,False,False,False,False,0.3322751322751323,False,False,True,True,False,False,False,False,False,False,False,True,False,True
3837_01,0.20253164556962025,False,False,False,False,False,False,0.3322751322751323,False,False,False,False,True,False,False,False,False,False,False,True,False,False
3840_01,0.21518987341772153,False,False,False,False,False,False,0.41904761904761906,False,False,False,False,True,False,False,False,False,False,True,False,False,False
3843_01,0.22784810126582278,False,False,False,False,False,False,0.3830687830687831,False,False,False,False,True,False,False,False,False,False,True,False,False,True
3844_01,0.31645569620253167,False,False,False,False,False,False,0.06613756613756615,True,False,False,False,False,False,False,True,False,False,False,False,False,False
3844_02,0.5822784810126582,False,False,False,False,False,False,0.06613756613756615,True,False,False,False,False,False,False,True,False,False,False,False,False,False
3845_01,0.45569620253164556,False,False,False,False,False,False,0.3328042328042328,False,False,False,False,True,False,False,False,False,False,False,True,False,False
3855_01,0.7848101265822784,False,False,False,False,False,False,0.12116402116402117,False,True,True,True,False,False,False,False,False,True,False,False,False,False
3858_01,0.6075949367088608,False,False,False,False,False,False,0.12222222222222223,True,False,True,False,True,False,False,False,False,True,False,False,False,False
3858_02,0.20253164556962025,False,False,False,False,False,False,0.12222222222222223,True,False,True,False,True,False,False,False,False,True,False,False,False,False
3858_03,0.34177215189873417,False,False,False,False,False,False,0.12222222222222223,True,False,False,False,True,False,False,False,False,True,False,False,False,False
3858_04,0.6582278481012658,False,False,False,False,False,False,0.12222222222222223,True,False,False,False,True,False,False,False,False,True,False,False,False,False
3859_01,0.31645569620253167,False,False,False,False,False,False,0.3846560846560847,False,True,True,False,True,False,False,False,False,False,True,False,False,True
3860_01,0.16455696202531644,False,False,False,False,False,False,0.0687830687830688,False,True,False,False,False,False,False,False,True,False,False,False,False,False
3861_01,0.4430379746835443,False,False,False,False,False,False,0.3851851851851852,False,True,False,False,True,False,False,False,False,False,True,False,False,True
3863_01,0.25316455696202533,False,False,False,False,False,False,0.3862433862433863,False,False,False,False,True,False,False,False,False,False,True,False,False,True
3865_01,0.5316455696202531,False,False,False,False,False,False,0.3328042328042328,False,False,True,True,False,False,False,False,False,False,False,True,False,True
3869_01,0.6329113924050633,False,False,False,False,False,False,0.13597883597883598,False,True,True,False,True,False,False,False,False,True,False,False,False,True
3876_01,0.8354430379746836,False,False,False,False,False,False,0.07301587301587302,True,False,True,False,True,False,False,True,False,False,False,False,False,True
3876_02,0.3924050632911392,False,False,False,False,False,False,0.07301587301587302,True,False,False,False,True,False,False,True,False,False,False,False,False,True
3876_03,0.46835443037974683,False,False,False,False,False,False,0.07301587301587302,True,False,True,False,False,False,False,True,False,False,False,False,False,True
3877_01,0.9113924050632911,False,False,False,False,False,False,0.3873015873015873,False,False,False,False,True,False,False,False,False,False,True,False,False,True
3878_01,0.37974683544303794,False,False,False,False,False,False,0.06666666666666667,False,True,False,False,False,False,False,False,True,False,False,False,False,True
3880_01,0.3670886075949367,False,False,False,False,False,False,0.13703703703703704,False,False,False,False,True,False,False,False,False,True,False,False,False,True
3881_01,0.26582278481012656,False,False,False,False,False,False,0.3343915343915344,False,False,False,False,False,False,False,False,False,False,False,True,False,True
3882_01,0.4177215189873418,False,False,False,False,False,False,0.06931216931216931,False,True,True,False,False,False,False,False,True,False,False,False,False,False
3884_01,0.35443037974683544,False,False,False,False,False,False,0.01746031746031746,True,False,False,False,True,False,False,False,False,False,False,False,False,False
3885_01,0.5189873417721519,False,False,False,False,False,False,0.38783068783068786,False,False,False,False,True,False,False,False,False,False,True,False,False,True
3887_01,0.5569620253164557,False,False,False,False,False,False,0.06772486772486773,True,False,False,False,False,False,False,True,False,False,False,False,False,False
3889_01,0.569620253164557,False,False,False,False,False,False,0.07354497354497355,True,False,False,False,True,False,False,True,False,False,False,False,False,True
3889_02,0.7721518987341772,False,False,False,False,False,False,0.07354497354497355,True,False,False,False,False,False,False,True,False,False,False,False,False,True
3891_01,0.26582278481012656,False,False,False,False,False,False,0.335978835978836,False,False,False,False,True,False,False,False,False,False,False,True,False,True
3892_01,0.31645569620253167,False,False,False,False,False,False,0.3354497354497355,False,False,True,False,True,False,False,False,False,False,False,True,False,False
3892_02,0.4810126582278481,False,False,False,False,False,False,0.42433862433862435,False,False,False,False,True,False,False,False,False,False,True,False,False,False
3893_01,0.8607594936708861,False,False,False,False,False,False,0.3883597883597884,False,True,False,False,True,False,False,False,False,False,True,False,False,True
3893_02,0.0,False,False,False,False,False,False,0.3883597883597884,False,True,False,False,False,False,False,False,False,False,True,False,False,True
3893_03,0.26582278481012656,False,False,False,False,False,False,0.3883597883597884,False,True,False,False,True,False,False,False,False,False,True,False,False,True
3900_01,0.6962025316455696,False,False,False,False,False,False,0.12433862433862435,False,False,False,False,True,False,False,False,False,True,False,False,False,False
3901_01,0.7594936708860759,False,False,False,False,False,False,0.4248677248677249,False,False,False,False,True,False,False,False,False,False,True,False,False,False
3902_01,0.24050632911392406,False,False,False,False,False,False,0.0671957671957672,False,True,True,False,True,False,False,False,True,False,False,False,False,True
3905_01,0.21518987341772153,False,False,False,False,False,False,0.33756613756613757,False,False,True,True,False,False,False,False,False,False,False,True,False,True
3906_01,0.20253164556962025,False,False,False,False,False,False,0.3370370370370371,False,False,False,False,True,False,False,False,False,False,False,True,False,False
3906_02,0.3670886075949367,False,False,False,False,False,False,0.42592592592592593,False,False,False,False,True,False,False,False,False,False,True,False,False,False
3908_01,0.3670886075949367,False,False,False,False,False,False,0.12486772486772488,False,False,False,False,True,False,False,False,False,True,False,False,False,False
3908_02,0.0,False,False,False,False,False,False,0.33756613756613757,False,False,False,False,True,False,False,False,False,False,False,True,False,False
3910_01,0.18987341772151897,False,False,False,False,False,False,0.3380952380952381,False,False,True,True,False,False,False,False,False,False,False,True,False,False
3914_01,0.34177215189873417,False,False,False,False,False,False,0.1380952380952381,False,False,False,False,True,False,False,False,False,True,False,False,False,True
3918_01,0.3037974683544304,False,False,False,False,False,False,0.33862433862433866,False,False,False,False,True,False,False,False,False,False,False,True,False,False
3920_01,0.17721518987341772,False,False,False,False,False,False,0.426984126984127,False,False,False,False,False,False,False,False,False,False,True,False,False,False
3925_01,0.21518987341772153,False,False,False,False,False,False,0.42804232804232806,False,True,False,False,True,False,False,False,False,False,True,False,False,False
3925_02,0.46835443037974683,False,False,False,False,False,False,0.42804232804232806,False,True,False,False,True,False,False,False,False,False,True,False,False,False
3929_01,0.2911392405063291,False,False,False,False,False,False,0.391005291005291,False,False,False,False,False,False,False,False,False,False,True,False,False,True
3934_01,0.21518987341772153,False,False,False,False,False,False,0.3920634920634921,False,True,True,False,True,False,False,False,False,False,True,False,False,True
3934_02,0.4177215189873418,False,False,False,False,False,False,0.14074074074074075,False,True,False,False,True,False,False,False,False,True,False,False,False,True
3943_01,0.37974683544303794,False,False,False,False,False,False,0.3417989417989418,False,False,False,False,True,False,False,False,False,False,False,True,False,True
3943_02,0.25316455696202533,False,False,False,False,False,False,0.3417989417989418,False,False,True,False,True,False,False,False,False,False,False,True,False,True
3943_03,0.3291139240506329,False,False,False,False,False,False,0.3936507936507937,False,False,False,False,True,False,False,False,False,False,True,False,False,True
3947_01,0.31645569620253167,False,False,False,False,False,False,0.4301587301587302,False,False,False,False,True,False,False,False,False,False,True,False,False,False
3951_01,0.24050632911392406,False,False,False,False,False,False,0.4312169312169312,False,False,False,False,True,False,False,False,False,False,True,False,False,False
3953_01,0.3924050632911392,False,False,False,False,False,False,0.3412698412698413,False,False,True,False,True,False,False,False,False,False,False,True,False,False
3956_01,0.2911392405063291,False,False,False,False,False,False,0.43174603174603177,False,False,False,False,True,False,False,False,False,False,True,False,False,False
3957_01,0.3670886075949367,False,False,False,False,False,False,0.23386243386243388,False,False,True,False,True,False,False,False,False,False,True,False,False,True
3965_01,0.25316455696202533,False,False,False,False,False,False,0.34444444444444444,False,False,False,False,True,False,False,False,False,False,False,True,False,True
3969_01,0.3291139240506329,False,False,False,False,False,False,0.39682539682539686,False,False,False,False,True,False,False,False,False,False,True,False,False,True
3972_01,0.3291139240506329,False,False,False,False,False,False,0.07037037037037037,True,False,True,False,False,False,False,False,True,False,False,False,False,False
3975_01,0.6455696202531646,False,False,False,False,False,False,0.39841269841269844,False,False,False,True,False,False,False,False,False,False,True,False,False,True
3978_01,0.3291139240506329,False,False,False,False,False,False,0.398941798941799,False,True,False,False,True,False,False,False,False,False,True,False,False,True
3979_01,0.21518987341772153,False,False,False,False,False,False,0.344973544973545,False,False,False,False,True,False,False,False,False,False,False,True,False,False
3982_01,0.27848101265822783,False,False,False,False,False,False,0.43439153439153444,False,False,False,False,True,False,False,False,False,False,True,False,False,False
3983_01,0.3924050632911392,False,False,False,False,False,False,0.34550264550264553,False,False,False,False,True,False,False,False,False,False,False,True,False,True
3989_01,0.02531645569620253,False,False,False,False,False,False,0.34656084656084657,False,False,True,False,True,False,False,False,False,False,False,True,False,True
3989_02,0.0,False,False,False,False,False,False,0.34656084656084657,False,False,True,False,False,False,False,False,False,False,False,True,False,True
3989_03,0.0379746835443038,False,False,False,False,False,False,0.34656084656084657,False,False,False,False,True,False,False,False,False,False,False,True,False,True
3989_04,0.35443037974683544,False,False,False,False,False,False,0.14126984126984127,False,False,False,True,False,False,False,False,False,True,False,False,False,True
3990_01,0.26582278481012656,False,False,False,False,False,False,0.3470899470899471,False,False,True,False,False,False,False,False,False,False,False,True,False,True
3993_01,0.18987341772151897,False,False,False,False,False,False,0.435978835978836,False,False,False,False,True,False,False,False,False,False,True,False,False,False
4004_01,0.22784810126582278,False,False,False,False,False,False,0.43809523809523815,False,False,False,False,True,False,False,False,False,False,True,False,False,False
4007_01,0.6582278481012658,False,False,False,False,False,False,0.01798941798941799,True,False,False,False,False,False,False,False,False,False,False,False,False,False
4011_01,0.620253164556962,False,False,False,False,False,False,0.02380952380952381,True,False,False,False,False,False,False,False,False,False,False,False,False,True
4012_01,0.5316455696202531,False,False,False,False,False,False,0.08095238095238096,True,False,False,False,False,False,True,False,False,False,False,False,False,True
4012_02,0.35443037974683544,False,False,False,False,False,False,0.08095238095238096,True,False,True,False,True,False,True,False,False,False,False,False,False,True
4015_01,0.3924050632911392,False,False,False,False,False,False,0.43968253968253973,False,True,True,False,True,False,False,False,False,False,True,False,False,False
4015_02,0.24050632911392406,False,False,False,False,False,False,0.1291005291005291,False,True,False,False,True,False,False,False,False,True,False,False,False,False
4024_01,0.5189873417721519,False,False,False,False,False,False,0.0687830687830688,True,False,False,False,False,False,False,True,False,False,False,False,False,False
4025_01,0.3924050632911392,False,False,False,False,False,False,0.4412698412698413,False,False,False,False,True,False,False,False,False,False,True,False,False,False
4028_01,0.16455696202531644,False,False,False,False,False,False,0.34920634920634924,False,False,False,False,True,False,False,False,False,False,False,True,False,False
4029_01,0.4430379746835443,False,False,False,False,False,False,0.40370370370370373,False,True,True,False,True,False,False,False,False,False,True,False,False,True
4041_01,0.3670886075949367,False,False,False,False,False,False,0.35185185185185186,False,False,True,False,True,False,False,False,False,False,False,True,False,True
4048_01,0.0,False,False,False,False,False,False,0.4417989417989418,False,True,False,False,True,False,False,False,False,False,True,False,False,False
4048_02,0.24050632911392406,False,False,False,False,False,False,0.4417989417989418,False,True,True,False,True,False,False,False,False,False,True,False,False,False
4048_03,0.3291139240506329,False,False,False,False,False,False,0.4417989417989418,False,True,False,False,True,False,False,False,False,False,True,False,False,False
4051_01,0.24050632911392406,False,False,False,False,False,False,0.35291005291005295,False,False,True,False,True,False,False,False,False,False,False,True,False,True
4052_01,0.3291139240506329,False,False,False,False,False,False,0.07195767195767196,False,False,False,False,True,False,False,False,True,False,False,False,False,False
4054_01,0.5949367088607594,False,False,False,False,False,False,0.07248677248677249,True,False,True,False,True,False,False,False,True,False,False,False,False,False
4054_02,0.3670886075949367,False,False,False,False,False,False,0.07248677248677249,True,False,False,False,True,False,False,False,True,False,False,False,False,False
4054_03,0.5822784810126582,False,False,False,False,False,False,0.07248677248677249,True,False,False,False,True,False,False,False,True,False,False,False,False,False
4056_01,0.22784810126582278,False,False,False,False,False,False,0.13174603174603175,False,False,False,False,True,False,False,False,False,True,False,False,False,False
4057_01,0.4177215189873418,False,False,False,False,False,False,0.4428571428571429,False,True,False,False,True,False,False,False,False,False,True,False,False,False
4059_01,0.25316455696202533,False,False,False,False,False,False,0.07301587301587302,True,False,False,False,False,False,False,False,True,False,False,False,False,False
4059_02,0.46835443037974683,False,False,False,False,False,False,0.07301587301587302,True,False,False,False,True,False,False,False,True,False,False,False,False,False
4062_01,0.4430379746835443,False,False,False,False,False,False,0.06984126984126984,False,False,False,False,False,False,False,True,False,False,False,False,False,False
4067_01,0.31645569620253167,False,False,False,False,False,False,0.3523809523809524,False,False,False,False,True,False,False,False,False,False,False,True,False,False
4070_01,0.27848101265822783,False,False,False,False,False,False,0.08253968253968255,True,False,True,False,True,False,True,False,False,False,False,False,False,True
4070_02,0.5949367088607594,False,False,False,False,False,False,0.08253968253968255,True,False,True,False,False,False,True,False,False,False,False,False,False,True
4070_03,0.3924050632911392,False,False,False,False,False,False,0.08253968253968255,True,False,False,False,False,False,True,False,False,False,False,False,False,True
4073_01,0.34177215189873417,False,False,False,False,False,False,0.4068783068783069,False,False,False,False,True,False,False,False,False,False,True,False,False,True
4073_02,0.5949367088607594,False,False,False,False,False,False,0.35555555555555557,False,False,True,False,True,False,False,False,False,False,False,True,False,True
4074_01,0.5822784810126582,False,False,False,False,False,False,0.40740740740740744,False,False,False,False,True,False,False,False,False,False,True,False,False,True
4077_01,0.5949367088607594,False,False,False,False,False,False,0.1328042328042328,True,False,False,False,False,False,False,False,False,True,False,False,False,False
4085_01,0.5063291139240507,False,False,False,False,False,False,0.353968253968254,False,False,False,False,True,False,False,False,False,False,False,True,False,False
4086_01,0.49367088607594933,False,False,False,False,False,False,0.3560846560846561,False,False,False,False,True,False,False,False,False,False,False,True,False,True
4086_02,0.49367088607594933,False,False,False,False,False,False,0.3560846560846561,False,False,True,False,True,False,False,False,False,False,False,True,False,True
4086_03,0.4430379746835443,False,False,False,False,False,False,0.3560846560846561,False,False,False,False,True,False,False,False,False,False,False,True,False,True
4087_01,0.5443037974683544,False,False,False,False,False,False,0.4444444444444445,False,False,False,False,False,False,False,False,False,False,True,False,False,False
4088_01,0.4810126582278481,False,False,False,False,False,False,0.35661375661375666,False,False,False,False,True,False,False,False,False,False,False,True,False,True
4092_01,0.3924050632911392,False,False,False,False,False,False,0.35449735449735453,False,False,True,True,False,False,False,False,False,False,False,True,False,False
4094_01,0.25316455696202533,False,False,False,False,False,False,0.08306878306878307,True,False,False,False,True,False,True,False,False,False,False,False,False,True
4094_02,0.5569620253164557,False,False,False,False,False,False,0.08306878306878307,True,False,False,False,False,False,True,False,False,False,False,False,False,True
4100_01,0.31645569620253167,False,False,False,False,False,False,0.23386243386243388,True,False,False,False,False,False,False,False,False,False,True,False,False,True
4105_01,0.31645569620253167,False,False,False,False,False,False,0.1343915343915344,False,False,False,False,True,False,False,False,False,True,False,False,False,False
4111_01,0.25316455696202533,False,False,False,False,False,False,0.35820105820105824,False,False,True,False,False,False,False,False,False,False,False,True,False,True
4117_01,0.4177215189873418,False,False,False,False,False,False,0.4465608465608466,False,True,False,False,True,False,False,False,False,False,True,False,False,False
4118_01,0.7341772151898734,False,False,False,False,False,False,0.41005291005291006,False,True,False,True,False,False,False,False,False,False,True,False,False,True
4119_01,0.2911392405063291,False,False,False,False,False,False,0.4105820105820106,False,False,False,False,True,False,False,False,False,False,True,False,False,True
4121_01,0.4430379746835443,False,False,False,False,False,False,0.08412698412698413,True,False,False,False,True,False,True,False,False,False,False,False,False,True
4122_01,0.16455696202531644,False,False,False,False,False,False,0.1433862433862434,False,False,False,False,True,False,False,False,False,True,False,False,False,True
4123_01,0.26582278481012656,False,False,False,False,False,False,0.13544973544973546,False,False,False,False,True,False,False,False,False,True,False,False,False,False
4124_01,0.25316455696202533,False,False,False,False,False,False,0.3576719576719577,False,False,True,True,False,False,False,False,False,False,False,True,False,False
4126_01,0.18987341772151897,False,False,False,False,False,False,0.4470899470899471,False,False,False,False,True,False,False,False,False,False,True,False,False,False
4133_01,0.6075949367088608,False,False,False,False,False,False,0.44867724867724873,False,True,True,False,True,False,False,False,False,False,True,False,False,False
4133_02,0.7341772151898734,False,False,False,False,False,False,0.44867724867724873,False,True,True,False,True,False,False,False,False,False,True,False,False,False
4136_01,0.31645569620253167,False,False,False,False,False,False,0.02592592592592593,True,False,True,False,False,False,False,False,False,False,False,False,False,True
4136_02,0.5443037974683544,False,False,False,False,False,False,0.02592592592592593,True,False,False,False,True,False,False,False,False,False,False,False,False,True
4138_01,0.6708860759493671,False,False,False,False,False,False,0.4121693121693122,False,False,False,False,True,False,False,False,False,False,True,False,False,True
4139_01,0.16455696202531644,False,False,False,False,False,False,0.44973544973544977,False,False,False,False,False,False,False,False,False,False,True,False,False,False
4146_01,0.10126582278481013,False,False,False,False,False,False,0.3597883597883598,False,False,False,False,True,False,False,False,False,False,False,True,False,False
4148_01,0.6708860759493671,False,False,False,False,False,False,0.3603174603174603,False,False,True,False,True,False,False,False,False,False,False,True,False,False
4153_01,0.27848101265822783,False,False,False,False,False,False,0.1439153439153439,False,False,False,False,True,False,False,False,False,True,False,False,False,True
4155_01,0.3924050632911392,False,False,False,False,False,False,0.08465608465608467,True,False,True,False,False,False,True,False,False,False,False,False,False,True
4157_01,0.35443037974683544,False,False,False,False,False,False,0.4518518518518519,False,False,False,False,True,False,False,False,False,False,True,False,False,False
4161_01,0.27848101265822783,False,False,False,False,False,False,0.3603174603174603,False,False,False,False,True,False,False,False,False,False,False,True,False,True
4162_01,0.34177215189873417,False,False,False,False,False,False,0.36084656084656086,False,False,True,False,True,False,False,False,False,False,False,True,False,True
4164_01,0.3670886075949367,False,False,False,False,False,False,0.06931216931216931,True,False,True,False,True,False,True,False,False,False,False,False,False,False
4180_01,0.5316455696202531,False,False,False,False,False,False,0.08571428571428572,True,False,True,False,True,False,True,False,False,False,False,False,False,True
4180_02,0.5316455696202531,False,False,False,False,False,False,0.07936507936507937,True,False,False,False,False,False,False,True,False,False,False,False,False,True
4187_01,0.4177215189873418,False,False,False,False,False,False,0.41534391534391535,False,False,False,False,True,False,False,False,False,False,True,False,False,True
4190_01,0.4050632911392405,True,True,True,True,True,False,0.0708994708994709,True,False,False,False,True,True,False,False,True,False,False,False,False,True
4192_01,0.5316455696202531,False,False,False,False,False,False,0.36455026455026457,False,False,False,False,False,False,False,False,False,False,False,True,False,False
4193_01,0.27848101265822783,False,False,False,False,False,False,0.3650793650793651,False,False,True,True,False,False,False,False,False,False,False,True,False,False
4195_01,0.22784810126582278,False,False,False,False,False,False,0.36349206349206353,False,False,False,False,False,False,False,False,False,False,False,True,False,True
4198_01,0.5822784810126582,False,False,False,False,False,False,0.14497354497354498,True,False,True,False,True,False,False,False,False,True,False,False,False,True
4200_01,0.25316455696202533,False,False,False,False,False,False,0.45661375661375664,False,False,False,False,True,False,False,False,False,False,True,False,False,False
4201_01,0.26582278481012656,False,False,False,False,False,False,0.4571428571428572,False,False,False,False,True,False,False,False,False,False,True,False,False,False
4202_01,0.3291139240506329,False,False,False,False,False,False,0.416931216931217,False,True,True,False,True,False,False,False,False,False,True,False,False,True
4202_02,0.6455696202531646,False,False,False,False,False,False,0.416931216931217,False,True,False,False,True,False,False,False,False,False,True,False,False,True
4209_01,0.6708860759493671,False,False,False,False,False,False,0.4582010582010582,False,False,False,False,True,False,False,False,False,False,True,False,False,False
4217_01,0.3670886075949367,False,False,False,False,False,False,0.36613756613756615,False,False,False,False,True,False,False,False,False,False,False,True,False,True
4224_01,0.31645569620253167,True,True,True,True,True,False,0.14021164021164023,False,True,False,False,True,True,False,False,False,True,False,False,False,False
4224_02,0.8734177215189873,False,False,False,False,False,False,0.46031746031746035,False,True,False,False,True,False,False,False,False,False,True,False,False,False
4226_01,0.3291139240506329,False,False,False,False,False,False,0.01904761904761905,True,False,True,False,True,False,False,False,False,False,False,False,False,False
4226_02,0.4810126582278481,False,False,False,False,False,False,0.01904761904761905,True,False,False,False,True,False,False,False,False,False,False,False,False,False
4227_01,0.46835443037974683,False,False,False,False,False,False,0.3666666666666667,False,False,True,False,True,False,False,False,False,False,False,True,False,True
4228_01,0.17721518987341772,False,False,False,False,False,False,0.4608465608465609,False,False,False,False,True,False,False,False,False,False,True,False,False,False
4234_01,0.45569620253164556,False,False,False,False,False,False,0.41904761904761906,False,True,False,False,True,False,False,False,False,False,True,False,False,True
4234_02,0.5316455696202531,False,False,False,False,False,False,0.14603174603174604,False,True,False,False,True,False,False,False,False,True,False,False,False,True
4235_01,0.31645569620253167,False,False,False,False,False,False,0.4195767195767196,False,False,False,False,True,False,False,False,False,False,True,False,False,True
4235_02,0.4430379746835443,False,False,False,False,False,False,0.36719576719576724,False,False,True,False,True,False,False,False,False,False,False,True,False,True
4236_01,0.3291139240506329,True,True,True,True,True,False,0.07724867724867725,False,True,False,False,True,True,False,False,True,False,False,False,False,False
4236_02,0.1518987341772152,False,False,False,False,False,False,0.4624338624338625,False,True,True,False,True,False,False,False,False,False,True,False,False,False
4241_01,0.6075949367088608,False,False,False,False,False,False,0.4634920634920635,False,False,False,False,True,False,False,False,False,False,True,False,False,False
4247_01,0.16455696202531644,False,False,False,False,False,False,0.4645502645502646,False,False,True,False,True,False,False,False,False,False,True,False,False,False
4247_02,0.26582278481012656,False,False,False,False,False,False,0.4645502645502646,False,False,False,False,True,False,False,False,False,False,True,False,False,False
4248_01,0.3291139240506329,False,False,False,False,False,False,0.36719576719576724,False,False,False,False,True,False,False,False,False,False,False,True,False,False
4248_02,0.4050632911392405,False,False,False,False,False,False,0.36719576719576724,False,False,False,False,True,False,False,False,False,False,False,True,False,False
4250_01,0.31645569620253167,False,False,False,False,False,False,0.36772486772486773,False,False,True,False,True,False,False,False,False,False,False,True,False,False
4263_01,0.6455696202531646,False,False,False,False,False,False,0.4666666666666667,False,False,False,False,True,False,False,False,False,False,True,False,False,False
4263_02,0.18987341772151897,False,False,False,False,False,False,0.36984126984126986,False,False,True,False,False,False,False,False,False,False,False,True,False,False
4263_03,0.17721518987341772,False,False,False,False,False,False,0.36984126984126986,False,False,True,False,False,False,False,False,False,False,False,True,False,False
4265_01,0.5189873417721519,False,False,False,False,False,False,0.08095238095238096,True,False,True,False,False,False,False,True,False,False,False,False,False,True
4268_01,0.16455696202531644,False,False,False,False,False,False,0.4222222222222223,False,False,True,False,True,False,False,False,False,False,True,False,False,True
4268_02,0.49367088607594933,False,False,False,False,False,False,0.4222222222222223,False,True,True,False,True,False,False,False,False,False,True,False,False,True
4269_01,0.24050632911392406,False,False,False,False,False,False,0.37089947089947095,False,False,False,False,True,False,False,False,False,False,False,True,False,False
4275_01,0.21518987341772153,False,False,False,False,False,False,0.37142857142857144,False,False,False,False,True,False,False,False,False,False,False,True,False,False
4276_01,0.5189873417721519,False,False,False,False,False,False,0.36984126984126986,False,False,False,False,True,False,False,False,False,False,False,True,False,True
4277_01,0.5443037974683544,False,False,False,False,False,False,0.4682539682539683,False,False,False,False,False,False,False,False,False,False,True,False,False,False
4279_01,0.22784810126582278,False,False,False,False,False,False,0.371957671957672,False,False,False,False,False,False,False,False,False,False,False,True,False,False
4281_01,0.27848101265822783,False,False,False,False,False,False,0.4687830687830688,False,False,False,False,True,False,False,False,False,False,True,False,False,False
4282_01,0.3670886075949367,False,False,False,False,False,False,0.07301587301587302,True,False,True,False,False,False,False,False,True,False,False,False,False,True
4283_01,0.27848101265822783,False,False,False,False,False,False,0.1470899470899471,False,False,False,False,True,False,False,False,False,True,False,False,False,True
4284_01,0.7848101265822784,False,False,False,False,False,False,0.46931216931216935,False,True,True,False,True,False,False,False,False,False,True,False,False,False
4284_02,0.3670886075949367,False,False,False,False,False,False,0.46931216931216935,False,True,False,False,True,False,False,False,False,False,True,False,False,False
4285_01,0.3291139240506329,False,False,False,False,False,False,0.4698412698412699,False,False,False,False,True,False,False,False,False,False,True,False,False,False
4286_01,0.10126582278481013,False,False,False,False,False,False,0.37248677248677253,False,False,False,False,False,False,False,False,False,False,False,True,False,False
4286_02,0.3291139240506329,False,False,False,False,False,False,0.4703703703703704,False,False,False,True,False,False,False,False,False,False,True,False,False,False
4286_03,0.4810126582278481,False,False,False,False,False,False,0.37248677248677253,False,False,False,False,True,False,False,False,False,False,False,True,False,False
4287_01,0.620253164556962,False,False,False,False,False,False,0.373015873015873,False,False,False,True,False,False,False,False,False,False,False,True,False,False
4288_01,0.22784810126582278,False,False,False,False,False,False,0.3703703703703704,False,False,True,False,False,False,False,False,False,False,False,True,False,True
4288_02,0.22784810126582278,False,False,False,False,False,False,0.14761904761904762,False,False,False,False,True,False,False,False,False,True,False,False,False,True
4290_01,0.4430379746835443,False,False,False,False,False,False,0.4232804232804233,False,False,False,False,True,False,False,False,False,False,True,False,False,True
4298_01,0.43037974683544306,True,True,True,True,True,False,0.1417989417989418,False,True,False,False,True,True,False,False,False,True,False,False,False,False
4298_02,0.13924050632911392,False,False,False,False,False,False,0.47195767195767196,False,True,True,False,True,False,False,False,False,False,True,False,False,False
4298_03,0.3291139240506329,False,False,False,False,False,False,0.47195767195767196,False,True,True,False,True,False,False,False,False,False,True,False,False,False
4299_01,0.27848101265822783,False,False,False,False,False,False,0.42433862433862435,False,True,False,False,True,False,False,False,False,False,True,False,False,True
4304_01,0.22784810126582278,False,False,False,False,False,False,0.42539682539682544,False,False,False,False,True,False,False,False,False,False,True,False,False,True
4307_01,0.45569620253164556,False,False,False,False,False,False,0.4264550264550265,False,True,True,False,True,False,False,False,False,False,True,False,False,True
4308_01,0.21518987341772153,False,False,False,False,False,False,0.3746031746031746,False,False,True,False,True,False,False,False,False,False,False,True,False,False
4310_01,0.31645569620253167,False,False,False,False,False,False,0.1433862433862434,False,True,False,False,True,False,False,False,False,True,False,False,False,False
4313_01,0.3670886075949367,True,True,True,True,True,False,0.14814814814814817,False,False,False,False,True,True,False,False,False,True,False,False,False,True
4314_01,0.31645569620253167,False,False,False,False,False,False,0.07407407407407408,True,False,False,False,True,False,True,False,False,False,False,False,False,False
4321_01,0.43037974683544306,False,False,False,False,False,False,0.42804232804232806,False,True,True,False,True,False,False,False,False,False,True,False,False,True
4322_01,0.20253164556962025,False,False,False,False,False,False,0.37671957671957673,False,False,True,False,False,False,False,False,False,False,False,True,False,False
4323_01,0.35443037974683544,False,False,False,False,False,False,0.07195767195767196,True,False,True,False,False,False,False,True,False,False,False,False,False,False
4323_02,0.3670886075949367,False,False,False,False,False,False,0.07195767195767196,True,False,False,False,True,False,False,True,False,False,False,False,False,False
4323_03,0.4810126582278481,False,False,False,False,False,False,0.07195767195767196,True,False,False,False,True,False,False,True,False,False,False,False,False,False
4323_04,0.49367088607594933,False,False,False,False,False,False,0.07195767195767196,True,False,True,False,False,False,False,True,False,False,False,False,False,False
4325_01,0.6075949367088608,False,False,False,False,False,False,0.37354497354497357,False,False,False,True,False,False,False,False,False,False,False,True,False,True
4326_01,0.2911392405063291,False,False,False,False,False,False,0.3772486772486773,False,False,False,False,True,False,False,False,False,False,False,True,False,False
4328_01,0.20253164556962025,False,False,False,False,False,False,0.3777777777777778,False,False,True,False,True,False,False,False,False,False,False,True,False,False
4331_01,0.26582278481012656,False,False,False,False,False,False,0.3783068783068783,False,False,True,False,True,False,False,False,False,False,False,True,False,False
4341_01,0.26582278481012656,False,False,False,False,False,False,0.37883597883597886,False,False,False,False,True,False,False,False,False,False,False,True,False,False
4341_02,0.05063291139240506,False,False,False,False,False,False,0.37883597883597886,False,False,False,False,True,False,False,False,False,False,False,True,False,False
4342_01,0.34177215189873417,False,False,False,False,False,False,0.1492063492063492,False,True,False,False,True,False,False,False,False,True,False,False,False,True
4353_01,0.22784810126582278,False,False,False,False,False,False,0.4322751322751323,False,False,False,False,True,False,False,False,False,False,True,False,False,True
4355_01,0.27848101265822783,False,False,False,False,False,False,0.38042328042328044,False,False,True,False,True,False,False,False,False,False,False,True,False,False
4363_01,0.35443037974683544,False,False,False,False,False,False,0.47460317460317464,False,False,False,False,True,False,False,False,False,False,True,False,False,False
4374_01,0.27848101265822783,False,False,False,False,False,False,0.38148148148148153,False,False,False,False,True,False,False,False,False,False,False,True,False,False
4375_01,0.49367088607594933,False,False,False,False,False,False,0.23386243386243388,True,False,True,True,False,False,False,False,False,False,True,False,False,True
4377_01,0.3670886075949367,False,False,False,False,False,False,0.37619047619047624,False,False,True,False,True,False,False,False,False,False,False,True,False,True
4377_02,0.5316455696202531,False,False,False,False,False,False,0.4354497354497355,False,False,False,True,False,False,False,False,False,False,True,False,False,True
4377_03,0.0,False,False,False,False,False,False,0.37619047619047624,False,False,True,False,True,False,False,False,False,False,False,True,False,True
4378_01,0.6582278481012658,False,False,False,False,False,False,0.07354497354497355,True,False,False,False,True,False,False,True,False,False,False,False,False,False
4378_02,0.3291139240506329,True,True,True,True,True,False,0.23386243386243388,True,False,False,False,False,True,False,False,False,False,True,False,False,True
4379_01,0.24050632911392406,False,False,False,False,False,False,0.37671957671957673,False,False,True,False,True,False,False,False,False,False,False,True,False,True
4380_01,0.2911392405063291,False,False,False,False,False,False,0.435978835978836,False,False,False,False,True,False,False,False,False,False,True,False,False,True
4381_01,0.45569620253164556,False,False,False,False,False,False,0.4365079365079365,False,False,False,False,True,False,False,False,False,False,True,False,False,True
4381_02,0.3291139240506329,False,False,False,False,False,False,0.4365079365079365,False,False,False,False,True,False,False,False,False,False,True,False,False,True
4384_01,0.7848101265822784,False,False,False,False,False,False,0.43703703703703706,False,False,False,False,True,False,False,False,False,False,True,False,False,True
4385_01,0.35443037974683544,False,False,False,False,False,False,0.3772486772486773,False,False,False,False,True,False,False,False,False,False,False,True,False,True
4385_02,0.31645569620253167,False,False,False,False,False,False,0.3772486772486773,False,False,True,False,True,False,False,False,False,False,False,True,False,True
4385_03,0.0,False,False,False,False,False,False,0.3772486772486773,False,False,False,False,False,False,False,False,False,False,False,True,False,True
4389_01,0.3037974683544304,False,False,False,False,False,False,0.23386243386243388,False,False,False,False,True,False,False,False,False,False,True,False,False,True
4394_01,0.620253164556962,False,False,False,False,False,False,0.43809523809523815,False,False,False,False,True,False,False,False,False,False,True,False,False,True
4398_01,0.26582278481012656,False,False,False,False,False,False,0.43862433862433864,False,False,False,True,False,False,False,False,False,False,True,False,False,True
4406_01,0.3670886075949367,False,False,False,False,False,False,0.3798941798941799,False,False,False,False,True,False,False,False,False,False,False,True,False,True
4412_01,0.24050632911392406,False,False,False,False,False,False,0.47989417989417993,False,False,False,False,True,False,False,False,False,False,True,False,False,False
4414_01,0.4050632911392405,False,False,False,False,False,False,0.4402116402116402,False,False,True,False,False,False,False,False,False,False,True,False,False,True
4417_01,0.25316455696202533,False,False,False,False,False,False,0.4412698412698413,False,True,True,False,True,False,False,False,False,False,True,False,False,True
4418_01,0.6075949367088608,False,False,False,False,False,False,0.38253968253968257,False,False,False,False,True,False,False,False,False,False,False,True,False,True
4419_01,0.34177215189873417,False,False,False,False,False,False,0.14761904761904762,False,False,False,False,True,False,False,False,False,True,False,False,False,False
4419_02,0.620253164556962,False,False,False,False,False,False,0.4804232804232805,False,False,False,False,True,False,False,False,False,False,True,False,False,False
4420_01,0.25316455696202533,False,False,False,False,False,False,0.15132275132275133,False,False,False,False,True,False,False,False,False,True,False,False,False,True
4420_02,0.31645569620253167,False,False,False,False,False,False,0.3830687830687831,False,False,False,True,False,False,False,False,False,False,False,True,False,True
4421_01,0.3291139240506329,False,False,False,False,False,False,0.48095238095238096,False,False,False,False,True,False,False,False,False,False,True,False,False,False
4423_01,0.9240506329113924,False,False,False,False,False,False,0.0851851851851852,True,False,False,False,False,False,False,True,False,False,False,False,False,True
4425_01,0.2911392405063291,False,False,False,False,False,False,0.09153439153439154,True,False,True,False,False,False,True,False,False,False,False,False,False,True
4425_02,0.2911392405063291,False,False,False,False,False,False,0.09153439153439154,True,False,False,False,False,False,True,False,False,False,False,False,False,True
4434_01,0.3291139240506329,False,False,False,False,False,False,0.4428571428571429,False,True,False,False,True,False,False,False,False,False,True,False,False,True
4435_01,0.6075949367088608,False,False,False,False,False,False,0.09206349206349207,True,False,False,False,False,False,True,False,False,False,False,False,False,True
4435_02,0.3291139240506329,False,False,False,False,False,False,0.09206349206349207,True,False,False,False,True,False,True,False,False,False,False,False,False,True
4439_01,0.6835443037974683,False,False,False,False,False,False,0.1529100529100529,False,True,True,False,True,False,False,False,False,True,False,False,False,True
4439_02,0.7088607594936709,False,False,False,False,False,False,0.1529100529100529,False,True,False,False,True,False,False,False,False,True,False,False,False,True
4442_01,0.37974683544303794,True,True,True,True,True,False,0.08624338624338625,True,False,False,False,False,True,False,True,False,False,False,False,False,True
4443_01,0.3037974683544304,False,False,False,False,False,False,0.15343915343915346,False,False,False,False,True,False,False,False,False,True,False,False,False,True
4443_02,0.2911392405063291,False,False,False,False,False,False,0.15343915343915346,False,False,False,False,False,False,False,False,False,True,False,False,False,True
4454_01,0.7215189873417721,False,False,False,False,False,False,0.08677248677248678,True,False,True,False,True,False,False,True,False,False,False,False,False,True
4455_01,0.3291139240506329,False,False,False,False,False,False,0.4841269841269842,False,False,False,False,True,False,False,False,False,False,True,False,False,False
4455_02,0.17721518987341772,False,False,False,False,False,False,0.14814814814814817,False,False,False,False,True,False,False,False,False,True,False,False,False,False
4455_03,0.6455696202531646,False,False,False,False,False,False,0.3867724867724868,False,False,True,False,True,False,False,False,False,False,False,True,False,False
4458_01,0.20253164556962025,False,False,False,False,False,False,0.3873015873015873,False,False,True,False,True,False,False,False,False,False,False,True,False,False
4460_01,0.3670886075949367,False,False,False,False,False,False,0.020634920634920638,True,False,True,False,False,False,False,False,False,False,False,False,False,False
4468_01,0.5443037974683544,False,False,False,False,False,False,0.38571428571428573,False,False,True,False,True,False,False,False,False,False,False,True,False,True
4471_01,0.20253164556962025,False,False,False,False,False,False,0.4444444444444445,False,False,False,False,True,False,False,False,False,False,True,False,False,True
4478_01,0.4810126582278481,False,False,False,False,False,False,0.15502645502645504,False,True,False,False,True,False,False,False,False,True,False,False,False,True
4480_01,0.5063291139240507,False,False,False,False,False,False,0.07777777777777778,True,False,False,False,True,False,True,False,False,False,False,False,False,False
4481_01,0.5569620253164557,False,False,False,False,False,False,0.4455026455026455,False,False,False,True,False,False,False,False,False,False,True,False,False,True
4484_01,0.31645569620253167,False,False,False,False,False,False,0.44603174603174606,False,False,False,False,True,False,False,False,False,False,True,False,False,True
4488_01,0.25316455696202533,False,False,False,False,False,False,0.4465608465608466,False,False,False,False,True,False,False,False,False,False,True,False,False,True
4489_01,0.24050632911392406,False,False,False,False,False,False,0.4883597883597884,False,False,False,False,False,False,False,False,False,False,True,False,False,False
4495_01,0.5949367088607594,False,False,False,False,False,False,0.09312169312169313,True,False,False,False,True,False,True,False,False,False,False,False,False,True
4499_01,0.26582278481012656,False,False,False,False,False,False,0.3904761904761905,False,False,True,False,True,False,False,False,False,False,False,True,False,False
4503_01,0.18987341772151897,False,False,False,False,False,False,0.4894179894179895,False,False,False,False,True,False,False,False,False,False,True,False,False,False
4504_01,0.3291139240506329,False,False,False,False,False,False,0.1492063492063492,True,False,False,False,True,False,False,False,False,True,False,False,False,False
4507_01,0.6329113924050633,True,True,True,True,True,False,0.0746031746031746,True,False,False,False,True,True,False,True,False,False,False,False,False,False
4513_01,0.24050632911392406,False,False,False,False,False,False,0.4904761904761905,False,False,False,False,True,False,False,False,False,False,True,False,False,False
4519_01,0.3291139240506329,False,False,False,False,False,False,0.49100529100529106,False,False,False,False,True,False,False,False,False,False,True,False,False,False
4520_01,0.22784810126582278,False,False,False,False,False,False,0.3920634920634921,False,False,False,False,True,False,False,False,False,False,False,True,False,False
4523_01,0.0,False,False,False,False,False,False,0.38994708994709,False,False,True,False,True,False,False,False,False,False,False,True,False,True
4523_02,0.43037974683544306,False,False,False,False,False,False,0.38994708994709,False,False,True,False,True,False,False,False,False,False,False,True,False,True
4523_03,0.31645569620253167,False,False,False,False,False,False,0.38994708994709,False,False,False,False,True,False,False,False,False,False,False,True,False,True
4523_04,0.10126582278481013,False,False,False,False,False,False,0.38994708994709,False,False,False,False,False,False,False,False,False,False,False,True,False,True
4523_05,0.0,False,False,False,False,False,False,0.38994708994709,False,False,True,False,True,False,False,False,False,False,False,True,False,True
4523_06,0.0759493670886076,False,False,False,False,False,False,0.38994708994709,False,False,False,False,False,False,False,False,False,False,False,True,False,True
4525_01,0.34177215189873417,False,False,False,False,False,False,0.02962962962962963,True,False,False,False,False,False,False,False,False,False,False,False,False,True
4526_01,0.4050632911392405,False,False,False,False,False,False,0.15026455026455027,False,False,False,False,True,False,False,False,False,True,False,False,False,False
4527_01,0.7974683544303798,False,False,False,False,False,False,0.49259259259259264,False,False,False,False,True,False,False,False,False,False,True,False,False,False
4528_01,0.45569620253164556,False,False,False,False,False,False,0.4931216931216931,False,True,False,True,False,False,False,False,False,False,True,False,False,False
4536_01,0.4177215189873418,False,False,False,False,False,False,0.021693121693121695,True,False,False,False,False,False,False,False,False,False,False,False,False,False
4540_01,0.35443037974683544,False,False,False,False,False,False,0.3920634920634921,False,False,True,False,True,False,False,False,False,False,False,True,False,True
4541_01,0.5443037974683544,False,False,False,False,False,False,0.1507936507936508,True,False,False,False,False,False,False,False,False,True,False,False,False,False
4545_01,0.2911392405063291,False,False,False,False,False,False,0.3925925925925926,False,False,False,False,True,False,False,False,False,False,False,True,False,True
4548_01,0.27848101265822783,False,False,False,False,False,False,0.09470899470899471,True,False,True,False,True,False,True,False,False,False,False,False,False,True
4551_01,0.7088607594936709,False,False,False,False,False,False,0.08783068783068784,True,False,False,False,False,False,False,True,False,False,False,False,False,True
4551_02,0.31645569620253167,False,False,False,False,False,False,0.08783068783068784,True,False,False,False,True,False,False,True,False,False,False,False,False,True
4551_03,0.35443037974683544,False,False,False,False,False,False,0.08783068783068784,True,False,True,False,False,False,False,True,False,False,False,False,False,True
4551_04,0.5569620253164557,False,False,False,False,False,False,0.08783068783068784,True,False,True,False,True,False,False,True,False,False,False,False,False,True
4554_01,0.25316455696202533,False,False,False,False,False,False,0.49629629629629635,False,False,False,False,True,False,False,False,False,False,True,False,False,False
4556_01,0.21518987341772153,False,False,False,False,False,False,0.07671957671957673,False,True,False,False,True,False,False,False,True,False,False,False,False,True
4566_01,0.22784810126582278,False,False,False,False,False,False,0.45238095238095244,False,False,False,False,True,False,False,False,False,False,True,False,False,True
4578_01,0.18987341772151897,False,False,False,False,False,False,0.4544973544973545,False,False,False,False,True,False,False,False,False,False,True,False,False,True
4579_01,0.2911392405063291,False,False,False,False,False,False,0.3952380952380953,False,False,True,False,True,False,False,False,False,False,False,True,False,True
4582_01,0.34177215189873417,False,False,False,False,False,False,0.39576719576719577,False,False,False,False,True,False,False,False,False,False,False,True,False,True
4582_02,0.12658227848101267,False,False,False,False,False,False,0.39576719576719577,False,False,False,False,True,False,False,False,False,False,False,True,False,True
4582_03,0.12658227848101267,False,False,False,False,False,False,0.39576719576719577,False,False,False,False,True,False,False,False,False,False,False,True,False,True
4582_04,0.0,False,False,False,False,False,False,0.39576719576719577,False,False,True,False,False,False,False,False,False,False,False,True,False,True
4582_05,0.20253164556962025,False,False,False,False,False,False,0.39576719576719577,False,False,True,False,True,False,False,False,False,False,False,True,False,True
4582_06,0.6075949367088608,False,False,False,False,False,False,0.39576719576719577,False,False,False,False,True,False,False,False,False,False,False,True,False,True
4582_07,0.08860759493670886,False,False,False,False,False,False,0.39576719576719577,False,False,False,False,True,False,False,False,False,False,False,True,False,True
4583_01,0.6329113924050633,False,False,False,False,False,False,0.4555555555555556,False,True,True,False,True,False,False,False,False,False,True,False,False,True
4583_02,0.06329113924050633,False,False,False,False,False,False,0.4555555555555556,False,True,True,False,True,False,False,False,False,False,True,False,False,True
4583_03,0.6329113924050633,False,False,False,False,False,False,0.07724867724867725,False,True,False,False,True,False,False,False,True,False,False,False,False,True
4584_01,0.4430379746835443,False,False,False,False,False,False,0.3962962962962963,False,False,False,False,True,False,False,False,False,False,False,True,False,True
4588_01,0.2911392405063291,False,False,False,False,False,False,0.4994708994708995,False,False,False,False,True,False,False,False,False,False,True,False,False,False
4589_01,0.35443037974683544,False,False,False,False,False,False,0.08042328042328042,False,True,False,False,True,False,False,False,True,False,False,False,False,False
4590_01,0.25316455696202533,False,False,False,False,False,False,0.3952380952380953,False,False,False,False,True,False,False,False,False,False,False,True,False,False
4598_01,0.5949367088607594,False,False,False,False,False,False,0.1523809523809524,False,True,False,False,True,False,False,False,False,True,False,False,False,False
4599_01,0.3291139240506329,False,False,False,False,False,False,0.3978835978835979,False,False,True,False,True,False,False,False,False,False,False,True,False,True
4600_01,0.21518987341772153,False,False,False,False,False,False,0.3962962962962963,False,False,True,True,False,False,False,False,False,False,False,True,False,False
4600_02,0.5443037974683544,False,False,False,False,False,False,0.3962962962962963,False,False,True,False,True,False,False,False,False,False,False,True,False,False
4601_01,0.46835443037974683,False,False,False,False,False,False,0.45661375661375664,False,False,False,False,True,False,False,False,False,False,True,False,False,True
4614_01,0.31645569620253167,False,False,False,False,False,False,0.08095238095238096,False,True,False,False,True,False,False,False,True,False,False,False,False,False
4614_02,0.3291139240506329,False,False,False,False,False,False,0.08095238095238096,False,True,False,False,False,False,False,False,True,False,False,False,False,False
4616_01,0.2911392405063291,False,False,False,False,False,False,0.4,False,False,False,False,True,False,False,False,False,False,False,True,False,True
4618_01,0.5822784810126582,True,True,True,True,True,False,0.5005291005291006,False,True,False,False,True,True,False,False,False,False,True,False,False,False
4619_01,0.2911392405063291,False,False,False,False,False,False,0.45873015873015877,False,False,False,False,True,False,False,False,False,False,True,False,False,True
4626_01,0.3291139240506329,False,False,False,False,False,False,0.09206349206349207,True,False,True,False,False,False,False,True,False,False,False,False,False,True
4626_02,0.34177215189873417,False,False,False,False,False,False,0.09206349206349207,True,False,False,False,True,False,False,True,False,False,False,False,False,True
4627_01,0.22784810126582278,False,False,False,False,False,False,0.40105820105820106,False,False,False,False,True,False,False,False,False,False,False,True,False,True
4629_01,0.7974683544303798,False,False,False,False,False,False,0.4597883597883598,False,False,False,False,True,False,False,False,False,False,True,False,False,True
4636_01,0.02531645569620253,False,False,False,False,False,False,0.23386243386243388,False,False,True,True,False,False,False,False,False,False,True,False,False,True
4639_01,0.0,False,False,False,False,False,False,0.09365079365079365,True,False,False,False,True,False,False,True,False,False,False,False,False,True
4639_02,0.0,False,False,False,False,False,False,0.09365079365079365,True,False,False,False,True,False,False,True,False,False,False,False,False,True
4639_03,0.46835443037974683,False,False,False,False,False,False,0.09365079365079365,True,False,False,False,False,False,False,True,False,False,False,False,False,True
4639_04,0.22784810126582278,False,False,False,False,False,False,0.09365079365079365,True,False,False,False,False,False,False,True,False,False,False,False,False,True
4639_05,0.4177215189873418,False,False,False,False,False,False,0.09365079365079365,False,False,True,False,True,False,False,True,False,False,False,False,False,True
4639_06,0.3924050632911392,False,False,False,False,False,False,0.09365079365079365,True,False,False,False,True,False,False,True,False,False,False,False,False,True
4647_01,0.43037974683544306,False,False,False,False,False,False,0.4026455026455027,False,False,True,False,True,False,False,False,False,False,False,True,False,True
4660_01,0.22784810126582278,False,False,False,False,False,False,0.4042328042328043,False,False,False,False,True,False,False,False,False,False,False,True,False,True
4666_01,0.25316455696202533,False,False,False,False,False,False,0.08148148148148149,False,True,False,False,True,False,False,False,True,False,False,False,False,False
4669_01,0.46835443037974683,False,False,False,False,False,False,0.09788359788359789,True,False,True,False,True,False,True,False,False,False,False,False,False,True
4670_01,0.37974683544303794,False,False,False,False,False,False,0.1544973544973545,True,False,False,False,True,False,False,False,False,True,False,False,False,False
4671_01,0.08860759493670886,False,False,False,False,False,False,0.5021164021164022,False,True,False,False,True,False,False,False,False,False,True,False,False,False
4671_02,0.4050632911392405,False,False,False,False,False,False,0.5021164021164022,False,True,False,False,True,False,False,False,False,False,True,False,False,False
4671_03,0.8607594936708861,False,False,False,False,False,False,0.5021164021164022,False,False,False,False,True,False,False,False,False,False,True,False,False,False
4671_04,0.0,False,False,False,False,False,False,0.5021164021164022,False,True,False,False,True,False,False,False,False,False,True,False,False,False
4674_01,0.2911392405063291,False,False,False,False,False,False,0.46402116402116406,False,False,False,False,True,False,False,False,False,False,True,False,False,True
4675_01,0.4810126582278481,False,False,False,False,False,False,0.07883597883597884,True,False,False,False,False,False,False,True,False,False,False,False,False,False
4675_02,0.3291139240506329,False,False,False,False,False,False,0.07883597883597884,True,False,False,False,True,False,False,True,False,False,False,False,False,False
4681_01,0.3670886075949367,False,False,False,False,False,False,0.08201058201058202,True,False,False,False,False,False,True,False,False,False,False,False,False,False
4682_01,0.5443037974683544,False,False,False,False,False,False,0.40582010582010586,False,False,False,False,True,False,False,False,False,False,False,True,False,True
4683_01,0.4810126582278481,False,False,False,False,False,False,0.5042328042328043,False,True,True,False,True,False,False,False,False,False,True,False,False,False
4683_02,0.31645569620253167,False,False,False,False,False,False,0.5042328042328043,False,True,False,False,True,False,False,False,False,False,True,False,False,False
4685_01,0.22784810126582278,False,False,False,False,False,False,0.4650793650793651,False,True,True,False,True,False,False,False,False,False,True,False,False,True
4687_01,0.2911392405063291,False,False,False,False,False,False,0.4026455026455027,False,False,False,False,True,False,False,False,False,False,False,True,False,False
4688_01,0.3291139240506329,False,False,False,False,False,False,0.46560846560846564,False,False,False,False,True,False,False,False,False,False,True,False,False,True
4692_01,0.569620253164557,False,False,False,False,False,False,0.09682539682539683,True,False,False,False,True,False,False,True,False,False,False,False,False,True
4697_01,0.31645569620253167,False,False,False,False,False,False,0.46772486772486777,False,True,True,False,True,False,False,False,False,False,True,False,False,True
4698_01,0.20253164556962025,False,False,False,False,False,False,0.5047619047619047,False,True,True,False,False,False,False,False,False,False,True,False,False,False
4700_01,0.31645569620253167,False,False,False,False,False,False,0.08306878306878307,True,False,True,False,False,False,True,False,False,False,False,False,False,False
4701_01,0.13924050632911392,False,False,False,False,False,False,0.09894179894179894,True,False,False,False,False,False,True,False,False,False,False,False,False,True
4701_02,0.27848101265822783,False,False,False,False,False,False,0.09894179894179894,True,False,True,False,False,False,True,False,False,False,False,False,False,True
4701_03,0.4810126582278481,False,False,False,False,False,False,0.09894179894179894,True,False,True,False,True,False,True,False,False,False,False,False,False,True
4701_04,0.31645569620253167,False,False,False,False,False,False,0.09894179894179894,True,False,True,False,True,False,True,False,False,False,False,False,False,True
4702_01,0.21518987341772153,False,False,False,False,False,False,0.40740740740740744,False,False,True,True,False,False,False,False,False,False,False,True,False,True
4702_02,0.25316455696202533,False,False,False,False,False,False,0.40740740740740744,False,False,False,False,True,False,False,False,False,False,False,True,False,True
4703_01,0.3037974683544304,False,False,False,False,False,False,0.09735449735449736,True,False,True,False,True,False,False,True,False,False,False,False,False,True
4703_02,0.46835443037974683,False,False,False,False,False,False,0.09735449735449736,True,False,True,False,False,False,False,True,False,False,False,False,False,True
4705_01,0.4050632911392405,False,False,False,False,False,False,0.09788359788359789,True,False,False,False,True,False,False,True,False,False,False,False,False,True
4705_02,0.4050632911392405,False,False,False,False,False,False,0.09788359788359789,True,False,False,False,True,False,False,True,False,False,False,False,False,True
4707_01,0.25316455696202533,False,False,False,False,False,False,0.5058201058201058,False,False,False,False,True,False,False,False,False,False,True,False,False,False
4707_02,0.6329113924050633,False,False,False,False,False,False,0.40370370370370373,False,False,False,False,True,False,False,False,False,False,False,True,False,False
4715_01,0.4177215189873418,False,False,False,False,False,False,0.09947089947089947,True,False,False,False,True,False,True,False,False,False,False,False,False,True
4716_01,0.5949367088607594,False,False,False,False,False,False,0.4687830687830688,False,False,False,False,True,False,False,False,False,False,True,False,False,True
4718_01,0.620253164556962,False,False,False,False,False,False,0.09841269841269842,True,False,True,False,False,False,False,True,False,False,False,False,False,True
4722_01,0.25316455696202533,False,False,False,False,False,False,0.507936507936508,False,False,False,False,True,False,False,False,False,False,True,False,False,False
4724_01,0.3291139240506329,False,False,False,False,False,False,0.08306878306878307,True,False,True,False,True,False,False,False,True,False,False,False,False,False
4727_01,0.3037974683544304,False,False,False,False,False,False,0.4084656084656085,False,False,False,False,True,False,False,False,False,False,False,True,False,True
4727_02,0.13924050632911392,False,False,False,False,False,False,0.4084656084656085,False,False,False,False,True,False,False,False,False,False,False,True,False,True
4729_01,0.5949367088607594,False,False,False,False,False,False,0.47089947089947093,False,True,False,False,True,False,False,False,False,False,True,False,False,True
4731_01,0.27848101265822783,False,False,False,False,False,False,0.40634920634920635,False,False,True,False,True,False,False,False,False,False,False,True,False,False
4734_01,0.4430379746835443,False,False,False,False,False,False,0.1560846560846561,False,True,False,False,True,False,False,False,False,True,False,False,False,False
4735_01,0.31645569620253167,False,False,False,False,False,False,0.4714285714285715,False,True,False,False,False,False,False,False,False,False,True,False,False,True
4736_01,0.4177215189873418,False,False,False,False,False,False,0.47195767195767196,False,True,True,False,True,False,False,False,False,False,True,False,False,True
4737_01,0.25316455696202533,False,False,False,False,False,False,0.15661375661375662,False,False,False,False,True,False,False,False,False,True,False,False,False,False
4740_01,0.20253164556962025,False,False,False,False,False,False,0.40952380952380957,False,False,True,False,True,False,False,False,False,False,False,True,False,True
4742_01,0.3670886075949367,False,False,False,False,False,False,0.47301587301587306,False,True,False,False,True,False,False,False,False,False,True,False,False,True
4745_01,0.20253164556962025,False,False,False,False,False,False,0.4068783068783069,False,False,True,False,True,False,False,False,False,False,False,True,False,False
4747_01,0.5443037974683544,False,False,False,False,False,False,0.07830687830687831,True,False,True,False,True,False,False,False,True,False,False,False,False,True
4747_02,0.4177215189873418,False,False,False,False,False,False,0.07830687830687831,True,False,False,False,True,False,False,False,True,False,False,False,False,True
4749_01,0.20253164556962025,False,False,False,False,False,False,0.508994708994709,False,False,False,False,True,False,False,False,False,False,True,False,False,False
4751_01,0.27848101265822783,False,False,False,False,False,False,0.5095238095238096,False,False,False,False,True,False,False,False,False,False,True,False,False,False
4760_01,0.22784810126582278,False,False,False,False,False,False,0.4751322751322752,False,False,False,False,False,False,False,False,False,False,True,False,False,True
4761_01,0.45569620253164556,False,False,False,False,False,False,0.40740740740740744,False,False,True,False,False,False,False,False,False,False,False,True,False,False
4761_02,0.21518987341772153,False,False,False,False,False,False,0.40740740740740744,False,False,True,False,True,False,False,False,False,False,False,True,False,False
4761_03,0.43037974683544306,False,False,False,False,False,False,0.5116402116402117,False,False,False,False,True,False,False,False,False,False,True,False,False,False
4765_01,0.012658227848101266,False,False,False,False,False,False,0.407936507936508,False,False,True,False,True,False,False,False,False,False,False,True,False,False
4766_01,0.3037974683544304,False,False,False,False,False,False,0.4756613756613757,False,True,True,False,True,False,False,False,False,False,True,False,False,True
4767_01,0.25316455696202533,False,False,False,False,False,False,0.5132275132275133,False,False,False,False,True,False,False,False,False,False,True,False,False,False
4768_01,0.7088607594936709,False,False,False,False,False,False,0.0835978835978836,True,False,False,False,True,False,False,False,True,False,False,False,False,False
4768_02,0.3291139240506329,False,False,False,False,False,False,0.0835978835978836,True,False,True,False,True,False,False,False,True,False,False,False,False,False
4771_01,0.4430379746835443,False,False,False,False,False,False,0.47671957671957677,False,False,False,False,True,False,False,False,False,False,True,False,False,True
4776_01,0.0379746835443038,False,False,False,False,False,False,0.5148148148148148,False,True,False,False,False,False,False,False,False,False,True,False,False,False
4776_02,0.2911392405063291,False,False,False,False,False,False,0.15714285714285714,False,True,False,False,True,False,False,False,False,True,False,False,False,False
4776_03,0.24050632911392406,False,False,False,False,False,False,0.5148148148148148,False,True,True,False,True,False,False,False,False,False,True,False,False,False
4776_04,0.0,False,False,False,False,False,False,0.5148148148148148,False,True,False,False,True,False,False,False,False,False,True,False,False,False
4779_01,0.37974683544303794,False,False,False,False,False,False,0.4084656084656085,False,False,False,False,True,False,False,False,False,False,False,True,False,False
4781_01,0.6329113924050633,False,False,False,False,False,False,0.47724867724867726,False,False,False,False,True,False,False,False,False,False,True,False,False,True
4789_01,0.18987341772151897,False,False,False,False,False,False,0.15767195767195769,False,True,True,False,True,False,False,False,False,True,False,False,False,False
4799_01,0.24050632911392406,False,False,False,False,False,False,0.5164021164021164,False,True,False,False,True,False,False,False,False,False,True,False,False,False
4799_02,0.3291139240506329,False,False,False,False,False,False,0.5164021164021164,False,True,False,False,True,False,False,False,False,False,True,False,False,False
4799_03,0.4430379746835443,False,False,False,False,False,False,0.5164021164021164,False,True,False,False,True,False,False,False,False,False,True,False,False,False
4800_01,0.569620253164557,False,False,False,False,False,False,0.41481481481481486,False,False,False,False,True,False,False,False,False,False,False,True,False,True
4802_01,0.0,False,False,False,False,False,False,0.40952380952380957,False,False,True,False,True,False,False,False,False,False,False,True,False,False
4802_02,0.9367088607594937,False,False,False,False,False,False,0.40952380952380957,False,False,False,True,False,False,False,False,False,False,False,True,False,False
4805_01,0.3037974683544304,False,False,False,False,False,False,0.23386243386243388,False,False,True,False,False,False,False,False,False,False,True,False,False,True
4806_01,0.49367088607594933,False,False,False,False,False,False,0.1650793650793651,False,True,False,False,True,False,False,False,False,True,False,False,False,True
4809_01,0.22784810126582278,False,False,False,False,False,False,0.5174603174603175,False,False,False,False,True,False,False,False,False,False,True,False,False,False
4811_01,0.49367088607594933,False,False,False,False,False,False,0.41640211640211644,False,False,True,True,False,False,False,False,False,False,False,True,False,True
4812_01,0.4177215189873418,False,False,False,False,False,False,0.15873015873015875,True,False,True,False,True,False,False,False,False,True,False,False,False,False
4816_01,0.26582278481012656,False,False,False,False,False,False,0.4804232804232805,False,False,False,True,False,False,False,False,False,False,True,False,False,True
4820_01,0.4430379746835443,False,False,False,False,False,False,0.10052910052910054,True,False,False,False,True,False,True,False,False,False,False,False,False,True
4820_02,0.8354430379746836,False,False,False,False,False,False,0.10052910052910054,True,False,False,False,False,False,True,False,False,False,False,False,False,True
4821_01,0.17721518987341772,False,False,False,False,False,False,0.48095238095238096,False,False,False,False,True,False,False,False,False,False,True,False,False,True
4824_01,0.25316455696202533,False,False,False,False,False,False,0.0798941798941799,False,True,False,False,True,False,False,False,True,False,False,False,False,True
4825_01,0.22784810126582278,False,False,False,False,False,False,0.4814814814814815,False,True,True,False,True,False,False,False,False,False,True,False,False,True
4826_01,0.45569620253164556,False,False,False,False,False,False,0.16560846560846562,True,False,False,False,True,False,False,False,False,True,False,False,False,True
4833_01,0.34177215189873417,True,True,True,True,True,False,0.03121693121693122,True,False,False,False,False,True,False,False,False,False,False,False,False,True
4833_02,0.6455696202531646,False,False,False,False,False,False,0.10105820105820107,True,False,False,False,True,False,True,False,False,False,False,False,False,True
4834_01,0.22784810126582278,False,False,False,False,False,False,0.417989417989418,False,False,True,False,True,False,False,False,False,False,False,True,False,True
4835_01,0.5822784810126582,False,False,False,False,False,False,0.5211640211640212,False,False,False,False,True,False,False,False,False,False,True,False,False,False
4839_01,0.8481012658227848,False,False,False,False,False,False,0.48359788359788364,False,True,False,False,True,False,False,False,False,False,True,False,False,True
4843_01,0.3037974683544304,False,False,False,False,False,False,0.4121693121693122,False,False,False,False,True,False,False,False,False,False,False,True,False,False
4843_02,0.4430379746835443,False,False,False,False,False,False,0.4121693121693122,False,False,False,True,False,False,False,False,False,False,False,True,False,False
4844_01,0.17721518987341772,False,False,False,False,False,False,0.4846560846560847,False,False,False,False,True,False,False,False,False,False,True,False,False,True
4849_01,0.27848101265822783,False,False,False,False,False,False,0.5222222222222223,False,True,True,False,True,False,False,False,False,False,True,False,False,False
4852_01,0.25316455696202533,False,False,False,False,False,False,0.41269841269841273,False,False,True,True,False,False,False,False,False,False,False,True,False,False
4854_01,0.2911392405063291,False,False,False,False,False,False,0.48624338624338626,False,True,True,False,True,False,False,False,False,False,True,False,False,True
4855_01,0.2911392405063291,False,False,False,False,False,False,0.4132275132275133,False,False,True,True,False,False,False,False,False,False,False,True,False,False
4855_02,0.26582278481012656,False,False,False,False,False,False,0.4132275132275133,False,False,True,False,True,False,False,False,False,False,False,True,False,False
4858_01,0.45569620253164556,False,False,False,False,False,False,0.08412698412698413,False,True,False,False,True,False,False,False,True,False,False,False,False,False
4859_01,0.24050632911392406,False,False,False,False,False,False,0.4195767195767196,False,False,True,False,True,False,False,False,False,False,False,True,False,True
4860_01,0.27848101265822783,False,False,False,False,False,False,0.48730158730158735,False,False,False,True,False,False,False,False,False,False,True,False,False,True
4861_01,0.7341772151898734,False,False,False,False,False,False,0.16031746031746033,False,False,False,False,True,False,False,False,False,True,False,False,False,False
4865_01,0.17721518987341772,False,False,False,False,False,False,0.5227513227513227,False,False,False,False,True,False,False,False,False,False,True,False,False,False
4867_01,0.22784810126582278,False,False,False,False,False,False,0.5232804232804233,False,False,False,False,True,False,False,False,False,False,True,False,False,False
4869_01,0.5063291139240507,False,False,False,False,False,False,0.23386243386243388,False,False,False,False,True,False,False,False,False,False,True,False,False,True
4872_01,0.3037974683544304,False,False,False,False,False,False,0.48888888888888893,False,False,False,False,True,False,False,False,False,False,True,False,False,True
4877_01,0.3291139240506329,False,False,False,False,False,False,0.49100529100529106,False,True,False,False,True,False,False,False,False,False,True,False,False,True
4894_01,0.20253164556962025,False,False,False,False,False,False,0.4222222222222223,False,False,True,False,True,False,False,False,False,False,False,True,False,True
4905_01,0.3291139240506329,False,False,False,False,False,False,0.41904761904761906,False,False,True,False,False,False,False,False,False,False,False,True,False,False
4906_01,0.26582278481012656,False,False,False,False,False,False,0.4232804232804233,False,False,False,False,True,False,False,False,False,False,False,True,False,True
4907_01,0.21518987341772153,False,False,False,False,False,False,0.42380952380952386,False,False,True,False,True,False,False,False,False,False,False,True,False,True
4908_01,0.2911392405063291,False,False,False,False,False,False,0.526984126984127,False,False,False,False,True,False,False,False,False,False,True,False,False,False
4914_01,0.27848101265822783,False,False,False,False,False,False,0.16825396825396827,False,True,False,False,True,False,False,False,False,True,False,False,False,True
4919_01,0.25316455696202533,False,False,False,False,False,False,0.4941798941798942,False,False,False,False,False,False,False,False,False,False,True,False,False,True
4921_01,0.4810126582278481,False,False,False,False,False,False,0.10370370370370371,True,False,False,False,False,False,True,False,False,False,False,False,False,True
4922_01,0.46835443037974683,False,False,False,False,False,False,0.16878306878306878,False,False,False,False,False,False,False,False,False,True,False,False,False,True
4926_01,0.3924050632911392,False,False,False,False,False,False,0.16243386243386246,False,True,False,False,True,False,False,False,False,True,False,False,False,False
4928_01,0.34177215189873417,False,False,False,False,False,False,0.5306878306878308,False,True,False,False,False,False,False,False,False,False,True,False,False,False
4931_01,0.3924050632911392,False,False,False,False,False,False,0.42063492063492064,False,False,False,False,True,False,False,False,False,False,False,True,False,False
4935_01,0.26582278481012656,False,False,False,False,False,False,0.4211640211640212,False,False,False,False,True,False,False,False,False,False,False,True,False,False
4935_02,0.45569620253164556,False,False,False,False,False,False,0.4211640211640212,False,False,True,True,False,False,False,False,False,False,False,True,False,False
4935_03,0.25316455696202533,False,False,False,False,False,False,0.4211640211640212,False,False,False,True,False,False,False,False,False,False,False,True,False,False
4936_01,0.45569620253164556,False,False,False,False,False,False,0.42169312169312173,False,False,False,True,False,False,False,False,False,False,False,True,False,False
4947_01,0.5063291139240507,False,False,False,False,False,False,0.426984126984127,False,False,False,True,False,False,False,False,False,False,False,True,False,True
4948_01,0.31645569620253167,False,False,False,False,False,False,0.08095238095238096,False,True,False,False,True,False,False,False,True,False,False,False,False,True
4949_01,0.4050632911392405,True,True,True,True,True,False,0.08148148148148149,True,False,True,False,True,True,False,True,False,False,False,False,False,False
4949_02,0.31645569620253167,False,False,False,False,False,False,0.08148148148148149,True,False,False,False,False,False,False,True,False,False,False,False,False,False
4953_01,0.620253164556962,False,False,False,False,False,False,0.23386243386243388,True,False,True,False,True,False,False,False,False,False,True,False,False,True
4955_01,0.35443037974683544,False,False,False,False,False,False,0.5349206349206349,False,True,False,False,True,False,False,False,False,False,True,False,False,False
4957_01,0.7341772151898734,False,False,False,False,False,False,0.08201058201058202,True,False,True,False,False,False,False,True,False,False,False,False,False,False
4959_01,0.3291139240506329,False,False,False,False,False,False,0.4973544973544974,False,True,True,False,True,False,False,False,False,False,True,False,False,True
4960_01,0.27848101265822783,False,False,False,False,False,False,0.49788359788359793,False,False,False,False,True,False,False,False,False,False,True,False,False,True
4962_01,0.7721518987341772,False,False,False,False,False,False,0.5354497354497355,False,True,False,False,True,False,False,False,False,False,True,False,False,False
4966_01,0.35443037974683544,False,False,False,False,False,False,0.10423280423280425,True,False,False,False,True,False,True,False,False,False,False,False,False,True
4966_02,0.3037974683544304,False,False,False,False,False,False,0.10423280423280425,True,False,True,False,True,False,True,False,False,False,False,False,False,True
4967_01,0.5063291139240507,False,False,False,False,False,False,0.535978835978836,False,False,False,False,False,False,False,False,False,False,True,False,False,False
4968_01,0.3291139240506329,False,False,False,False,False,False,0.42380952380952386,False,False,True,False,True,False,False,False,False,False,False,True,False,False
4969_01,0.18987341772151897,False,False,False,False,False,False,0.5365079365079365,False,False,False,False,False,False,False,False,False,False,True,False,False,False
4969_02,0.3670886075949367,False,False,False,False,False,False,0.42433862433862435,False,False,False,True,False,False,False,False,False,False,False,True,False,False
4971_01,0.22784810126582278,False,False,False,False,False,False,0.42962962962962964,False,False,True,True,False,False,False,False,False,False,False,True,False,True
4976_01,0.35443037974683544,False,False,False,False,False,False,0.23386243386243388,False,False,False,True,False,False,False,False,False,False,True,False,False,True
4982_01,0.3037974683544304,False,False,False,False,False,False,0.4312169312169312,False,False,True,False,True,False,False,False,False,False,False,True,False,True
4984_01,0.22784810126582278,False,False,False,False,False,False,0.5010582010582011,False,False,False,False,True,False,False,False,False,False,True,False,False,True
4984_02,0.26582278481012656,False,False,False,False,False,False,0.5010582010582011,False,False,False,True,False,False,False,False,False,False,True,False,False,True
4985_01,0.31645569620253167,False,False,False,False,False,False,0.5015873015873016,False,True,True,False,True,False,False,False,False,False,True,False,False,True
4986_01,0.20253164556962025,False,False,False,False,False,False,0.5380952380952382,False,False,False,False,False,False,False,False,False,False,True,False,False,False
4988_01,0.620253164556962,False,False,False,False,False,False,0.08624338624338625,True,False,True,False,True,False,True,False,False,False,False,False,False,False
4993_01,0.35443037974683544,False,False,False,False,False,False,0.16931216931216933,False,False,False,False,True,False,False,False,False,True,False,False,False,True
4994_01,0.27848101265822783,False,False,False,False,False,False,0.4322751322751323,False,False,False,False,True,False,False,False,False,False,False,True,False,True
5001_01,0.13924050632911392,False,False,False,False,False,False,0.43333333333333335,False,False,False,False,True,False,False,False,False,False,False,True,False,True
5002_01,0.3291139240506329,False,False,False,False,False,False,0.4338624338624339,False,False,True,False,False,False,False,False,False,False,False,True,False,True
5011_01,0.21518987341772153,False,False,False,False,False,False,0.4285714285714286,False,False,True,False,False,False,False,False,False,False,False,True,False,False
5022_01,0.3291139240506329,False,False,False,False,False,False,0.23386243386243388,False,False,False,False,True,False,False,False,False,False,True,False,False,True
5024_01,0.0,False,False,False,False,False,False,0.43492063492063493,False,False,False,False,True,False,False,False,False,False,False,True,False,True
5024_02,0.3291139240506329,False,False,False,False,False,False,0.43492063492063493,False,False,False,False,True,False,False,False,False,False,False,True,False,True
5024_03,0.05063291139240506,False,False,False,False,False,False,0.43492063492063493,False,False,False,False,True,False,False,False,False,False,False,True,False,True
5024_04,0.24050632911392406,False,False,False,False,False,False,0.5063492063492064,False,False,False,False,True,False,False,False,False,False,True,False,False,True
5024_05,0.06329113924050633,False,False,False,False,False,False,0.43492063492063493,False,False,True,False,False,False,False,False,False,False,False,True,False,True
5026_01,0.4430379746835443,False,False,False,False,False,False,0.16455026455026456,False,False,False,False,True,False,False,False,False,True,False,False,False,False
5029_01,0.31645569620253167,False,False,False,False,False,False,0.08888888888888889,True,False,True,False,False,False,True,False,False,False,False,False,False,False
5029_02,0.3291139240506329,False,False,False,False,False,False,0.08888888888888889,True,False,True,False,True,False,True,False,False,False,False,False,False,False
5030_01,0.43037974683544306,False,False,False,False,False,False,0.4354497354497355,False,False,False,False,True,False,False,False,False,False,False,True,False,True
5031_01,0.26582278481012656,False,False,False,False,False,False,0.02380952380952381,True,False,False,False,False,False,False,False,False,False,False,False,False,False
5031_02,0.3291139240506329,False,False,False,False,False,False,0.02380952380952381,True,False,False,False,True,False,False,False,False,False,False,False,False,False
5033_01,0.4050632911392405,False,False,False,False,False,False,0.08941798941798942,True,False,False,False,True,False,True,False,False,False,False,False,False,False
5033_02,0.5063291139240507,False,False,False,False,False,False,0.08941798941798942,True,False,False,False,True,False,True,False,False,False,False,False,False,False
5037_01,0.16455696202531644,False,False,False,False,False,False,0.1708994708994709,False,True,False,False,True,False,False,False,False,True,False,False,False,True
5038_01,0.3670886075949367,False,False,False,False,False,False,0.23386243386243388,False,True,False,False,False,False,False,False,False,False,True,False,False,True
5038_02,0.13924050632911392,False,False,False,False,False,False,0.5423280423280423,False,True,True,False,True,False,False,False,False,False,True,False,False,False
5041_01,0.31645569620253167,False,False,False,False,False,False,0.5074074074074074,False,False,False,False,False,False,False,False,False,False,True,False,False,True
5043_01,0.3924050632911392,False,False,False,False,False,False,0.5433862433862434,False,True,True,False,True,False,False,False,False,False,True,False,False,False
5043_02,0.6455696202531646,False,False,False,False,False,False,0.5433862433862434,False,True,True,False,False,False,False,False,False,False,True,False,False,False
5043_03,0.25316455696202533,False,False,False,False,False,False,0.1650793650793651,False,True,False,False,True,False,False,False,False,True,False,False,False,False
5045_01,0.4050632911392405,False,False,False,False,False,False,0.507936507936508,False,True,True,False,True,False,False,False,False,False,True,False,False,True
5046_01,0.27848101265822783,False,False,False,False,False,False,0.4375661375661376,False,False,True,False,True,False,False,False,False,False,False,True,False,True
5047_01,0.4810126582278481,False,False,False,False,False,False,0.43809523809523815,False,False,True,True,False,False,False,False,False,False,False,True,False,True
5049_01,0.3291139240506329,False,False,False,False,False,False,0.16560846560846562,False,False,False,False,True,False,False,False,False,True,False,False,False,False
5053_01,0.5316455696202531,True,True,True,True,True,False,0.02433862433862434,True,False,False,False,True,True,False,False,False,False,False,False,False,False
5054_01,0.7215189873417721,False,False,False,False,False,False,0.508994708994709,False,True,False,False,True,False,False,False,False,False,True,False,False,True
5055_01,0.4810126582278481,False,False,False,False,False,False,0.4312169312169312,False,False,True,False,True,False,False,False,False,False,False,True,False,False
5056_01,0.2911392405063291,False,False,False,False,False,False,0.5444444444444445,False,True,False,False,True,False,False,False,False,False,True,False,False,False
5056_02,0.4050632911392405,False,False,False,False,False,False,0.5444444444444445,False,True,False,False,False,False,False,False,False,False,True,False,False,False
5066_01,0.18987341772151897,False,False,False,False,False,False,0.5455026455026455,False,False,False,False,True,False,False,False,False,False,True,False,False,False
5071_01,0.5189873417721519,False,False,False,False,False,False,0.5460317460317461,False,False,False,False,True,False,False,False,False,False,True,False,False,False
5075_01,0.24050632911392406,False,False,False,False,False,False,0.23386243386243388,False,False,False,False,True,False,False,False,False,False,True,False,False,True
5077_01,0.3291139240506329,False,False,False,False,False,False,0.5470899470899472,False,True,False,False,True,False,False,False,False,False,True,False,False,False
5078_01,0.3291139240506329,False,False,False,False,False,False,0.43333333333333335,False,False,False,True,False,False,False,False,False,False,False,True,False,False
5079_01,0.25316455696202533,False,False,False,False,False,False,0.5121693121693122,False,True,True,False,True,False,False,False,False,False,True,False,False,True
5081_01,0.24050632911392406,False,False,False,False,False,False,0.5476190476190477,False,False,False,False,True,False,False,False,False,False,True,False,False,False
5082_01,0.37974683544303794,False,False,False,False,False,False,0.10423280423280425,True,False,False,False,True,False,False,True,False,False,False,False,False,True
5086_01,0.7341772151898734,False,False,False,False,False,False,0.5137566137566137,False,True,True,False,True,False,False,False,False,False,True,False,False,True
5086_02,0.21518987341772153,False,False,False,False,False,False,0.17301587301587304,False,True,False,False,True,False,False,False,False,True,False,False,False,True
5092_01,0.3291139240506329,False,False,False,False,False,False,0.5153439153439153,False,False,False,False,True,False,False,False,False,False,True,False,False,True
5094_01,0.24050632911392406,False,False,False,False,False,False,0.43492063492063493,False,False,True,True,False,False,False,False,False,False,False,True,False,False
5094_02,0.25316455696202533,False,False,False,False,False,False,0.5486772486772488,False,False,False,False,False,False,False,False,False,False,True,False,False,False
5096_01,0.6835443037974683,False,False,False,False,False,False,0.5158730158730159,False,True,False,False,True,False,False,False,False,False,True,False,False,True
5096_02,0.26582278481012656,False,False,False,False,False,False,0.17354497354497356,False,True,False,False,True,False,False,False,False,True,False,False,False,True
5098_01,0.5569620253164557,False,False,False,False,False,False,0.5164021164021164,False,False,False,False,True,False,False,False,False,False,True,False,False,True
5098_02,0.13924050632911392,False,False,False,False,False,False,0.23386243386243388,False,False,True,True,False,False,False,False,False,False,True,False,False,True
5098_03,0.02531645569620253,False,False,False,False,False,False,0.4402116402116402,False,False,True,False,False,False,False,False,False,False,False,True,False,True
5099_01,0.25316455696202533,False,False,False,False,False,False,0.5502645502645503,False,False,False,False,True,False,False,False,False,False,True,False,False,False
5100_01,0.6329113924050633,False,False,False,False,False,False,0.516931216931217,False,True,True,False,True,False,False,False,False,False,True,False,False,True
5101_01,0.34177215189873417,False,False,False,False,False,False,0.5174603174603175,False,False,False,False,True,False,False,False,False,False,True,False,False,True
5102_01,0.35443037974683544,False,False,False,False,False,False,0.5507936507936508,False,False,False,True,False,False,False,False,False,False,True,False,False,False
5107_01,0.4177215189873418,False,False,False,False,False,False,0.5513227513227513,False,False,False,False,True,False,False,False,False,False,True,False,False,False
5110_01,0.2911392405063291,False,False,False,False,False,False,0.08201058201058202,False,True,True,False,False,False,False,False,True,False,False,False,False,True
5113_01,0.27848101265822783,False,False,False,False,False,False,0.44232804232804235,False,False,False,False,True,False,False,False,False,False,False,True,False,True
5114_01,0.5569620253164557,False,False,False,False,False,False,0.517989417989418,False,True,True,False,True,False,False,False,False,False,True,False,False,True
5117_01,0.569620253164557,False,False,False,False,False,False,0.16825396825396827,False,True,False,False,True,False,False,False,False,True,False,False,False,False
5118_01,0.25316455696202533,False,False,False,False,False,False,0.10476190476190476,True,False,False,False,False,False,True,False,False,False,False,False,False,True
5119_01,0.3291139240506329,False,False,False,False,False,False,0.16878306878306878,False,True,False,False,True,False,False,False,False,True,False,False,False,False
5121_01,0.22784810126582278,False,False,False,False,False,False,0.43703703703703706,False,False,False,False,True,False,False,False,False,False,False,True,False,False
5123_01,0.26582278481012656,False,False,False,False,False,False,0.5518518518518519,False,False,False,True,False,False,False,False,False,False,True,False,False,False
5131_01,0.3291139240506329,False,False,False,False,False,False,0.091005291005291,True,False,False,False,False,False,True,False,False,False,False,False,False,False
5131_02,0.6962025316455696,False,False,False,False,False,False,0.091005291005291,True,False,True,False,False,False,True,False,False,False,False,False,False,False
5134_01,0.3037974683544304,False,False,False,False,False,False,0.17407407407407408,False,True,False,False,True,False,False,False,False,True,False,False,False,True
5135_01,0.34177215189873417,False,False,False,False,False,False,0.553968253968254,False,False,False,False,True,False,False,False,False,False,True,False,False,False
5139_01,0.22784810126582278,False,False,False,False,False,False,0.5544973544973545,False,False,False,False,False,False,False,False,False,False,True,False,False,False
5141_01,0.25316455696202533,False,False,False,False,False,False,0.5550264550264551,False,True,True,False,True,False,False,False,False,False,True,False,False,False
5143_01,0.3924050632911392,False,False,False,False,False,False,0.5211640211640212,False,False,False,False,True,False,False,False,False,False,True,False,False,True
5147_01,0.46835443037974683,False,False,False,False,False,False,0.4455026455026455,False,False,False,False,True,False,False,False,False,False,False,True,False,True
5149_01,0.46835443037974683,True,True,True,True,True,False,0.09153439153439154,True,False,False,True,False,True,True,False,False,False,False,False,False,False
5149_02,0.7215189873417721,False,False,False,False,False,False,0.09153439153439154,True,False,True,False,False,False,True,False,False,False,False,False,False,False
5150_01,0.49367088607594933,False,False,False,False,False,False,0.5222222222222223,False,True,True,False,True,False,False,False,False,False,True,False,False,True
5153_01,0.25316455696202533,False,False,False,False,False,False,0.44603174603174606,False,False,True,False,True,False,False,False,False,False,False,True,False,True
5155_01,0.22784810126582278,False,False,False,False,False,False,0.5571428571428572,False,True,False,False,True,False,False,False,False,False,True,False,False,False
5159_01,0.3670886075949367,True,True,True,True,True,False,0.09206349206349207,True,False,False,False,False,True,True,False,False,False,False,False,False,False
5159_02,0.3924050632911392,False,False,False,False,False,False,0.09206349206349207,True,False,False,False,False,False,True,False,False,False,False,False,False,False
5164_01,0.34177215189873417,False,False,False,False,False,False,0.10634920634920636,True,False,True,False,False,False,False,True,False,False,False,False,False,True
5164_02,0.5443037974683544,False,False,False,False,False,False,0.23386243386243388,True,False,True,False,True,False,False,False,False,False,True,False,False,True
5168_01,0.3291139240506329,False,False,False,False,False,False,0.5582010582010583,False,False,False,False,True,False,False,False,False,False,True,False,False,False
5169_01,0.4050632911392405,False,False,False,False,False,False,0.08677248677248678,False,True,False,False,False,False,False,False,True,False,False,False,False,False
5172_01,0.24050632911392406,False,False,False,False,False,False,0.44074074074074077,False,False,False,False,True,False,False,False,False,False,False,True,False,False
5178_01,0.6329113924050633,False,False,False,False,False,False,0.5248677248677249,False,False,False,False,True,False,False,False,False,False,True,False,False,True
5183_01,0.24050632911392406,False,False,False,False,False,False,0.5253968253968254,False,False,False,False,True,False,False,False,False,False,True,False,False,True
5189_01,0.5569620253164557,False,False,False,False,False,False,0.03333333333333333,True,False,False,False,False,False,False,False,False,False,False,False,False,True
5191_01,0.620253164556962,False,False,False,False,False,False,0.08306878306878307,True,False,False,False,True,False,False,False,True,False,False,False,False,True
5195_01,0.37974683544303794,False,False,False,False,False,False,0.0851851851851852,True,False,False,False,False,False,False,True,False,False,False,False,False,False
5200_01,0.5189873417721519,False,False,False,False,False,False,0.526984126984127,False,False,False,False,True,False,False,False,False,False,True,False,False,True
5203_01,0.43037974683544306,False,False,False,False,False,False,0.08571428571428572,True,False,False,False,False,False,False,True,False,False,False,False,False,False
5203_02,0.37974683544303794,False,False,False,False,False,False,0.08571428571428572,True,False,True,False,False,False,False,True,False,False,False,False,False,False
5212_01,0.27848101265822783,False,False,False,False,False,False,0.44761904761904764,False,False,False,True,False,False,False,False,False,False,False,True,False,True
5215_01,0.3670886075949367,False,False,False,False,False,False,0.1761904761904762,True,False,False,False,True,False,False,False,False,True,False,False,False,True
5219_01,0.4050632911392405,False,False,False,False,False,False,0.5296296296296297,False,True,True,False,True,False,False,False,False,False,True,False,False,True
5219_02,0.5063291139240507,False,False,False,False,False,False,0.5296296296296297,False,True,False,True,False,False,False,False,False,False,True,False,False,True
5222_01,0.6329113924050633,False,False,False,False,False,False,0.4481481481481482,False,False,True,False,True,False,False,False,False,False,False,True,False,True
5228_01,0.3924050632911392,False,False,False,False,False,False,0.44973544973544977,False,False,False,True,False,False,False,False,False,False,False,True,False,True
5228_02,0.012658227848101266,False,False,False,False,False,False,0.44973544973544977,False,False,True,False,False,False,False,False,False,False,False,True,False,True
5231_01,0.37974683544303794,False,False,False,False,False,False,0.4502645502645503,False,False,False,False,True,False,False,False,False,False,False,True,False,True
5232_01,0.3291139240506329,True,True,True,True,True,False,0.10740740740740741,True,False,False,False,False,True,False,True,False,False,False,False,False,True
5232_02,0.5189873417721519,False,False,False,False,False,False,0.10740740740740741,True,False,False,False,False,False,False,True,False,False,False,False,False,True
5233_01,0.43037974683544306,False,False,False,False,False,False,0.5640211640211641,False,True,False,False,True,False,False,False,False,False,True,False,False,False
5237_01,0.17721518987341772,False,False,False,False,False,False,0.5650793650793651,False,True,True,False,True,False,False,False,False,False,True,False,False,False
5241_01,0.16455696202531644,False,False,False,False,False,False,0.5656084656084657,False,False,False,False,False,False,False,False,False,False,True,False,False,False
5241_02,0.20253164556962025,False,False,False,False,False,False,0.44761904761904764,False,False,True,True,False,False,False,False,False,False,False,True,False,False
5245_01,0.31645569620253167,False,False,False,False,False,False,0.025396825396825397,True,False,False,False,False,False,False,False,False,False,False,False,False,False
5259_01,0.21518987341772153,False,False,False,False,False,False,0.4534391534391535,False,False,False,False,False,False,False,False,False,False,False,True,False,True
5261_01,0.5189873417721519,False,False,False,False,False,False,0.5349206349206349,False,False,False,False,True,False,False,False,False,False,True,False,False,True
5263_01,0.35443037974683544,False,False,False,False,False,False,0.5671957671957673,False,True,False,False,False,False,False,False,False,False,True,False,False,False
5267_01,0.0379746835443038,False,False,False,False,False,False,0.4502645502645503,False,False,False,False,True,False,False,False,False,False,False,True,False,False
5267_02,0.22784810126582278,False,False,False,False,False,False,0.4502645502645503,False,False,True,False,True,False,False,False,False,False,False,True,False,False
5267_03,0.25316455696202533,False,False,False,False,False,False,0.5682539682539683,False,False,False,False,True,False,False,False,False,False,True,False,False,False
5270_01,0.4050632911392405,False,False,False,False,False,False,0.23386243386243388,False,False,True,True,False,False,False,False,False,False,True,False,False,True
5283_01,0.7468354430379747,False,False,False,False,False,False,0.45132275132275135,False,False,False,True,False,False,False,False,False,False,False,True,False,False
5284_01,0.6582278481012658,False,False,False,False,False,False,0.17354497354497356,True,False,True,False,True,False,False,False,False,True,False,False,False,False
5285_01,0.5949367088607594,False,False,False,False,False,False,0.08677248677248678,True,False,True,False,True,False,False,True,False,False,False,False,False,False
5286_01,0.7088607594936709,False,False,False,False,False,False,0.08783068783068784,True,False,False,False,False,False,False,False,True,False,False,False,False,False
5289_01,0.3037974683544304,False,False,False,False,False,False,0.5724867724867725,False,True,False,False,True,False,False,False,False,False,True,False,False,False
5293_01,0.16455696202531644,False,False,False,False,False,False,0.45238095238095244,False,False,False,False,True,False,False,False,False,False,False,True,False,False
5293_02,0.18987341772151897,False,False,False,False,False,False,0.17407407407407408,False,False,False,False,True,False,False,False,False,True,False,False,False,False
5294_01,0.5063291139240507,False,False,False,False,False,False,0.5380952380952382,False,False,False,False,True,False,False,False,False,False,True,False,False,True
5295_01,0.37974683544303794,False,False,False,False,False,False,0.09523809523809525,False,False,False,False,False,False,True,False,False,False,False,False,False,False
5296_01,0.31645569620253167,False,False,False,False,False,False,0.10952380952380954,True,False,False,False,True,False,False,True,False,False,False,False,False,True
5302_01,0.12658227848101267,False,False,False,False,False,False,0.5386243386243387,False,True,False,False,True,False,False,False,False,False,True,False,False,True
5306_01,0.35443037974683544,False,False,False,False,False,False,0.5396825396825398,False,True,False,False,False,False,False,False,False,False,True,False,False,True
5306_02,0.45569620253164556,False,False,False,False,False,False,0.08465608465608467,False,True,False,False,True,False,False,False,True,False,False,False,False,True
5308_01,0.1518987341772152,False,False,False,False,False,False,0.45767195767195773,False,False,False,True,False,False,False,False,False,False,False,True,False,True
5308_02,0.3291139240506329,False,False,False,False,False,False,0.45767195767195773,False,False,True,False,True,False,False,False,False,False,False,True,False,True
5308_03,0.4177215189873418,False,False,False,False,False,False,0.45767195767195773,False,False,False,False,True,False,False,False,False,False,False,True,False,True
5309_01,0.5316455696202531,False,False,False,False,False,False,0.08730158730158731,True,False,True,False,True,False,False,True,False,False,False,False,False,False
5311_01,0.3924050632911392,False,False,False,False,False,False,0.453968253968254,False,False,True,False,True,False,False,False,False,False,False,True,False,False
5317_01,0.25316455696202533,False,False,False,False,False,False,0.4582010582010582,False,False,False,False,True,False,False,False,False,False,False,True,False,True
5317_02,0.3037974683544304,False,False,False,False,False,False,0.4582010582010582,False,False,True,False,False,False,False,False,False,False,False,True,False,True
5318_01,0.46835443037974683,False,False,False,False,False,False,0.4544973544973545,False,False,True,False,True,False,False,False,False,False,False,True,False,False
5318_02,0.24050632911392406,False,False,False,False,False,False,0.5756613756613757,False,False,False,False,True,False,False,False,False,False,True,False,False,False
5319_01,0.16455696202531644,False,False,False,False,False,False,0.5761904761904763,False,True,False,False,True,False,False,False,False,False,True,False,False,False
5321_01,0.2911392405063291,False,False,False,False,False,False,0.5407407407407407,False,False,False,True,False,False,False,False,False,False,True,False,False,True
5324_01,0.5569620253164557,False,False,False,False,False,False,0.45502645502645506,False,False,False,False,True,False,False,False,False,False,False,True,False,False
5328_01,0.45569620253164556,False,False,False,False,False,False,0.08783068783068784,True,False,True,False,True,False,False,True,False,False,False,False,False,False
5329_01,1.0,False,False,False,False,False,False,0.17513227513227514,False,False,False,False,True,False,False,False,False,True,False,False,False,False
5329_02,0.012658227848101266,False,False,False,False,False,False,0.4555555555555556,False,False,True,True,False,False,False,False,False,False,False,True,False,False
5329_03,0.1518987341772152,False,False,False,False,False,False,0.4555555555555556,False,False,False,False,True,False,False,False,False,False,False,True,False,False
5329_04,0.10126582278481013,False,False,False,False,False,False,0.4555555555555556,False,False,False,False,True,False,False,False,False,False,False,True,False,False
5329_05,0.569620253164557,False,False,False,False,False,False,0.23386243386243388,False,False,False,True,False,False,False,False,False,False,True,False,False,True
5329_06,0.12658227848101267,False,False,False,False,False,False,0.4555555555555556,False,False,False,False,True,False,False,False,False,False,False,True,False,False
5329_07,0.0379746835443038,False,False,False,False,False,False,0.4555555555555556,False,False,False,False,True,False,False,False,False,False,False,True,False,False
5332_01,0.46835443037974683,False,False,False,False,False,False,0.5798941798941799,False,False,False,False,True,False,False,False,False,False,True,False,False,False
5335_01,0.5443037974683544,False,False,False,False,False,False,0.02592592592592593,True,False,True,False,False,False,False,False,False,False,False,False,False,False
5335_02,0.4810126582278481,False,False,False,False,False,False,0.02592592592592593,True,False,True,False,True,False,False,False,False,False,False,False,False,False
5335_03,0.4177215189873418,False,False,False,False,False,False,0.02592592592592593,True,False,False,False,False,False,False,False,False,False,False,False,False,False
5335_04,0.31645569620253167,False,False,False,False,False,False,0.02592592592592593,True,False,False,False,False,False,False,False,False,False,False,False,False,False
5336_01,0.5316455696202531,False,False,False,False,False,False,0.5804232804232805,False,False,False,False,True,False,False,False,False,False,True,False,False,False
5338_01,0.4430379746835443,False,False,False,False,False,False,0.5423280423280423,False,False,False,False,True,False,False,False,False,False,True,False,False,True
5339_01,0.4430379746835443,False,False,False,False,False,False,0.08835978835978836,True,False,False,False,False,False,False,True,False,False,False,False,False,False
5339_02,0.37974683544303794,False,False,False,False,False,False,0.08835978835978836,True,False,False,False,True,False,False,True,False,False,False,False,False,False
5339_03,0.4177215189873418,False,False,False,False,False,False,0.08835978835978836,True,False,True,False,False,False,False,True,False,False,False,False,False,False
5342_01,0.37974683544303794,False,False,False,False,False,False,0.17883597883597885,False,False,False,False,True,False,False,False,False,True,False,False,False,True
5349_01,0.2911392405063291,False,False,False,False,False,False,0.45661375661375664,False,False,True,True,False,False,False,False,False,False,False,True,False,False
5352_01,0.16455696202531644,False,False,False,False,False,False,0.4571428571428572,False,False,True,False,True,False,False,False,False,False,False,True,False,False
5357_01,0.4050632911392405,False,False,False,False,False,False,0.09735449735449736,True,False,True,False,True,False,True,False,False,False,False,False,False,False
5357_02,0.21518987341772153,False,False,False,False,False,False,0.09735449735449736,True,False,True,False,True,False,True,False,False,False,False,False,False,False
5357_03,0.46835443037974683,True,True,True,True,True,False,0.09735449735449736,True,False,False,False,False,True,True,False,False,False,False,False,False,False
5357_04,0.620253164556962,False,False,False,False,False,False,0.09735449735449736,True,False,False,False,True,False,True,False,False,False,False,False,False,False
5358_01,0.6708860759493671,False,False,False,False,False,False,0.17724867724867727,True,False,False,False,True,False,False,False,False,True,False,False,False,False
5364_01,0.34177215189873417,False,False,False,False,False,False,0.4582010582010582,False,False,True,False,False,False,False,False,False,False,False,True,False,False
5369_01,0.3291139240506329,False,False,False,False,False,False,0.5835978835978837,False,True,False,False,True,False,False,False,False,False,True,False,False,False
5369_02,0.6329113924050633,False,False,False,False,False,False,0.08941798941798942,False,True,False,False,True,False,False,False,True,False,False,False,False,False
5369_03,0.21518987341772153,False,False,False,False,False,False,0.5835978835978837,False,True,True,False,False,False,False,False,False,False,True,False,False,False
5370_01,0.27848101265822783,False,False,False,False,False,False,0.45873015873015877,False,False,False,False,True,False,False,False,False,False,False,True,False,False
5371_01,0.10126582278481013,False,False,False,False,False,False,0.5433862433862434,False,True,True,False,True,False,False,False,False,False,True,False,False,True
5371_02,0.5316455696202531,False,False,False,False,False,False,0.18042328042328043,False,True,False,False,True,False,False,False,False,True,False,False,False,True
5371_03,0.37974683544303794,False,False,False,False,False,False,0.5433862433862434,False,True,True,False,True,False,False,False,False,False,True,False,False,True
5371_04,0.05063291139240506,False,False,False,False,False,False,0.5433862433862434,False,True,False,False,False,False,False,False,False,False,True,False,False,True
5373_01,0.34177215189873417,False,False,False,False,False,False,0.5439153439153439,False,False,False,False,True,False,False,False,False,False,True,False,False,True
5376_01,0.18987341772151897,False,False,False,False,False,False,0.09047619047619049,True,False,True,False,False,False,False,True,False,False,False,False,False,False
5376_02,0.4810126582278481,False,False,False,False,False,False,0.09047619047619049,True,False,True,False,True,False,False,True,False,False,False,False,False,False
5377_01,0.6455696202531646,False,False,False,False,False,False,0.091005291005291,True,False,True,False,False,False,False,True,False,False,False,False,False,False
5381_01,0.3291139240506329,False,False,False,False,False,False,0.5455026455026455,False,True,False,False,True,False,False,False,False,False,True,False,False,True
5382_01,0.43037974683544306,False,False,False,False,False,False,0.11164021164021165,True,False,True,False,False,False,False,True,False,False,False,False,False,True
5382_02,0.569620253164557,False,False,False,False,False,False,0.11164021164021165,True,False,True,False,False,False,False,True,False,False,False,False,False,True
5386_01,0.22784810126582278,False,False,False,False,False,False,0.4592592592592593,False,False,True,False,True,False,False,False,False,False,False,True,False,False
5391_01,0.26582278481012656,False,False,False,False,False,False,0.5857142857142857,False,False,False,True,False,False,False,False,False,False,True,False,False,False
5393_01,0.2911392405063291,False,False,False,False,False,False,0.5862433862433862,False,False,False,False,True,False,False,False,False,False,True,False,False,False
5398_01,0.3037974683544304,False,False,False,False,False,False,0.5873015873015873,False,True,True,False,True,False,False,False,False,False,True,False,False,False
5399_01,0.25316455696202533,False,False,False,False,False,False,0.5465608465608466,False,False,False,False,True,False,False,False,False,False,True,False,False,True
5400_01,0.4050632911392405,False,False,False,False,False,False,0.23386243386243388,False,False,True,False,True,False,False,False,False,False,True,False,False,True
5403_01,0.27848101265822783,False,False,False,False,False,False,0.18253968253968256,False,False,False,False,True,False,False,False,False,True,False,False,False,True
5405_01,0.16455696202531644,False,False,False,False,False,False,0.17936507936507937,False,False,False,False,True,False,False,False,False,True,False,False,False,False
5407_01,0.5316455696202531,False,False,False,False,False,False,0.18306878306878308,False,True,False,False,True,False,False,False,False,True,False,False,False,True
5409_01,0.24050632911392406,False,False,False,False,False,False,0.18359788359788362,False,False,False,False,True,False,False,False,False,True,False,False,False,True
5417_01,0.3037974683544304,False,False,False,False,False,False,0.18412698412698414,False,True,False,False,True,False,False,False,False,True,False,False,False,True
5419_01,0.569620253164557,False,False,False,False,False,False,0.58994708994709,False,False,False,True,False,False,False,False,False,False,True,False,False,False
5426_01,0.4430379746835443,False,False,False,False,False,False,0.5492063492063493,False,False,False,False,True,False,False,False,False,False,True,False,False,True
5428_01,0.20253164556962025,False,False,False,False,False,False,0.5497354497354497,False,False,False,False,True,False,False,False,False,False,True,False,False,True
5428_02,0.20253164556962025,False,False,False,False,False,False,0.23386243386243388,False,False,True,False,True,False,False,False,False,False,True,False,False,True
5429_01,0.5443037974683544,False,False,False,False,False,False,0.5920634920634921,False,False,False,False,True,False,False,False,False,False,True,False,False,False
5432_01,0.3924050632911392,False,False,False,False,False,False,0.5925925925925927,False,False,False,False,True,False,False,False,False,False,True,False,False,False
5433_01,0.3291139240506329,False,False,False,False,False,False,0.03492063492063492,True,False,False,False,True,False,False,False,False,False,False,False,False,True
5439_01,0.27848101265822783,False,False,False,False,False,False,0.5502645502645503,False,True,False,False,True,False,False,False,False,False,True,False,False,True
5442_01,0.6075949367088608,False,False,False,False,False,False,0.5513227513227513,False,False,False,False,True,False,False,False,False,False,True,False,False,True
5444_01,0.25316455696202533,False,False,False,False,False,False,0.5518518518518519,False,False,False,False,False,False,False,False,False,False,True,False,False,True
5448_01,0.4430379746835443,False,False,False,False,False,False,0.08730158730158731,False,True,False,False,True,False,False,False,True,False,False,False,False,True
5449_01,0.2911392405063291,False,False,False,False,False,False,0.23386243386243388,False,False,False,False,False,False,False,False,False,False,True,False,False,True
5456_01,0.35443037974683544,False,False,False,False,False,False,0.5968253968253968,False,False,False,False,True,False,False,False,False,False,True,False,False,False
5460_01,0.24050632911392406,False,False,False,False,False,False,0.5978835978835979,False,False,False,True,False,False,False,False,False,False,True,False,False,False
5461_01,0.569620253164557,False,False,False,False,False,False,0.18624338624338627,True,False,False,False,False,False,False,False,False,True,False,False,False,True
5464_01,0.20253164556962025,False,False,False,False,False,False,0.18677248677248678,False,False,False,False,True,False,False,False,False,True,False,False,False,True
5473_01,0.0379746835443038,False,False,False,False,False,False,0.4650793650793651,False,False,False,False,True,False,False,False,False,False,False,True,False,False
5473_02,0.7594936708860759,False,False,False,False,False,False,0.5994708994708995,False,False,False,True,False,False,False,False,False,False,True,False,False,False
5481_01,0.4177215189873418,True,True,True,True,True,False,0.11058201058201059,True,False,True,False,True,True,True,False,False,False,False,False,False,True
5482_01,0.31645569620253167,False,False,False,False,False,False,0.1873015873015873,False,False,False,False,False,False,False,False,False,True,False,False,False,True
5482_02,0.46835443037974683,False,False,False,False,False,False,0.5550264550264551,False,False,False,False,True,False,False,False,False,False,True,False,False,True
5486_01,0.6455696202531646,False,False,False,False,False,False,0.5560846560846561,False,True,False,False,True,False,False,False,False,False,True,False,False,True
5493_01,0.3670886075949367,False,False,False,False,False,False,0.4671957671957672,False,False,True,False,False,False,False,False,False,False,False,True,False,True
5495_01,0.49367088607594933,False,False,False,False,False,False,0.6021164021164022,False,True,True,False,True,False,False,False,False,False,True,False,False,False
5498_01,0.3670886075949367,False,False,False,False,False,False,0.4671957671957672,False,False,True,False,True,False,False,False,False,False,False,True,False,False
5498_02,0.34177215189873417,False,False,False,False,False,False,0.4671957671957672,False,False,True,False,True,False,False,False,False,False,False,True,False,False
5502_01,0.4810126582278481,False,False,False,False,False,False,0.6026455026455027,False,False,False,False,True,False,False,False,False,False,True,False,False,False
5503_01,0.16455696202531644,False,False,False,False,False,False,0.18783068783068785,False,False,False,False,True,False,False,False,False,True,False,False,False,True
5505_01,0.4177215189873418,False,False,False,False,False,False,0.5576719576719578,False,False,False,False,True,False,False,False,False,False,True,False,False,True
5505_02,0.569620253164557,False,False,False,False,False,False,0.4687830687830688,False,False,False,False,True,False,False,False,False,False,False,True,False,True
5505_03,0.0,False,False,False,False,False,False,0.4687830687830688,False,False,False,False,False,False,False,False,False,False,False,True,False,True
5513_01,0.22784810126582278,False,False,False,False,False,False,0.4698412698412699,False,False,True,True,False,False,False,False,False,False,False,True,False,True
5513_02,0.0,False,False,False,False,False,False,0.4698412698412699,False,False,True,False,True,False,False,False,False,False,False,True,False,True
5513_03,0.4810126582278481,False,False,False,False,False,False,0.5587301587301587,False,False,False,False,True,False,False,False,False,False,True,False,False,True
5513_04,0.0,False,False,False,False,False,False,0.4698412698412699,False,False,False,False,False,False,False,False,False,False,False,True,False,True
5516_01,0.26582278481012656,False,False,False,False,False,False,0.5592592592592593,False,False,False,False,False,False,False,False,False,False,True,False,False,True
5518_01,0.7088607594936709,False,False,False,False,False,False,0.03597883597883598,True,False,False,False,False,False,False,False,False,False,False,False,False,True
5519_01,0.4810126582278481,False,False,False,False,False,False,0.03650793650793651,True,False,False,False,True,False,False,False,False,False,False,False,False,True
5525_01,0.4430379746835443,False,False,False,False,False,False,0.6042328042328042,False,True,False,False,True,False,False,False,False,False,True,False,False,False
5532_01,0.43037974683544306,False,False,False,False,False,False,0.18994708994708995,False,False,False,False,False,False,False,False,False,True,False,False,False,True
5533_01,0.18987341772151897,False,False,False,False,False,False,0.47195767195767196,False,False,False,False,True,False,False,False,False,False,False,True,False,True
5534_01,0.27848101265822783,False,False,False,False,False,False,0.18412698412698414,False,False,False,True,False,False,False,False,False,True,False,False,False,False
5542_01,0.35443037974683544,False,False,False,False,False,False,0.6074074074074074,False,True,False,False,True,False,False,False,False,False,True,False,False,False
5547_01,0.22784810126582278,False,False,False,False,False,False,0.46931216931216935,False,False,True,False,True,False,False,False,False,False,False,True,False,False
5548_01,0.5949367088607594,False,False,False,False,False,False,0.08835978835978836,True,False,False,False,False,False,False,False,True,False,False,False,False,True
5549_01,0.2911392405063291,False,False,False,False,False,False,0.09365079365079365,True,False,True,False,True,False,False,False,True,False,False,False,False,False
5553_01,0.5569620253164557,False,False,False,False,False,False,0.6089947089947091,False,True,True,False,True,False,False,False,False,False,True,False,False,False
5553_02,0.22784810126582278,False,False,False,False,False,False,0.6089947089947091,False,True,False,False,True,False,False,False,False,False,True,False,False,False
5554_01,0.26582278481012656,False,False,False,False,False,False,0.4703703703703704,False,False,True,False,True,False,False,False,False,False,False,True,False,False
5558_01,0.8227848101265822,False,False,False,False,False,False,0.23386243386243388,False,True,False,False,True,False,False,False,False,False,True,False,False,True
5562_01,0.22784810126582278,False,False,False,False,False,False,0.08941798941798942,True,False,True,False,True,False,False,False,True,False,False,False,False,True
5562_02,0.34177215189873417,False,False,False,False,False,False,0.08941798941798942,True,False,True,False,False,False,False,False,True,False,False,False,False,True
5564_01,0.20253164556962025,False,False,False,False,False,False,0.6095238095238096,False,False,False,False,True,False,False,False,False,False,True,False,False,False
5565_01,0.21518987341772153,False,False,False,False,False,False,0.4751322751322752,False,False,False,False,True,False,False,False,False,False,False,True,False,True
5567_01,0.24050632911392406,False,False,False,False,False,False,0.562962962962963,False,False,False,False,True,False,False,False,False,False,True,False,False,True
5570_01,0.4177215189873418,False,False,False,False,False,False,0.4756613756613757,False,False,True,True,False,False,False,False,False,False,False,True,False,True
5576_01,0.25316455696202533,False,False,False,False,False,False,0.5634920634920635,False,False,False,False,True,False,False,False,False,False,True,False,False,True
5577_01,0.12658227848101267,False,False,False,False,False,False,0.47671957671957677,False,False,True,True,False,False,False,False,False,False,False,True,False,True
5577_02,0.0759493670886076,False,False,False,False,False,False,0.47671957671957677,False,False,False,False,True,False,False,False,False,False,False,True,False,True
5577_03,0.0,False,False,False,False,False,False,0.47671957671957677,False,False,True,False,True,False,False,False,False,False,False,True,False,True
5577_04,0.0,False,False,False,False,False,False,0.47671957671957677,False,False,True,False,True,False,False,False,False,False,False,True,False,True
5577_05,0.05063291139240506,False,False,False,False,False,False,0.47671957671957677,False,False,True,False,True,False,False,False,False,False,False,True,False,True
5579_01,0.3291139240506329,False,False,False,False,False,False,0.1,True,False,True,False,True,False,True,False,False,False,False,False,False,False
5584_01,0.34177215189873417,False,False,False,False,False,False,0.6121693121693123,False,True,True,False,True,False,False,False,False,False,True,False,False,False
5584_02,0.6835443037974683,False,False,False,False,False,False,0.1851851851851852,False,True,False,False,False,False,False,False,False,True,False,False,False,False
5588_01,0.3037974683544304,False,False,False,False,False,False,0.5640211640211641,False,True,False,False,True,False,False,False,False,False,True,False,False,True
5588_02,0.5949367088607594,False,False,False,False,False,False,0.5640211640211641,False,True,True,False,True,False,False,False,False,False,True,False,False,True
5588_03,0.20253164556962025,False,False,False,False,False,False,0.5640211640211641,False,True,True,False,True,False,False,False,False,False,True,False,False,True
5588_04,0.7468354430379747,False,False,False,False,False,False,0.5640211640211641,False,False,False,False,True,False,False,False,False,False,True,False,False,True
5588_05,0.3924050632911392,False,False,False,False,False,False,0.5640211640211641,False,True,True,False,True,False,False,False,False,False,True,False,False,True
5590_01,0.35443037974683544,False,False,False,False,False,False,0.19153439153439156,False,True,True,False,True,False,False,False,False,True,False,False,False,True
5593_01,0.2911392405063291,False,False,False,False,False,False,0.6148148148148148,False,False,False,False,True,False,False,False,False,False,True,False,False,False
5597_01,0.24050632911392406,False,False,False,False,False,False,0.5650793650793651,False,False,False,False,False,False,False,False,False,False,True,False,False,True
5600_01,0.22784810126582278,False,False,False,False,False,False,0.4740740740740741,False,False,True,True,False,False,False,False,False,False,False,True,False,False
5604_01,0.35443037974683544,False,False,False,False,False,False,0.5661375661375662,False,True,False,True,False,False,False,False,False,False,True,False,False,True
5605_01,0.16455696202531644,False,False,False,False,False,False,0.5666666666666667,False,False,False,False,True,False,False,False,False,False,True,False,False,True
5607_01,0.4177215189873418,False,False,False,False,False,False,0.19365079365079366,False,True,True,False,True,False,False,False,False,True,False,False,False,True
5612_01,0.35443037974683544,False,False,False,False,False,False,0.4788359788359789,False,False,True,False,True,False,False,False,False,False,False,True,False,True
5617_01,0.21518987341772153,False,False,False,False,False,False,0.5682539682539683,False,False,False,False,True,False,False,False,False,False,True,False,False,True
5620_01,0.45569620253164556,True,True,True,True,True,False,0.18571428571428572,False,True,False,False,True,True,False,False,False,True,False,False,False,False
5620_02,0.3670886075949367,True,True,True,True,True,False,0.6164021164021164,False,True,False,False,True,True,False,False,False,False,True,False,False,False
5621_01,0.22784810126582278,False,False,False,False,False,False,0.48095238095238096,False,False,False,False,True,False,False,False,False,False,False,True,False,True
5624_01,0.46835443037974683,False,False,False,False,False,False,0.4814814814814815,False,False,True,False,True,False,False,False,False,False,False,True,False,True
5630_01,0.45569620253164556,False,False,False,False,False,False,0.11375661375661376,True,False,False,False,True,False,True,False,False,False,False,False,False,True
5632_01,0.5569620253164557,False,False,False,False,False,False,0.09365079365079365,True,False,True,False,True,False,False,True,False,False,False,False,False,False
5633_01,0.26582278481012656,False,False,False,False,False,False,0.6174603174603175,False,False,False,False,True,False,False,False,False,False,True,False,False,False
5634_01,0.25316455696202533,False,False,False,False,False,False,0.091005291005291,False,True,False,False,True,False,False,False,True,False,False,False,False,True
5635_01,0.569620253164557,False,False,False,False,False,False,0.1941798941798942,False,False,False,False,True,False,False,False,False,True,False,False,False,True
5636_01,0.35443037974683544,False,False,False,False,False,False,0.18677248677248678,False,False,False,False,True,False,False,False,False,True,False,False,False,False
5638_01,0.25316455696202533,False,False,False,False,False,False,0.48253968253968255,False,False,True,False,True,False,False,False,False,False,False,True,False,True
5641_01,0.22784810126582278,False,False,False,False,False,False,0.48359788359788364,False,False,True,False,True,False,False,False,False,False,False,True,False,True
5649_01,0.3291139240506329,False,False,False,False,False,False,0.6190476190476191,False,True,True,False,False,False,False,False,False,False,True,False,False,False
5654_01,0.24050632911392406,False,False,False,False,False,False,0.47830687830687835,False,False,False,False,True,False,False,False,False,False,False,True,False,False
5656_01,0.34177215189873417,False,False,False,False,False,False,0.6206349206349207,False,False,False,True,False,False,False,False,False,False,True,False,False,False
5657_01,0.3291139240506329,False,False,False,False,False,False,0.03703703703703704,True,False,False,False,False,False,False,False,False,False,False,False,False,True
5658_01,0.3670886075949367,False,False,False,False,False,False,0.6211640211640213,False,True,False,False,True,False,False,False,False,False,True,False,False,False
5660_01,0.22784810126582278,False,False,False,False,False,False,0.1873015873015873,False,True,False,False,True,False,False,False,False,True,False,False,False,False
5664_01,0.1518987341772152,False,False,False,False,False,False,0.4851851851851852,False,False,False,False,True,False,False,False,False,False,False,True,False,True
5664_02,0.0,False,False,False,False,False,False,0.4851851851851852,False,False,False,False,True,False,False,False,False,False,False,True,False,True
5664_03,0.02531645569620253,False,False,False,False,False,False,0.4851851851851852,False,False,False,False,True,False,False,False,False,False,False,True,False,True
5664_04,0.20253164556962025,False,False,False,False,False,False,0.571957671957672,False,False,False,False,False,False,False,False,False,False,True,False,False,True
5665_01,0.21518987341772153,False,False,False,False,False,False,0.5724867724867725,False,False,False,False,True,False,False,False,False,False,True,False,False,True
5666_01,0.25316455696202533,False,False,False,False,False,False,0.18835978835978837,False,True,False,False,True,False,False,False,False,True,False,False,False,False
5668_01,0.37974683544303794,False,False,False,False,False,False,0.19523809523809524,True,False,True,False,True,False,False,False,False,True,False,False,False,True
5669_01,0.25316455696202533,False,False,False,False,False,False,0.48571428571428577,False,False,True,False,True,False,False,False,False,False,False,True,False,True
5670_01,0.3924050632911392,False,False,False,False,False,False,0.48624338624338626,False,False,True,True,False,False,False,False,False,False,False,True,False,True
5672_01,0.16455696202531644,False,False,False,False,False,False,0.4804232804232805,False,False,True,False,True,False,False,False,False,False,False,True,False,False
5675_01,0.2911392405063291,False,False,False,False,False,False,0.19576719576719578,False,False,False,False,False,False,False,False,False,True,False,False,False,True
5676_01,0.24050632911392406,False,False,False,False,False,False,0.48095238095238096,False,False,False,False,True,False,False,False,False,False,False,True,False,False
5678_01,0.22784810126582278,False,False,False,False,False,False,0.6222222222222222,False,True,True,False,True,False,False,False,False,False,True,False,False,False
5678_02,0.6329113924050633,False,False,False,False,False,False,0.18941798941798943,False,True,True,False,True,False,False,False,False,True,False,False,False,False
5682_01,0.5443037974683544,False,False,False,False,False,False,0.09523809523809525,True,False,False,False,False,False,False,True,False,False,False,False,False,False
5683_01,0.6582278481012658,False,False,False,False,False,False,0.6227513227513228,False,True,False,False,True,False,False,False,False,False,True,False,False,False
5690_01,0.3037974683544304,False,False,False,False,False,False,0.5740740740740741,False,True,False,False,True,False,False,False,False,False,True,False,False,True
5691_01,0.5822784810126582,False,False,False,False,False,False,0.5746031746031747,False,True,True,False,True,False,False,False,False,False,True,False,False,True
5694_01,0.31645569620253167,False,False,False,False,False,False,0.10105820105820107,True,False,True,False,True,False,True,False,False,False,False,False,False,False
5697_01,0.6708860759493671,False,False,False,False,False,False,0.6248677248677249,False,False,False,False,True,False,False,False,False,False,True,False,False,False
5699_01,0.21518987341772153,False,False,False,False,False,False,0.5761904761904763,False,False,False,False,True,False,False,False,False,False,True,False,False,True
5703_01,0.3670886075949367,False,False,False,False,False,False,0.6253968253968254,False,False,False,False,True,False,False,False,False,False,True,False,False,False
5708_01,0.3291139240506329,False,False,False,False,False,False,0.48359788359788364,False,False,True,False,True,False,False,False,False,False,False,True,False,False
5715_01,0.4430379746835443,False,False,False,False,False,False,0.09206349206349207,True,False,False,False,True,False,False,False,True,False,False,False,False,True
5715_02,0.6455696202531646,False,False,False,False,False,False,0.09206349206349207,True,False,False,False,True,False,False,False,True,False,False,False,False,True
5720_01,0.25316455696202533,False,False,False,False,False,False,0.191005291005291,False,False,False,False,True,False,False,False,False,True,False,False,False,False
5720_02,0.24050632911392406,False,False,False,False,False,False,0.6264550264550265,False,False,False,False,True,False,False,False,False,False,True,False,False,False
5731_01,0.7468354430379747,False,False,False,False,False,False,0.09576719576719578,False,True,False,False,True,False,False,False,True,False,False,False,False,False
5731_02,0.2911392405063291,False,False,False,False,False,False,0.09576719576719578,False,True,False,False,True,False,False,False,True,False,False,False,False,False
5734_01,0.27848101265822783,False,False,False,False,False,False,0.5793650793650794,False,True,True,False,True,False,False,False,False,False,True,False,False,True
5734_02,0.26582278481012656,False,False,False,False,False,False,0.19735449735449737,False,True,False,False,True,False,False,False,False,True,False,False,False,True
5741_01,0.31645569620253167,False,False,False,False,False,False,0.6296296296296297,False,False,False,False,True,False,False,False,False,False,True,False,False,False
5743_01,0.2911392405063291,False,False,False,False,False,False,0.6301587301587303,False,False,False,False,True,False,False,False,False,False,True,False,False,False
5745_01,0.18987341772151897,False,False,False,False,False,False,0.4883597883597884,False,False,True,False,False,False,False,False,False,False,False,True,False,False
5749_01,0.25316455696202533,False,False,False,False,False,False,0.6312169312169312,False,True,False,True,False,False,False,False,False,False,True,False,False,False
5752_01,0.27848101265822783,False,False,False,False,False,False,0.5804232804232805,False,False,False,False,False,False,False,False,False,False,True,False,False,True
5753_01,0.25316455696202533,False,False,False,False,False,False,0.580952380952381,False,False,False,False,True,False,False,False,False,False,True,False,False,True
5754_01,0.4430379746835443,False,False,False,False,False,False,0.19788359788359788,True,False,False,False,True,False,False,False,False,True,False,False,False,True
5759_01,0.5189873417721519,False,False,False,False,False,False,0.49470899470899476,False,False,True,False,True,False,False,False,False,False,False,True,False,True
5760_01,0.22784810126582278,False,False,False,False,False,False,0.6328042328042328,False,False,False,False,True,False,False,False,False,False,True,False,False,False
5762_01,0.5063291139240507,False,False,False,False,False,False,0.4894179894179895,False,False,False,True,False,False,False,False,False,False,False,True,False,False
5766_01,0.31645569620253167,False,False,False,False,False,False,0.5825396825396826,False,True,True,False,True,False,False,False,False,False,True,False,False,True
5770_01,0.3924050632911392,False,False,False,False,False,False,0.0962962962962963,True,False,False,False,False,False,False,True,False,False,False,False,False,False
5774_01,0.5949367088607594,False,False,False,False,False,False,0.1925925925925926,False,False,False,False,True,False,False,False,False,True,False,False,False,False
5775_01,0.3670886075949367,False,False,False,False,False,False,0.6338624338624339,False,True,True,False,True,False,False,False,False,False,True,False,False,False
5782_01,0.3291139240506329,False,False,False,False,False,False,0.49682539682539684,False,False,False,True,False,False,False,False,False,False,False,True,False,True
5782_02,0.22784810126582278,False,False,False,False,False,False,0.5835978835978837,False,False,False,False,True,False,False,False,False,False,True,False,False,True
5782_03,0.24050632911392406,False,False,False,False,False,False,0.5835978835978837,False,False,False,False,True,False,False,False,False,False,True,False,False,True
5782_04,0.6329113924050633,False,False,False,False,False,False,0.49682539682539684,False,False,True,False,True,False,False,False,False,False,False,True,False,True
5784_01,0.3291139240506329,False,False,False,False,False,False,0.4904761904761905,False,False,False,False,True,False,False,False,False,False,False,True,False,False
5787_01,0.3670886075949367,False,False,False,False,False,False,0.19312169312169314,False,False,False,False,True,False,False,False,False,True,False,False,False,False
5787_02,0.17721518987341772,False,False,False,False,False,False,0.49153439153439155,False,False,True,False,True,False,False,False,False,False,False,True,False,False
5787_03,0.17721518987341772,False,False,False,False,False,False,0.635978835978836,False,False,False,False,True,False,False,False,False,False,True,False,False,False
5789_01,0.0,False,False,False,False,False,False,0.4973544973544974,False,False,False,False,False,False,False,False,False,False,False,True,False,True
5789_02,0.43037974683544306,False,False,False,False,False,False,0.4973544973544974,False,False,True,True,False,False,False,False,False,False,False,True,False,True
5797_01,0.2911392405063291,False,False,False,False,False,False,0.09682539682539683,True,False,True,False,False,False,False,False,True,False,False,False,False,False
5798_01,0.3037974683544304,False,False,False,False,False,False,0.4920634920634921,False,False,False,False,True,False,False,False,False,False,False,True,False,False
5801_01,0.49367088607594933,False,False,False,False,False,False,0.49259259259259264,False,False,False,False,True,False,False,False,False,False,False,True,False,False
5803_01,0.27848101265822783,False,False,False,False,False,False,0.4931216931216931,False,False,True,False,True,False,False,False,False,False,False,True,False,False
5805_01,0.2911392405063291,False,False,False,False,False,False,0.4984126984126985,False,False,False,False,True,False,False,False,False,False,False,True,False,True
5807_01,0.3291139240506329,False,False,False,False,False,False,0.5873015873015873,False,False,False,False,True,False,False,False,False,False,True,False,False,True
5815_01,0.35443037974683544,False,False,False,False,False,False,0.23386243386243388,True,False,False,False,True,False,False,False,False,False,True,False,False,True
5815_02,0.5316455696202531,False,False,False,False,False,False,0.10423280423280425,True,False,False,False,True,False,True,False,False,False,False,False,False,False
5815_03,0.46835443037974683,False,False,False,False,False,False,0.10423280423280425,True,False,False,False,False,False,True,False,False,False,False,False,False,False
5815_04,0.569620253164557,False,False,False,False,False,False,0.10423280423280425,True,False,False,False,False,False,True,False,False,False,False,False,False,False
5830_01,0.26582278481012656,False,False,False,False,False,False,0.4984126984126985,False,False,False,False,True,False,False,False,False,False,False,True,False,False
5832_01,0.5316455696202531,False,False,False,False,False,False,0.4994708994708995,False,False,False,False,True,False,False,False,False,False,False,True,False,False
5833_01,0.25316455696202533,False,False,False,False,False,False,0.19470899470899472,False,True,False,False,True,False,False,False,False,True,False,False,False,False
5838_01,0.7721518987341772,False,False,False,False,False,False,0.5,False,False,False,False,True,False,False,False,False,False,False,True,False,False
5841_01,0.0,False,False,False,False,False,False,0.6386243386243386,False,True,False,False,True,False,False,False,False,False,True,False,False,False
5841_02,0.0379746835443038,False,False,False,False,False,False,0.6386243386243386,False,True,True,False,True,False,False,False,False,False,True,False,False,False
5841_03,0.22784810126582278,False,False,False,False,False,False,0.6386243386243386,False,False,True,False,True,False,False,False,False,False,True,False,False,False
5845_01,0.5569620253164557,False,False,False,False,False,False,0.5010582010582011,False,False,True,True,False,False,False,False,False,False,False,True,False,False
5850_01,0.6329113924050633,False,False,False,False,False,False,0.11798941798941799,True,False,True,False,False,False,True,False,False,False,False,False,False,True
5851_01,0.22784810126582278,False,False,False,False,False,False,0.5904761904761905,False,True,False,False,True,False,False,False,False,False,True,False,False,True
5851_02,0.0,False,False,False,False,False,False,0.5904761904761905,False,True,False,False,True,False,False,False,False,False,True,False,False,True
5853_01,0.7341772151898734,False,False,False,False,False,False,0.5015873015873016,False,False,False,False,True,False,False,False,False,False,False,True,False,False
5862_01,0.6329113924050633,False,False,False,False,False,False,0.5026455026455027,False,False,False,False,False,False,False,False,False,False,False,True,False,True
5864_01,0.5443037974683544,False,False,False,False,False,False,0.5920634920634921,False,False,False,False,False,False,False,False,False,False,True,False,False,True
5865_01,0.26582278481012656,False,False,False,False,False,False,0.5031746031746032,False,False,False,False,True,False,False,False,False,False,False,True,False,True
5866_01,0.37974683544303794,False,False,False,False,False,False,0.6407407407407408,False,False,False,False,False,False,False,False,False,False,True,False,False,False
5870_01,0.25316455696202533,False,False,False,False,False,False,0.5031746031746032,False,False,True,False,True,False,False,False,False,False,False,True,False,False
5872_01,0.3037974683544304,False,False,False,False,False,False,0.20105820105820107,False,False,False,False,True,False,False,False,False,True,False,False,False,True
5873_01,0.3037974683544304,False,False,False,False,False,False,0.5037037037037038,False,False,False,False,True,False,False,False,False,False,False,True,False,False
5873_02,0.46835443037974683,False,False,False,False,False,False,0.5037037037037038,False,False,True,False,True,False,False,False,False,False,False,True,False,False
5873_03,0.26582278481012656,False,False,False,False,False,False,0.19682539682539685,False,False,False,False,True,False,False,False,False,True,False,False,False,False
5881_01,0.6075949367088608,False,False,False,False,False,False,0.11904761904761905,True,False,True,False,True,False,True,False,False,False,False,False,False,True
5883_01,0.4177215189873418,False,False,False,False,False,False,0.10582010582010583,True,False,True,False,True,False,True,False,False,False,False,False,False,False
5884_01,0.26582278481012656,False,False,False,False,False,False,0.6428571428571429,False,False,False,False,True,False,False,False,False,False,True,False,False,False
5892_01,0.26582278481012656,False,False,False,False,False,False,0.5058201058201058,False,False,False,False,True,False,False,False,False,False,False,True,False,True
5893_01,0.16455696202531644,False,False,False,False,False,False,0.5058201058201058,False,False,False,False,True,False,False,False,False,False,False,True,False,False
5893_02,0.06329113924050633,False,False,False,False,False,False,0.5058201058201058,False,False,False,False,True,False,False,False,False,False,False,True,False,False
5895_01,0.3037974683544304,False,False,False,False,False,False,0.5947089947089947,False,False,False,False,True,False,False,False,False,False,True,False,False,True
5896_01,0.46835443037974683,False,False,False,False,False,False,0.644973544973545,False,False,False,False,True,False,False,False,False,False,True,False,False,False
5899_01,0.2911392405063291,False,False,False,False,False,False,0.19841269841269843,False,False,False,False,True,False,False,False,False,True,False,False,False,False
5904_01,0.4430379746835443,False,False,False,False,False,False,0.5952380952380952,False,True,True,False,True,False,False,False,False,False,True,False,False,True
5904_02,0.3037974683544304,False,False,False,False,False,False,0.09417989417989418,False,True,False,False,True,False,False,False,True,False,False,False,False,True
5910_01,0.25316455696202533,False,False,False,False,False,False,0.6465608465608466,False,True,False,False,False,False,False,False,False,False,True,False,False,False
5911_01,0.0,False,False,False,False,False,False,0.508994708994709,False,False,False,False,False,False,False,False,False,False,False,True,False,True
5911_02,0.810126582278481,False,False,False,False,False,False,0.5968253968253968,False,False,False,False,True,False,False,False,False,False,True,False,False,True
5911_03,0.3924050632911392,False,False,False,False,False,False,0.5968253968253968,False,False,False,False,True,False,False,False,False,False,True,False,False,True
5911_04,0.0759493670886076,False,False,False,False,False,False,0.508994708994709,False,False,False,True,False,False,False,False,False,False,False,True,False,True
5911_05,0.0379746835443038,False,False,False,False,False,False,0.508994708994709,False,False,False,False,True,False,False,False,False,False,False,True,False,True
5911_06,0.12658227848101267,False,False,False,False,False,False,0.508994708994709,False,False,True,True,False,False,False,False,False,False,False,True,False,True
5914_01,0.24050632911392406,False,False,False,False,False,False,0.5100529100529101,False,False,True,False,True,False,False,False,False,False,False,True,False,True
5917_01,0.24050632911392406,False,False,False,False,False,False,0.5105820105820106,False,False,True,True,False,False,False,False,False,False,False,True,False,True
5918_01,0.5822784810126582,False,False,False,False,False,False,0.5068783068783069,False,False,True,False,True,False,False,False,False,False,False,True,False,False
5926_01,0.31645569620253167,False,False,False,False,False,False,0.5084656084656085,False,False,True,False,True,False,False,False,False,False,False,True,False,False
5929_01,0.34177215189873417,False,False,False,False,False,False,0.5978835978835979,False,False,False,False,True,False,False,False,False,False,True,False,False,True
5932_01,0.2911392405063291,False,False,False,False,False,False,0.6486772486772487,False,False,False,False,False,False,False,False,False,False,True,False,False,False
5935_01,0.25316455696202533,False,False,False,False,False,False,0.6492063492063492,False,False,False,False,True,False,False,False,False,False,True,False,False,False
5936_01,0.3037974683544304,False,False,False,False,False,False,0.09735449735449736,True,False,True,False,True,False,False,True,False,False,False,False,False,False
5936_02,0.6329113924050633,False,False,False,False,False,False,0.09735449735449736,True,False,True,False,False,False,False,True,False,False,False,False,False,False
5936_03,0.5569620253164557,False,False,False,False,False,False,0.09735449735449736,True,False,False,False,True,False,False,True,False,False,False,False,False,False
5936_04,0.35443037974683544,False,False,False,False,False,False,0.09735449735449736,True,False,False,False,True,False,False,True,False,False,False,False,False,False
5936_05,0.31645569620253167,True,True,True,True,True,False,0.09735449735449736,True,False,False,False,True,True,False,True,False,False,False,False,False,False
5937_01,0.17721518987341772,False,False,False,False,False,False,0.5111111111111112,False,False,True,False,False,False,False,False,False,False,False,True,False,True
5940_01,0.26582278481012656,False,False,False,False,False,False,0.5121693121693122,False,False,False,True,False,False,False,False,False,False,False,True,False,True
5942_01,0.20253164556962025,False,False,False,False,False,False,0.10687830687830689,True,False,True,False,True,False,True,False,False,False,False,False,False,False
5942_02,0.31645569620253167,False,False,False,False,False,False,0.10687830687830689,True,False,True,False,False,False,True,False,False,False,False,False,False,False
5943_01,0.5189873417721519,False,False,False,False,False,False,0.09470899470899471,False,True,False,False,True,False,False,False,True,False,False,False,False,True
5948_01,0.25316455696202533,False,False,False,False,False,False,0.20582010582010585,False,True,False,False,True,False,False,False,False,True,False,False,False,True
5958_01,0.3037974683544304,False,False,False,False,False,False,0.6010582010582011,False,False,False,True,False,False,False,False,False,False,True,False,False,True
5961_01,0.3924050632911392,False,False,False,False,False,False,0.10793650793650794,True,False,True,False,False,False,True,False,False,False,False,False,False,False
5961_02,0.2911392405063291,False,False,False,False,False,False,0.10793650793650794,True,False,True,False,False,False,True,False,False,False,False,False,False,False
5962_01,0.6835443037974683,False,False,False,False,False,False,0.5095238095238096,False,False,False,False,True,False,False,False,False,False,False,True,False,False
5964_01,0.3291139240506329,False,False,False,False,False,False,0.12063492063492064,True,False,True,False,False,False,True,False,False,False,False,False,False,True
5964_02,0.620253164556962,True,True,True,True,True,False,0.12063492063492064,True,False,True,False,True,True,True,False,False,False,False,False,False,True
5966_01,0.0,False,False,False,False,False,False,0.5137566137566137,False,False,False,False,False,False,False,False,False,False,False,True,False,True
5966_02,0.21518987341772153,False,False,False,False,False,False,0.5137566137566137,False,False,True,False,False,False,False,False,False,False,False,True,False,True
5978_01,0.27848101265822783,False,False,False,False,False,False,0.6513227513227514,False,False,False,False,True,False,False,False,False,False,True,False,False,False
5978_02,0.13924050632911392,False,False,False,False,False,False,0.5111111111111112,False,False,False,False,True,False,False,False,False,False,False,True,False,False
5979_01,0.35443037974683544,False,False,False,False,False,False,0.20793650793650795,False,True,True,False,False,False,False,False,False,True,False,False,False,True
5982_01,0.21518987341772153,False,False,False,False,False,False,0.6518518518518519,False,False,False,False,True,False,False,False,False,False,True,False,False,False
5996_01,0.5949367088607594,False,False,False,False,False,False,0.5164021164021164,False,False,True,False,True,False,False,False,False,False,False,True,False,True
5997_01,0.3670886075949367,False,False,False,False,False,False,0.09682539682539683,False,True,False,False,False,False,False,False,True,False,False,False,False,True
5997_02,0.5822784810126582,False,False,False,False,False,False,0.6042328042328042,False,True,True,False,True,False,False,False,False,False,True,False,False,True
6002_01,0.8354430379746836,False,False,False,False,False,False,0.20211640211640214,False,True,True,False,True,False,False,False,False,True,False,False,False,False
6005_01,0.0,False,False,False,False,False,False,0.5174603174603175,False,False,False,False,True,False,False,False,False,False,False,True,False,True
6005_02,0.06329113924050633,False,False,False,False,False,False,0.5174603174603175,False,False,False,False,True,False,False,False,False,False,False,True,False,True
6005_03,0.012658227848101266,False,False,False,False,False,False,0.5174603174603175,False,False,False,False,True,False,False,False,False,False,False,True,False,True
6005_04,0.5316455696202531,False,False,False,False,False,False,0.5174603174603175,False,False,False,False,True,False,False,False,False,False,False,True,False,True
6005_05,0.06329113924050633,False,False,False,False,False,False,0.5174603174603175,False,False,True,False,True,False,False,False,False,False,False,True,False,True
6009_01,0.3291139240506329,False,False,False,False,False,False,0.10846560846560847,True,False,False,False,True,False,True,False,False,False,False,False,False,False
6009_02,0.5189873417721519,False,False,False,False,False,False,0.10846560846560847,True,False,False,False,True,False,True,False,False,False,False,False,False,False
6012_01,0.37974683544303794,False,False,False,False,False,False,0.6560846560846562,False,True,False,False,True,False,False,False,False,False,True,False,False,False
6013_01,0.3291139240506329,False,False,False,False,False,False,0.5142857142857143,False,False,True,False,True,False,False,False,False,False,False,True,False,False
6018_01,0.20253164556962025,False,False,False,False,False,False,0.6566137566137566,False,False,False,False,True,False,False,False,False,False,True,False,False,False
6021_01,0.27848101265822783,False,False,False,False,False,False,0.5185185185185186,False,False,True,False,True,False,False,False,False,False,False,True,False,True
6023_01,0.25316455696202533,False,False,False,False,False,False,0.6582010582010582,False,False,False,False,False,False,False,False,False,False,True,False,False,False
6037_01,0.5569620253164557,False,False,False,False,False,False,0.516931216931217,False,False,True,True,False,False,False,False,False,False,False,True,False,False
6044_01,0.45569620253164556,False,False,False,False,False,False,0.6613756613756614,False,False,False,False,True,False,False,False,False,False,True,False,False,False
6044_02,0.0759493670886076,False,False,False,False,False,False,0.517989417989418,False,False,False,True,False,False,False,False,False,False,False,True,False,False
6046_01,0.16455696202531644,False,False,False,False,False,False,0.607936507936508,False,False,False,True,False,False,False,False,False,False,True,False,False,True
6050_01,0.27848101265822783,False,False,False,False,False,False,0.661904761904762,False,True,True,False,True,False,False,False,False,False,True,False,False,False
6051_01,0.8734177215189873,False,False,False,False,False,False,0.6084656084656085,False,True,False,False,True,False,False,False,False,False,True,False,False,True
6051_02,0.5063291139240507,False,False,False,False,False,False,0.09735449735449736,False,True,False,False,True,False,False,False,True,False,False,False,False,True
6053_01,0.5822784810126582,False,False,False,False,False,False,0.5190476190476191,False,False,False,True,False,False,False,False,False,False,False,True,False,False
6056_01,0.43037974683544306,False,False,False,False,False,False,0.6095238095238096,False,True,False,False,True,False,False,False,False,False,True,False,False,True
6057_01,0.49367088607594933,False,False,False,False,False,False,0.6624338624338625,False,False,False,False,True,False,False,False,False,False,True,False,False,False
6060_01,0.46835443037974683,False,False,False,False,False,False,0.23386243386243388,False,True,False,False,True,False,False,False,False,False,True,False,False,True
6063_01,0.16455696202531644,False,False,False,False,False,False,0.5201058201058202,False,False,True,False,False,False,False,False,False,False,False,True,False,False
6072_01,0.25316455696202533,False,False,False,False,False,False,0.6111111111111112,False,False,False,False,False,False,False,False,False,False,True,False,False,True
6074_01,0.35443037974683544,False,False,False,False,False,False,0.09894179894179894,False,True,False,False,True,False,False,False,True,False,False,False,False,True
6074_02,0.6835443037974683,False,False,False,False,False,False,0.21111111111111114,False,True,True,False,True,False,False,False,False,True,False,False,False,True
6074_03,0.11392405063291139,False,False,False,False,False,False,0.6121693121693123,False,True,False,False,True,False,False,False,False,False,True,False,False,True
6078_01,0.7721518987341772,False,False,False,False,False,False,0.6640211640211641,False,False,False,False,True,False,False,False,False,False,True,False,False,False
6079_01,0.22784810126582278,False,False,False,False,False,False,0.5216931216931218,False,False,True,False,True,False,False,False,False,False,False,True,False,False
6081_01,0.3291139240506329,False,False,False,False,False,False,0.6645502645502646,False,False,True,False,True,False,False,False,False,False,True,False,False,False
6081_02,0.3037974683544304,False,False,False,False,False,False,0.6645502645502646,False,True,False,False,True,False,False,False,False,False,True,False,False,False
6081_03,0.3037974683544304,False,False,False,False,False,False,0.6645502645502646,False,True,True,False,True,False,False,False,False,False,True,False,False,False
6081_04,0.0,False,False,False,False,False,False,0.6645502645502646,False,True,False,False,True,False,False,False,False,False,True,False,False,False
6083_01,0.37974683544303794,False,False,False,False,False,False,0.6126984126984127,False,False,False,False,False,False,False,False,False,False,True,False,False,True
6084_01,0.3291139240506329,False,False,False,False,False,False,0.6132275132275132,False,False,False,True,False,False,False,False,False,False,True,False,False,True
6088_01,0.3291139240506329,False,False,False,False,False,False,0.6656084656084656,False,False,False,False,True,False,False,False,False,False,True,False,False,False
6089_01,0.3291139240506329,False,False,False,False,False,False,0.5238095238095238,False,False,True,False,True,False,False,False,False,False,False,True,False,True
6093_01,0.0379746835443038,False,False,False,False,False,False,0.5232804232804233,False,False,True,False,True,False,False,False,False,False,False,True,False,False
6097_01,0.37974683544303794,False,False,False,False,False,False,0.21164021164021166,False,False,False,False,True,False,False,False,False,True,False,False,False,True
6100_01,0.6455696202531646,False,False,False,False,False,False,0.6158730158730159,False,True,False,False,True,False,False,False,False,False,True,False,False,True
6104_01,0.45569620253164556,False,False,False,False,False,False,0.6677248677248677,False,True,True,False,True,False,False,False,False,False,True,False,False,False
6113_01,0.22784810126582278,False,False,False,False,False,False,0.21269841269841272,False,False,False,False,True,False,False,False,False,True,False,False,False,True
6114_01,0.34177215189873417,False,False,False,False,False,False,0.6693121693121693,False,False,False,False,True,False,False,False,False,False,True,False,False,False
6119_01,0.45569620253164556,False,False,False,False,False,False,0.617989417989418,False,True,True,False,True,False,False,False,False,False,True,False,False,True
6119_02,0.49367088607594933,False,False,False,False,False,False,0.21322751322751324,False,False,False,False,True,False,False,False,False,True,False,False,False,True
6119_03,0.21518987341772153,False,False,False,False,False,False,0.617989417989418,False,True,True,False,True,False,False,False,False,False,True,False,False,True
6125_01,0.3037974683544304,False,False,False,False,False,False,0.6714285714285715,False,False,False,False,True,False,False,False,False,False,True,False,False,False
6129_01,0.17721518987341772,False,False,False,False,False,False,0.2142857142857143,False,True,False,False,True,False,False,False,False,True,False,False,False,True
6131_01,0.31645569620253167,False,False,False,False,False,False,0.6724867724867726,False,True,False,True,False,False,False,False,False,False,True,False,False,False
6134_01,0.4430379746835443,False,False,False,False,False,False,0.6195767195767197,False,False,False,False,True,False,False,False,False,False,True,False,False,True
6140_01,0.21518987341772153,False,False,False,False,False,False,0.20740740740740743,False,True,False,False,True,False,False,False,False,True,False,False,False,False
6142_01,0.569620253164557,False,False,False,False,False,False,0.20793650793650795,True,False,False,False,False,False,False,False,False,True,False,False,False,False
6142_02,0.4430379746835443,False,False,False,False,False,False,0.20793650793650795,True,False,True,False,True,False,False,False,False,True,False,False,False,False
6144_01,0.24050632911392406,False,False,False,False,False,False,0.5253968253968254,False,False,True,False,True,False,False,False,False,False,False,True,False,False
6147_01,0.3291139240506329,False,False,False,False,False,False,0.5259259259259259,False,False,False,True,False,False,False,False,False,False,False,True,False,False
6151_01,0.4177215189873418,False,False,False,False,False,False,0.23386243386243388,True,False,False,False,True,False,False,False,False,False,True,False,False,True
6151_02,0.27848101265822783,False,False,False,False,False,False,0.10052910052910054,True,False,True,False,True,False,False,True,False,False,False,False,False,False
6154_01,0.4050632911392405,False,False,False,False,False,False,0.5264550264550265,False,False,True,False,False,False,False,False,False,False,False,True,False,False
6159_01,0.31645569620253167,False,False,False,False,False,False,0.6243386243386244,False,False,False,False,False,False,False,False,False,False,True,False,False,True
6160_01,0.3291139240506329,False,False,False,False,False,False,0.21587301587301588,False,False,False,False,True,False,False,False,False,True,False,False,False,True
6160_02,0.26582278481012656,False,False,False,False,False,False,0.5275132275132276,False,False,True,False,True,False,False,False,False,False,False,True,False,True
6161_01,0.620253164556962,False,False,False,False,False,False,0.526984126984127,False,False,True,False,False,False,False,False,False,False,False,True,False,False
6164_01,0.3291139240506329,False,False,False,False,False,False,0.5275132275132276,False,False,False,False,True,False,False,False,False,False,False,True,False,False
6165_01,0.25316455696202533,False,False,False,False,False,False,0.6735449735449736,False,False,False,False,False,False,False,False,False,False,True,False,False,False
6177_01,0.35443037974683544,False,False,False,False,False,False,0.1253968253968254,True,False,False,False,False,False,True,False,False,False,False,False,False,True
6183_01,0.4430379746835443,False,False,False,False,False,False,0.21746031746031746,False,False,False,False,True,False,False,False,False,True,False,False,False,True
6185_01,0.8354430379746836,False,False,False,False,False,False,0.208994708994709,True,False,False,False,False,False,False,False,False,True,False,False,False,False
6187_01,0.5949367088607594,False,False,False,False,False,False,0.6253968253968254,False,True,True,False,True,False,False,False,False,False,True,False,False,True
6188_01,0.31645569620253167,False,False,False,False,False,False,0.5306878306878308,False,False,True,False,True,False,False,False,False,False,False,True,False,False
6190_01,0.2911392405063291,False,False,False,False,False,False,0.6751322751322751,False,False,False,True,False,False,False,False,False,False,True,False,False,False
6193_01,0.24050632911392406,False,False,False,False,False,False,0.6264550264550265,False,True,True,False,True,False,False,False,False,False,True,False,False,True
6193_02,0.10126582278481013,False,False,False,False,False,False,0.6264550264550265,False,True,False,False,True,False,False,False,False,False,True,False,False,True
6193_03,0.5316455696202531,False,False,False,False,False,False,0.6264550264550265,False,True,False,False,True,False,False,False,False,False,True,False,False,True
6193_04,0.4177215189873418,False,False,False,False,False,False,0.6264550264550265,False,True,False,False,True,False,False,False,False,False,True,False,False,True
6195_01,0.3670886075949367,False,False,False,False,False,False,0.6275132275132276,False,False,False,False,True,False,False,False,False,False,True,False,False,True
6196_01,0.7974683544303798,False,False,False,False,False,False,0.11111111111111112,True,False,True,False,True,False,True,False,False,False,False,False,False,False
6197_01,0.3037974683544304,False,False,False,False,False,False,0.5317460317460317,False,False,True,True,False,False,False,False,False,False,False,True,False,False
6198_01,0.7848101265822784,False,False,False,False,False,False,0.6756613756613757,False,True,False,False,True,False,False,False,False,False,True,False,False,False
6202_01,0.3291139240506329,False,False,False,False,False,False,0.5312169312169313,False,False,False,False,False,False,False,False,False,False,False,True,False,True
6203_01,0.6582278481012658,False,False,False,False,False,False,0.12275132275132276,True,False,False,False,True,False,False,True,False,False,False,False,False,True
6204_01,0.2911392405063291,False,False,False,False,False,False,0.5317460317460317,False,False,False,False,True,False,False,False,False,False,False,True,False,True
6209_01,0.5949367088607594,False,False,False,False,False,False,0.038624338624338624,True,False,False,False,False,False,False,False,False,False,False,False,False,True
6209_02,0.6329113924050633,False,False,False,False,False,False,0.038624338624338624,True,False,True,False,False,False,False,False,False,False,False,False,False,True
6210_01,0.4050632911392405,False,False,False,False,False,False,0.12328042328042328,True,False,True,False,True,False,False,True,False,False,False,False,False,True
6212_01,0.4177215189873418,False,False,False,False,False,False,0.5322751322751323,False,False,True,False,True,False,False,False,False,False,False,True,False,False
6214_01,0.3291139240506329,False,False,False,False,False,False,0.6777777777777778,False,False,False,False,True,False,False,False,False,False,True,False,False,False
6217_01,0.25316455696202533,False,False,False,False,False,False,0.126984126984127,True,False,True,False,True,False,True,False,False,False,False,False,False,True
6217_02,0.35443037974683544,False,False,False,False,False,False,0.126984126984127,True,False,False,False,False,False,True,False,False,False,False,False,False,True
6221_01,0.4810126582278481,False,False,False,False,False,False,0.6291005291005292,False,True,True,False,True,False,False,False,False,False,True,False,False,True
6226_01,0.5316455696202531,False,False,False,False,False,False,0.67989417989418,False,False,False,False,True,False,False,False,False,False,True,False,False,False
6231_01,0.0,False,False,False,False,False,False,0.5333333333333333,False,False,True,False,True,False,False,False,False,False,False,True,False,True
6231_02,0.2911392405063291,False,False,False,False,False,False,0.5333333333333333,False,False,True,False,True,False,False,False,False,False,False,True,False,True
6231_03,0.49367088607594933,False,False,False,False,False,False,0.5333333333333333,False,False,False,False,True,False,False,False,False,False,False,True,False,True
6233_01,0.31645569620253167,False,False,False,False,False,False,0.6312169312169312,False,False,False,True,False,False,False,False,False,False,True,False,False,True
6233_02,0.21518987341772153,False,False,False,False,False,False,0.5338624338624339,False,False,False,False,False,False,False,False,False,False,False,True,False,True
6233_03,0.18987341772151897,False,False,False,False,False,False,0.5338624338624339,False,False,True,True,False,False,False,False,False,False,False,True,False,True
6235_01,0.3924050632911392,False,False,False,False,False,False,0.11164021164021165,True,False,True,False,True,False,True,False,False,False,False,False,False,False
6240_01,0.620253164556962,False,False,False,False,False,False,0.2195767195767196,False,False,True,False,True,False,False,False,False,True,False,False,False,True
6242_01,0.5189873417721519,False,False,False,False,False,False,0.12804232804232804,True,False,True,False,True,False,True,False,False,False,False,False,False,True
6244_01,0.46835443037974683,False,False,False,False,False,False,0.032275132275132276,True,False,False,False,True,False,False,False,False,False,False,False,False,False
6244_02,0.34177215189873417,False,False,False,False,False,False,0.032275132275132276,True,False,True,False,True,False,False,False,False,False,False,False,False,False
6247_01,0.16455696202531644,False,False,False,False,False,False,0.6814814814814816,False,True,False,False,True,False,False,False,False,False,True,False,False,False
6255_01,0.5316455696202531,False,False,False,False,False,False,0.11216931216931218,True,False,True,False,True,False,True,False,False,False,False,False,False,False
6257_01,0.26582278481012656,False,False,False,False,False,False,0.5343915343915344,False,False,True,False,True,False,False,False,False,False,False,True,False,False
6257_02,0.3670886075949367,False,False,False,False,False,False,0.6825396825396826,False,False,False,False,True,False,False,False,False,False,True,False,False,False
6257_03,0.0,False,False,False,False,False,False,0.5343915343915344,False,False,True,False,True,False,False,False,False,False,False,True,False,False
6258_01,0.24050632911392406,False,False,False,False,False,False,0.6830687830687832,False,False,False,True,False,False,False,False,False,False,True,False,False,False
6259_01,0.45569620253164556,False,False,False,False,False,False,0.21111111111111114,False,False,False,False,True,False,False,False,False,True,False,False,False,False
6260_01,0.3924050632911392,False,False,False,False,False,False,0.6835978835978836,False,True,False,True,False,False,False,False,False,False,True,False,False,False
6260_02,0.20253164556962025,False,False,False,False,False,False,0.10264550264550265,False,True,False,False,True,False,False,False,True,False,False,False,False,False
6261_01,0.5316455696202531,False,False,False,False,False,False,0.21164021164021166,False,True,True,False,True,False,False,False,False,True,False,False,False,False
6261_02,0.20253164556962025,False,False,False,False,False,False,0.21164021164021166,False,True,True,False,True,False,False,False,False,True,False,False,False,False
6267_01,0.2911392405063291,False,False,False,False,False,False,0.11322751322751323,True,False,False,False,True,False,True,False,False,False,False,False,False,False
6267_02,0.5316455696202531,False,False,False,False,False,False,0.11322751322751323,True,False,False,False,True,False,True,False,False,False,False,False,False,False
6267_03,0.43037974683544306,False,False,False,False,False,False,0.11322751322751323,True,False,True,False,True,False,True,False,False,False,False,False,False,False
6267_04,0.4810126582278481,False,False,False,False,False,False,0.11322751322751323,True,False,True,False,False,False,True,False,False,False,False,False,False,False
6267_05,0.26582278481012656,False,False,False,False,False,False,0.11322751322751323,True,False,True,False,False,False,True,False,False,False,False,False,False,False
6267_06,0.31645569620253167,False,False,False,False,False,False,0.11322751322751323,True,False,True,False,True,False,True,False,False,False,False,False,False,False
6269_01,0.37974683544303794,False,False,False,False,False,False,0.1291005291005291,True,False,False,False,False,False,True,False,False,False,False,False,False,True
6269_02,0.5063291139240507,False,False,False,False,False,False,0.1291005291005291,True,False,False,False,True,False,True,False,False,False,False,False,False,True
6269_03,0.3924050632911392,False,False,False,False,False,False,0.1291005291005291,True,False,True,False,False,False,True,False,False,False,False,False,False,True
6272_01,0.25316455696202533,False,False,False,False,False,False,0.6867724867724868,False,True,False,False,False,False,False,False,False,False,True,False,False,False
6272_02,0.46835443037974683,False,False,False,False,False,False,0.6867724867724868,False,True,True,False,True,False,False,False,False,False,True,False,False,False
6275_01,0.3291139240506329,False,False,False,False,False,False,0.6873015873015873,False,False,False,False,True,False,False,False,False,False,True,False,False,False
6278_01,0.27848101265822783,False,False,False,False,False,False,0.6370370370370371,False,True,True,False,False,False,False,False,False,False,True,False,False,True
6278_02,0.26582278481012656,False,False,False,False,False,False,0.6370370370370371,False,True,True,False,True,False,False,False,False,False,True,False,False,True
6284_01,0.4177215189873418,False,False,False,False,False,False,0.6878306878306879,False,True,True,False,True,False,False,False,False,False,True,False,False,False
6286_01,0.5063291139240507,False,False,False,False,False,False,0.5375661375661376,False,False,False,False,True,False,False,False,False,False,False,True,False,True
6286_02,0.13924050632911392,False,False,False,False,False,False,0.5375661375661376,False,False,False,False,True,False,False,False,False,False,False,True,False,True
6287_01,0.34177215189873417,False,False,False,False,False,False,0.5380952380952382,False,False,False,False,True,False,False,False,False,False,False,True,False,True
6287_02,0.27848101265822783,False,False,False,False,False,False,0.2201058201058201,False,False,False,False,True,False,False,False,False,True,False,False,False,True
6288_01,0.5063291139240507,False,False,False,False,False,False,0.13015873015873017,True,False,True,False,True,False,True,False,False,False,False,False,False,True
6288_02,0.7721518987341772,True,True,True,True,True,False,0.13015873015873017,True,False,False,False,True,True,True,False,False,False,False,False,False,True
6288_03,0.35443037974683544,False,False,False,False,False,False,0.13015873015873017,True,False,True,False,False,False,True,False,False,False,False,False,False,True
6288_04,0.3037974683544304,False,False,False,False,False,False,0.13015873015873017,True,False,False,False,True,False,True,False,False,False,False,False,False,True
6291_01,0.5443037974683544,False,False,False,False,False,False,0.5391534391534392,False,False,False,False,True,False,False,False,False,False,False,True,False,True
6294_01,0.27848101265822783,False,False,False,False,False,False,0.5402116402116403,False,False,True,False,True,False,False,False,False,False,False,True,False,True
6295_01,0.17721518987341772,False,False,False,False,False,False,0.10423280423280425,True,False,True,False,False,False,False,False,True,False,False,False,False,False
6295_02,0.7088607594936709,False,False,False,False,False,False,0.10423280423280425,True,False,False,False,True,False,False,False,True,False,False,False,False,False
6298_01,0.4430379746835443,False,False,False,False,False,False,0.6888888888888889,False,True,True,False,True,False,False,False,False,False,True,False,False,False
6303_01,0.7848101265822784,False,False,False,False,False,False,0.5375661375661376,False,False,False,False,True,False,False,False,False,False,False,True,False,False
6306_01,0.5569620253164557,False,False,False,False,False,False,0.5407407407407407,False,False,True,False,True,False,False,False,False,False,False,True,False,True
6307_01,0.4050632911392405,False,False,False,False,False,False,0.6910052910052911,False,False,False,False,False,False,False,False,False,False,True,False,False,False
6310_01,0.3291139240506329,False,False,False,False,False,False,0.22063492063492066,False,True,False,False,True,False,False,False,False,True,False,False,False,True
6311_01,0.27848101265822783,False,False,False,False,False,False,0.6386243386243386,False,False,False,False,True,False,False,False,False,False,True,False,False,True
6312_01,0.7088607594936709,False,False,False,False,False,False,0.23386243386243388,True,False,False,False,False,False,False,False,False,False,True,False,False,True
6312_02,0.3670886075949367,False,False,False,False,False,False,0.03333333333333333,True,False,False,False,True,False,False,False,False,False,False,False,False,False
6314_01,0.26582278481012656,False,False,False,False,False,False,0.5417989417989418,False,False,False,False,True,False,False,False,False,False,False,True,False,True
6329_01,0.43037974683544306,False,False,False,False,False,False,0.12486772486772488,True,False,False,False,True,False,False,True,False,False,False,False,False,True
6332_01,0.4430379746835443,False,False,False,False,False,False,0.5402116402116403,False,False,True,False,True,False,False,False,False,False,False,True,False,False
6332_02,0.22784810126582278,False,False,False,False,False,False,0.6931216931216931,False,False,False,False,True,False,False,False,False,False,True,False,False,False
6332_03,0.2911392405063291,False,False,False,False,False,False,0.5402116402116403,False,False,True,False,True,False,False,False,False,False,False,True,False,False
6332_04,0.22784810126582278,False,False,False,False,False,False,0.6931216931216931,False,False,False,False,False,False,False,False,False,False,True,False,False,False
6332_05,0.3037974683544304,False,False,False,False,False,False,0.6931216931216931,False,False,False,False,True,False,False,False,False,False,True,False,False,False
6332_06,0.24050632911392406,False,False,False,False,False,False,0.5402116402116403,False,False,True,True,False,False,False,False,False,False,False,True,False,False
6332_07,0.7848101265822784,False,False,False,False,False,False,0.5402116402116403,False,False,False,False,True,False,False,False,False,False,False,True,False,False
6332_08,0.6582278481012658,False,False,False,False,False,False,0.6931216931216931,False,False,False,False,True,False,False,False,False,False,True,False,False,False
6333_01,0.46835443037974683,False,False,False,False,False,False,0.6936507936507937,False,False,False,False,True,False,False,False,False,False,True,False,False,False
6336_01,0.26582278481012656,False,False,False,False,False,False,0.2232804232804233,False,False,False,False,True,False,False,False,False,True,False,False,False,True
6337_01,0.6075949367088608,False,False,False,False,False,False,0.5444444444444445,False,False,True,False,True,False,False,False,False,False,False,True,False,True
6342_01,0.5443037974683544,False,False,False,False,False,False,0.10476190476190476,False,True,False,False,True,False,False,False,True,False,False,False,False,False
6342_02,0.22784810126582278,False,False,False,False,False,False,0.21269841269841272,False,True,False,False,True,False,False,False,False,True,False,False,False,False
6345_01,0.4177215189873418,False,False,False,False,False,False,0.6407407407407408,False,True,True,False,True,False,False,False,False,False,True,False,False,True
6345_02,0.4177215189873418,False,False,False,False,False,False,0.6407407407407408,False,True,True,False,True,False,False,False,False,False,True,False,False,True
6350_01,0.3670886075949367,False,False,False,False,False,False,0.11375661375661376,True,False,False,False,True,False,True,False,False,False,False,False,False,False
6352_01,0.8354430379746836,False,False,False,False,False,False,0.10158730158730159,True,False,True,False,False,False,False,False,True,False,False,False,False,True
6352_02,0.5189873417721519,False,False,False,False,False,False,0.10158730158730159,True,False,False,False,True,False,False,False,True,False,False,False,False,True
6358_01,0.21518987341772153,False,False,False,False,False,False,0.21375661375661378,False,False,False,False,True,False,False,False,False,True,False,False,False,False
6358_02,0.10126582278481013,False,False,False,False,False,False,0.5417989417989418,False,False,False,False,False,False,False,False,False,False,False,True,False,False
6359_01,0.25316455696202533,False,False,False,False,False,False,0.6968253968253969,False,False,False,False,False,False,False,False,False,False,True,False,False,False
6362_01,0.31645569620253167,False,False,False,False,False,False,0.5423280423280423,False,False,False,False,False,False,False,False,False,False,False,True,False,False
6364_01,0.5949367088607594,False,False,False,False,False,False,0.5460317460317461,False,False,True,False,True,False,False,False,False,False,False,True,False,True
6375_01,0.5063291139240507,False,False,False,False,False,False,0.698941798941799,False,False,False,True,False,False,False,False,False,False,True,False,False,False
6377_01,0.3291139240506329,False,False,False,False,False,False,0.6444444444444445,False,True,True,False,True,False,False,False,False,False,True,False,False,True
6379_01,0.24050632911392406,False,False,False,False,False,False,0.644973544973545,False,False,False,False,True,False,False,False,False,False,True,False,False,True
6382_01,0.4430379746835443,False,False,False,False,False,False,0.6455026455026456,False,False,False,True,False,False,False,False,False,False,True,False,False,True
6383_01,0.0,False,False,False,False,False,False,0.5476190476190477,False,False,True,False,True,False,False,False,False,False,False,True,False,True
6383_02,0.1518987341772152,False,False,False,False,False,False,0.5476190476190477,False,False,False,False,False,False,False,False,False,False,False,True,False,True
6383_03,0.46835443037974683,False,False,False,False,False,False,0.5476190476190477,False,False,False,True,False,False,False,False,False,False,False,True,False,True
6384_01,0.4810126582278481,False,False,False,False,False,False,0.22486772486772488,False,False,False,False,True,False,False,False,False,True,False,False,False,True
6386_01,0.43037974683544306,False,False,False,False,False,False,0.7005291005291006,False,False,False,False,False,False,False,False,False,False,True,False,False,False
6387_01,0.37974683544303794,False,False,False,False,False,False,0.7010582010582012,False,False,False,False,True,False,False,False,False,False,True,False,False,False
6389_01,0.27848101265822783,False,False,False,False,False,False,0.6460317460317461,False,True,False,False,False,False,False,False,False,False,True,False,False,True
6391_01,0.2911392405063291,False,False,False,False,False,False,0.23386243386243388,False,True,True,False,True,False,False,False,False,False,True,False,False,True
6391_02,0.7468354430379747,False,False,False,False,False,False,0.7015873015873016,False,True,True,False,True,False,False,False,False,False,True,False,False,False
6392_01,0.24050632911392406,False,False,False,False,False,False,0.6465608465608466,False,True,True,False,True,False,False,False,False,False,True,False,False,True
6393_01,0.20253164556962025,False,False,False,False,False,False,0.21481481481481482,False,True,True,False,True,False,False,False,False,True,False,False,False,False
6395_01,0.27848101265822783,False,False,False,False,False,False,0.2253968253968254,False,False,False,False,True,False,False,False,False,True,False,False,False,True
6401_01,0.37974683544303794,False,False,False,False,False,False,0.10370370370370371,True,False,False,False,True,False,False,True,False,False,False,False,False,False
6401_02,0.3291139240506329,False,False,False,False,False,False,0.10370370370370371,True,False,False,False,False,False,False,True,False,False,False,False,False,False
6403_01,0.22784810126582278,False,False,False,False,False,False,0.7021164021164021,False,False,False,False,True,False,False,False,False,False,True,False,False,False
6410_01,0.3670886075949367,False,False,False,False,False,False,0.10634920634920636,True,False,False,False,True,False,False,False,True,False,False,False,False,False
6410_02,0.4050632911392405,False,False,False,False,False,False,0.10634920634920636,True,False,False,False,True,False,False,False,True,False,False,False,False,False
6417_01,0.4177215189873418,False,False,False,False,False,False,0.6486772486772487,False,True,True,False,True,False,False,False,False,False,True,False,False,True
6420_01,0.25316455696202533,False,False,False,False,False,False,0.5481481481481482,False,False,False,False,True,False,False,False,False,False,False,True,False,False
6423_01,0.6962025316455696,False,False,False,False,False,False,0.12645502645502646,True,False,False,False,False,False,False,True,False,False,False,False,False,True
6425_01,0.5189873417721519,False,False,False,False,False,False,0.7047619047619048,False,True,False,False,True,False,False,False,False,False,True,False,False,False
6425_02,0.27848101265822783,False,False,False,False,False,False,0.21640211640211643,False,True,True,False,True,False,False,False,False,True,False,False,False,False
6426_01,0.7721518987341772,False,False,False,False,False,False,0.226984126984127,False,True,False,False,True,False,False,False,False,True,False,False,False,True
6427_01,0.25316455696202533,False,False,False,False,False,False,0.7052910052910053,False,True,True,False,True,False,False,False,False,False,True,False,False,False
6429_01,0.7215189873417721,False,False,False,False,False,False,0.5513227513227513,False,False,False,False,True,False,False,False,False,False,False,True,False,True
6435_01,0.21518987341772153,False,False,False,False,False,False,0.6492063492063492,False,False,False,False,True,False,False,False,False,False,True,False,False,True
6438_01,0.7594936708860759,False,False,False,False,False,False,0.1052910052910053,True,False,False,False,True,False,False,True,False,False,False,False,False,False
6440_01,0.25316455696202533,False,False,False,False,False,False,0.5502645502645503,False,False,True,True,False,False,False,False,False,False,False,True,False,False
6441_01,0.25316455696202533,False,False,False,False,False,False,0.7063492063492064,False,False,False,False,False,False,False,False,False,False,True,False,False,False
6445_01,0.5063291139240507,False,False,False,False,False,False,0.5513227513227513,False,False,False,False,True,False,False,False,False,False,False,True,False,False
6460_01,0.35443037974683544,False,False,False,False,False,False,0.10317460317460318,True,False,False,False,True,False,False,False,True,False,False,False,False,True
6465_01,0.21518987341772153,False,False,False,False,False,False,0.5544973544973545,False,False,False,True,False,False,False,False,False,False,False,True,False,True
6466_01,0.22784810126582278,False,False,False,False,False,False,0.6534391534391535,False,False,False,False,True,False,False,False,False,False,True,False,False,True
6467_01,0.5822784810126582,False,False,False,False,False,False,0.126984126984127,True,False,False,False,False,False,False,True,False,False,False,False,False,True
6469_01,0.3670886075949367,False,False,False,False,False,False,0.5550264550264551,False,False,True,True,False,False,False,False,False,False,False,True,False,True
6474_01,0.31645569620253167,False,False,False,False,False,False,0.5560846560846561,False,False,False,False,True,False,False,False,False,False,False,True,False,True
6476_01,0.7468354430379747,False,False,False,False,False,False,0.5544973544973545,False,False,False,False,True,False,False,False,False,False,False,True,False,False
6479_01,0.21518987341772153,False,False,False,False,False,False,0.041269841269841276,True,False,True,False,False,False,False,False,False,False,False,False,False,True
6479_02,0.8227848101265822,False,False,False,False,False,False,0.041269841269841276,True,False,False,False,True,False,False,False,False,False,False,False,False,True
6483_01,0.4050632911392405,False,False,False,False,False,False,0.7095238095238096,False,True,True,False,True,False,False,False,False,False,True,False,False,False
6484_01,0.4430379746835443,False,False,False,False,False,False,0.71005291005291,False,False,False,False,True,False,False,False,False,False,True,False,False,False
6486_01,0.22784810126582278,False,False,False,False,False,False,0.22962962962962966,True,False,True,False,True,False,False,False,False,True,False,False,False,True
6491_01,0.2911392405063291,False,False,False,False,False,False,0.6555555555555556,False,False,False,False,False,False,False,False,False,False,True,False,False,True
6491_02,0.34177215189873417,False,False,False,False,False,False,0.5576719576719578,False,False,False,False,True,False,False,False,False,False,False,True,False,True
6491_03,0.0,False,False,False,False,False,False,0.5576719576719578,False,False,True,False,True,False,False,False,False,False,False,True,False,True
6495_01,0.3291139240506329,False,False,False,False,False,False,0.5587301587301587,False,False,False,False,True,False,False,False,False,False,False,True,False,True
6496_01,0.4810126582278481,False,False,False,False,False,False,0.5560846560846561,False,False,True,False,True,False,False,False,False,False,False,True,False,False
6496_02,0.4430379746835443,False,False,False,False,False,False,0.7116402116402117,False,False,False,False,True,False,False,False,False,False,True,False,False,False
6497_01,0.4050632911392405,False,False,False,False,False,False,0.23015873015873017,False,False,False,False,True,False,False,False,False,True,False,False,False,True
6498_01,0.11392405063291139,False,False,False,False,False,False,0.5592592592592593,False,False,False,True,False,False,False,False,False,False,False,True,False,True
6499_01,0.13924050632911392,False,False,False,False,False,False,0.5566137566137567,False,False,False,False,True,False,False,False,False,False,False,True,False,False
6499_02,0.16455696202531644,False,False,False,False,False,False,0.7121693121693122,False,False,False,False,True,False,False,False,False,False,True,False,False,False
6499_03,0.02531645569620253,False,False,False,False,False,False,0.5566137566137567,False,False,False,False,True,False,False,False,False,False,False,True,False,False
6499_04,0.1518987341772152,False,False,False,False,False,False,0.5566137566137567,False,False,False,True,False,False,False,False,False,False,False,True,False,False
6499_05,0.34177215189873417,False,False,False,False,False,False,0.7121693121693122,False,False,False,False,True,False,False,False,False,False,True,False,False,False
6499_06,0.17721518987341772,False,False,False,False,False,False,0.5566137566137567,False,False,True,True,False,False,False,False,False,False,False,True,False,False
6499_07,0.46835443037974683,False,False,False,False,False,False,0.5566137566137567,False,False,True,False,True,False,False,False,False,False,False,True,False,False
6499_08,0.0759493670886076,False,False,False,False,False,False,0.5566137566137567,False,False,True,True,False,False,False,False,False,False,False,True,False,False
6504_01,0.45569620253164556,False,False,False,False,False,False,0.10687830687830689,True,False,True,False,False,False,False,True,False,False,False,False,False,False
6504_02,0.34177215189873417,False,False,False,False,False,False,0.10687830687830689,True,False,False,False,True,False,False,True,False,False,False,False,False,False
6505_01,0.25316455696202533,False,False,False,False,False,False,0.23386243386243388,False,False,False,False,True,False,False,False,False,False,True,False,False,True
6506_01,0.3037974683544304,False,False,False,False,False,False,0.6566137566137566,False,False,False,True,False,False,False,False,False,False,True,False,False,True
6506_02,0.26582278481012656,False,False,False,False,False,False,0.5603174603174603,False,False,False,False,False,False,False,False,False,False,False,True,False,True
6507_01,0.6329113924050633,False,False,False,False,False,False,0.5576719576719578,False,False,True,False,False,False,False,False,False,False,False,True,False,False
6515_01,0.22784810126582278,False,False,False,False,False,False,0.7137566137566138,False,False,False,False,True,False,False,False,False,False,True,False,False,False
6516_01,0.43037974683544306,False,False,False,False,False,False,0.12751322751322752,True,False,True,False,True,False,False,True,False,False,False,False,False,True
6516_02,0.27848101265822783,False,False,False,False,False,False,0.12751322751322752,True,False,True,False,False,False,False,True,False,False,False,False,False,True
6518_01,0.7974683544303798,False,False,False,False,False,False,0.23386243386243388,False,True,True,False,True,False,False,False,False,False,True,False,False,True
6519_01,0.49367088607594933,True,True,True,True,True,False,0.7148148148148149,False,True,False,False,True,True,False,False,False,False,True,False,False,False
6521_01,0.3291139240506329,False,False,False,False,False,False,0.108994708994709,False,True,False,False,True,False,False,False,True,False,False,False,False,False
6524_01,0.34177215189873417,False,False,False,False,False,False,0.6597883597883598,False,True,False,False,False,False,False,False,False,False,True,False,False,True
6527_01,0.21518987341772153,False,False,False,False,False,False,0.23386243386243388,False,False,True,True,False,False,False,False,False,False,True,False,False,True
6528_01,0.49367088607594933,False,False,False,False,False,False,0.5592592592592593,False,False,True,True,False,False,False,False,False,False,False,True,False,False
6532_01,0.3291139240506329,False,False,False,False,False,False,0.7153439153439154,False,False,False,False,False,False,False,False,False,False,True,False,False,False
6533_01,0.37974683544303794,False,False,False,False,False,False,0.5597883597883598,False,False,True,False,True,False,False,False,False,False,False,True,False,False
6533_02,0.3291139240506329,False,False,False,False,False,False,0.7158730158730159,False,False,False,False,True,False,False,False,False,False,True,False,False,False
6534_01,0.43037974683544306,False,False,False,False,False,False,0.10423280423280425,False,True,False,False,False,False,False,False,True,False,False,False,False,True
6536_01,0.3037974683544304,False,False,False,False,False,False,0.7164021164021165,False,False,False,False,True,False,False,False,False,False,True,False,False,False
6537_01,0.26582278481012656,False,False,False,False,False,False,0.716931216931217,False,False,False,False,True,False,False,False,False,False,True,False,False,False
6538_01,0.31645569620253167,False,False,False,False,False,False,0.10740740740740741,True,False,False,False,True,False,False,True,False,False,False,False,False,False
6542_01,0.810126582278481,False,False,False,False,False,False,0.6608465608465609,False,False,False,False,False,False,False,False,False,False,True,False,False,True
6543_01,0.5063291139240507,False,False,False,False,False,False,0.7179894179894181,False,False,False,False,True,False,False,False,False,False,True,False,False,False
6550_01,0.3291139240506329,False,False,False,False,False,False,0.13333333333333333,False,False,False,False,False,False,True,False,False,False,False,False,False,True
6551_01,0.2911392405063291,False,False,False,False,False,False,0.719047619047619,False,False,False,True,False,False,False,False,False,False,True,False,False,False
6554_01,0.5822784810126582,False,False,False,False,False,False,0.2201058201058201,False,True,True,False,True,False,False,False,False,True,False,False,False,False
6555_01,0.27848101265822783,False,False,False,False,False,False,0.7201058201058201,False,False,False,False,False,False,False,False,False,False,True,False,False,False
6559_01,0.0,False,False,False,False,False,False,0.5640211640211641,False,False,False,False,True,False,False,False,False,False,False,True,False,True
6559_02,0.10126582278481013,False,False,False,False,False,False,0.5640211640211641,False,False,False,False,True,False,False,False,False,False,False,True,False,True
6559_03,0.4430379746835443,False,False,False,False,False,False,0.6624338624338625,False,False,False,False,True,False,False,False,False,False,True,False,False,True
6564_01,0.27848101265822783,False,False,False,False,False,False,0.10793650793650794,True,False,False,False,True,False,False,True,False,False,False,False,False,False
6564_02,0.3670886075949367,False,False,False,False,False,False,0.10793650793650794,True,False,True,False,True,False,False,True,False,False,False,False,False,False
6566_01,0.31645569620253167,False,False,False,False,False,False,0.5619047619047619,False,False,False,False,True,False,False,False,False,False,False,True,False,False
6571_01,0.3037974683544304,False,False,False,False,False,False,0.7232804232804233,False,False,False,False,True,False,False,False,False,False,True,False,False,False
6575_01,0.3291139240506329,False,False,False,False,False,False,0.1291005291005291,True,False,True,False,False,False,False,True,False,False,False,False,False,True
6576_01,0.25316455696202533,False,False,False,False,False,False,0.7238095238095239,False,True,True,False,True,False,False,False,False,False,True,False,False,False
6577_01,0.5063291139240507,False,False,False,False,False,False,0.6656084656084656,False,False,False,False,True,False,False,False,False,False,True,False,False,True
6577_02,0.35443037974683544,False,False,False,False,False,False,0.6656084656084656,False,False,False,True,False,False,False,False,False,False,True,False,False,True
6577_03,0.27848101265822783,False,False,False,False,False,False,0.5656084656084657,False,False,True,False,True,False,False,False,False,False,False,True,False,True
6579_01,0.2911392405063291,False,False,False,False,False,False,0.5634920634920635,False,False,True,True,False,False,False,False,False,False,False,True,False,False
6581_01,0.3291139240506329,False,False,False,False,False,False,0.7243386243386244,False,False,False,False,True,False,False,False,False,False,True,False,False,False
6584_01,0.24050632911392406,False,False,False,False,False,False,0.5661375661375662,False,False,False,False,True,False,False,False,False,False,False,True,False,True
6586_01,0.4430379746835443,False,False,False,False,False,False,0.22116402116402117,False,True,False,False,True,False,False,False,False,True,False,False,False,False
6587_01,0.5189873417721519,False,False,False,False,False,False,0.5671957671957673,False,False,True,False,False,False,False,False,False,False,False,True,False,True
6589_01,0.46835443037974683,False,False,False,False,False,False,0.22169312169312172,True,False,True,False,True,False,False,False,False,True,False,False,False,False
6596_01,0.5569620253164557,False,False,False,False,False,False,0.10952380952380954,False,True,False,False,True,False,False,False,True,False,False,False,False,False
6596_02,0.43037974683544306,False,False,False,False,False,False,0.7253968253968255,False,True,False,False,True,False,False,False,False,False,True,False,False,False
6597_01,0.49367088607594933,False,False,False,False,False,False,0.5687830687830688,False,False,False,False,True,False,False,False,False,False,False,True,False,True
6600_01,0.34177215189873417,False,False,False,False,False,False,0.6687830687830688,False,True,False,False,True,False,False,False,False,False,True,False,False,True
6600_02,0.4050632911392405,False,False,False,False,False,False,0.2322751322751323,False,True,False,False,True,False,False,False,False,True,False,False,False,True
6605_01,0.16455696202531644,False,False,False,False,False,False,0.5693121693121693,False,False,True,False,False,False,False,False,False,False,False,True,False,True
6605_02,0.12658227848101267,False,False,False,False,False,False,0.5693121693121693,False,False,False,False,False,False,False,False,False,False,False,True,False,True
6607_01,0.35443037974683544,False,False,False,False,False,False,0.7264550264550265,False,True,False,False,True,False,False,False,False,False,True,False,False,False
6610_01,0.31645569620253167,False,False,False,False,False,False,0.5650793650793651,False,False,True,False,True,False,False,False,False,False,False,True,False,False
6612_01,0.3291139240506329,False,False,False,False,False,False,0.5698412698412699,False,False,False,False,True,False,False,False,False,False,False,True,False,True
6612_02,0.34177215189873417,False,False,False,False,False,False,0.5698412698412699,False,False,False,False,True,False,False,False,False,False,False,True,False,True
6612_03,0.3670886075949367,False,False,False,False,False,False,0.23386243386243388,False,False,False,False,True,False,False,False,False,False,True,False,False,True
6612_04,0.0759493670886076,False,False,False,False,False,False,0.5698412698412699,False,False,False,False,False,False,False,False,False,False,False,True,False,True
6612_05,0.02531645569620253,False,False,False,False,False,False,0.23386243386243388,False,False,False,False,True,False,False,False,False,False,True,False,False,True
6612_06,0.0759493670886076,False,False,False,False,False,False,0.5698412698412699,False,False,True,True,False,False,False,False,False,False,False,True,False,True
6615_01,0.3037974683544304,False,False,False,False,False,False,0.728042328042328,False,True,True,False,True,False,False,False,False,False,True,False,False,False
6617_01,0.3924050632911392,False,False,False,False,False,False,0.23386243386243388,True,False,True,False,True,False,False,False,False,False,True,False,False,True
6617_02,0.4430379746835443,False,False,False,False,False,False,0.108994708994709,True,False,True,False,False,False,False,True,False,False,False,False,False,False
6617_03,0.16455696202531644,False,False,False,False,False,False,0.108994708994709,True,False,True,False,False,False,False,True,False,False,False,False,False,False
6619_01,0.810126582278481,False,False,False,False,False,False,0.10952380952380954,True,False,False,False,True,False,False,True,False,False,False,False,False,False
6627_01,0.22784810126582278,False,False,False,False,False,False,0.7301587301587302,False,False,False,False,True,False,False,False,False,False,True,False,False,False
6629_01,0.4050632911392405,False,False,False,False,False,False,0.6714285714285715,False,False,False,False,True,False,False,False,False,False,True,False,False,True
6632_01,0.26582278481012656,False,False,False,False,False,False,0.7312169312169313,False,False,False,False,True,False,False,False,False,False,True,False,False,False
6636_01,0.16455696202531644,False,False,False,False,False,False,0.5714285714285715,False,False,True,False,True,False,False,False,False,False,False,True,False,True
6640_01,0.5443037974683544,False,False,False,False,False,False,0.11640211640211641,True,False,True,False,False,False,True,False,False,False,False,False,False,False
6644_01,0.49367088607594933,False,False,False,False,False,False,0.5724867724867725,False,False,False,False,True,False,False,False,False,False,False,True,False,True
6648_01,0.3291139240506329,False,False,False,False,False,False,0.5693121693121693,False,False,True,True,False,False,False,False,False,False,False,True,False,False
6651_01,0.26582278481012656,False,False,False,False,False,False,0.6746031746031746,False,False,False,True,False,False,False,False,False,False,True,False,False,True
6653_01,0.22784810126582278,False,False,False,False,False,False,0.6751322751322751,False,False,False,False,True,False,False,False,False,False,True,False,False,True
6657_01,0.34177215189873417,False,False,False,False,False,False,0.5703703703703704,False,False,True,False,True,False,False,False,False,False,False,True,False,False
6658_01,0.3291139240506329,False,False,False,False,False,False,0.6756613756613757,False,True,False,False,True,False,False,False,False,False,True,False,False,True
6658_02,0.34177215189873417,False,False,False,False,False,False,0.6756613756613757,False,True,False,False,True,False,False,False,False,False,True,False,False,True
6658_03,0.3670886075949367,False,False,False,False,False,False,0.6756613756613757,False,True,False,False,True,False,False,False,False,False,True,False,False,True
6661_01,0.25316455696202533,False,False,False,False,False,False,0.1052910052910053,False,True,False,False,True,False,False,False,True,False,False,False,False,True
6666_01,0.3291139240506329,False,False,False,False,False,False,0.7333333333333334,False,False,False,True,False,False,False,False,False,False,True,False,False,False
6677_01,0.3291139240506329,False,False,False,False,False,False,0.5714285714285715,False,False,True,True,False,False,False,False,False,False,False,True,False,False
6678_01,0.43037974683544306,False,False,False,False,False,False,0.10634920634920636,False,True,False,False,False,False,False,False,True,False,False,False,False,True
6678_02,0.18987341772151897,False,False,False,False,False,False,0.10634920634920636,False,True,True,False,True,False,False,False,True,False,False,False,False,True
6679_01,0.3037974683544304,False,False,False,False,False,False,0.571957671957672,False,False,False,False,False,False,False,False,False,False,False,True,False,False
6682_01,0.3291139240506329,False,False,False,False,False,False,0.734920634920635,False,True,True,False,True,False,False,False,False,False,True,False,False,False
6682_02,0.17721518987341772,False,False,False,False,False,False,0.11058201058201059,False,True,False,False,True,False,False,False,True,False,False,False,False,False
6685_01,0.3037974683544304,False,False,False,False,False,False,0.23333333333333334,False,False,False,False,False,False,False,False,False,True,False,False,False,True
6686_01,0.3924050632911392,False,False,False,False,False,False,0.11164021164021165,True,False,False,False,True,False,False,True,False,False,False,False,False,False
6687_01,0.26582278481012656,False,False,False,False,False,False,0.10687830687830689,False,True,False,False,True,False,False,False,True,False,False,False,False,True
6688_01,0.35443037974683544,False,False,False,False,False,False,0.11798941798941799,True,False,True,False,True,False,True,False,False,False,False,False,False,False
6689_01,0.24050632911392406,False,False,False,False,False,False,0.6777777777777778,False,True,False,False,True,False,False,False,False,False,True,False,False,True
6689_02,0.6329113924050633,False,False,False,False,False,False,0.6777777777777778,False,True,False,False,True,False,False,False,False,False,True,False,False,True
6690_01,0.18987341772151897,False,False,False,False,False,False,0.5767195767195767,False,False,True,False,True,False,False,False,False,False,False,True,False,True
6695_01,0.43037974683544306,False,False,False,False,False,False,0.7359788359788361,False,False,False,False,False,False,False,False,False,False,True,False,False,False
6696_01,0.4430379746835443,False,False,False,False,False,False,0.23386243386243388,False,False,False,False,True,False,False,False,False,False,True,False,False,True
6700_01,0.43037974683544306,False,False,False,False,False,False,0.5746031746031747,False,False,True,False,True,False,False,False,False,False,False,True,False,False
6700_02,0.45569620253164556,False,False,False,False,False,False,0.5746031746031747,False,False,False,False,True,False,False,False,False,False,False,True,False,False
6701_01,0.34177215189873417,False,False,False,False,False,False,0.13597883597883598,True,False,True,False,True,False,True,False,False,False,False,False,False,True
6703_01,0.37974683544303794,False,False,False,False,False,False,0.7375661375661376,False,True,False,False,True,False,False,False,False,False,True,False,False,False
6704_01,0.43037974683544306,False,False,False,False,False,False,0.23386243386243388,False,True,False,False,True,False,False,False,False,True,False,False,False,True
6705_01,0.569620253164557,False,False,False,False,False,False,0.6783068783068783,False,False,False,False,True,False,False,False,False,False,True,False,False,True
6710_01,0.26582278481012656,False,False,False,False,False,False,0.5783068783068783,False,False,True,False,True,False,False,False,False,False,False,True,False,True
6712_01,0.7088607594936709,False,False,False,False,False,False,0.2343915343915344,False,False,False,False,True,False,False,False,False,True,False,False,False,True
6714_01,0.26582278481012656,False,False,False,False,False,False,0.5788359788359789,False,False,False,False,True,False,False,False,False,False,False,True,False,True
6715_01,0.35443037974683544,False,False,False,False,False,False,0.22751322751322753,False,False,False,False,True,False,False,False,False,True,False,False,False,False
6716_01,0.4810126582278481,False,False,False,False,False,False,0.23492063492063495,False,False,False,False,True,False,False,False,False,True,False,False,False,True
6717_01,0.43037974683544306,False,False,False,False,False,False,0.11904761904761905,True,False,True,False,False,False,True,False,False,False,False,False,False,False
6723_01,0.4177215189873418,False,False,False,False,False,False,0.11216931216931218,True,False,False,False,True,False,False,True,False,False,False,False,False,False
6728_01,0.43037974683544306,False,False,False,False,False,False,0.11164021164021165,True,False,True,False,False,False,False,False,True,False,False,False,False,False
6732_01,0.24050632911392406,False,False,False,False,False,False,0.7396825396825397,False,False,False,False,True,False,False,False,False,False,True,False,False,False
6733_01,0.24050632911392406,False,False,False,False,False,False,0.6788359788359789,False,False,False,False,True,False,False,False,False,False,True,False,False,True
6735_01,0.21518987341772153,False,False,False,False,False,False,0.6793650793650794,False,False,False,False,True,False,False,False,False,False,True,False,False,True
6737_01,0.25316455696202533,False,False,False,False,False,False,0.5772486772486772,False,False,False,False,True,False,False,False,False,False,False,True,False,False
6738_01,0.27848101265822783,False,False,False,False,False,False,0.10793650793650794,False,True,False,False,False,False,False,False,True,False,False,False,False,True
6738_02,0.4430379746835443,False,False,False,False,False,False,0.10793650793650794,False,True,True,False,True,False,False,False,True,False,False,False,False,True
6740_01,0.6329113924050633,False,False,False,False,False,False,0.67989417989418,False,True,False,False,True,False,False,False,False,False,True,False,False,True
6743_01,0.24050632911392406,False,False,False,False,False,False,0.6814814814814816,False,True,True,False,True,False,False,False,False,False,True,False,False,True
6752_01,0.2911392405063291,False,False,False,False,False,False,0.23650793650793653,False,False,False,False,True,False,False,False,False,True,False,False,False,True
6752_02,0.4810126582278481,False,False,False,False,False,False,0.5814814814814815,False,False,False,False,False,False,False,False,False,False,False,True,False,True
6752_03,0.25316455696202533,False,False,False,False,False,False,0.6830687830687832,False,False,False,False,True,False,False,False,False,False,True,False,False,True
6755_01,0.3924050632911392,False,False,False,False,False,False,0.7412698412698413,False,False,False,False,True,False,False,False,False,False,True,False,False,False
6759_01,0.35443037974683544,False,False,False,False,False,False,0.5798941798941799,False,False,True,True,False,False,False,False,False,False,False,True,False,False
6767_01,0.45569620253164556,False,False,False,False,False,False,0.6857142857142857,False,True,False,False,True,False,False,False,False,False,True,False,False,True
6767_02,0.34177215189873417,False,False,False,False,False,False,0.6857142857142857,False,True,False,False,True,False,False,False,False,False,True,False,False,True
6768_01,0.8354430379746836,False,False,False,False,False,False,0.5820105820105821,False,False,False,False,True,False,False,False,False,False,False,True,False,True
6769_01,0.17721518987341772,False,False,False,False,False,False,0.6862433862433863,False,True,True,False,True,False,False,False,False,False,True,False,False,True
6770_01,0.3670886075949367,False,False,False,False,False,False,0.12010582010582012,True,False,True,False,False,False,True,False,False,False,False,False,False,False
6770_02,0.43037974683544306,False,False,False,False,False,False,0.12010582010582012,True,False,True,False,False,False,True,False,False,False,False,False,False,False
6770_03,0.16455696202531644,False,False,False,False,False,False,0.12010582010582012,True,False,True,False,False,False,True,False,False,False,False,False,False,False
6771_01,0.5949367088607594,False,False,False,False,False,False,0.6867724867724868,False,False,False,False,True,False,False,False,False,False,True,False,False,True
6772_01,0.3291139240506329,False,False,False,False,False,False,0.5814814814814815,False,False,True,False,True,False,False,False,False,False,False,True,False,False
6772_02,0.6329113924050633,False,False,False,False,False,False,0.743915343915344,False,False,False,False,True,False,False,False,False,False,True,False,False,False
6777_01,0.4810126582278481,False,False,False,False,False,False,0.1142857142857143,True,False,True,False,False,False,False,True,False,False,False,False,False,False
6781_01,0.7468354430379747,False,False,False,False,False,False,0.04391534391534392,False,False,True,False,False,False,False,False,False,False,False,False,False,True
6783_01,0.5443037974683544,False,False,False,False,False,False,0.5825396825396826,False,False,True,False,True,False,False,False,False,False,False,True,False,False
6785_01,0.37974683544303794,False,False,False,False,False,False,0.5830687830687831,False,False,True,False,True,False,False,False,False,False,False,True,False,False
6790_01,0.4177215189873418,False,False,False,False,False,False,0.5835978835978837,False,False,False,True,False,False,False,False,False,False,False,True,False,True
6791_01,0.4177215189873418,False,False,False,False,False,False,0.23386243386243388,False,False,False,False,False,False,False,False,False,False,True,False,False,True
6793_01,0.5316455696202531,False,False,False,False,False,False,0.12063492063492064,True,False,False,False,True,False,True,False,False,False,False,False,False,False
6793_02,0.21518987341772153,False,False,False,False,False,False,0.12063492063492064,True,False,True,False,True,False,True,False,False,False,False,False,False,False
6795_01,0.22784810126582278,True,True,True,True,True,False,0.2291005291005291,False,True,False,False,True,True,False,False,False,True,False,False,False,False
6797_01,0.43037974683544306,False,False,False,False,False,False,0.7476190476190476,False,False,False,False,True,False,False,False,False,False,True,False,False,False
6803_01,0.5822784810126582,False,False,False,False,False,False,0.6883597883597884,False,False,False,False,True,False,False,False,False,False,True,False,False,True
6804_01,0.4430379746835443,False,False,False,False,False,False,0.6888888888888889,False,False,False,False,True,False,False,False,False,False,True,False,False,True
6807_01,0.5063291139240507,False,False,False,False,False,False,0.7486772486772487,False,False,False,False,False,False,False,False,False,False,True,False,False,False
6807_02,0.3291139240506329,False,False,False,False,False,False,0.5851851851851853,False,False,True,False,True,False,False,False,False,False,False,True,False,False
6809_01,0.5443037974683544,False,False,False,False,False,False,0.22962962962962966,False,False,False,False,True,False,False,False,False,True,False,False,False,False
6811_01,0.5189873417721519,False,False,False,False,False,False,0.5857142857142857,False,False,True,True,False,False,False,False,False,False,False,True,False,False
6812_01,0.3924050632911392,False,False,False,False,False,False,0.5846560846560847,False,False,False,False,True,False,False,False,False,False,False,True,False,True
6812_02,0.2911392405063291,False,False,False,False,False,False,0.5846560846560847,False,False,False,False,True,False,False,False,False,False,False,True,False,True
6815_01,0.31645569620253167,False,False,False,False,False,False,0.6894179894179895,False,False,False,False,True,False,False,False,False,False,True,False,False,True
6819_01,0.46835443037974683,False,False,False,False,False,False,0.5851851851851853,False,False,False,False,True,False,False,False,False,False,False,True,False,True
6819_02,0.17721518987341772,False,False,False,False,False,False,0.5851851851851853,False,False,True,True,False,False,False,False,False,False,False,True,False,True
6819_03,0.0379746835443038,False,False,False,False,False,False,0.5851851851851853,False,False,True,False,True,False,False,False,False,False,False,True,False,True
6823_01,0.22784810126582278,False,False,False,False,False,False,0.5857142857142857,False,False,True,True,False,False,False,False,False,False,False,True,False,True
6828_01,0.4430379746835443,False,False,False,False,False,False,0.5873015873015873,False,False,True,False,True,False,False,False,False,False,False,True,False,True
6830_01,0.24050632911392406,False,False,False,False,False,False,0.5873015873015873,False,False,True,True,False,False,False,False,False,False,False,True,False,False
6835_01,0.49367088607594933,False,False,False,False,False,False,0.2396825396825397,False,True,True,True,False,False,False,False,False,True,False,False,False,True
6835_02,0.6075949367088608,False,False,False,False,False,False,0.2396825396825397,False,True,False,False,True,False,False,False,False,True,False,False,False,True
6836_01,0.34177215189873417,False,False,False,False,False,False,0.5883597883597884,False,False,False,False,True,False,False,False,False,False,False,True,False,True
6838_01,0.0379746835443038,False,False,False,False,False,False,0.11481481481481483,True,False,True,False,True,False,False,True,False,False,False,False,False,False
6838_02,0.35443037974683544,False,False,False,False,False,False,0.11481481481481483,True,False,False,False,True,False,False,True,False,False,False,False,False,False
6838_03,0.43037974683544306,False,False,False,False,False,False,0.11481481481481483,True,False,False,False,False,False,False,True,False,False,False,False,False,False
6842_01,0.3924050632911392,False,False,False,False,False,False,0.752910052910053,False,True,False,False,True,False,False,False,False,False,True,False,False,False
6845_01,0.7594936708860759,False,False,False,False,False,False,0.03650793650793651,True,False,True,False,False,False,False,False,False,False,False,False,False,False
6846_01,0.569620253164557,False,False,False,False,False,False,0.5883597883597884,False,False,False,False,True,False,False,False,False,False,False,True,False,False
6847_01,0.6075949367088608,False,False,False,False,False,False,0.03703703703703704,True,False,False,False,False,False,False,False,False,False,False,False,False,False
6849_01,0.26582278481012656,False,False,False,False,False,False,0.10952380952380954,True,False,False,False,True,False,False,False,True,False,False,False,False,True
6852_01,0.3037974683544304,False,False,False,False,False,False,0.6920634920634922,False,False,False,True,False,False,False,False,False,False,True,False,False,True
6852_02,0.20253164556962025,False,False,False,False,False,False,0.6920634920634922,False,False,False,False,True,False,False,False,False,False,True,False,False,True
6855_01,0.24050632911392406,False,False,False,False,False,False,0.7539682539682541,False,False,False,False,True,False,False,False,False,False,True,False,False,False
6856_01,0.3291139240506329,False,False,False,False,False,False,0.6925925925925926,False,True,False,False,False,False,False,False,False,False,True,False,False,True
6860_01,0.27848101265822783,False,False,False,False,False,False,0.7544973544973546,False,False,False,False,True,False,False,False,False,False,True,False,False,False
6867_01,0.4177215189873418,False,False,False,False,False,False,0.6941798941798942,False,False,False,False,True,False,False,False,False,False,True,False,False,True
6870_01,0.5569620253164557,True,True,True,True,True,False,0.11058201058201059,False,True,False,False,True,True,False,False,True,False,False,False,False,True
6872_01,0.34177215189873417,False,False,False,False,False,False,0.5894179894179895,False,False,True,False,True,False,False,False,False,False,False,True,False,False
6874_01,0.2911392405063291,False,False,False,False,False,False,0.5910052910052911,False,False,True,True,False,False,False,False,False,False,False,True,False,True
6875_01,0.5443037974683544,False,False,False,False,False,False,0.1216931216931217,True,False,False,False,False,False,True,False,False,False,False,False,False,False
6875_02,0.17721518987341772,False,False,False,False,False,False,0.1216931216931217,True,False,False,False,True,False,True,False,False,False,False,False,False,False
6875_03,0.5189873417721519,False,False,False,False,False,False,0.1216931216931217,True,False,False,False,False,False,True,False,False,False,False,False,False,False
6876_01,0.25316455696202533,False,False,False,False,False,False,0.6947089947089947,False,False,False,False,True,False,False,False,False,False,True,False,False,True
6876_02,0.0,False,False,False,False,False,False,0.5915343915343916,False,False,False,False,True,False,False,False,False,False,False,True,False,True
6876_03,0.02531645569620253,False,False,False,False,False,False,0.5915343915343916,False,False,True,False,True,False,False,False,False,False,False,True,False,True
6877_01,0.27848101265822783,False,False,False,False,False,False,0.7560846560846561,False,False,False,False,False,False,False,False,False,False,True,False,False,False
6878_01,0.3670886075949367,False,False,False,False,False,False,0.6952380952380953,False,True,True,False,True,False,False,False,False,False,True,False,False,True
6881_01,0.4430379746835443,False,False,False,False,False,False,0.11111111111111112,False,True,False,False,False,False,False,False,True,False,False,False,False,True
6884_01,0.25316455696202533,False,False,False,False,False,False,0.58994708994709,False,False,True,False,True,False,False,False,False,False,False,True,False,False
6886_01,0.20253164556962025,False,False,False,False,False,False,0.5931216931216932,False,False,True,True,False,False,False,False,False,False,False,True,False,True
6888_01,0.4810126582278481,False,False,False,False,False,False,0.11587301587301588,True,False,False,False,True,False,False,True,False,False,False,False,False,False
6888_02,0.4430379746835443,False,False,False,False,False,False,0.11587301587301588,True,False,True,False,True,False,False,True,False,False,False,False,False,False
6888_03,0.24050632911392406,False,False,False,False,False,False,0.11587301587301588,True,False,False,False,True,False,False,True,False,False,False,False,False,False
6888_04,0.31645569620253167,True,True,True,True,True,False,0.11587301587301588,True,False,False,True,False,True,False,True,False,False,False,False,False,False
6890_01,0.4050632911392405,False,False,False,False,False,False,0.24232804232804234,False,False,False,False,True,False,False,False,False,True,False,False,False,True
6897_01,0.3037974683544304,False,False,False,False,False,False,0.2322751322751323,False,False,False,False,True,False,False,False,False,True,False,False,False,False
6904_01,0.25316455696202533,False,False,False,False,False,False,0.5904761904761905,False,False,True,False,True,False,False,False,False,False,False,True,False,False
6904_02,0.34177215189873417,False,False,False,False,False,False,0.5904761904761905,False,False,True,False,True,False,False,False,False,False,False,True,False,False
6904_03,0.22784810126582278,False,False,False,False,False,False,0.5904761904761905,False,False,False,False,True,False,False,False,False,False,False,True,False,False
6909_01,0.3924050632911392,False,False,False,False,False,False,0.12222222222222223,True,False,True,False,True,False,True,False,False,False,False,False,False,False
6914_01,0.5949367088607594,False,False,False,False,False,False,0.5952380952380952,False,False,True,False,True,False,False,False,False,False,False,True,False,True
6916_01,0.7341772151898734,False,False,False,False,False,False,0.12275132275132276,True,False,True,False,True,False,True,False,False,False,False,False,False,False
6919_01,0.46835443037974683,False,False,False,False,False,False,0.23386243386243388,False,False,True,True,False,False,False,False,False,False,True,False,False,True
6922_01,0.4430379746835443,False,False,False,False,False,False,0.5920634920634921,False,False,True,True,False,False,False,False,False,False,False,True,False,False
6923_01,0.4810126582278481,False,False,False,False,False,False,0.7587301587301588,False,True,True,False,True,False,False,False,False,False,True,False,False,False
6927_01,0.4050632911392405,False,False,False,False,False,False,0.5931216931216932,False,False,False,False,True,False,False,False,False,False,False,True,False,False
6933_01,0.4430379746835443,False,False,False,False,False,False,0.23386243386243388,True,False,True,False,False,False,False,False,False,True,False,False,False,False
6933_02,0.34177215189873417,False,False,False,False,False,False,0.23386243386243388,True,False,False,False,True,False,False,False,False,True,False,False,False,False
6935_01,0.7721518987341772,False,False,False,False,False,False,0.7603174603174604,False,False,False,False,True,False,False,False,False,False,True,False,False,False
6936_01,0.9113924050632911,False,False,False,False,False,False,0.11534391534391535,False,True,False,False,True,False,False,False,True,False,False,False,False,False
6936_02,0.37974683544303794,False,False,False,False,False,False,0.23492063492063495,False,True,False,False,True,False,False,False,False,True,False,False,False,False
6936_03,0.17721518987341772,False,False,False,False,False,False,0.7608465608465609,False,True,True,False,True,False,False,False,False,False,True,False,False,False
6938_01,0.35443037974683544,False,False,False,False,False,False,0.5941798941798943,False,False,True,False,True,False,False,False,False,False,False,True,False,False
6941_01,0.25316455696202533,False,False,False,False,False,False,0.5952380952380952,False,False,True,False,True,False,False,False,False,False,False,True,False,False
6942_01,0.5189873417721519,False,False,False,False,False,False,0.598941798941799,False,False,True,False,True,False,False,False,False,False,False,True,False,True
6948_01,0.3670886075949367,False,False,False,False,False,False,0.5994708994708995,False,False,True,False,True,False,False,False,False,False,False,True,False,True
6952_01,0.4050632911392405,False,False,False,False,False,False,0.11851851851851852,True,False,True,False,True,False,False,True,False,False,False,False,False,False
6953_01,0.4177215189873418,False,False,False,False,False,False,0.761904761904762,False,False,False,False,True,False,False,False,False,False,True,False,False,False
6955_01,0.34177215189873417,False,False,False,False,False,False,0.7624338624338625,False,False,False,False,True,False,False,False,False,False,True,False,False,False
6956_01,0.26582278481012656,False,False,False,False,False,False,0.7629629629629631,False,False,False,False,False,False,False,False,False,False,True,False,False,False
6958_01,0.26582278481012656,False,False,False,False,False,False,0.7634920634920636,False,False,False,False,True,False,False,False,False,False,True,False,False,False
6959_01,0.22784810126582278,False,False,False,False,False,False,0.7021164021164021,False,False,False,False,True,False,False,False,False,False,True,False,False,True
6959_02,0.0379746835443038,False,False,False,False,False,False,0.6000000000000001,False,False,True,False,False,False,False,False,False,False,False,True,False,True
6959_03,0.0,False,False,False,False,False,False,0.6000000000000001,False,False,True,True,False,False,False,False,False,False,False,True,False,True
6961_01,0.5189873417721519,False,False,False,False,False,False,0.04497354497354498,True,False,False,False,True,False,False,False,False,False,False,False,False,True
6961_02,0.7215189873417721,False,False,False,False,False,False,0.11164021164021165,False,False,False,False,True,False,False,False,True,False,False,False,False,True
6965_01,0.6329113924050633,False,False,False,False,False,False,0.7645502645502646,False,True,True,False,True,False,False,False,False,False,True,False,False,False
6969_01,0.6835443037974683,False,False,False,False,False,False,0.7661375661375662,False,True,False,False,True,False,False,False,False,False,True,False,False,False
6974_01,0.620253164556962,False,False,False,False,False,False,0.7031746031746032,False,False,False,False,True,False,False,False,False,False,True,False,False,True
6975_01,0.24050632911392406,False,False,False,False,False,False,0.7037037037037037,False,True,False,False,True,False,False,False,False,False,True,False,False,True
6983_01,0.6455696202531646,False,False,False,False,False,False,0.7666666666666667,False,True,True,False,True,False,False,False,False,False,True,False,False,False
6983_02,0.3291139240506329,False,False,False,False,False,False,0.23703703703703705,False,True,False,False,True,False,False,False,False,True,False,False,False,False
6986_01,0.06329113924050633,False,False,False,False,False,False,0.5973544973544974,False,False,True,False,False,False,False,False,False,False,False,True,False,False
6986_02,0.16455696202531644,False,False,False,False,False,False,0.7677248677248678,False,False,False,False,True,False,False,False,False,False,True,False,False,False
6986_03,0.0,False,False,False,False,False,False,0.5973544973544974,False,False,True,True,False,False,False,False,False,False,False,True,False,False
6986_04,0.10126582278481013,False,False,False,False,False,False,0.5973544973544974,False,False,False,False,False,False,False,False,False,False,False,True,False,False
6986_05,0.34177215189873417,False,False,False,False,False,False,0.5973544973544974,False,False,True,False,True,False,False,False,False,False,False,True,False,False
6986_06,0.16455696202531644,False,False,False,False,False,False,0.7677248677248678,False,False,False,True,False,False,False,False,False,False,True,False,False,False
6986_07,0.5949367088607594,False,False,False,False,False,False,0.7677248677248678,False,False,False,False,True,False,False,False,False,False,True,False,False,False
6986_08,0.0759493670886076,False,False,False,False,False,False,0.5973544973544974,False,False,True,False,True,False,False,False,False,False,False,True,False,False
6989_01,0.7468354430379747,False,False,False,False,False,False,0.6031746031746033,False,False,True,False,True,False,False,False,False,False,False,True,False,True
6993_01,0.25316455696202533,False,False,False,False,False,False,0.7052910052910053,False,False,False,False,False,False,False,False,False,False,True,False,False,True
7000_01,0.4430379746835443,False,False,False,False,False,False,0.7063492063492064,False,True,True,False,True,False,False,False,False,False,True,False,False,True
7003_01,0.27848101265822783,False,False,False,False,False,False,0.7068783068783069,False,False,False,False,True,False,False,False,False,False,True,False,False,True
7009_01,0.20253164556962025,False,False,False,False,False,False,0.11322751322751323,False,True,False,False,False,False,False,False,True,False,False,False,False,True
7009_02,0.22784810126582278,False,False,False,False,False,False,0.23386243386243388,False,True,False,False,True,False,False,False,False,False,True,False,False,True
7012_01,0.3291139240506329,False,False,False,False,False,False,0.7703703703703704,False,True,True,False,True,False,False,False,False,False,True,False,False,False
7023_01,0.24050632911392406,False,False,False,False,False,False,0.23386243386243388,False,False,False,False,True,False,False,False,False,False,True,False,False,True
7024_01,0.2911392405063291,False,False,False,False,False,False,0.24761904761904763,False,True,True,False,False,False,False,False,False,True,False,False,False,True
7030_01,0.26582278481012656,False,False,False,False,False,False,0.607936507936508,False,False,False,False,True,False,False,False,False,False,False,True,False,True
7033_01,0.4050632911392405,False,False,False,False,False,False,0.7724867724867726,False,False,False,False,True,False,False,False,False,False,True,False,False,False
7035_01,0.31645569620253167,False,False,False,False,False,False,0.71005291005291,False,False,True,True,False,False,False,False,False,False,True,False,False,True
7043_01,0.6329113924050633,False,False,False,False,False,False,0.6089947089947091,False,False,True,True,False,False,False,False,False,False,False,True,False,True
7046_01,0.34177215189873417,False,False,False,False,False,False,0.0015873015873015873,True,False,False,False,False,False,False,False,False,False,False,False,True,True
7046_02,0.5569620253164557,False,False,False,False,False,False,0.0015873015873015873,True,False,False,False,False,False,False,False,False,False,False,False,True,True
7046_03,0.5949367088607594,False,False,False,False,False,False,0.0015873015873015873,True,False,False,False,True,False,False,False,False,False,False,False,True,True
7054_01,0.7341772151898734,False,False,False,False,False,False,0.13650793650793652,True,False,False,False,True,False,False,True,False,False,False,False,False,True
7054_02,0.34177215189873417,False,False,False,False,False,False,0.13650793650793652,True,False,True,False,False,False,False,True,False,False,False,False,False,True
7055_01,0.6582278481012658,False,False,False,False,False,False,0.7116402116402117,False,True,True,False,True,False,False,False,False,False,True,False,False,True
7063_01,0.26582278481012656,False,False,False,False,False,False,0.7751322751322752,False,False,False,False,True,False,False,False,False,False,True,False,False,False
7063_02,0.31645569620253167,False,False,False,False,False,False,0.23915343915343917,False,False,False,False,True,False,False,False,False,True,False,False,False,False
7064_01,0.3924050632911392,False,False,False,False,False,False,0.2486772486772487,False,False,False,True,False,False,False,False,False,True,False,False,False,True
7065_01,0.35443037974683544,False,False,False,False,False,False,0.24920634920634924,False,False,True,False,True,False,False,False,False,True,False,False,False,True
7066_01,0.5316455696202531,False,False,False,False,False,False,0.7132275132275133,False,False,False,False,True,False,False,False,False,False,True,False,False,True
7066_02,0.620253164556962,False,False,False,False,False,False,0.6121693121693123,False,False,True,False,True,False,False,False,False,False,False,True,False,True
7067_01,0.0379746835443038,False,False,False,False,False,False,0.6126984126984127,False,False,False,False,True,False,False,False,False,False,False,True,False,True
7067_02,0.06329113924050633,False,False,False,False,False,False,0.6126984126984127,False,False,True,False,True,False,False,False,False,False,False,True,False,True
7067_03,0.3291139240506329,False,False,False,False,False,False,0.7137566137566138,False,False,False,False,True,False,False,False,False,False,True,False,False,True
7070_01,0.7215189873417721,False,False,False,False,False,False,0.039153439153439155,True,False,False,False,False,False,False,False,False,False,False,False,False,False
7075_01,0.3670886075949367,False,False,False,False,False,False,0.2396825396825397,False,True,False,False,True,False,False,False,False,True,False,False,False,False
7076_01,0.3670886075949367,False,False,False,False,False,False,0.6026455026455027,False,False,True,False,True,False,False,False,False,False,False,True,False,False
7081_01,0.26582278481012656,False,False,False,False,False,False,0.12380952380952381,True,False,False,False,True,False,True,False,False,False,False,False,False,False
7081_02,0.31645569620253167,False,False,False,False,False,False,0.12380952380952381,True,False,True,False,False,False,True,False,False,False,False,False,False,False
7100_01,0.3291139240506329,False,False,False,False,False,False,0.04021164021164021,True,False,False,False,False,False,False,False,False,False,False,False,False,False
7100_02,0.4177215189873418,True,True,True,True,True,False,0.04021164021164021,True,False,False,False,False,True,False,False,False,False,False,False,False,False
7101_01,0.5443037974683544,False,False,False,False,False,False,0.12433862433862435,True,False,False,False,False,False,True,False,False,False,False,False,False,False
7101_02,0.3291139240506329,False,False,False,False,False,False,0.12433862433862435,True,False,False,False,False,False,True,False,False,False,False,False,False,False
7102_01,0.16455696202531644,False,False,False,False,False,False,0.24074074074074076,True,False,True,False,True,False,False,False,False,True,False,False,False,False
7103_01,0.37974683544303794,False,False,False,False,False,False,0.24126984126984127,False,True,False,False,True,False,False,False,False,True,False,False,False,False
7103_02,0.10126582278481013,False,False,False,False,False,False,0.7788359788359789,False,True,True,False,False,False,False,False,False,False,True,False,False,False
7107_01,0.3291139240506329,False,False,False,False,False,False,0.6058201058201058,False,False,True,True,False,False,False,False,False,False,False,True,False,False
7108_01,0.2911392405063291,False,False,False,False,False,False,0.1380952380952381,True,False,False,False,True,False,False,True,False,False,False,False,False,True
7112_01,0.27848101265822783,False,False,False,False,False,False,0.7195767195767196,False,False,False,False,True,False,False,False,False,False,True,False,False,True
7115_01,0.45569620253164556,False,False,False,False,False,False,0.77989417989418,False,True,True,False,True,False,False,False,False,False,True,False,False,False
7122_01,0.4430379746835443,False,False,False,False,False,False,0.7216931216931217,False,False,False,False,True,False,False,False,False,False,True,False,False,True
7123_01,0.3291139240506329,False,False,False,False,False,False,0.23386243386243388,False,False,False,False,True,False,False,False,False,False,True,False,False,True
7124_01,0.18987341772151897,False,False,False,False,False,False,0.12116402116402117,True,False,True,False,True,False,False,True,False,False,False,False,False,False
7124_02,0.22784810126582278,False,False,False,False,False,False,0.12116402116402117,True,False,True,False,False,False,False,True,False,False,False,False,False,False
7124_03,0.5189873417721519,False,False,False,False,False,False,0.12116402116402117,True,False,False,False,True,False,False,True,False,False,False,False,False,False
7125_01,0.5189873417721519,False,False,False,False,False,False,0.23386243386243388,False,True,True,True,False,False,False,False,False,False,True,False,False,True
7129_01,0.27848101265822783,False,False,False,False,False,False,0.7232804232804233,False,False,False,False,True,False,False,False,False,False,True,False,False,True
7130_01,0.3291139240506329,False,False,False,False,False,False,0.6068783068783069,False,False,True,False,False,False,False,False,False,False,False,True,False,False
7130_02,0.0,False,False,False,False,False,False,0.6068783068783069,False,False,True,True,False,False,False,False,False,False,False,True,False,False
7130_03,0.20253164556962025,False,False,False,False,False,False,0.7814814814814816,False,False,False,False,True,False,False,False,False,False,True,False,False,False
7130_04,0.34177215189873417,False,False,False,False,False,False,0.24179894179894182,False,False,False,True,False,False,False,False,False,True,False,False,False,False
7130_05,0.16455696202531644,False,False,False,False,False,False,0.6068783068783069,False,False,False,False,False,False,False,False,False,False,False,True,False,False
7130_06,0.012658227848101266,False,False,False,False,False,False,0.6068783068783069,False,False,False,False,False,False,False,False,False,False,False,True,False,False
7130_07,0.4050632911392405,False,False,False,False,False,False,0.6068783068783069,False,False,False,False,True,False,False,False,False,False,False,True,False,False
7131_01,0.4430379746835443,False,False,False,False,False,False,0.782010582010582,False,False,False,False,True,False,False,False,False,False,True,False,False,False
7135_01,0.5063291139240507,False,False,False,False,False,False,0.616931216931217,False,False,True,False,True,False,False,False,False,False,False,True,False,True
7135_02,0.21518987341772153,False,False,False,False,False,False,0.7243386243386244,False,False,False,False,False,False,False,False,False,False,True,False,False,True
7135_03,0.620253164556962,False,False,False,False,False,False,0.7243386243386244,False,False,False,True,False,False,False,False,False,False,True,False,False,True
7135_04,0.26582278481012656,False,False,False,False,False,False,0.616931216931217,False,False,True,False,True,False,False,False,False,False,False,True,False,True
7136_01,0.11392405063291139,False,False,False,False,False,False,0.607936507936508,False,False,True,False,False,False,False,False,False,False,False,True,False,False
7138_01,0.34177215189873417,False,False,False,False,False,False,0.7248677248677249,False,True,False,False,True,False,False,False,False,False,True,False,False,True
7139_01,0.7468354430379747,False,False,False,False,False,False,0.1216931216931217,True,False,False,False,True,False,False,True,False,False,False,False,False,False
7141_01,0.31645569620253167,False,False,False,False,False,False,0.7830687830687831,False,False,False,True,False,False,False,False,False,False,True,False,False,False
7145_01,0.26582278481012656,False,False,False,False,False,False,0.7264550264550265,False,False,False,False,True,False,False,False,False,False,True,False,False,True
7146_01,0.18987341772151897,False,False,False,False,False,False,0.7835978835978836,False,False,False,False,True,False,False,False,False,False,True,False,False,False
7147_01,0.35443037974683544,False,False,False,False,False,False,0.13862433862433862,True,False,True,False,False,False,False,True,False,False,False,False,False,True
7150_01,0.5316455696202531,False,False,False,False,False,False,0.24232804232804234,False,False,False,False,True,False,False,False,False,True,False,False,False,False
7150_02,0.27848101265822783,False,False,False,False,False,False,0.6089947089947091,False,False,True,False,True,False,False,False,False,False,False,True,False,False
7153_01,0.26582278481012656,False,False,False,False,False,False,0.7269841269841271,False,False,False,False,True,False,False,False,False,False,True,False,False,True
7154_01,0.6075949367088608,False,False,False,False,False,False,0.7846560846560847,False,False,False,False,True,False,False,False,False,False,True,False,False,False
7158_01,0.3037974683544304,False,False,False,False,False,False,0.7851851851851852,False,False,False,False,True,False,False,False,False,False,True,False,False,False
7163_01,0.5949367088607594,False,False,False,False,False,False,0.12222222222222223,True,False,True,False,True,False,False,True,False,False,False,False,False,False
7163_02,0.16455696202531644,False,False,False,False,False,False,0.12222222222222223,True,False,True,False,False,False,False,True,False,False,False,False,False,False
7163_03,0.4050632911392405,False,False,False,False,False,False,0.12222222222222223,True,False,False,False,False,False,False,True,False,False,False,False,False,False
7164_01,0.3670886075949367,False,False,False,False,False,False,0.6100529100529101,False,False,False,True,False,False,False,False,False,False,False,True,False,False
7169_01,0.4430379746835443,False,False,False,False,False,False,0.6185185185185186,False,False,True,False,True,False,False,False,False,False,False,True,False,True
7172_01,0.3037974683544304,False,False,False,False,False,False,0.2523809523809524,False,True,False,False,True,False,False,False,False,True,False,False,False,True
7172_02,0.6582278481012658,False,False,False,False,False,False,0.2523809523809524,False,True,False,False,True,False,False,False,False,True,False,False,False,True
7174_01,0.26582278481012656,False,False,False,False,False,False,0.7296296296296296,False,False,False,False,True,False,False,False,False,False,True,False,False,True
7178_01,0.45569620253164556,False,False,False,False,False,False,0.7867724867724868,False,True,True,False,True,False,False,False,False,False,True,False,False,False
7183_01,0.24050632911392406,False,False,False,False,False,False,0.23386243386243388,False,False,True,False,True,False,False,False,False,False,True,False,False,True
7185_01,0.49367088607594933,False,False,False,False,False,False,0.11851851851851852,True,False,True,False,True,False,False,False,True,False,False,False,False,False
7195_01,0.7468354430379747,False,False,False,False,False,False,0.6206349206349207,False,False,True,False,True,False,False,False,False,False,False,True,False,True
7196_01,0.569620253164557,False,False,False,False,False,False,0.788888888888889,False,True,True,False,False,False,False,False,False,False,True,False,False,False
7198_01,0.31645569620253167,False,False,False,False,False,False,0.6132275132275132,False,False,True,True,False,False,False,False,False,False,False,True,False,False
7201_01,0.810126582278481,False,False,False,False,False,False,0.7322751322751323,False,True,False,False,True,False,False,False,False,False,True,False,False,True
7204_01,0.3037974683544304,False,False,False,False,False,False,0.7328042328042329,False,True,False,False,False,False,False,False,False,False,True,False,False,True
7209_01,0.45569620253164556,False,False,False,False,False,False,0.25343915343915346,True,False,False,False,True,False,False,False,False,True,False,False,False,True
7209_02,0.3291139240506329,False,False,False,False,False,False,0.25343915343915346,True,False,False,False,True,False,False,False,False,True,False,False,False,True
7211_01,0.3924050632911392,False,False,False,False,False,False,0.253968253968254,False,True,False,False,True,False,False,False,False,True,False,False,False,True
7212_01,0.22784810126582278,False,False,False,False,False,False,0.7343915343915345,False,False,False,False,True,False,False,False,False,False,True,False,False,True
7213_01,0.26582278481012656,False,False,False,False,False,False,0.6148148148148148,False,False,True,True,False,False,False,False,False,False,False,True,False,False
7220_01,0.43037974683544306,False,False,False,False,False,False,0.1439153439153439,True,False,False,False,True,False,True,False,False,False,False,False,False,True
7222_01,0.4050632911392405,False,False,False,False,False,False,0.7915343915343915,False,False,False,False,True,False,False,False,False,False,True,False,False,False
7223_01,0.24050632911392406,False,False,False,False,False,False,0.7354497354497355,False,True,True,False,True,False,False,False,False,False,True,False,False,True
7228_01,0.22784810126582278,False,False,False,False,False,False,0.6222222222222222,False,False,True,False,True,False,False,False,False,False,False,True,False,True
7231_01,0.49367088607594933,False,False,False,False,False,False,0.7925925925925926,False,False,False,False,True,False,False,False,False,False,True,False,False,False
7237_01,0.3291139240506329,False,False,False,False,False,False,0.6238095238095238,False,False,False,False,False,False,False,False,False,False,False,True,False,True
7239_01,0.24050632911392406,False,False,False,False,False,False,0.6158730158730159,False,False,True,False,True,False,False,False,False,False,False,True,False,False
7241_01,0.20253164556962025,False,False,False,False,False,False,0.04656084656084657,True,False,True,False,True,False,False,False,False,False,False,False,False,True
7241_02,0.3037974683544304,False,False,False,False,False,False,0.04656084656084657,True,False,False,False,True,False,False,False,False,False,False,False,False,True
7243_01,0.02531645569620253,False,False,False,False,False,False,0.6243386243386244,False,False,True,False,True,False,False,False,False,False,False,True,False,True
7243_02,0.12658227848101267,False,False,False,False,False,False,0.6243386243386244,False,False,True,False,True,False,False,False,False,False,False,True,False,True
7243_03,0.02531645569620253,False,False,False,False,False,False,0.6243386243386244,False,False,True,False,True,False,False,False,False,False,False,True,False,True
7243_04,0.26582278481012656,False,False,False,False,False,False,0.737037037037037,False,False,False,False,False,False,False,False,False,False,True,False,False,True
7243_05,0.06329113924050633,False,False,False,False,False,False,0.6243386243386244,False,False,True,True,False,False,False,False,False,False,False,True,False,True
7244_01,0.3670886075949367,False,False,False,False,False,False,0.6248677248677249,False,False,True,True,False,False,False,False,False,False,False,True,False,True
7245_01,0.5189873417721519,False,False,False,False,False,False,0.7375661375661376,False,True,False,False,True,False,False,False,False,False,True,False,False,True
7248_01,0.4050632911392405,False,False,False,False,False,False,0.7936507936507937,False,True,False,False,False,False,False,False,False,False,True,False,False,False
7248_02,0.2911392405063291,False,False,False,False,False,False,0.7936507936507937,False,True,True,False,True,False,False,False,False,False,True,False,False,False
7251_01,0.2911392405063291,False,False,False,False,False,False,0.6164021164021164,False,False,True,True,False,False,False,False,False,False,False,True,False,False
7254_01,0.5063291139240507,False,False,False,False,False,False,0.2555555555555556,False,False,False,False,True,False,False,False,False,True,False,False,False,True
7262_01,0.569620253164557,False,False,False,False,False,False,0.7957671957671958,False,True,False,False,True,False,False,False,False,False,True,False,False,False
7263_01,0.37974683544303794,False,False,False,False,False,False,0.7402116402116402,False,False,False,False,True,False,False,False,False,False,True,False,False,True
7264_01,0.7088607594936709,False,False,False,False,False,False,0.7407407407407408,False,False,False,False,True,False,False,False,False,False,True,False,False,True
7265_01,0.16455696202531644,False,False,False,False,False,False,0.23386243386243388,False,False,False,False,True,False,False,False,False,False,True,False,False,True
7266_01,0.24050632911392406,False,False,False,False,False,False,0.6253968253968254,False,False,False,False,True,False,False,False,False,False,False,True,False,True
7266_02,0.5822784810126582,False,False,False,False,False,False,0.6253968253968254,False,False,True,False,True,False,False,False,False,False,False,True,False,True
7266_03,0.0,False,False,False,False,False,False,0.6253968253968254,False,False,False,False,True,False,False,False,False,False,False,True,False,True
7269_01,0.7594936708860759,False,False,False,False,False,False,0.7962962962962964,False,False,False,True,False,False,False,False,False,False,True,False,False,False
7269_02,0.49367088607594933,False,False,False,False,False,False,0.6185185185185186,False,False,True,False,True,False,False,False,False,False,False,True,False,False
7272_01,0.25316455696202533,False,False,False,False,False,False,0.6201058201058202,False,False,True,True,False,False,False,False,False,False,False,True,False,False
7275_01,0.810126582278481,False,False,False,False,False,False,0.7417989417989419,False,False,False,True,False,False,False,False,False,False,True,False,False,True
7281_01,0.43037974683544306,False,False,False,False,False,False,0.14074074074074075,True,False,False,False,True,False,False,True,False,False,False,False,False,True
7282_01,0.37974683544303794,False,False,False,False,False,False,0.6206349206349207,False,False,True,True,False,False,False,False,False,False,False,True,False,False
7286_01,0.7848101265822784,False,False,False,False,False,False,0.11957671957671959,False,True,False,False,True,False,False,False,True,False,False,False,False,False
7287_01,0.3670886075949367,False,False,False,False,False,False,0.14497354497354498,True,False,True,False,True,False,True,False,False,False,False,False,False,True
7288_01,0.4177215189873418,False,False,False,False,False,False,0.7423280423280424,False,False,False,False,True,False,False,False,False,False,True,False,False,True
7291_01,0.3924050632911392,False,False,False,False,False,False,0.6275132275132276,False,False,True,False,True,False,False,False,False,False,False,True,False,True
7293_01,0.6455696202531646,False,False,False,False,False,False,0.24814814814814817,False,False,False,False,True,False,False,False,False,True,False,False,False,False
7294_01,0.2911392405063291,False,False,False,False,False,False,0.6280423280423281,False,False,False,False,True,False,False,False,False,False,False,True,False,True
7295_01,0.22784810126582278,False,False,False,False,False,False,0.2486772486772487,False,False,False,False,True,False,False,False,False,True,False,False,False,False
7295_02,0.5949367088607594,False,False,False,False,False,False,0.2486772486772487,False,False,False,False,True,False,False,False,False,True,False,False,False,False
7299_01,0.7341772151898734,False,False,False,False,False,False,0.7428571428571429,False,False,False,False,True,False,False,False,False,False,True,False,False,True
7308_01,0.5822784810126582,False,False,False,False,False,False,0.14126984126984127,True,False,True,False,True,False,False,True,False,False,False,False,False,True
7312_01,0.5569620253164557,False,False,False,False,False,False,0.1216931216931217,False,True,False,False,True,False,False,False,True,False,False,False,False,False
7315_01,0.24050632911392406,False,False,False,False,False,False,0.6216931216931217,False,False,True,False,True,False,False,False,False,False,False,True,False,False
7316_01,0.5443037974683544,False,False,False,False,False,False,0.8015873015873016,False,False,False,True,False,False,False,False,False,False,True,False,False,False
7317_01,0.26582278481012656,False,False,False,False,False,False,0.743915343915344,False,False,False,False,True,False,False,False,False,False,True,False,False,True
7318_01,0.3670886075949367,False,False,False,False,False,False,0.7444444444444445,False,True,False,True,False,False,False,False,False,False,True,False,False,True
7319_01,0.16455696202531644,False,False,False,False,False,False,0.6222222222222222,False,False,False,True,False,False,False,False,False,False,False,True,False,False
7319_02,0.20253164556962025,False,False,False,False,False,False,0.6222222222222222,False,False,False,True,False,False,False,False,False,False,False,True,False,False
7319_03,0.31645569620253167,False,False,False,False,False,False,0.8021164021164021,False,False,False,False,True,False,False,False,False,False,True,False,False,False
7325_01,0.24050632911392406,False,False,False,False,False,False,0.24973544973544975,False,False,False,False,True,False,False,False,False,True,False,False,False,False
7329_01,0.3670886075949367,False,False,False,False,False,False,0.2502645502645503,True,False,False,False,True,False,False,False,False,True,False,False,False,False
7329_02,0.4430379746835443,True,True,True,True,True,False,0.2502645502645503,True,False,False,False,True,True,False,False,False,True,False,False,False,False
7329_03,0.7088607594936709,False,False,False,False,False,False,0.2502645502645503,True,False,False,False,False,False,False,False,False,True,False,False,False,False
7333_01,0.25316455696202533,False,False,False,False,False,False,0.25873015873015875,False,False,False,False,True,False,False,False,False,True,False,False,False,True
7335_01,0.4810126582278481,False,False,False,False,False,False,0.6227513227513228,False,False,True,True,False,False,False,False,False,False,False,True,False,False
7345_01,0.22784810126582278,False,False,False,False,False,False,0.8047619047619048,False,True,False,False,True,False,False,False,False,False,True,False,False,False
7348_01,0.3291139240506329,False,False,False,False,False,False,0.7481481481481482,False,True,False,False,True,False,False,False,False,False,True,False,False,True
7348_02,0.0,False,False,False,False,False,False,0.7481481481481482,False,True,True,False,False,False,False,False,False,False,True,False,False,True
7348_03,0.02531645569620253,False,False,False,False,False,False,0.7481481481481482,False,True,False,False,True,False,False,False,False,False,True,False,False,True
7349_01,0.45569620253164556,False,False,False,False,False,False,0.6243386243386244,False,False,False,False,True,False,False,False,False,False,False,True,False,False
7352_01,0.31645569620253167,False,False,False,False,False,False,0.7486772486772487,False,False,False,True,False,False,False,False,False,False,True,False,False,True
7354_01,0.02531645569620253,False,False,False,False,False,False,0.12804232804232804,True,False,True,False,True,False,True,False,False,False,False,False,False,False
7354_02,0.0,False,False,False,False,False,False,0.12804232804232804,True,False,False,False,True,False,True,False,False,False,False,False,False,False
7354_03,0.22784810126582278,False,False,False,False,False,False,0.12804232804232804,True,False,True,False,True,False,True,False,False,False,False,False,False,False
7354_04,0.7594936708860759,False,False,False,False,False,False,0.12804232804232804,True,False,False,False,True,False,True,False,False,False,False,False,False,False
7354_05,0.3291139240506329,False,False,False,False,False,False,0.12804232804232804,True,False,True,True,False,False,True,False,False,False,False,False,False,False
7354_06,0.45569620253164556,False,False,False,False,False,False,0.12804232804232804,True,False,False,False,True,False,True,False,False,False,False,False,False,False
7355_01,0.27848101265822783,False,False,False,False,False,False,0.2597883597883598,False,True,False,False,True,False,False,False,False,True,False,False,False,True
7357_01,0.26582278481012656,False,False,False,False,False,False,0.6312169312169312,False,False,True,False,False,False,False,False,False,False,False,True,False,True
7362_01,0.46835443037974683,False,False,False,False,False,False,0.6322751322751323,False,False,False,False,True,False,False,False,False,False,False,True,False,True
7363_01,0.8227848101265822,False,False,False,False,False,False,0.6253968253968254,False,False,True,False,True,False,False,False,False,False,False,True,False,False
7364_01,0.5569620253164557,False,False,False,False,False,False,0.6328042328042328,False,False,False,False,True,False,False,False,False,False,False,True,False,True
7368_01,0.3924050632911392,False,False,False,False,False,False,0.23386243386243388,True,False,True,False,True,False,False,False,False,False,True,False,False,True
7369_01,0.3924050632911392,False,False,False,False,False,False,0.8063492063492064,False,True,False,False,True,False,False,False,False,False,True,False,False,False
7373_01,0.26582278481012656,False,False,False,False,False,False,0.14550264550264552,True,False,True,False,True,False,True,False,False,False,False,False,False,True
7373_02,0.5949367088607594,False,False,False,False,False,False,0.14550264550264552,True,False,True,False,True,False,True,False,False,False,False,False,False,True
7375_01,0.24050632911392406,False,False,False,False,False,False,0.2608465608465609,False,False,False,False,True,False,False,False,False,True,False,False,False,True
7378_01,0.4177215189873418,False,False,False,False,False,False,0.8084656084656086,False,False,False,False,True,False,False,False,False,False,True,False,False,False
7380_01,0.31645569620253167,False,False,False,False,False,False,0.14603174603174604,True,False,False,False,True,False,True,False,False,False,False,False,False,True
7380_02,0.20253164556962025,False,False,False,False,False,False,0.14603174603174604,True,False,True,False,True,False,True,False,False,False,False,False,False,True
7380_03,0.5569620253164557,False,False,False,False,False,False,0.14603174603174604,True,False,False,False,True,False,True,False,False,False,False,False,False,True
7380_04,0.11392405063291139,False,False,False,False,False,False,0.14603174603174604,True,False,False,False,True,False,True,False,False,False,False,False,False,True
7381_01,0.18987341772151897,False,False,False,False,False,False,0.6280423280423281,False,False,True,True,False,False,False,False,False,False,False,True,False,False
7382_01,0.43037974683544306,False,False,False,False,False,False,0.6333333333333334,False,False,True,True,False,False,False,False,False,False,False,True,False,True
7383_01,0.3037974683544304,False,False,False,False,False,False,0.6285714285714286,False,False,True,False,False,False,False,False,False,False,False,True,False,False
7383_02,0.49367088607594933,False,False,False,False,False,False,0.808994708994709,False,False,False,False,True,False,False,False,False,False,True,False,False,False
7384_01,0.34177215189873417,False,False,False,False,False,False,0.2613756613756614,False,False,False,False,True,False,False,False,False,True,False,False,False,True
7386_01,0.43037974683544306,False,False,False,False,False,False,0.6291005291005292,False,False,True,False,True,False,False,False,False,False,False,True,False,False
7389_01,0.3037974683544304,False,False,False,False,False,False,0.8095238095238095,False,True,True,False,True,False,False,False,False,False,True,False,False,False
7397_01,0.5443037974683544,False,False,False,False,False,False,0.1285714285714286,True,False,False,False,True,False,True,False,False,False,False,False,False,False
7400_01,0.5189873417721519,False,False,False,False,False,False,0.8105820105820106,False,False,False,True,False,False,False,False,False,False,True,False,False,False
7404_01,0.3291139240506329,False,False,False,False,False,False,0.6343915343915344,False,False,True,False,True,False,False,False,False,False,False,True,False,True
7407_01,0.34177215189873417,False,False,False,False,False,False,0.253968253968254,False,True,False,False,True,False,False,False,False,True,False,False,False,False
7409_01,0.49367088607594933,False,False,False,False,False,False,0.23386243386243388,False,False,False,False,True,False,False,False,False,False,True,False,False,True
7409_02,0.43037974683544306,False,False,False,False,False,False,0.7518518518518519,False,False,False,False,True,False,False,False,False,False,True,False,False,True
7412_01,0.4177215189873418,False,False,False,False,False,False,0.14444444444444446,True,False,True,False,False,False,False,True,False,False,False,False,False,True
7413_01,0.20253164556962025,False,False,False,False,False,False,0.6328042328042328,False,False,True,False,True,False,False,False,False,False,False,True,False,False
7413_02,0.0759493670886076,False,False,False,False,False,False,0.6328042328042328,False,False,True,False,True,False,False,False,False,False,False,True,False,False
7414_01,0.16455696202531644,False,False,False,False,False,False,0.11746031746031747,False,True,False,False,False,False,False,False,True,False,False,False,False,True
7415_01,0.6329113924050633,False,False,False,False,False,False,0.635978835978836,False,False,False,False,True,False,False,False,False,False,False,True,False,True
7417_01,0.3037974683544304,False,False,False,False,False,False,0.7523809523809525,False,False,False,False,True,False,False,False,False,False,True,False,False,True
7417_02,0.22784810126582278,False,False,False,False,False,False,0.6365079365079366,False,False,False,False,True,False,False,False,False,False,False,True,False,True
7420_01,0.3037974683544304,False,False,False,False,False,False,0.8126984126984127,False,False,False,False,True,False,False,False,False,False,True,False,False,False
7421_01,0.20253164556962025,False,False,False,False,False,False,0.6338624338624339,False,False,True,True,False,False,False,False,False,False,False,True,False,False
7421_02,0.27848101265822783,False,False,False,False,False,False,0.8132275132275133,False,False,False,True,False,False,False,False,False,False,True,False,False,False
7423_01,0.16455696202531644,False,False,False,False,False,False,0.8137566137566138,False,True,False,False,True,False,False,False,False,False,True,False,False,False
7423_02,0.3670886075949367,False,False,False,False,False,False,0.8137566137566138,False,True,True,False,False,False,False,False,False,False,True,False,False,False
7424_01,0.37974683544303794,False,False,False,False,False,False,0.6343915343915344,False,False,False,False,True,False,False,False,False,False,False,True,False,False
7426_01,0.31645569620253167,False,False,False,False,False,False,0.14497354497354498,True,False,True,False,True,False,False,True,False,False,False,False,False,True
7426_02,0.2911392405063291,False,False,False,False,False,False,0.14497354497354498,True,False,True,False,True,False,False,True,False,False,False,False,False,True
7426_03,0.35443037974683544,False,False,False,False,False,False,0.14497354497354498,True,False,True,False,False,False,False,True,False,False,False,False,False,True
7433_01,0.46835443037974683,False,False,False,False,False,False,0.6354497354497355,False,False,True,True,False,False,False,False,False,False,False,True,False,False
7434_01,0.26582278481012656,False,False,False,False,False,False,0.25502645502645505,False,False,False,False,True,False,False,False,False,True,False,False,False,False
7439_01,0.6835443037974683,False,False,False,False,False,False,0.14814814814814817,True,False,False,False,True,False,True,False,False,False,False,False,False,True
7439_02,0.26582278481012656,False,False,False,False,False,False,0.14814814814814817,True,False,True,False,False,False,True,False,False,False,False,False,False,True
7440_01,0.45569620253164556,False,False,False,False,False,False,0.23386243386243388,False,False,False,False,True,False,False,False,False,False,True,False,False,True
7441_01,0.26582278481012656,False,False,False,False,False,False,0.12962962962962965,True,False,True,False,True,False,True,False,False,False,False,False,False,False
7443_01,0.26582278481012656,False,False,False,False,False,False,0.6386243386243386,False,False,True,True,False,False,False,False,False,False,False,True,False,True
7451_01,0.2911392405063291,False,False,False,False,False,False,0.815873015873016,False,False,False,False,True,False,False,False,False,False,True,False,False,False
7454_01,0.5063291139240507,False,False,False,False,False,False,0.6396825396825397,False,False,False,True,False,False,False,False,False,False,False,True,False,True
7463_01,0.22784810126582278,False,False,False,False,False,False,0.23386243386243388,False,False,False,False,True,False,False,False,False,False,True,False,False,True
7465_01,0.31645569620253167,False,False,False,False,False,False,0.26296296296296295,False,False,False,False,True,False,False,False,False,True,False,False,False,True
7466_01,0.3037974683544304,False,False,False,False,False,False,0.7539682539682541,False,True,False,False,True,False,False,False,False,False,True,False,False,True
7467_01,0.46835443037974683,False,False,False,False,False,False,0.2560846560846561,True,False,False,False,True,False,False,False,False,True,False,False,False,False
7468_01,0.31645569620253167,False,False,False,False,False,False,0.2634920634920635,True,False,False,False,True,False,False,False,False,True,False,False,False,True
7469_01,0.3037974683544304,False,False,False,False,False,False,0.23386243386243388,False,False,False,False,True,False,False,False,False,False,True,False,False,True
7470_01,0.0379746835443038,False,False,False,False,False,False,0.6417989417989418,False,False,True,False,True,False,False,False,False,False,False,True,False,True
7471_01,0.02531645569620253,False,False,False,False,False,False,0.6391534391534393,False,False,True,False,True,False,False,False,False,False,False,True,False,False
7471_02,0.27848101265822783,False,False,False,False,False,False,0.6391534391534393,False,False,False,False,True,False,False,False,False,False,False,True,False,False
7473_01,0.3037974683544304,False,False,False,False,False,False,0.755026455026455,False,False,False,False,True,False,False,False,False,False,True,False,False,True
7473_02,0.21518987341772153,False,False,False,False,False,False,0.755026455026455,False,False,False,False,False,False,False,False,False,False,True,False,False,True
7474_01,0.6708860759493671,False,False,False,False,False,False,0.6423280423280424,False,False,True,False,True,False,False,False,False,False,False,True,False,True
7476_01,0.2911392405063291,False,False,False,False,False,False,0.7555555555555556,False,False,False,False,True,False,False,False,False,False,True,False,False,True
7480_01,0.3670886075949367,False,False,False,False,False,False,0.7566137566137566,False,False,False,False,False,False,False,False,False,False,True,False,False,True
7482_01,0.26582278481012656,False,False,False,False,False,False,0.8185185185185185,False,True,True,False,True,False,False,False,False,False,True,False,False,False
7482_02,0.27848101265822783,False,False,False,False,False,False,0.8185185185185185,False,False,False,False,True,False,False,False,False,False,True,False,False,False
7489_01,0.02531645569620253,False,False,False,False,False,False,0.6407407407407408,False,False,False,False,True,False,False,False,False,False,False,True,False,False
7489_02,0.3291139240506329,False,False,False,False,False,False,0.8190476190476191,False,False,False,False,True,False,False,False,False,False,True,False,False,False
7489_03,0.25316455696202533,False,False,False,False,False,False,0.6407407407407408,False,False,False,False,True,False,False,False,False,False,False,True,False,False
7491_01,0.17721518987341772,False,False,False,False,False,False,0.6412698412698413,False,False,True,False,True,False,False,False,False,False,False,True,False,False
7493_01,0.3291139240506329,False,False,False,False,False,False,0.8195767195767196,False,False,False,True,False,False,False,False,False,False,True,False,False,False
7497_01,0.2911392405063291,False,False,False,False,False,False,0.6444444444444445,False,False,True,False,True,False,False,False,False,False,False,True,False,True
7511_01,0.26582278481012656,False,False,False,False,False,False,0.6417989417989418,False,False,False,False,True,False,False,False,False,False,False,True,False,False
7516_01,0.25316455696202533,False,False,False,False,False,False,0.8232804232804234,False,False,False,False,True,False,False,False,False,False,True,False,False,False
7519_01,0.24050632911392406,False,False,False,False,False,False,0.8243386243386244,False,False,False,False,True,False,False,False,False,False,True,False,False,False
7526_01,0.3670886075949367,False,False,False,False,False,False,0.11904761904761905,True,False,True,False,True,False,False,False,True,False,False,False,False,True
7528_01,0.7341772151898734,False,False,False,False,False,False,0.6455026455026456,False,False,True,False,True,False,False,False,False,False,False,True,False,True
7528_02,0.16455696202531644,False,False,False,False,False,False,0.6455026455026456,False,False,True,False,False,False,False,False,False,False,False,True,False,True
7528_03,0.4050632911392405,False,False,False,False,False,False,0.7608465608465609,False,False,False,False,True,False,False,False,False,False,True,False,False,True
7528_04,0.2911392405063291,False,False,False,False,False,False,0.6455026455026456,False,False,True,False,False,False,False,False,False,False,False,True,False,True
7530_01,0.4810126582278481,False,False,False,False,False,False,0.1507936507936508,True,False,True,False,False,False,True,False,False,False,False,False,False,True
7530_02,0.5949367088607594,False,False,False,False,False,False,0.1507936507936508,True,False,False,False,False,False,True,False,False,False,False,False,False,True
7530_03,0.4810126582278481,False,False,False,False,False,False,0.1507936507936508,True,False,False,False,True,False,True,False,False,False,False,False,False,True
7530_04,0.5949367088607594,False,False,False,False,False,False,0.1507936507936508,True,False,False,False,False,False,True,False,False,False,False,False,False,True
7532_01,0.25316455696202533,False,False,False,False,False,False,0.6465608465608466,False,False,True,False,False,False,False,False,False,False,False,True,False,True
7537_01,0.4050632911392405,False,False,False,False,False,False,0.6476190476190476,False,False,True,False,False,False,False,False,False,False,False,True,False,True
7539_01,0.5316455696202531,False,False,False,False,False,False,0.12804232804232804,True,False,True,False,True,False,False,True,False,False,False,False,False,False
7539_02,0.43037974683544306,False,False,False,False,False,False,0.12804232804232804,True,False,False,False,True,False,False,True,False,False,False,False,False,False
7540_01,0.7594936708860759,False,False,False,False,False,False,0.826984126984127,False,False,False,False,True,False,False,False,False,False,True,False,False,False
7541_01,0.37974683544303794,False,False,False,False,False,False,0.7624338624338625,False,True,True,False,True,False,False,False,False,False,True,False,False,True
7541_02,0.13924050632911392,False,False,False,False,False,False,0.7624338624338625,False,False,True,False,True,False,False,False,False,False,True,False,False,True
7541_03,0.569620253164557,False,False,False,False,False,False,0.2645502645502646,False,True,True,False,True,False,False,False,False,True,False,False,False,True
7546_01,0.49367088607594933,True,True,True,True,True,False,0.1285714285714286,True,False,True,False,False,True,False,True,False,False,False,False,False,False
7547_01,0.24050632911392406,False,False,False,False,False,False,0.8280423280423281,False,False,False,False,True,False,False,False,False,False,True,False,False,False
7548_01,0.22784810126582278,False,False,False,False,False,False,0.8285714285714286,False,False,False,False,True,False,False,False,False,False,True,False,False,False
7551_01,0.43037974683544306,False,False,False,False,False,False,0.7634920634920636,False,False,False,True,False,False,False,False,False,False,True,False,False,True
7554_01,0.3291139240506329,False,False,False,False,False,False,0.6486772486772487,False,False,True,False,True,False,False,False,False,False,False,True,False,True
7555_01,0.37974683544303794,False,False,False,False,False,False,0.2597883597883598,False,False,False,False,False,False,False,False,False,True,False,False,False,False
7556_01,0.6075949367088608,False,False,False,False,False,False,0.14814814814814817,True,False,True,False,True,False,False,True,False,False,False,False,False,True
7556_02,0.4810126582278481,False,False,False,False,False,False,0.14814814814814817,False,False,True,False,False,False,False,True,False,False,False,False,False,True
7556_03,0.4177215189873418,False,False,False,False,False,False,0.23386243386243388,True,False,False,False,True,False,False,False,False,False,True,False,False,True
7556_04,0.5949367088607594,False,False,False,False,False,False,0.14814814814814817,True,False,True,False,False,False,False,True,False,False,False,False,False,True
7557_01,0.3670886075949367,False,False,False,False,False,False,0.8291005291005291,False,True,False,False,True,False,False,False,False,False,True,False,False,False
7557_02,0.10126582278481013,False,False,False,False,False,False,0.8291005291005291,False,True,True,False,True,False,False,False,False,False,True,False,False,False
7557_03,0.5949367088607594,False,False,False,False,False,False,0.8291005291005291,False,True,True,False,True,False,False,False,False,False,True,False,False,False
7558_01,0.3291139240506329,True,True,True,True,True,False,0.26031746031746034,False,True,False,False,True,True,False,False,False,True,False,False,False,False
7558_02,0.16455696202531644,False,False,False,False,False,False,0.8296296296296297,False,True,True,False,False,False,False,False,False,False,True,False,False,False
7562_01,0.22784810126582278,False,False,False,False,False,False,0.7650793650793651,False,False,False,False,True,False,False,False,False,False,True,False,False,True
7564_01,0.34177215189873417,False,False,False,False,False,False,0.7656084656084656,False,True,False,False,True,False,False,False,False,False,True,False,False,True
7566_01,0.34177215189873417,False,False,False,False,False,False,0.12486772486772488,True,False,False,False,True,False,False,False,True,False,False,False,False,False
7570_01,0.37974683544303794,False,False,False,False,False,False,0.13121693121693123,True,False,False,False,True,False,True,False,False,False,False,False,False,False
7570_02,0.31645569620253167,False,False,False,False,False,False,0.13121693121693123,True,False,False,False,True,False,True,False,False,False,False,False,False,False
7571_01,0.3291139240506329,False,False,False,False,False,False,0.12592592592592594,False,True,False,False,True,False,False,False,True,False,False,False,False,False
7575_01,0.25316455696202533,False,False,False,False,False,False,0.7661375661375662,False,False,False,False,True,False,False,False,False,False,True,False,False,True
7581_01,0.6582278481012658,False,False,False,False,False,False,0.2661375661375662,True,False,False,False,True,False,False,False,False,True,False,False,False,True
7582_01,0.0379746835443038,False,False,False,False,False,False,0.6444444444444445,False,False,True,False,True,False,False,False,False,False,False,True,False,False
7582_02,0.0759493670886076,False,False,False,False,False,False,0.6444444444444445,False,False,False,False,True,False,False,False,False,False,False,True,False,False
7582_03,0.0,False,False,False,False,False,False,0.6444444444444445,False,False,False,False,True,False,False,False,False,False,False,True,False,False
7582_04,0.27848101265822783,False,False,False,False,False,False,0.8322751322751323,False,False,False,False,True,False,False,False,False,False,True,False,False,False
7582_05,0.012658227848101266,False,False,False,False,False,False,0.6444444444444445,False,False,True,False,True,False,False,False,False,False,False,True,False,False
7587_01,0.5569620253164557,False,False,False,False,False,False,0.8333333333333334,False,False,False,False,True,False,False,False,False,False,True,False,False,False
7589_01,0.22784810126582278,False,False,False,False,False,False,0.6455026455026456,False,False,True,True,False,False,False,False,False,False,False,True,False,False
7590_01,0.25316455696202533,False,False,False,False,False,False,0.7666666666666667,False,False,False,False,True,False,False,False,False,False,True,False,False,True
7591_01,0.3670886075949367,False,False,False,False,False,False,0.2613756613756614,False,False,False,False,True,False,False,False,False,True,False,False,False,False
7591_02,0.35443037974683544,False,False,False,False,False,False,0.833862433862434,False,False,False,False,True,False,False,False,False,False,True,False,False,False
7593_01,0.49367088607594933,False,False,False,False,False,False,0.04338624338624339,True,False,True,False,False,False,False,False,False,False,False,False,False,False
7597_01,0.13924050632911392,False,False,False,False,False,False,0.6460317460317461,False,False,True,False,True,False,False,False,False,False,False,True,False,False
7597_02,0.02531645569620253,False,False,False,False,False,False,0.6460317460317461,False,False,True,True,False,False,False,False,False,False,False,True,False,False
7597_03,0.18987341772151897,False,False,False,False,False,False,0.8343915343915345,False,False,False,False,True,False,False,False,False,False,True,False,False,False
7597_04,0.4050632911392405,False,False,False,False,False,False,0.6460317460317461,False,False,True,False,True,False,False,False,False,False,False,True,False,False
7597_05,0.18987341772151897,False,False,False,False,False,False,0.8343915343915345,False,False,False,True,False,False,False,False,False,False,True,False,False,False
7597_06,0.012658227848101266,False,False,False,False,False,False,0.6460317460317461,False,False,False,False,True,False,False,False,False,False,False,True,False,False
7597_07,0.25316455696202533,False,False,False,False,False,False,0.8343915343915345,False,False,False,False,True,False,False,False,False,False,True,False,False,False
7600_01,0.31645569620253167,False,False,False,False,False,False,0.04814814814814815,True,False,True,False,False,False,False,False,False,False,False,False,False,True
7600_02,0.4050632911392405,True,True,True,True,True,False,0.04814814814814815,True,False,False,False,True,True,False,False,False,False,False,False,False,True
7602_01,0.4050632911392405,False,False,False,False,False,False,0.26666666666666666,True,False,True,False,False,False,False,False,False,True,False,False,False,True
7603_01,0.22784810126582278,False,False,False,False,False,False,0.834920634920635,False,False,False,False,True,False,False,False,False,False,True,False,False,False
7607_01,0.620253164556962,False,False,False,False,False,False,0.835978835978836,False,False,False,False,True,False,False,False,False,False,True,False,False,False
7610_01,0.02531645569620253,False,False,False,False,False,False,0.6523809523809524,False,False,False,False,False,False,False,False,False,False,False,True,False,True
7610_02,0.16455696202531644,False,False,False,False,False,False,0.7698412698412699,False,False,False,False,True,False,False,False,False,False,True,False,False,True
7611_01,0.35443037974683544,False,False,False,False,False,False,0.8365079365079365,False,True,False,False,True,False,False,False,False,False,True,False,False,False
7611_02,0.7088607594936709,False,False,False,False,False,False,0.8365079365079365,False,True,False,True,False,False,False,False,False,False,True,False,False,False
7612_01,0.34177215189873417,False,False,False,False,False,False,0.7703703703703704,False,False,False,False,True,False,False,False,False,False,True,False,False,True
7612_02,0.43037974683544306,False,False,False,False,False,False,0.652910052910053,False,False,True,False,True,False,False,False,False,False,False,True,False,True
7613_01,0.35443037974683544,False,False,False,False,False,False,0.13174603174603175,True,False,True,False,True,False,True,False,False,False,False,False,False,False
7615_01,0.3924050632911392,False,False,False,False,False,False,0.6465608465608466,False,False,False,False,True,False,False,False,False,False,False,True,False,False
7617_01,0.3037974683544304,False,False,False,False,False,False,0.8370370370370371,False,True,False,False,True,False,False,False,False,False,True,False,False,False
7619_01,0.10126582278481013,False,False,False,False,False,False,0.653968253968254,False,False,True,False,True,False,False,False,False,False,False,True,False,True
7629_01,0.25316455696202533,False,False,False,False,False,False,0.6550264550264551,False,False,False,False,True,False,False,False,False,False,False,True,False,True
7629_02,0.7974683544303798,False,False,False,False,False,False,0.7719576719576721,False,False,False,True,False,False,False,False,False,False,True,False,False,True
7629_03,0.0,False,False,False,False,False,False,0.6550264550264551,False,False,False,False,False,False,False,False,False,False,False,True,False,True
7636_01,0.16455696202531644,False,False,False,False,False,False,0.2634920634920635,False,False,False,False,True,False,False,False,False,True,False,False,False,False
7637_01,0.012658227848101266,False,False,False,False,False,False,0.7724867724867726,False,True,False,False,True,False,False,False,False,False,True,False,False,True
7637_02,0.16455696202531644,False,False,False,False,False,False,0.7724867724867726,False,True,False,False,True,False,False,False,False,False,True,False,False,True
7637_03,0.02531645569620253,False,False,False,False,False,False,0.7724867724867726,False,True,False,False,True,False,False,False,False,False,True,False,False,True
7638_01,0.22784810126582278,False,False,False,False,False,False,0.6481481481481481,False,False,True,False,True,False,False,False,False,False,False,True,False,False
7642_01,0.37974683544303794,False,False,False,False,False,False,0.8396825396825397,False,True,True,False,True,False,False,False,False,False,True,False,False,False
7645_01,0.4430379746835443,False,False,False,False,False,False,0.15396825396825398,True,False,True,False,False,False,True,False,False,False,False,False,False,True
7648_01,0.35443037974683544,False,False,False,False,False,False,0.8402116402116403,False,True,False,False,False,False,False,False,False,False,True,False,False,False
7651_01,0.35443037974683544,False,False,False,False,False,False,0.8407407407407408,False,True,True,False,True,False,False,False,False,False,True,False,False,False
7653_01,0.6075949367088608,False,False,False,False,False,False,0.6576719576719577,False,False,False,False,True,False,False,False,False,False,False,True,False,True
7654_01,0.43037974683544306,False,False,False,False,False,False,0.13121693121693123,True,False,True,False,True,False,False,True,False,False,False,False,False,False
7655_01,0.20253164556962025,False,False,False,False,False,False,0.7735449735449736,False,False,False,False,True,False,False,False,False,False,True,False,False,True
7657_01,0.3037974683544304,False,False,False,False,False,False,0.7740740740740741,False,False,False,True,False,False,False,False,False,False,True,False,False,True
7658_01,0.6708860759493671,False,False,False,False,False,False,0.15502645502645504,False,False,False,False,True,False,True,False,False,False,False,False,False,True
7659_01,0.3037974683544304,False,False,False,False,False,False,0.7746031746031746,False,False,False,False,True,False,False,False,False,False,True,False,False,True
7662_01,0.4050632911392405,False,False,False,False,False,False,0.8412698412698413,False,True,True,False,True,False,False,False,False,False,True,False,False,False
7663_01,0.18987341772151897,False,False,False,False,False,False,0.6592592592592593,False,False,True,False,False,False,False,False,False,False,False,True,False,True
7664_01,0.3037974683544304,False,False,False,False,False,False,0.6497354497354498,False,False,False,True,False,False,False,False,False,False,False,True,False,False
7668_01,0.4430379746835443,False,False,False,False,False,False,0.8423280423280424,False,False,False,False,True,False,False,False,False,False,True,False,False,False
7672_01,0.5316455696202531,False,False,False,False,False,False,0.13174603174603175,True,False,False,False,True,False,False,True,False,False,False,False,False,False
7673_01,0.22784810126582278,False,False,False,False,False,False,0.8428571428571429,False,False,False,True,False,False,False,False,False,False,True,False,False,False
7674_01,0.18987341772151897,False,False,False,False,False,False,0.8433862433862435,False,False,False,False,True,False,False,False,False,False,True,False,False,False
7675_01,0.46835443037974683,False,False,False,False,False,False,0.843915343915344,False,True,False,False,True,False,False,False,False,False,True,False,False,False
7681_01,0.4430379746835443,False,False,False,False,False,False,0.2671957671957672,False,True,True,False,True,False,False,False,False,True,False,False,False,True
7685_01,0.43037974683544306,False,False,False,False,False,False,0.6608465608465609,False,False,True,False,True,False,False,False,False,False,False,True,False,True
7686_01,0.26582278481012656,False,False,False,False,False,False,0.6613756613756614,False,False,True,False,False,False,False,False,False,False,False,True,False,True
7695_01,0.17721518987341772,False,False,False,False,False,False,0.8465608465608466,False,False,False,False,True,False,False,False,False,False,True,False,False,False
7701_01,0.20253164556962025,False,False,False,False,False,False,0.7767195767195768,False,True,False,False,True,False,False,False,False,False,True,False,False,True
7704_01,0.2911392405063291,False,False,False,False,False,False,0.7772486772486773,False,False,False,False,False,False,False,False,False,False,True,False,False,True
7706_01,0.6708860759493671,False,False,False,False,False,False,0.1523809523809524,True,False,False,False,True,False,False,True,False,False,False,False,False,True
7718_01,0.22784810126582278,False,False,False,False,False,False,0.15714285714285714,True,False,True,False,True,False,True,False,False,False,False,False,False,True
7722_01,0.20253164556962025,False,False,False,False,False,False,0.8502645502645503,False,False,False,False,True,False,False,False,False,False,True,False,False,False
7725_01,0.43037974683544306,False,False,False,False,False,False,0.1285714285714286,True,False,True,False,True,False,False,False,True,False,False,False,False,False
7726_01,0.16455696202531644,False,False,False,False,False,False,0.6566137566137566,False,False,True,False,True,False,False,False,False,False,False,True,False,False
7730_01,0.31645569620253167,False,False,False,False,False,False,0.7793650793650794,False,False,False,True,False,False,False,False,False,False,True,False,False,True
7732_01,0.5443037974683544,False,False,False,False,False,False,0.23386243386243388,False,False,False,False,True,False,False,False,False,False,True,False,False,True
7733_01,0.49367088607594933,False,False,False,False,False,False,0.77989417989418,False,True,False,False,True,False,False,False,False,False,True,False,False,True
7734_01,0.24050632911392406,False,False,False,False,False,False,0.8507936507936509,False,False,False,False,False,False,False,False,False,False,True,False,False,False
7735_01,0.26582278481012656,False,False,False,False,False,False,0.7804232804232805,False,True,False,False,True,False,False,False,False,False,True,False,False,True
7737_01,0.25316455696202533,False,False,False,False,False,False,0.6571428571428571,False,False,True,False,True,False,False,False,False,False,False,True,False,False
7740_01,0.20253164556962025,False,False,False,False,False,False,0.8518518518518519,False,False,False,True,False,False,False,False,False,False,True,False,False,False
7740_02,0.11392405063291139,False,False,False,False,False,False,0.6576719576719577,False,False,False,False,True,False,False,False,False,False,False,True,False,False
7745_01,0.22784810126582278,False,False,False,False,False,False,0.782010582010582,False,False,False,False,True,False,False,False,False,False,True,False,False,True
7750_01,0.2911392405063291,False,False,False,False,False,False,0.7825396825396826,False,False,False,False,False,False,False,False,False,False,True,False,False,True
7756_01,0.45569620253164556,False,False,False,False,False,False,0.7835978835978836,False,False,False,False,True,False,False,False,False,False,True,False,False,True
7758_01,0.37974683544303794,False,False,False,False,False,False,0.7841269841269842,False,False,False,False,True,False,False,False,False,False,True,False,False,True
7759_01,0.5822784810126582,False,False,False,False,False,False,0.7846560846560847,False,False,False,False,True,False,False,False,False,False,True,False,False,True
7762_01,0.27848101265822783,False,False,False,False,False,False,0.26931216931216934,False,False,False,False,True,False,False,False,False,True,False,False,False,True
7765_01,0.012658227848101266,False,False,False,False,False,False,0.6640211640211641,False,False,True,False,True,False,False,False,False,False,False,True,False,True
7765_02,0.26582278481012656,False,False,False,False,False,False,0.6640211640211641,False,False,True,False,True,False,False,False,False,False,False,True,False,True
7765_03,0.3037974683544304,False,False,False,False,False,False,0.6640211640211641,False,False,True,False,True,False,False,False,False,False,False,True,False,True
7766_01,0.6455696202531646,False,False,False,False,False,False,0.6645502645502646,False,False,False,False,True,False,False,False,False,False,False,True,False,True
7772_01,0.3291139240506329,False,False,False,False,False,False,0.6597883597883598,False,False,True,False,True,False,False,False,False,False,False,True,False,False
7779_01,0.4430379746835443,False,False,False,False,False,False,0.05026455026455027,True,False,False,False,False,False,False,False,False,False,False,False,False,True
7781_01,0.27848101265822783,False,False,False,False,False,False,0.6666666666666667,False,False,False,True,False,False,False,False,False,False,False,True,False,True
7792_01,0.37974683544303794,False,False,False,False,False,False,0.1597883597883598,True,False,True,False,False,False,True,False,False,False,False,False,False,True
7792_02,0.35443037974683544,False,False,False,False,False,False,0.1597883597883598,True,False,True,False,True,False,True,False,False,False,False,False,False,True
7792_03,0.4177215189873418,False,False,False,False,False,False,0.1597883597883598,True,False,True,False,False,False,True,False,False,False,False,False,False,True
7792_04,0.7088607594936709,False,False,False,False,False,False,0.1597883597883598,True,False,False,False,True,False,True,False,False,False,False,False,False,True
7792_05,0.4050632911392405,False,False,False,False,False,False,0.1597883597883598,True,False,True,False,False,False,True,False,False,False,False,False,False,True
7794_01,0.49367088607594933,False,False,False,False,False,False,0.27037037037037037,False,True,False,False,True,False,False,False,False,True,False,False,False,True
7795_01,0.31645569620253167,False,False,False,False,False,False,0.8560846560846561,False,False,False,False,True,False,False,False,False,False,True,False,False,False
7795_02,0.31645569620253167,False,False,False,False,False,False,0.2671957671957672,False,False,False,False,True,False,False,False,False,True,False,False,False,False
7796_01,0.43037974683544306,False,False,False,False,False,False,0.6613756613756614,False,False,False,False,True,False,False,False,False,False,False,True,False,False
7798_01,0.3291139240506329,False,False,False,False,False,False,0.26825396825396824,False,False,False,False,True,False,False,False,False,True,False,False,False,False
7798_02,0.22784810126582278,False,False,False,False,False,False,0.8566137566137567,False,False,False,False,False,False,False,False,False,False,True,False,False,False
7799_01,0.22784810126582278,False,False,False,False,False,False,0.6677248677248677,False,False,False,False,True,False,False,False,False,False,False,True,False,True
7804_01,0.2911392405063291,False,False,False,False,False,False,0.23386243386243388,False,False,False,False,True,False,False,False,False,False,True,False,False,True
7807_01,0.26582278481012656,False,False,False,False,False,False,0.6640211640211641,False,False,True,True,False,False,False,False,False,False,False,True,False,False
7811_01,0.5949367088607594,False,False,False,False,False,False,0.2708994708994709,False,True,True,False,True,False,False,False,False,True,False,False,False,True
7814_01,0.22784810126582278,False,False,False,False,False,False,0.8587301587301588,False,False,False,False,True,False,False,False,False,False,True,False,False,False
7817_01,0.5443037974683544,False,False,False,False,False,False,0.7925925925925926,False,False,False,False,True,False,False,False,False,False,True,False,False,True
7819_01,0.22784810126582278,False,False,False,False,False,False,0.6682539682539683,False,False,True,False,True,False,False,False,False,False,False,True,False,True
7822_01,0.31645569620253167,False,False,False,False,False,False,0.1343915343915344,True,False,False,False,True,False,False,True,False,False,False,False,False,False
7823_01,0.37974683544303794,False,False,False,False,False,False,0.6693121693121693,False,False,True,False,False,False,False,False,False,False,False,True,False,True
7825_01,0.26582278481012656,False,False,False,False,False,False,0.8597883597883599,False,True,False,False,True,False,False,False,False,False,True,False,False,False
7825_02,0.3037974683544304,False,False,False,False,False,False,0.8597883597883599,False,True,False,False,True,False,False,False,False,False,True,False,False,False
7825_03,0.25316455696202533,False,False,False,False,False,False,0.8597883597883599,False,True,False,False,False,False,False,False,False,False,True,False,False,False
7826_01,0.37974683544303794,False,False,False,False,False,False,0.16031746031746033,True,False,True,False,False,False,True,False,False,False,False,False,False,True
7827_01,0.7341772151898734,False,False,False,False,False,False,0.16084656084656085,True,False,True,False,True,False,True,False,False,False,False,False,False,True
7836_01,0.45569620253164556,False,False,False,False,False,False,0.7931216931216932,False,False,False,True,False,False,False,False,False,False,True,False,False,True
7838_01,0.34177215189873417,False,False,False,False,False,False,0.1544973544973545,True,False,True,False,True,False,False,True,False,False,False,False,False,True
7844_01,0.4177215189873418,True,True,True,True,True,False,0.13544973544973546,True,False,False,False,True,True,True,False,False,False,False,False,False,False
7846_01,0.6962025316455696,False,False,False,False,False,False,0.16296296296296298,True,False,False,False,True,False,True,False,False,False,False,False,False,True
7846_02,0.3037974683544304,False,False,False,False,False,False,0.16296296296296298,True,False,True,False,False,False,True,False,False,False,False,False,False,True
7854_01,0.21518987341772153,False,False,False,False,False,False,0.6677248677248677,False,False,False,False,False,False,False,False,False,False,False,True,False,False
7855_01,0.24050632911392406,False,False,False,False,False,False,0.27301587301587305,False,False,False,False,True,False,False,False,False,True,False,False,False,True
7857_01,0.31645569620253167,False,False,False,False,False,False,0.6682539682539683,False,False,True,True,False,False,False,False,False,False,False,True,False,False
7860_01,0.27848101265822783,False,False,False,False,False,False,0.26931216931216934,False,False,False,False,True,False,False,False,False,True,False,False,False,False
7862_01,0.20253164556962025,False,False,False,False,False,False,0.6698412698412699,False,False,True,False,True,False,False,False,False,False,False,True,False,False
7867_01,0.45569620253164556,False,False,False,False,False,False,0.862962962962963,False,False,False,False,True,False,False,False,False,False,True,False,False,False
7869_01,0.5063291139240507,False,False,False,False,False,False,0.8634920634920635,False,False,False,False,True,False,False,False,False,False,True,False,False,False
7874_01,0.26582278481012656,False,False,False,False,False,False,0.8650793650793651,False,False,False,False,True,False,False,False,False,False,True,False,False,False
7874_02,0.3037974683544304,False,False,False,False,False,False,0.2698412698412699,False,False,False,False,False,False,False,False,False,True,False,False,False,False
7876_01,0.3291139240506329,False,False,False,False,False,False,0.27037037037037037,False,True,False,False,True,False,False,False,False,True,False,False,False,False
7880_01,0.37974683544303794,False,False,False,False,False,False,0.044444444444444446,True,False,True,False,True,False,False,False,False,False,False,False,False,False
7880_02,0.34177215189873417,False,False,False,False,False,False,0.044444444444444446,True,False,False,False,False,False,False,False,False,False,False,False,False,False
7887_01,0.3037974683544304,False,False,False,False,False,False,0.6746031746031746,False,False,True,False,True,False,False,False,False,False,False,True,False,False
7893_01,0.2911392405063291,False,False,False,False,False,False,0.15555555555555556,True,False,True,False,True,False,False,True,False,False,False,False,False,True
7893_02,0.6962025316455696,False,False,False,False,False,False,0.15555555555555556,True,False,True,False,False,False,False,True,False,False,False,False,False,True
7893_03,0.5949367088607594,False,False,False,False,False,False,0.15555555555555556,True,False,True,False,False,False,False,True,False,False,False,False,False,True
7893_04,0.3924050632911392,False,False,False,False,False,False,0.15555555555555556,True,False,True,False,False,False,False,True,False,False,False,False,False,True
7893_05,0.5063291139240507,False,False,False,False,False,False,0.15555555555555556,True,False,True,False,True,False,False,True,False,False,False,False,False,True
7896_01,0.24050632911392406,False,False,False,False,False,False,0.798941798941799,False,False,False,False,True,False,False,False,False,False,True,False,False,True
7898_01,0.22784810126582278,False,False,False,False,False,False,0.8661375661375662,False,False,False,False,True,False,False,False,False,False,True,False,False,False
7900_01,0.6075949367088608,False,False,False,False,False,False,0.7994708994708996,False,False,False,False,False,False,False,False,False,False,True,False,False,True
7906_01,0.18987341772151897,False,False,False,False,False,False,0.6751322751322751,False,False,False,False,True,False,False,False,False,False,False,True,False,True
7909_01,0.5949367088607594,False,False,False,False,False,False,0.8010582010582011,False,False,False,False,True,False,False,False,False,False,True,False,False,True
7909_02,0.26582278481012656,False,False,False,False,False,False,0.2751322751322752,False,False,False,False,True,False,False,False,False,True,False,False,False,True
7911_01,0.22784810126582278,False,False,False,False,False,False,0.6756613756613757,False,False,True,False,True,False,False,False,False,False,False,True,False,True
7912_01,0.25316455696202533,False,False,False,False,False,False,0.27142857142857146,False,False,False,False,True,False,False,False,False,True,False,False,False,False
7915_01,0.25316455696202533,False,False,False,False,False,False,0.27566137566137566,False,True,True,False,True,False,False,False,False,True,False,False,False,True
7915_02,0.24050632911392406,False,False,False,False,False,False,0.23386243386243388,False,True,False,False,True,False,False,False,False,False,True,False,False,True
7915_03,0.27848101265822783,False,False,False,False,False,False,0.27566137566137566,False,True,True,False,True,False,False,False,False,True,False,False,False,True
7917_01,0.20253164556962025,False,False,False,False,False,False,0.6772486772486773,False,False,True,False,True,False,False,False,False,False,False,True,False,False
7921_01,0.3291139240506329,False,False,False,False,False,False,0.8021164021164021,False,True,False,False,True,False,False,False,False,False,True,False,False,True
7921_02,0.34177215189873417,False,False,False,False,False,False,0.2761904761904762,False,True,False,False,True,False,False,False,False,True,False,False,False,True
7923_01,0.21518987341772153,False,False,False,False,False,False,0.8682539682539683,False,False,False,False,False,False,False,False,False,False,True,False,False,False
7925_01,0.3037974683544304,False,False,False,False,False,False,0.8031746031746032,False,False,False,False,True,False,False,False,False,False,True,False,False,True
7927_01,0.6962025316455696,False,False,False,False,False,False,0.6783068783068783,False,False,True,True,False,False,False,False,False,False,False,True,False,False
7927_02,0.08860759493670886,False,False,False,False,False,False,0.6783068783068783,False,False,True,False,True,False,False,False,False,False,False,True,False,False
7927_03,0.3291139240506329,False,False,False,False,False,False,0.6783068783068783,False,False,False,False,True,False,False,False,False,False,False,True,False,False
7928_01,0.3670886075949367,False,False,False,False,False,False,0.6767195767195767,False,False,False,False,True,False,False,False,False,False,False,True,False,True
7931_01,0.3924050632911392,False,False,False,False,False,False,0.27671957671957675,False,False,False,False,False,False,False,False,False,True,False,False,False,True
7932_01,0.5569620253164557,False,False,False,False,False,False,0.6772486772486773,False,False,False,False,True,False,False,False,False,False,False,True,False,True
7933_01,0.3291139240506329,False,False,False,False,False,False,0.8693121693121694,False,True,False,False,True,False,False,False,False,False,True,False,False,False
7934_01,0.0379746835443038,False,False,False,False,False,False,0.8037037037037038,False,True,False,False,True,False,False,False,False,False,True,False,False,True
7934_02,0.26582278481012656,False,False,False,False,False,False,0.8037037037037038,False,True,True,False,True,False,False,False,False,False,True,False,False,True
7934_03,0.0,False,False,False,False,False,False,0.8037037037037038,False,True,False,False,False,False,False,False,False,False,True,False,False,True
7938_01,0.5063291139240507,False,False,False,False,False,False,0.67989417989418,False,False,False,False,False,False,False,False,False,False,False,True,False,False
7942_01,0.31645569620253167,False,False,False,False,False,False,0.2724867724867725,False,False,False,False,True,False,False,False,False,True,False,False,False,False
7942_02,0.02531645569620253,False,False,False,False,False,False,0.23386243386243388,False,False,False,False,True,False,False,False,False,False,True,False,False,True
7948_01,0.35443037974683544,False,False,False,False,False,False,0.23386243386243388,False,False,False,False,True,False,False,False,False,False,True,False,False,True
7951_01,0.17721518987341772,False,False,False,False,False,False,0.13703703703703704,True,False,True,False,False,False,True,False,False,False,False,False,False,False
7953_01,0.37974683544303794,False,False,False,False,False,False,0.8063492063492064,False,False,False,False,True,False,False,False,False,False,True,False,False,True
7956_01,0.26582278481012656,False,False,False,False,False,False,0.6820105820105821,False,False,False,False,True,False,False,False,False,False,False,True,False,False
7959_01,0.37974683544303794,False,False,False,False,False,False,0.8714285714285714,False,False,False,False,False,False,False,False,False,False,True,False,False,False
7961_01,0.49367088607594933,False,False,False,False,False,False,0.12222222222222223,False,False,False,False,True,False,False,False,True,False,False,False,False,True
7963_01,0.5443037974683544,False,False,False,False,False,False,0.806878306878307,False,False,False,False,True,False,False,False,False,False,True,False,False,True
7963_02,0.27848101265822783,False,False,False,False,False,False,0.806878306878307,False,False,False,False,True,False,False,False,False,False,True,False,False,True
7963_03,0.22784810126582278,False,False,False,False,False,False,0.6804232804232805,False,False,True,False,False,False,False,False,False,False,False,True,False,True
7964_01,0.4430379746835443,False,False,False,False,False,False,0.8074074074074075,False,True,True,False,True,False,False,False,False,False,True,False,False,True
7965_01,0.26582278481012656,False,False,False,False,False,False,0.680952380952381,False,False,True,False,True,False,False,False,False,False,False,True,False,True
7966_01,0.2911392405063291,False,False,False,False,False,False,0.27830687830687834,False,False,False,False,True,False,False,False,False,True,False,False,False,True
7969_01,0.18987341772151897,False,False,False,False,False,False,0.6830687830687832,False,False,True,False,False,False,False,False,False,False,False,True,False,False
7971_01,0.46835443037974683,False,False,False,False,False,False,0.1650793650793651,True,False,True,False,False,False,True,False,False,False,False,False,False,True
7971_02,0.7341772151898734,False,False,False,False,False,False,0.1650793650793651,True,False,False,False,False,False,True,False,False,False,False,False,False,True
7975_01,0.3291139240506329,False,False,False,False,False,False,0.8724867724867725,False,True,True,False,True,False,False,False,False,False,True,False,False,False
7977_01,0.26582278481012656,False,False,False,False,False,False,0.2788359788359789,False,True,False,False,True,False,False,False,False,True,False,False,False,True
7978_01,0.0,False,False,False,False,False,False,0.6835978835978836,False,False,False,False,True,False,False,False,False,False,False,True,False,False
7978_02,0.18987341772151897,False,False,False,False,False,False,0.873015873015873,False,False,False,False,True,False,False,False,False,False,True,False,False,False
7979_01,0.4810126582278481,False,False,False,False,False,False,0.1306878306878307,False,True,False,False,True,False,False,False,True,False,False,False,False,False
7980_01,0.3291139240506329,False,False,False,False,False,False,0.8735449735449736,False,True,False,False,True,False,False,False,False,False,True,False,False,False
7991_01,0.5949367088607594,False,False,False,False,False,False,0.1375661375661376,True,False,False,False,True,False,False,True,False,False,False,False,False,False
7991_02,0.3291139240506329,False,False,False,False,False,False,0.1375661375661376,True,False,False,False,False,False,False,True,False,False,False,False,False,False
7991_03,0.7088607594936709,False,False,False,False,False,False,0.1375661375661376,True,False,True,False,False,False,False,True,False,False,False,False,False,False
7991_04,0.22784810126582278,False,False,False,False,False,False,0.1375661375661376,True,False,True,False,True,False,False,True,False,False,False,False,False,False
7992_01,0.26582278481012656,False,False,False,False,False,False,0.8761904761904763,False,False,False,False,True,False,False,False,False,False,True,False,False,False
7997_01,0.22784810126582278,False,False,False,False,False,False,0.6830687830687832,False,False,True,True,False,False,False,False,False,False,False,True,False,True
7998_01,0.5569620253164557,False,False,False,False,False,False,0.1582010582010582,True,False,False,False,True,False,False,True,False,False,False,False,False,True
7998_02,0.49367088607594933,False,False,False,False,False,False,0.1582010582010582,True,False,True,True,False,False,False,True,False,False,False,False,False,True
7998_03,0.6835443037974683,False,False,False,False,False,False,0.1582010582010582,True,False,True,False,False,False,False,True,False,False,False,False,False,True
7998_04,0.2911392405063291,False,False,False,False,False,False,0.1582010582010582,True,False,True,False,False,False,False,True,False,False,False,False,False,True
8001_01,0.3291139240506329,False,False,False,False,False,False,0.16613756613756614,True,False,False,False,True,False,True,False,False,False,False,False,False,True
8002_01,0.27848101265822783,False,False,False,False,False,False,0.8772486772486773,False,False,False,False,True,False,False,False,False,False,True,False,False,False
8008_01,0.31645569620253167,False,False,False,False,False,False,0.8095238095238095,False,False,False,False,True,False,False,False,False,False,True,False,False,True
8009_01,0.620253164556962,False,False,False,False,False,False,0.6862433862433863,False,False,True,True,False,False,False,False,False,False,False,True,False,False
8011_01,0.5822784810126582,False,False,False,False,False,False,0.2798941798941799,False,True,True,False,True,False,False,False,False,True,False,False,False,True
8013_01,0.21518987341772153,False,False,False,False,False,False,0.2740740740740741,False,False,False,False,True,False,False,False,False,True,False,False,False,False
8017_01,0.2911392405063291,False,False,False,False,False,False,0.6851851851851852,False,False,False,False,True,False,False,False,False,False,False,True,False,True
8022_01,0.22784810126582278,False,False,False,False,False,False,0.6857142857142857,False,False,False,False,True,False,False,False,False,False,False,True,False,True
8028_01,0.2911392405063291,False,False,False,False,False,False,0.8793650793650795,False,False,False,False,True,False,False,False,False,False,True,False,False,False
8033_01,0.4810126582278481,False,False,False,False,False,False,0.2746031746031746,False,False,False,False,True,False,False,False,False,True,False,False,False,False
8039_01,0.4050632911392405,False,False,False,False,False,False,0.1380952380952381,True,False,False,False,True,False,False,True,False,False,False,False,False,False
8039_02,0.22784810126582278,False,False,False,False,False,False,0.13968253968253969,True,False,True,False,True,False,True,False,False,False,False,False,False,False
8040_01,0.3037974683544304,False,False,False,False,False,False,0.2751322751322752,False,True,True,False,True,False,False,False,False,True,False,False,False,False
8041_01,0.46835443037974683,False,False,False,False,False,False,0.14021164021164023,True,False,False,False,True,False,True,False,False,False,False,False,False,False
8041_02,0.5189873417721519,False,False,False,False,False,False,0.14021164021164023,True,False,True,False,False,False,True,False,False,False,False,False,False,False
8044_01,0.3924050632911392,False,False,False,False,False,False,0.12328042328042328,True,False,True,False,True,False,False,False,True,False,False,False,False,True
8045_01,0.35443037974683544,False,False,False,False,False,False,0.8142857142857144,False,False,False,False,True,False,False,False,False,False,True,False,False,True
8047_01,0.5063291139240507,False,False,False,False,False,False,0.14074074074074075,True,False,True,False,False,False,True,False,False,False,False,False,False,False
8048_01,0.6075949367088608,False,False,False,False,False,False,0.1671957671957672,True,False,False,False,True,False,True,False,False,False,False,False,False,True
8051_01,0.5189873417721519,False,False,False,False,False,False,0.6883597883597884,False,False,True,False,False,False,False,False,False,False,False,True,False,True
8051_02,0.45569620253164556,False,False,False,False,False,False,0.6883597883597884,False,False,True,False,True,False,False,False,False,False,False,True,False,True
8061_01,0.13924050632911392,False,False,False,False,False,False,0.6894179894179895,False,False,False,False,True,False,False,False,False,False,False,True,False,True
8061_02,0.24050632911392406,False,False,False,False,False,False,0.815873015873016,False,False,False,False,True,False,False,False,False,False,True,False,False,True
8062_01,0.25316455696202533,False,False,False,False,False,False,0.68994708994709,False,False,False,False,True,False,False,False,False,False,False,True,False,True
8065_01,0.3670886075949367,False,False,False,False,False,False,0.880952380952381,False,False,False,False,True,False,False,False,False,False,True,False,False,False
8070_01,0.3291139240506329,False,False,False,False,False,False,0.12433862433862435,False,True,False,False,True,False,False,False,True,False,False,False,False,True
8073_01,0.3037974683544304,False,False,False,False,False,False,0.6894179894179895,False,False,True,False,True,False,False,False,False,False,False,True,False,False
8074_01,0.3291139240506329,False,False,False,False,False,False,0.6904761904761906,False,False,False,False,True,False,False,False,False,False,False,True,False,True
8080_01,0.35443037974683544,False,False,False,False,False,False,0.1253968253968254,False,True,False,False,True,False,False,False,True,False,False,False,False,True
8090_01,0.16455696202531644,False,False,False,False,False,False,0.6915343915343916,False,False,True,False,True,False,False,False,False,False,False,True,False,False
8093_01,0.3291139240506329,False,False,False,False,False,False,0.2830687830687831,False,False,False,False,True,False,False,False,False,True,False,False,False,True
8095_01,0.24050632911392406,False,False,False,False,False,False,0.8201058201058201,False,False,False,True,False,False,False,False,False,False,True,False,False,True
8096_01,0.4050632911392405,False,False,False,False,False,False,0.8851851851851853,False,True,True,False,True,False,False,False,False,False,True,False,False,False
8099_01,0.2911392405063291,False,False,False,False,False,False,0.6920634920634922,False,False,True,False,False,False,False,False,False,False,False,True,False,False
8100_01,0.22784810126582278,False,False,False,False,False,False,0.2835978835978836,False,False,False,False,True,False,False,False,False,True,False,False,False,True
8101_01,0.31645569620253167,False,False,False,False,False,False,0.8206349206349207,False,True,True,False,True,False,False,False,False,False,True,False,False,True
8104_01,0.24050632911392406,False,False,False,False,False,False,0.8867724867724869,False,False,False,True,False,False,False,False,False,False,True,False,False,False
8109_01,0.3037974683544304,False,False,False,False,False,False,0.8883597883597885,False,False,False,False,False,False,False,False,False,False,True,False,False,False
8110_01,0.3670886075949367,False,False,False,False,False,False,0.888888888888889,False,True,False,False,True,False,False,False,False,False,True,False,False,False
8111_01,0.5443037974683544,False,False,False,False,False,False,0.6925925925925926,False,False,True,False,True,False,False,False,False,False,False,True,False,False
8113_01,0.0379746835443038,False,False,False,False,False,False,0.6915343915343916,False,False,True,True,False,False,False,False,False,False,False,True,False,True
8113_02,0.05063291139240506,False,False,False,False,False,False,0.6915343915343916,False,False,False,False,False,False,False,False,False,False,False,True,False,True
8113_03,0.02531645569620253,False,False,False,False,False,False,0.6915343915343916,False,False,False,False,True,False,False,False,False,False,False,True,False,True
8113_04,0.3037974683544304,False,False,False,False,False,False,0.2841269841269842,False,False,False,False,True,False,False,False,False,True,False,False,False,True
8114_01,0.34177215189873417,False,False,False,False,False,False,0.8222222222222223,False,False,False,False,True,False,False,False,False,False,True,False,False,True
8125_01,0.46835443037974683,False,False,False,False,False,False,0.16031746031746033,True,False,True,False,False,False,False,True,False,False,False,False,False,True
8125_02,0.5569620253164557,False,False,False,False,False,False,0.16031746031746033,True,False,False,False,False,False,False,True,False,False,False,False,False,True
8126_01,0.26582278481012656,False,False,False,False,False,False,0.8232804232804234,False,False,False,False,True,False,False,False,False,False,True,False,False,True
8127_01,0.34177215189873417,False,False,False,False,False,False,0.14074074074074075,True,False,False,False,True,False,False,True,False,False,False,False,False,False
8132_01,0.620253164556962,False,False,False,False,False,False,0.28465608465608466,False,False,False,False,False,False,False,False,False,True,False,False,False,True
8134_01,0.34177215189873417,False,False,False,False,False,False,0.12645502645502646,False,True,False,False,True,False,False,False,True,False,False,False,False,True
8142_01,0.7974683544303798,False,False,False,False,False,False,0.14232804232804233,True,False,True,False,False,False,False,True,False,False,False,False,False,False
8145_01,0.35443037974683544,False,False,False,False,False,False,0.6936507936507937,False,False,False,False,True,False,False,False,False,False,False,True,False,True
8146_01,0.4177215189873418,False,False,False,False,False,False,0.6962962962962963,False,False,True,False,False,False,False,False,False,False,False,True,False,False
8151_01,0.26582278481012656,False,False,False,False,False,False,0.891005291005291,False,False,False,False,True,False,False,False,False,False,True,False,False,False
8154_01,0.3037974683544304,False,False,False,False,False,False,0.824867724867725,False,False,False,False,True,False,False,False,False,False,True,False,False,True
8155_01,0.3291139240506329,False,False,False,False,False,False,0.8915343915343916,False,False,False,False,True,False,False,False,False,False,True,False,False,False
8160_01,0.34177215189873417,False,False,False,False,False,False,0.6994708994708995,False,False,False,False,False,False,False,False,False,False,False,True,False,False
8163_01,0.26582278481012656,False,False,False,False,False,False,0.28571428571428575,False,True,True,False,True,False,False,False,False,True,False,False,False,True
8166_01,0.7088607594936709,False,False,False,False,False,False,0.7000000000000001,False,False,False,False,True,False,False,False,False,False,False,True,False,False
8169_01,0.3924050632911392,False,False,False,False,False,False,0.8936507936507937,False,False,False,False,False,False,False,False,False,False,True,False,False,False
8170_01,0.5949367088607594,False,False,False,False,False,False,0.1433862433862434,True,False,True,False,True,False,True,False,False,False,False,False,False,False
8172_01,0.3037974683544304,False,False,False,False,False,False,0.8264550264550266,False,True,True,False,True,False,False,False,False,False,True,False,False,True
8174_01,0.22784810126582278,False,False,False,False,False,False,0.7005291005291006,False,False,False,True,False,False,False,False,False,False,False,True,False,False
8179_01,0.5316455696202531,False,False,False,False,False,False,0.14285714285714288,True,False,True,False,True,False,False,True,False,False,False,False,False,False
8180_01,0.3924050632911392,False,False,False,False,False,False,0.8947089947089948,False,True,False,False,True,False,False,False,False,False,True,False,False,False
8181_01,0.27848101265822783,False,False,False,False,False,False,0.126984126984127,False,True,False,False,True,False,False,False,True,False,False,False,False,True
8181_02,0.3037974683544304,False,False,False,False,False,False,0.826984126984127,False,True,False,False,True,False,False,False,False,False,True,False,False,True
8181_03,0.25316455696202533,False,False,False,False,False,False,0.826984126984127,False,True,True,False,False,False,False,False,False,False,True,False,False,True
8183_01,0.6455696202531646,False,False,False,False,False,False,0.27830687830687834,False,False,False,False,True,False,False,False,False,True,False,False,False,False
8184_01,0.24050632911392406,False,False,False,False,False,False,0.7010582010582012,False,False,False,False,True,False,False,False,False,False,False,True,False,False
8185_01,0.21518987341772153,False,False,False,False,False,False,0.8280423280423281,False,False,False,False,True,False,False,False,False,False,True,False,False,True
8187_01,0.2911392405063291,False,False,False,False,False,False,0.7015873015873016,False,False,False,False,True,False,False,False,False,False,False,True,False,False
8188_01,0.17721518987341772,False,False,False,False,False,False,0.8952380952380953,False,False,False,False,True,False,False,False,False,False,True,False,False,False
8193_01,0.22784810126582278,False,False,False,False,False,False,0.7021164021164021,False,False,True,True,False,False,False,False,False,False,False,True,False,False
8195_01,0.5316455696202531,False,False,False,False,False,False,0.1439153439153439,True,False,True,False,True,False,False,True,False,False,False,False,False,False
8196_01,0.49367088607594933,False,False,False,False,False,False,0.8296296296296297,False,False,False,True,False,False,False,False,False,False,True,False,False,True
8196_02,0.46835443037974683,False,False,False,False,False,False,0.698941798941799,False,False,True,False,True,False,False,False,False,False,False,True,False,True
8198_01,0.34177215189873417,False,False,False,False,False,False,0.7026455026455027,False,False,True,False,True,False,False,False,False,False,False,True,False,False
8201_01,0.3291139240506329,False,False,False,False,False,False,0.13492063492063494,True,False,True,False,True,False,False,False,True,False,False,False,False,False
8206_01,0.620253164556962,False,False,False,False,False,False,0.8962962962962964,False,False,False,False,True,False,False,False,False,False,True,False,False,False
8215_01,0.4050632911392405,True,True,True,True,True,False,0.13544973544973546,True,False,False,False,False,True,False,False,True,False,False,False,False,False
8223_01,0.43037974683544306,False,False,False,False,False,False,0.7005291005291006,False,False,True,False,True,False,False,False,False,False,False,True,False,True
8228_01,0.16455696202531644,False,False,False,False,False,False,0.7015873015873016,False,False,False,False,True,False,False,False,False,False,False,True,False,True
8230_01,0.26582278481012656,False,False,False,False,False,False,0.8322751322751323,False,False,False,True,False,False,False,False,False,False,True,False,False,True
8234_01,0.6962025316455696,False,False,False,False,False,False,0.0455026455026455,True,False,False,False,True,False,False,False,False,False,False,False,False,False
8236_01,0.7721518987341772,False,False,False,False,False,False,0.14444444444444446,True,False,True,False,False,False,True,False,False,False,False,False,False,False
8240_01,0.3037974683544304,False,False,False,False,False,False,0.1285714285714286,True,False,False,False,True,False,False,False,True,False,False,False,False,True
8241_01,0.31645569620253167,False,False,False,False,False,False,0.7031746031746032,False,False,True,False,True,False,False,False,False,False,False,True,False,True
8245_01,0.0,False,False,False,False,False,False,0.707936507936508,False,False,True,False,True,False,False,False,False,False,False,True,False,False
8245_02,0.4810126582278481,False,False,False,False,False,False,0.707936507936508,False,False,True,False,True,False,False,False,False,False,False,True,False,False
8246_01,0.37974683544303794,False,False,False,False,False,False,0.27936507936507937,False,True,True,False,True,False,False,False,False,True,False,False,False,False
8249_01,0.18987341772151897,False,False,False,False,False,False,0.8984126984126984,False,False,False,False,True,False,False,False,False,False,True,False,False,False
8250_01,0.26582278481012656,False,False,False,False,False,False,0.7089947089947091,False,False,True,False,True,False,False,False,False,False,False,True,False,False
8253_01,0.7088607594936709,False,False,False,False,False,False,0.835978835978836,False,False,False,False,False,False,False,False,False,False,True,False,False,True
8256_01,0.6455696202531646,False,False,False,False,False,False,0.16296296296296298,True,False,False,False,False,False,False,True,False,False,False,False,False,True
8258_01,0.3291139240506329,False,False,False,False,False,False,0.8365079365079365,False,True,False,False,True,False,False,False,False,False,True,False,False,True
8262_01,0.6329113924050633,False,False,False,False,False,False,0.1291005291005291,False,True,False,False,True,False,False,False,True,False,False,False,False,True
8263_01,0.27848101265822783,False,False,False,False,False,False,0.8375661375661376,False,True,False,False,True,False,False,False,False,False,True,False,False,True
8269_01,0.31645569620253167,False,False,False,False,False,False,0.23386243386243388,False,False,False,False,True,False,False,False,False,False,True,False,False,True
8274_01,0.46835443037974683,False,False,False,False,False,False,0.7126984126984127,False,False,False,False,False,False,False,False,False,False,False,True,False,False
8278_01,0.21518987341772153,False,False,False,False,False,False,0.7063492063492064,False,False,True,False,True,False,False,False,False,False,False,True,False,True
8283_01,0.4810126582278481,False,False,False,False,False,False,0.14497354497354498,True,False,True,False,False,False,True,False,False,False,False,False,False,False
8284_01,0.4177215189873418,False,False,False,False,False,False,0.7074074074074075,False,False,True,True,False,False,False,False,False,False,False,True,False,True
8284_02,0.3037974683544304,False,False,False,False,False,False,0.8407407407407408,False,False,False,False,True,False,False,False,False,False,True,False,False,True
8285_01,0.26582278481012656,False,False,False,False,False,False,0.707936507936508,False,False,False,False,True,False,False,False,False,False,False,True,False,True
8286_01,0.46835443037974683,False,False,False,False,False,False,0.1634920634920635,True,False,True,False,True,False,False,True,False,False,False,False,False,True
8290_01,0.620253164556962,False,False,False,False,False,False,0.8412698412698413,False,True,True,False,True,False,False,False,False,False,True,False,False,True
8293_01,0.5316455696202531,False,False,False,False,False,False,0.16455026455026456,True,False,False,False,False,False,False,True,False,False,False,False,False,True
8296_01,0.4177215189873418,False,False,False,False,False,False,0.9026455026455027,False,True,True,False,True,False,False,False,False,False,True,False,False,False
8299_01,0.31645569620253167,False,False,False,False,False,False,0.2878306878306878,False,False,False,False,True,False,False,False,False,True,False,False,False,True
8304_01,0.34177215189873417,False,False,False,False,False,False,0.9031746031746032,False,True,False,False,True,False,False,False,False,False,True,False,False,False
8304_02,0.012658227848101266,False,False,False,False,False,False,0.9031746031746032,False,True,True,False,True,False,False,False,False,False,True,False,False,False
8304_03,0.25316455696202533,False,False,False,False,False,False,0.9031746031746032,False,True,False,False,True,False,False,False,False,False,True,False,False,False
8305_01,0.25316455696202533,False,False,False,False,False,False,0.1703703703703704,True,False,True,False,True,False,True,False,False,False,False,False,False,True
8305_02,0.6455696202531646,False,False,False,False,False,False,0.1703703703703704,True,False,True,False,False,False,True,False,False,False,False,False,False,True
8305_03,0.4177215189873418,False,False,False,False,False,False,0.1703703703703704,True,False,True,False,True,False,True,False,False,False,False,False,False,True
8308_01,0.569620253164557,False,False,False,False,False,False,0.9037037037037038,False,False,False,True,False,False,False,False,False,False,True,False,False,False
8309_01,0.31645569620253167,False,False,False,False,False,False,0.14603174603174604,True,False,False,False,False,False,False,True,False,False,False,False,False,False
8311_01,0.26582278481012656,False,False,False,False,False,False,0.23386243386243388,False,False,False,False,True,False,False,False,False,False,True,False,False,True
8312_01,0.27848101265822783,False,False,False,False,False,False,0.844973544973545,False,True,True,False,True,False,False,False,False,False,True,False,False,True
8325_01,0.34177215189873417,False,False,False,False,False,False,0.71005291005291,False,False,True,False,True,False,False,False,False,False,False,True,False,True
8325_02,0.4177215189873418,False,False,False,False,False,False,0.8460317460317461,False,False,False,False,True,False,False,False,False,False,True,False,False,True
8327_01,0.3037974683544304,False,False,False,False,False,False,0.716931216931217,False,False,False,True,False,False,False,False,False,False,False,True,False,False
8331_01,0.4810126582278481,False,False,False,False,False,False,0.906878306878307,False,False,False,False,True,False,False,False,False,False,True,False,False,False
8337_01,0.22784810126582278,False,False,False,False,False,False,0.9074074074074074,False,False,False,False,True,False,False,False,False,False,True,False,False,False
8340_01,0.7974683544303798,False,False,False,False,False,False,0.14550264550264552,True,False,False,False,False,False,True,False,False,False,False,False,False,False
8340_02,0.3291139240506329,True,True,True,True,True,False,0.14550264550264552,True,False,False,False,False,True,True,False,False,False,False,False,False,False
8340_03,0.3670886075949367,False,False,False,False,False,False,0.14550264550264552,True,False,False,False,True,False,True,False,False,False,False,False,False,False
8347_01,0.3037974683544304,False,False,False,False,False,False,0.7195767195767196,False,False,True,True,False,False,False,False,False,False,False,True,False,False
8349_01,0.6455696202531646,False,False,False,False,False,False,0.28201058201058204,False,False,False,False,False,False,False,False,False,True,False,False,False,False
8350_01,0.31645569620253167,True,True,True,True,True,False,0.28253968253968254,False,True,False,False,True,True,False,False,False,True,False,False,False,False
8351_01,0.5189873417721519,False,False,False,False,False,False,0.13121693121693123,False,True,False,False,True,False,False,False,True,False,False,False,False,True
8352_01,0.25316455696202533,False,False,False,False,False,False,0.9095238095238096,False,False,False,False,False,False,False,False,False,False,True,False,False,False
8353_01,0.27848101265822783,False,False,False,False,False,False,0.8481481481481482,False,False,False,False,True,False,False,False,False,False,True,False,False,True
8355_01,0.18987341772151897,False,False,False,False,False,False,0.17142857142857143,True,False,True,False,False,False,True,False,False,False,False,False,False,True
8357_01,0.3291139240506329,False,False,False,False,False,False,0.17195767195767198,True,False,False,False,False,False,True,False,False,False,False,False,False,True
8357_02,0.24050632911392406,False,False,False,False,False,False,0.17195767195767198,True,False,True,False,False,False,True,False,False,False,False,False,False,True
8358_01,0.35443037974683544,False,False,False,False,False,False,0.2830687830687831,False,False,False,False,True,False,False,False,False,True,False,False,False,False
8359_01,0.22784810126582278,False,False,False,False,False,False,0.2835978835978836,False,False,False,False,True,False,False,False,False,True,False,False,False,False
8361_01,0.3924050632911392,False,False,False,False,False,False,0.17301587301587304,True,False,False,False,False,False,True,False,False,False,False,False,False,True
8361_02,0.3291139240506329,False,False,False,False,False,False,0.17301587301587304,True,False,False,False,False,False,True,False,False,False,False,False,False,True
8361_03,0.11392405063291139,False,False,False,False,False,False,0.17301587301587304,True,False,False,False,False,False,True,False,False,False,False,False,False,True
8361_04,0.5316455696202531,False,False,False,False,False,False,0.17301587301587304,True,False,True,False,False,False,True,False,False,False,False,False,False,True
8361_05,0.4050632911392405,False,False,False,False,False,False,0.17301587301587304,True,False,False,False,True,False,True,False,False,False,False,False,False,True
8364_01,0.27848101265822783,False,False,False,False,False,False,0.7206349206349206,False,False,True,True,False,False,False,False,False,False,False,True,False,False
8367_01,0.6455696202531646,False,False,False,False,False,False,0.7105820105820106,False,False,False,False,True,False,False,False,False,False,False,True,False,True
8370_01,0.3924050632911392,False,False,False,False,False,False,0.13174603174603175,True,False,False,False,True,False,False,False,True,False,False,False,False,True
8370_02,0.5569620253164557,False,False,False,False,False,False,0.13174603174603175,True,False,False,False,True,False,False,False,True,False,False,False,False,True
8372_01,0.45569620253164556,False,False,False,False,False,False,0.16613756613756614,True,False,True,False,True,False,False,True,False,False,False,False,False,True
8385_01,0.3670886075949367,False,False,False,False,False,False,0.9116402116402117,False,True,True,False,True,False,False,False,False,False,True,False,False,False
8385_02,0.45569620253164556,True,True,True,True,True,False,0.9116402116402117,False,True,False,False,True,True,False,False,False,False,True,False,False,False
8385_03,0.11392405063291139,False,False,False,False,False,False,0.9116402116402117,False,True,False,False,True,False,False,False,False,False,True,False,False,False
8387_01,0.20253164556962025,False,False,False,False,False,False,0.29153439153439153,False,False,False,False,True,False,False,False,False,True,False,False,False,True
8389_01,0.22784810126582278,False,False,False,False,False,False,0.7111111111111111,False,False,True,True,False,False,False,False,False,False,False,True,False,True
8391_01,0.6455696202531646,False,False,False,False,False,False,0.2920634920634921,False,True,False,False,True,False,False,False,False,True,False,False,False,True
8396_01,0.37974683544303794,False,False,False,False,False,False,0.8523809523809525,False,True,False,True,False,False,False,False,False,False,True,False,False,True
8399_01,0.5569620253164557,False,False,False,False,False,False,0.28465608465608466,False,False,False,True,False,False,False,False,False,True,False,False,False,False
8400_01,0.27848101265822783,False,False,False,False,False,False,0.852910052910053,False,False,False,True,False,False,False,False,False,False,True,False,False,True
8400_02,0.49367088607594933,False,False,False,False,False,False,0.7116402116402117,False,False,True,False,True,False,False,False,False,False,False,True,False,True
8400_03,0.22784810126582278,False,False,False,False,False,False,0.7116402116402117,False,False,False,True,False,False,False,False,False,False,False,True,False,True
8402_01,0.43037974683544306,False,False,False,False,False,False,0.1470899470899471,True,False,True,False,True,False,False,True,False,False,False,False,False,False
8402_02,0.31645569620253167,False,False,False,False,False,False,0.1470899470899471,True,False,True,False,True,False,False,True,False,False,False,False,False,False
8402_03,0.31645569620253167,False,False,False,False,False,False,0.1470899470899471,True,False,True,False,True,False,False,True,False,False,False,False,False,False
8408_01,0.20253164556962025,False,False,False,False,False,False,0.853968253968254,False,False,False,False,False,False,False,False,False,False,True,False,False,True
8408_02,0.5189873417721519,False,False,False,False,False,False,0.7126984126984127,False,False,True,True,False,False,False,False,False,False,False,True,False,True
8412_01,0.35443037974683544,False,False,False,False,False,False,0.9137566137566138,False,False,False,False,True,False,False,False,False,False,True,False,False,False
8413_01,0.18987341772151897,False,False,False,False,False,False,0.7132275132275133,False,False,True,False,True,False,False,False,False,False,False,True,False,True
8415_01,0.620253164556962,False,False,False,False,False,False,0.8550264550264551,False,True,False,False,True,False,False,False,False,False,True,False,False,True
8417_01,0.5443037974683544,False,False,False,False,False,False,0.8555555555555556,False,False,False,False,True,False,False,False,False,False,True,False,False,True
8422_01,0.35443037974683544,False,False,False,False,False,False,0.2851851851851852,False,False,False,False,True,False,False,False,False,True,False,False,False,False
8424_01,0.22784810126582278,False,False,False,False,False,False,0.9142857142857144,False,False,False,False,True,False,False,False,False,False,True,False,False,False
8425_01,0.17721518987341772,False,False,False,False,False,False,0.7142857142857143,False,False,True,False,False,False,False,False,False,False,False,True,False,True
8425_02,0.5063291139240507,False,False,False,False,False,False,0.7142857142857143,False,False,True,False,True,False,False,False,False,False,False,True,False,True
8426_01,0.35443037974683544,False,False,False,False,False,False,0.7275132275132276,False,False,False,False,True,False,False,False,False,False,False,True,False,False
8426_02,0.43037974683544306,False,False,False,False,False,False,0.7275132275132276,False,False,False,False,True,False,False,False,False,False,False,True,False,False
8428_01,0.27848101265822783,False,False,False,False,False,False,0.29365079365079366,False,False,False,False,True,False,False,False,False,True,False,False,False,True
8434_01,0.5189873417721519,False,False,False,False,False,False,0.1380952380952381,True,False,True,False,True,False,False,False,True,False,False,False,False,False
8435_01,0.24050632911392406,False,False,False,False,False,False,0.9153439153439155,False,False,False,False,True,False,False,False,False,False,True,False,False,False
8436_01,0.4177215189873418,False,False,False,False,False,False,0.8582010582010583,False,False,False,False,True,False,False,False,False,False,True,False,False,True
8439_01,0.24050632911392406,False,False,False,False,False,False,0.7291005291005291,False,False,True,False,True,False,False,False,False,False,False,True,False,False
8440_01,0.3037974683544304,False,False,False,False,False,False,0.915873015873016,False,True,False,False,False,False,False,False,False,False,True,False,False,False
8440_02,0.0379746835443038,False,False,False,False,False,False,0.915873015873016,False,True,True,False,True,False,False,False,False,False,True,False,False,False
8440_03,0.24050632911392406,False,False,False,False,False,False,0.915873015873016,False,True,True,False,True,False,False,False,False,False,True,False,False,False
8443_01,0.24050632911392406,False,False,False,False,False,False,0.23386243386243388,False,True,True,False,True,False,False,False,False,False,True,False,False,True
8443_02,0.569620253164557,False,False,False,False,False,False,0.9164021164021164,False,True,False,False,True,False,False,False,False,False,True,False,False,False
8445_01,0.3670886075949367,False,False,False,False,False,False,0.7158730158730159,False,False,True,True,False,False,False,False,False,False,False,True,False,True
8445_02,0.6835443037974683,False,False,False,False,False,False,0.7158730158730159,False,False,True,False,True,False,False,False,False,False,False,True,False,True
8445_03,0.012658227848101266,False,False,False,False,False,False,0.7158730158730159,False,False,False,False,False,False,False,False,False,False,False,True,False,True
8446_01,0.22784810126582278,True,True,True,True,True,False,0.13862433862433862,False,True,False,False,True,True,False,False,True,False,False,False,False,False
8450_01,0.3037974683544304,False,False,False,False,False,False,0.917989417989418,False,True,True,False,False,False,False,False,False,False,True,False,False,False
8450_02,0.22784810126582278,False,False,False,False,False,False,0.917989417989418,False,True,False,False,False,False,False,False,False,False,True,False,False,False
8450_03,0.24050632911392406,False,False,False,False,False,False,0.917989417989418,False,True,True,False,True,False,False,False,False,False,True,False,False,False
8453_01,0.27848101265822783,False,False,False,False,False,False,0.8603174603174604,False,False,False,False,True,False,False,False,False,False,True,False,False,True
8455_01,0.6075949367088608,False,False,False,False,False,False,0.16825396825396827,True,False,False,False,True,False,False,True,False,False,False,False,False,True
8461_01,0.49367088607594933,False,False,False,False,False,False,0.1328042328042328,True,False,False,False,False,False,False,False,True,False,False,False,False,True
8464_01,0.5063291139240507,False,False,False,False,False,False,0.862962962962963,False,True,False,False,True,False,False,False,False,False,True,False,False,True
8464_02,0.43037974683544306,False,False,False,False,False,False,0.862962962962963,False,True,True,False,True,False,False,False,False,False,True,False,False,True
8473_01,0.0,False,False,False,False,False,False,0.7306878306878307,False,False,False,False,True,False,False,False,False,False,False,True,False,False
8473_02,0.31645569620253167,False,False,False,False,False,False,0.7306878306878307,False,False,False,False,True,False,False,False,False,False,False,True,False,False
8478_01,0.0379746835443038,False,False,False,False,False,False,0.7179894179894181,False,False,True,False,True,False,False,False,False,False,False,True,False,True
8478_02,0.3037974683544304,False,False,False,False,False,False,0.29470899470899475,False,False,False,False,True,False,False,False,False,True,False,False,False,True
8484_01,0.49367088607594933,False,False,False,False,False,False,0.8645502645502646,False,True,True,False,True,False,False,False,False,False,True,False,False,True
8485_01,0.6962025316455696,False,False,False,False,False,False,0.719047619047619,False,False,True,True,False,False,False,False,False,False,False,True,False,True
8488_01,0.3037974683544304,False,False,False,False,False,False,0.13968253968253969,True,False,False,False,False,False,False,False,True,False,False,False,False,False
8490_01,0.3291139240506329,False,False,False,False,False,False,0.23386243386243388,False,True,False,False,True,False,False,False,False,False,True,False,False,True
8496_01,0.34177215189873417,False,False,False,False,False,False,0.9211640211640212,False,False,False,False,True,False,False,False,False,False,True,False,False,False
8497_01,0.24050632911392406,False,False,False,False,False,False,0.7201058201058201,False,False,False,False,True,False,False,False,False,False,False,True,False,True
8498_01,0.34177215189873417,False,False,False,False,False,False,0.9216931216931218,False,False,False,False,True,False,False,False,False,False,True,False,False,False
8499_01,0.3037974683544304,False,False,False,False,False,False,0.7206349206349206,False,False,True,True,False,False,False,False,False,False,False,True,False,True
8501_01,0.3924050632911392,False,False,False,False,False,False,0.7211640211640212,False,False,True,True,False,False,False,False,False,False,False,True,False,True
8505_01,0.6582278481012658,False,False,False,False,False,False,0.9232804232804234,False,True,False,False,True,False,False,False,False,False,True,False,False,False
8507_01,0.3291139240506329,False,False,False,False,False,False,0.14021164021164023,True,False,False,False,True,False,False,False,True,False,False,False,False,False
8510_01,0.7341772151898734,False,False,False,False,False,False,0.13492063492063494,False,True,False,False,True,False,False,False,True,False,False,False,False,True
8510_02,0.20253164556962025,False,False,False,False,False,False,0.8656084656084657,False,True,True,False,True,False,False,False,False,False,True,False,False,True
8513_01,0.45569620253164556,False,False,False,False,False,False,0.7333333333333334,False,False,False,False,True,False,False,False,False,False,False,True,False,False
8515_01,0.2911392405063291,False,False,False,False,False,False,0.9253968253968254,False,False,False,False,True,False,False,False,False,False,True,False,False,False
8517_01,0.31645569620253167,False,False,False,False,False,False,0.046031746031746035,False,False,False,False,False,False,False,False,False,False,False,False,False,False
8517_02,0.26582278481012656,False,False,False,False,False,False,0.046031746031746035,True,False,True,False,True,False,False,False,False,False,False,False,False,False
8518_01,0.27848101265822783,False,False,False,False,False,False,0.7227513227513228,False,False,True,False,True,False,False,False,False,False,False,True,False,True
8519_01,0.25316455696202533,False,False,False,False,False,False,0.7232804232804233,False,False,False,False,True,False,False,False,False,False,False,True,False,True
8520_01,0.7088607594936709,False,False,False,False,False,False,0.8666666666666667,False,False,False,False,True,False,False,False,False,False,True,False,False,True
8520_02,0.05063291139240506,False,False,False,False,False,False,0.7238095238095239,False,False,False,False,True,False,False,False,False,False,False,True,False,True
8525_01,0.45569620253164556,False,False,False,False,False,False,0.16984126984126985,True,False,False,False,True,False,False,True,False,False,False,False,False,True
8525_02,0.5949367088607594,False,False,False,False,False,False,0.16984126984126985,True,False,True,False,True,False,False,True,False,False,False,False,False,True
8526_01,0.3037974683544304,False,False,False,False,False,False,0.13544973544973546,False,True,False,False,True,False,False,False,True,False,False,False,False,True
8526_02,0.37974683544303794,False,False,False,False,False,False,0.29523809523809524,False,True,False,False,True,False,False,False,False,True,False,False,False,True
8527_01,0.26582278481012656,False,False,False,False,False,False,0.7338624338624339,False,False,True,False,False,False,False,False,False,False,False,True,False,False
8529_01,0.6582278481012658,False,False,False,False,False,False,0.8671957671957673,False,False,False,False,True,False,False,False,False,False,True,False,False,True
8531_01,0.22784810126582278,False,False,False,False,False,False,0.7343915343915345,False,False,True,False,True,False,False,False,False,False,False,True,False,False
8532_01,0.6708860759493671,False,False,False,False,False,False,0.926984126984127,False,False,False,False,True,False,False,False,False,False,True,False,False,False
8533_01,0.7848101265822784,False,False,False,False,False,False,0.7248677248677249,False,False,True,False,True,False,False,False,False,False,False,True,False,True
8534_01,0.11392405063291139,False,False,False,False,False,False,0.7253968253968255,False,False,False,False,True,False,False,False,False,False,False,True,False,True
8534_02,0.02531645569620253,False,False,False,False,False,False,0.7253968253968255,False,False,True,True,False,False,False,False,False,False,False,True,False,True
8534_03,0.3291139240506329,False,False,False,False,False,False,0.7253968253968255,False,False,True,False,True,False,False,False,False,False,False,True,False,True
8534_04,0.2911392405063291,False,False,False,False,False,False,0.8682539682539683,False,False,False,False,True,False,False,False,False,False,True,False,False,True
8538_01,0.35443037974683544,False,False,False,False,False,False,0.8698412698412699,False,True,False,False,True,False,False,False,False,False,True,False,False,True
8543_01,0.7468354430379747,False,False,False,False,False,False,0.870899470899471,False,False,False,False,True,False,False,False,False,False,True,False,False,True
8543_02,0.2911392405063291,False,False,False,False,False,False,0.7264550264550265,False,False,True,True,False,False,False,False,False,False,False,True,False,True
8543_03,0.25316455696202533,False,False,False,False,False,False,0.870899470899471,False,False,False,True,False,False,False,False,False,False,True,False,False,True
8543_04,0.3037974683544304,False,False,False,False,False,False,0.7264550264550265,False,False,False,False,True,False,False,False,False,False,False,True,False,True
8543_05,0.6075949367088608,False,False,False,False,False,False,0.29629629629629634,False,False,False,False,True,False,False,False,False,True,False,False,False,True
8543_06,0.31645569620253167,False,False,False,False,False,False,0.870899470899471,False,False,False,False,True,False,False,False,False,False,True,False,False,True
8543_07,0.46835443037974683,False,False,False,False,False,False,0.7264550264550265,False,False,True,True,False,False,False,False,False,False,False,True,False,True
8543_08,0.5063291139240507,False,False,False,False,False,False,0.870899470899471,False,False,False,False,True,False,False,False,False,False,True,False,False,True
8546_01,0.21518987341772153,False,False,False,False,False,False,0.734920634920635,False,False,True,False,False,False,False,False,False,False,False,True,False,False
8547_01,0.21518987341772153,False,False,False,False,False,False,0.9280423280423281,False,False,False,False,True,False,False,False,False,False,True,False,False,False
8550_01,0.26582278481012656,False,False,False,False,False,False,0.8724867724867725,False,False,False,False,True,False,False,False,False,False,True,False,False,True
8553_01,0.6329113924050633,False,False,False,False,False,False,0.2888888888888889,False,True,False,False,True,False,False,False,False,True,False,False,False,False
8555_01,0.4810126582278481,False,False,False,False,False,False,0.7354497354497355,False,False,True,True,False,False,False,False,False,False,False,True,False,False
8555_02,0.49367088607594933,False,False,False,False,False,False,0.9296296296296297,False,False,False,False,True,False,False,False,False,False,True,False,False,False
8555_03,0.0,False,False,False,False,False,False,0.7354497354497355,False,False,False,False,False,False,False,False,False,False,False,True,False,False
8558_01,0.4050632911392405,False,False,False,False,False,False,0.7269841269841271,False,False,True,False,True,False,False,False,False,False,False,True,False,True
8562_01,0.49367088607594933,False,False,False,False,False,False,0.873015873015873,False,True,False,False,True,False,False,False,False,False,True,False,False,True
8563_01,0.16455696202531644,False,False,False,False,False,False,0.9306878306878308,False,False,False,False,True,False,False,False,False,False,True,False,False,False
8564_01,0.22784810126582278,False,False,False,False,False,False,0.9312169312169313,False,False,False,True,False,False,False,False,False,False,True,False,False,False
8565_01,0.3924050632911392,False,False,False,False,False,False,0.728042328042328,False,False,True,False,True,False,False,False,False,False,False,True,False,True
8565_02,0.06329113924050633,False,False,False,False,False,False,0.728042328042328,False,False,False,False,False,False,False,False,False,False,False,True,False,True
8565_03,0.5949367088607594,False,False,False,False,False,False,0.728042328042328,False,False,False,False,True,False,False,False,False,False,False,True,False,True
8567_01,0.5443037974683544,False,False,False,False,False,False,0.2904761904761905,True,False,False,False,False,False,False,False,False,True,False,False,False,False
8567_02,0.34177215189873417,False,False,False,False,False,False,0.2904761904761905,True,False,False,False,True,False,False,False,False,True,False,False,False,False
8567_03,0.34177215189873417,False,False,False,False,False,False,0.2904761904761905,True,False,False,False,True,False,False,False,False,True,False,False,False,False
8568_01,0.3924050632911392,False,False,False,False,False,False,0.2968253968253968,True,False,True,False,False,False,False,False,False,True,False,False,False,True
8568_02,0.3291139240506329,False,False,False,False,False,False,0.2968253968253968,True,False,True,False,False,False,False,False,False,True,False,False,False,True
8575_01,0.27848101265822783,False,False,False,False,False,False,0.737037037037037,False,False,False,False,True,False,False,False,False,False,False,True,False,False
8576_01,0.31645569620253167,False,False,False,False,False,False,0.1703703703703704,False,False,True,False,False,False,False,True,False,False,False,False,False,True
8578_01,0.25316455696202533,False,False,False,False,False,False,0.9317460317460318,False,False,False,True,False,False,False,False,False,False,True,False,False,False
8579_01,0.2911392405063291,False,False,False,False,False,False,0.17724867724867727,True,False,True,False,False,False,True,False,False,False,False,False,False,True
8582_01,0.24050632911392406,False,False,False,False,False,False,0.7301587301587302,False,False,True,False,True,False,False,False,False,False,False,True,False,True
8583_01,0.34177215189873417,False,False,False,False,False,False,0.9322751322751324,False,True,True,False,True,False,False,False,False,False,True,False,False,False
8583_02,0.10126582278481013,False,False,False,False,False,False,0.9322751322751324,False,True,True,False,True,False,False,False,False,False,True,False,False,False
8590_01,0.8354430379746836,False,False,False,False,False,False,0.8761904761904763,False,True,False,False,True,False,False,False,False,False,True,False,False,True
8591_01,0.21518987341772153,False,False,False,False,False,False,0.9333333333333333,False,False,False,False,True,False,False,False,False,False,True,False,False,False
8593_01,0.5189873417721519,False,False,False,False,False,False,0.8767195767195768,False,False,False,False,True,False,False,False,False,False,True,False,False,True
8600_01,0.17721518987341772,False,False,False,False,False,False,0.7322751322751323,False,False,True,False,True,False,False,False,False,False,False,True,False,True
8601_01,0.6708860759493671,False,False,False,False,False,False,0.7380952380952381,False,False,False,False,True,False,False,False,False,False,False,True,False,False
8608_01,0.16455696202531644,False,False,False,False,False,False,0.7391534391534392,False,False,True,True,False,False,False,False,False,False,False,True,False,False
8621_01,0.24050632911392406,False,False,False,False,False,False,0.2920634920634921,False,False,False,False,True,False,False,False,False,True,False,False,False,False
8622_01,0.24050632911392406,False,False,False,False,False,False,0.8783068783068784,False,False,False,False,True,False,False,False,False,False,True,False,False,True
8625_01,0.17721518987341772,False,False,False,False,False,False,0.8793650793650795,False,False,False,False,True,False,False,False,False,False,True,False,False,True
8627_01,0.22784810126582278,False,False,False,False,False,False,0.87989417989418,False,False,False,False,True,False,False,False,False,False,True,False,False,True
8630_01,0.31645569620253167,False,False,False,False,False,False,0.9370370370370371,False,True,False,False,True,False,False,False,False,False,True,False,False,False
8632_01,0.20253164556962025,False,False,False,False,False,False,0.7412698412698413,False,False,True,False,True,False,False,False,False,False,False,True,False,False
8632_02,0.0759493670886076,False,False,False,False,False,False,0.7412698412698413,False,False,True,False,True,False,False,False,False,False,False,True,False,False
8647_01,0.27848101265822783,False,False,False,False,False,False,0.8830687830687831,False,True,True,False,True,False,False,False,False,False,True,False,False,True
8648_01,0.0379746835443038,False,False,False,False,False,False,0.7423280423280424,False,False,False,True,False,False,False,False,False,False,False,True,False,False
8648_02,0.24050632911392406,False,False,False,False,False,False,0.9402116402116403,False,False,False,False,True,False,False,False,False,False,True,False,False,False
8648_03,0.2911392405063291,False,False,False,False,False,False,0.7423280423280424,False,False,True,False,True,False,False,False,False,False,False,True,False,False
8649_01,0.3291139240506329,False,False,False,False,False,False,0.8835978835978836,False,False,False,False,True,False,False,False,False,False,True,False,False,True
8651_01,0.2911392405063291,False,False,False,False,False,False,0.8841269841269842,False,False,False,False,True,False,False,False,False,False,True,False,False,True
8652_01,0.31645569620253167,False,False,False,False,False,False,0.9407407407407408,False,False,False,False,True,False,False,False,False,False,True,False,False,False
8655_01,0.25316455696202533,False,False,False,False,False,False,0.8846560846560847,False,False,False,True,False,False,False,False,False,False,True,False,False,True
8660_01,0.3670886075949367,False,False,False,False,False,False,0.8857142857142858,False,False,False,False,False,False,False,False,False,False,True,False,False,True
8662_01,0.3291139240506329,False,False,False,False,False,False,0.942857142857143,False,False,False,False,True,False,False,False,False,False,True,False,False,False
8665_01,0.24050632911392406,False,False,False,False,False,False,0.7433862433862435,False,False,True,False,True,False,False,False,False,False,False,True,False,False
8666_01,0.35443037974683544,False,False,False,False,False,False,0.7386243386243386,False,False,True,False,True,False,False,False,False,False,False,True,False,True
8676_01,0.26582278481012656,False,False,False,False,False,False,0.9444444444444445,False,False,False,False,True,False,False,False,False,False,True,False,False,False
8677_01,0.31645569620253167,False,False,False,False,False,False,0.1380952380952381,True,False,False,False,True,False,False,False,True,False,False,False,False,True
8677_02,0.34177215189873417,True,True,True,True,True,False,0.1380952380952381,True,False,False,False,True,True,False,False,True,False,False,False,False,True
8677_03,0.6835443037974683,False,False,False,False,False,False,0.1380952380952381,True,False,False,False,True,False,False,False,True,False,False,False,False,True
8678_01,0.11392405063291139,False,False,False,False,False,False,0.7402116402116402,False,False,True,False,False,False,False,False,False,False,False,True,False,True
8678_02,0.3037974683544304,False,False,False,False,False,False,0.8878306878306879,False,False,False,False,True,False,False,False,False,False,True,False,False,True
8679_01,0.27848101265822783,False,False,False,False,False,False,0.7444444444444445,False,False,True,False,True,False,False,False,False,False,False,True,False,False
8682_01,0.5316455696202531,False,False,False,False,False,False,0.13862433862433862,True,False,False,False,True,False,False,False,True,False,False,False,False,True
8686_01,0.4430379746835443,False,False,False,False,False,False,0.29470899470899475,True,False,False,False,True,False,False,False,False,True,False,False,False,False
8689_01,0.0759493670886076,False,False,False,False,False,False,0.7449735449735451,False,False,True,False,True,False,False,False,False,False,False,True,False,False
8690_01,0.49367088607594933,False,False,False,False,False,False,0.88994708994709,False,True,False,False,True,False,False,False,False,False,True,False,False,True
8690_02,0.3037974683544304,False,False,False,False,False,False,0.13915343915343917,False,True,False,False,True,False,False,False,True,False,False,False,False,True
8692_01,0.26582278481012656,False,False,False,False,False,False,0.15132275132275133,True,False,True,False,False,False,False,True,False,False,False,False,False,False
8692_02,0.6075949367088608,False,False,False,False,False,False,0.15132275132275133,True,False,False,False,False,False,False,True,False,False,False,False,False,False
8692_03,0.3037974683544304,False,False,False,False,False,False,0.15132275132275133,True,False,True,False,True,False,False,True,False,False,False,False,False,False
8697_01,0.31645569620253167,False,False,False,False,False,False,0.7412698412698413,False,False,True,True,False,False,False,False,False,False,False,True,False,True
8698_01,0.3670886075949367,False,False,False,False,False,False,0.7417989417989419,False,False,False,False,False,False,False,False,False,False,False,True,False,True
8699_01,0.6582278481012658,False,False,False,False,False,False,0.7423280423280424,False,False,True,True,False,False,False,False,False,False,False,True,False,True
8702_01,0.5443037974683544,False,False,False,False,False,False,0.15185185185185185,True,False,False,False,False,False,False,True,False,False,False,False,False,False
8705_01,0.25316455696202533,False,False,False,False,False,False,0.9470899470899472,False,True,False,False,False,False,False,False,False,False,True,False,False,False
8706_01,0.24050632911392406,False,False,False,False,False,False,0.7470899470899471,False,False,False,False,False,False,False,False,False,False,False,True,False,False
8707_01,0.25316455696202533,False,False,False,False,False,False,0.7428571428571429,False,False,False,False,True,False,False,False,False,False,False,True,False,True
8711_01,0.6075949367088608,True,True,True,True,True,False,0.9476190476190477,False,True,False,False,True,True,False,False,False,False,True,False,False,False
8713_01,0.3670886075949367,False,False,False,False,False,False,0.1492063492063492,True,False,False,False,False,False,True,False,False,False,False,False,False,False
8713_02,0.5822784810126582,False,False,False,False,False,False,0.1492063492063492,True,False,True,False,False,False,True,False,False,False,False,False,False,False
8715_01,0.22784810126582278,False,False,False,False,False,False,0.7481481481481482,False,False,True,False,True,False,False,False,False,False,False,True,False,False
8718_01,0.45569620253164556,False,False,False,False,False,False,0.7486772486772487,False,False,False,False,False,False,False,False,False,False,False,True,False,False
8724_01,0.27848101265822783,False,False,False,False,False,False,0.9497354497354498,False,True,False,False,True,False,False,False,False,False,True,False,False,False
8725_01,0.08860759493670886,False,False,False,False,False,False,0.7433862433862435,False,False,True,False,True,False,False,False,False,False,False,True,False,True
8726_01,0.4810126582278481,False,False,False,False,False,False,0.9502645502645504,False,True,True,False,True,False,False,False,False,False,True,False,False,False
8730_01,0.5569620253164557,False,False,False,False,False,False,0.1523809523809524,True,False,False,False,False,False,False,True,False,False,False,False,False,False
8731_01,0.3037974683544304,False,False,False,False,False,False,0.3010582010582011,True,False,False,False,False,False,False,False,False,True,False,False,False,True
8737_01,0.5316455696202531,False,False,False,False,False,False,0.9529100529100529,False,True,True,False,True,False,False,False,False,False,True,False,False,False
8738_01,0.4430379746835443,False,False,False,False,False,False,0.7502645502645503,False,False,True,False,True,False,False,False,False,False,False,True,False,False
8739_01,0.4177215189873418,False,False,False,False,False,False,0.8952380952380953,False,False,False,False,True,False,False,False,False,False,True,False,False,True
8740_01,0.27848101265822783,False,False,False,False,False,False,0.29629629629629634,False,False,False,False,False,False,False,False,False,True,False,False,False,False
8742_01,0.4430379746835443,False,False,False,False,False,False,0.2968253968253968,False,False,False,False,True,False,False,False,False,True,False,False,False,False
8745_01,0.26582278481012656,False,False,False,False,False,False,0.7507936507936508,False,False,False,False,True,False,False,False,False,False,False,True,False,False
8746_01,0.24050632911392406,False,False,False,False,False,False,0.7444444444444445,False,False,True,True,False,False,False,False,False,False,False,True,False,True
8747_01,0.43037974683544306,False,False,False,False,False,False,0.8957671957671959,False,True,True,False,True,False,False,False,False,False,True,False,False,True
8747_02,0.6582278481012658,False,False,False,False,False,False,0.3021164021164021,False,True,False,False,True,False,False,False,False,True,False,False,False,True
8748_01,0.22784810126582278,False,False,False,False,False,False,0.1433862433862434,False,True,False,False,True,False,False,False,True,False,False,False,False,False
8748_02,0.3291139240506329,False,False,False,False,False,False,0.953968253968254,False,True,False,False,True,False,False,False,False,False,True,False,False,False
8756_01,0.4050632911392405,False,False,False,False,False,False,0.14973544973544975,True,False,False,False,True,False,True,False,False,False,False,False,False,False
8758_01,0.45569620253164556,False,False,False,False,False,False,0.30264550264550266,True,False,False,False,True,False,False,False,False,True,False,False,False,True
8758_02,0.6962025316455696,False,False,False,False,False,False,0.30264550264550266,True,False,False,False,False,False,False,False,False,True,False,False,False,True
8761_01,0.8227848101265822,False,False,False,False,False,False,0.14444444444444446,False,True,False,False,True,False,False,False,True,False,False,False,False,False
8763_01,0.3670886075949367,False,False,False,False,False,False,0.7513227513227514,False,False,False,False,True,False,False,False,False,False,False,True,False,False
8763_02,0.22784810126582278,False,False,False,False,False,False,0.9555555555555556,False,False,False,False,True,False,False,False,False,False,True,False,False,False
8763_03,0.0,False,False,False,False,False,False,0.7513227513227514,False,False,False,True,False,False,False,False,False,False,False,True,False,False
8765_01,0.4430379746835443,False,False,False,False,False,False,0.8984126984126984,False,True,False,False,True,False,False,False,False,False,True,False,False,True
8767_01,0.46835443037974683,False,False,False,False,False,False,0.17883597883597885,True,False,False,False,False,False,True,False,False,False,False,False,False,True
8767_02,0.16455696202531644,False,False,False,False,False,False,0.17883597883597885,True,False,False,False,True,False,True,False,False,False,False,False,False,True
8768_01,0.18987341772151897,False,False,False,False,False,False,0.3031746031746032,False,False,False,False,True,False,False,False,False,True,False,False,False,True
8768_02,0.4177215189873418,False,False,False,False,False,False,0.7465608465608466,False,False,False,False,False,False,False,False,False,False,False,True,False,True
8768_03,0.3291139240506329,False,False,False,False,False,False,0.898941798941799,False,False,False,False,True,False,False,False,False,False,True,False,False,True
8775_01,0.5063291139240507,False,False,False,False,False,False,0.14550264550264552,False,False,True,False,True,False,False,False,True,False,False,False,False,False
8777_01,0.45569620253164556,False,False,False,False,False,False,0.30423280423280424,False,False,False,False,True,False,False,False,False,True,False,False,False,True
8778_01,0.4177215189873418,False,False,False,False,False,False,0.9571428571428572,False,True,True,False,True,False,False,False,False,False,True,False,False,False
8778_02,0.05063291139240506,False,False,False,False,False,False,0.9571428571428572,False,True,True,False,True,False,False,False,False,False,True,False,False,False
8784_01,0.25316455696202533,False,False,False,False,False,False,0.9005291005291006,False,False,False,False,True,False,False,False,False,False,True,False,False,True
8788_01,0.2911392405063291,False,False,False,False,False,False,0.9582010582010583,False,False,False,True,False,False,False,False,False,False,True,False,False,False
8792_01,0.3037974683544304,False,False,False,False,False,False,0.9010582010582011,False,True,False,False,True,False,False,False,False,False,True,False,False,True
8793_01,0.22784810126582278,False,False,False,False,False,False,0.1529100529100529,True,False,False,False,False,False,False,True,False,False,False,False,False,False
8793_02,0.31645569620253167,False,False,False,False,False,False,0.1529100529100529,True,False,True,True,False,False,False,True,False,False,False,False,False,False
8793_03,0.3291139240506329,False,False,False,False,False,False,0.1529100529100529,True,False,True,False,False,False,False,True,False,False,False,False,False,False
8793_04,0.6582278481012658,False,False,False,False,False,False,0.1529100529100529,True,False,False,False,True,False,False,True,False,False,False,False,False,False
8793_05,0.5949367088607594,False,False,False,False,False,False,0.1529100529100529,True,False,True,False,True,False,False,True,False,False,False,False,False,False
8795_01,0.3037974683544304,False,False,False,False,False,False,0.9592592592592594,False,False,False,False,False,False,False,False,False,False,True,False,False,False
8800_01,0.0379746835443038,False,False,False,False,False,False,0.752910052910053,False,False,True,False,True,False,False,False,False,False,False,True,False,False
8800_02,0.11392405063291139,False,False,False,False,False,False,0.752910052910053,False,False,False,False,True,False,False,False,False,False,False,True,False,False
8800_03,0.02531645569620253,False,False,False,False,False,False,0.752910052910053,False,False,False,False,True,False,False,False,False,False,False,True,False,False
8800_04,0.24050632911392406,False,False,False,False,False,False,0.752910052910053,False,False,False,False,True,False,False,False,False,False,False,True,False,False
8800_05,0.1518987341772152,False,False,False,False,False,False,0.752910052910053,False,False,False,True,False,False,False,False,False,False,False,True,False,False
8803_01,0.26582278481012656,False,False,False,False,False,False,0.7534391534391535,False,False,True,False,False,False,False,False,False,False,False,True,False,False
8804_01,0.25316455696202533,False,False,False,False,False,False,0.9597883597883599,False,True,True,False,True,False,False,False,False,False,True,False,False,False
8804_02,0.7974683544303798,False,False,False,False,False,False,0.9597883597883599,False,True,True,False,True,False,False,False,False,False,True,False,False,False
8804_03,0.18987341772151897,False,False,False,False,False,False,0.9597883597883599,False,True,True,False,True,False,False,False,False,False,True,False,False,False
8804_04,0.31645569620253167,False,False,False,False,False,False,0.9597883597883599,False,True,False,False,True,False,False,False,False,False,True,False,False,False
8804_05,0.16455696202531644,False,False,False,False,False,False,0.9597883597883599,False,True,False,False,True,False,False,False,False,False,True,False,False,False
8810_01,0.569620253164557,True,True,True,True,True,False,0.9042328042328043,False,True,False,False,True,True,False,False,False,False,True,False,False,True
8814_01,0.21518987341772153,False,False,False,False,False,False,0.7539682539682541,False,False,True,False,True,False,False,False,False,False,False,True,False,False
8829_01,0.22784810126582278,False,False,False,False,False,False,0.752910052910053,False,False,False,False,False,False,False,False,False,False,False,True,False,True
8832_01,0.5063291139240507,False,False,False,False,False,False,0.906878306878307,False,False,False,False,True,False,False,False,False,False,True,False,False,True
8837_01,0.5063291139240507,False,False,False,False,False,False,0.7544973544973546,False,False,False,False,False,False,False,False,False,False,False,True,False,True
8839_01,0.8227848101265822,False,False,False,False,False,False,0.05555555555555556,True,False,False,False,True,False,False,False,False,False,False,False,False,True
8839_02,0.569620253164557,False,False,False,False,False,False,0.05555555555555556,True,False,False,False,False,False,False,False,False,False,False,False,False,True
8846_01,0.43037974683544306,False,False,False,False,False,False,0.17354497354497356,True,False,False,False,True,False,False,True,False,False,False,False,False,True
8846_02,0.46835443037974683,False,False,False,False,False,False,0.17354497354497356,True,False,False,False,True,False,False,True,False,False,False,False,False,True
8847_01,0.16455696202531644,False,False,False,False,False,False,0.7576719576719577,False,False,True,False,True,False,False,False,False,False,False,True,False,False
8851_01,0.20253164556962025,False,False,False,False,False,False,0.7555555555555556,False,False,True,False,False,False,False,False,False,False,False,True,False,True
8855_01,0.20253164556962025,False,False,False,False,False,False,0.3074074074074074,False,True,False,False,True,False,False,False,False,True,False,False,False,True
8857_01,0.16455696202531644,False,False,False,False,False,False,0.7592592592592593,False,False,True,False,False,False,False,False,False,False,False,True,False,False
8859_01,0.24050632911392406,False,False,False,False,False,False,0.1417989417989418,False,True,False,False,True,False,False,False,True,False,False,False,False,True
8866_01,0.6835443037974683,False,False,False,False,False,False,0.9666666666666668,False,False,False,True,False,False,False,False,False,False,True,False,False,False
8870_01,0.16455696202531644,False,False,False,False,False,False,0.908994708994709,False,True,True,False,True,False,False,False,False,False,True,False,False,True
8870_02,0.5063291139240507,False,False,False,False,False,False,0.908994708994709,False,True,False,False,True,False,False,False,False,False,True,False,False,True
8873_01,0.31645569620253167,False,False,False,False,False,False,0.04920634920634921,True,False,False,False,True,False,False,False,False,False,False,False,False,False
8873_02,0.45569620253164556,False,False,False,False,False,False,0.04920634920634921,True,False,False,False,True,False,False,False,False,False,False,False,False,False
8873_03,0.7341772151898734,False,False,False,False,False,False,0.04920634920634921,True,False,True,False,False,False,False,False,False,False,False,False,False,False
8875_01,0.02531645569620253,False,False,False,False,False,False,0.17460317460317462,True,False,False,False,True,False,False,True,False,False,False,False,False,True
8875_02,0.4050632911392405,False,False,False,False,False,False,0.17460317460317462,True,False,False,False,True,False,False,True,False,False,False,False,False,True
8875_03,0.4050632911392405,False,False,False,False,False,False,0.17460317460317462,True,False,True,False,True,False,False,True,False,False,False,False,False,True
8877_01,0.3291139240506329,False,False,False,False,False,False,0.1544973544973545,True,False,True,False,True,False,False,True,False,False,False,False,False,False
8877_02,0.6835443037974683,False,False,False,False,False,False,0.1544973544973545,True,False,True,False,True,False,False,True,False,False,False,False,False,False
8879_01,0.26582278481012656,False,False,False,False,False,False,0.7603174603174604,False,False,True,False,True,False,False,False,False,False,False,True,False,False
8882_01,0.5822784810126582,False,False,False,False,False,False,0.3084656084656085,False,False,False,False,True,False,False,False,False,True,False,False,False,True
8887_01,0.5443037974683544,False,False,False,False,False,False,0.3010582010582011,False,True,True,False,False,False,False,False,False,True,False,False,False,False
8888_01,0.22784810126582278,False,False,False,False,False,False,0.9100529100529101,False,False,False,False,True,False,False,False,False,False,True,False,False,True
8893_01,0.3291139240506329,False,False,False,False,False,False,0.15502645502645504,True,False,True,False,False,False,False,True,False,False,False,False,False,False
8893_02,0.18987341772151897,False,False,False,False,False,False,0.15502645502645504,True,False,True,False,False,False,False,True,False,False,False,False,False,False
8895_01,0.49367088607594933,False,False,False,False,False,False,0.15555555555555556,True,False,True,False,True,False,False,True,False,False,False,False,False,False
8895_02,0.5189873417721519,False,False,False,False,False,False,0.15555555555555556,True,False,False,False,True,False,False,True,False,False,False,False,False,False
8898_01,0.49367088607594933,False,False,False,False,False,False,0.308994708994709,False,False,False,False,True,False,False,False,False,True,False,False,False,True
8908_01,0.24050632911392406,False,False,False,False,False,False,0.7613756613756614,False,False,True,True,False,False,False,False,False,False,False,True,False,True
8909_01,0.16455696202531644,False,False,False,False,False,False,0.96984126984127,False,False,False,False,True,False,False,False,False,False,True,False,False,False
8911_01,0.5443037974683544,True,True,True,True,True,False,0.14761904761904762,False,True,False,False,True,True,False,False,True,False,False,False,False,False
8912_01,0.4177215189873418,False,False,False,False,False,False,0.7634920634920636,False,False,True,True,False,False,False,False,False,False,False,True,False,False
8913_01,0.49367088607594933,False,False,False,False,False,False,0.764021164021164,False,False,True,False,True,False,False,False,False,False,False,True,False,False
8913_02,0.012658227848101266,False,False,False,False,False,False,0.764021164021164,False,False,True,False,True,False,False,False,False,False,False,True,False,False
8913_03,0.06329113924050633,False,False,False,False,False,False,0.764021164021164,False,False,False,False,False,False,False,False,False,False,False,True,False,False
8914_01,0.2911392405063291,False,False,False,False,False,False,0.23386243386243388,False,False,False,False,True,False,False,False,False,False,True,False,False,True
8915_01,0.5189873417721519,False,False,False,False,False,False,0.7650793650793651,False,False,False,False,True,False,False,False,False,False,False,True,False,False
8916_01,0.49367088607594933,False,False,False,False,False,False,0.7656084656084656,False,False,True,False,True,False,False,False,False,False,False,True,False,False
8917_01,0.3291139240506329,False,False,False,False,False,False,0.761904761904762,False,False,True,False,True,False,False,False,False,False,False,True,False,True
8921_01,0.31645569620253167,False,False,False,False,False,False,0.1523809523809524,True,False,True,False,True,False,True,False,False,False,False,False,False,False
8924_01,0.4430379746835443,False,False,False,False,False,False,0.17566137566137568,True,False,True,False,False,False,False,True,False,False,False,False,False,True
8925_01,0.0379746835443038,False,False,False,False,False,False,0.1560846560846561,True,False,True,False,True,False,False,True,False,False,False,False,False,False
8925_02,0.012658227848101266,False,False,False,False,False,False,0.1560846560846561,True,False,False,False,True,False,False,True,False,False,False,False,False,False
8925_03,0.16455696202531644,False,False,False,False,False,False,0.1560846560846561,True,False,True,False,False,False,False,True,False,False,False,False,False,False
8925_04,0.5189873417721519,False,False,False,False,False,False,0.1560846560846561,True,False,False,False,True,False,False,True,False,False,False,False,False,False
8925_05,0.45569620253164556,False,False,False,False,False,False,0.1560846560846561,True,False,True,False,True,False,False,True,False,False,False,False,False,False
8925_06,0.34177215189873417,False,False,False,False,False,False,0.1560846560846561,True,False,False,False,True,False,False,True,False,False,False,False,False,False
8927_01,0.5063291139240507,False,False,False,False,False,False,0.15661375661375662,True,False,False,False,True,False,False,True,False,False,False,False,False,False
8929_01,0.7468354430379747,False,False,False,False,False,False,0.9121693121693122,False,False,False,False,True,False,False,False,False,False,True,False,False,True
8931_01,0.31645569620253167,False,False,False,False,False,False,0.9132275132275133,False,True,False,True,False,False,False,False,False,False,True,False,False,True
8933_01,0.27848101265822783,False,False,False,False,False,False,0.30264550264550266,False,True,False,False,True,False,False,False,False,True,False,False,False,False
8934_01,0.4050632911392405,False,False,False,False,False,False,0.3031746031746032,True,False,False,False,False,False,False,False,False,True,False,False,False,False
8935_01,0.27848101265822783,False,False,False,False,False,False,0.9142857142857144,False,False,False,False,True,False,False,False,False,False,True,False,False,True
8936_01,0.6962025316455696,True,True,True,True,True,False,0.3100529100529101,False,True,False,False,True,True,False,False,False,True,False,False,False,True
8943_01,0.27848101265822783,False,False,False,False,False,False,0.9153439153439155,False,False,False,False,True,False,False,False,False,False,True,False,False,True
8946_01,0.4177215189873418,False,False,False,False,False,False,0.17671957671957672,True,False,True,True,False,False,False,True,False,False,False,False,False,True
8949_01,0.7215189873417721,False,False,False,False,False,False,0.9708994708994709,False,False,False,False,True,False,False,False,False,False,True,False,False,False
8950_01,0.3291139240506329,False,False,False,False,False,False,0.7677248677248678,False,False,False,False,True,False,False,False,False,False,False,True,False,False
8951_01,0.35443037974683544,False,False,False,False,False,False,0.1529100529100529,True,False,False,False,False,False,True,False,False,False,False,False,False,False
8952_01,0.2911392405063291,False,False,False,False,False,False,0.9714285714285715,False,False,False,False,True,False,False,False,False,False,True,False,False,False
8953_01,0.7848101265822784,False,False,False,False,False,False,0.9164021164021164,False,False,False,False,True,False,False,False,False,False,True,False,False,True
8957_01,0.569620253164557,False,False,False,False,False,False,0.7634920634920636,False,False,False,False,True,False,False,False,False,False,False,True,False,True
8958_01,0.2911392405063291,False,False,False,False,False,False,0.7693121693121694,False,False,True,False,True,False,False,False,False,False,False,True,False,False
8960_01,0.0,False,False,False,False,False,False,0.764021164021164,False,False,False,False,True,False,False,False,False,False,False,True,False,True
8960_02,0.26582278481012656,False,False,False,False,False,False,0.764021164021164,False,False,False,False,True,False,False,False,False,False,False,True,False,True
8960_03,0.0,False,False,False,False,False,False,0.764021164021164,False,False,True,False,True,False,False,False,False,False,False,True,False,True
8962_01,0.2911392405063291,False,False,False,False,False,False,0.916931216931217,False,False,False,False,True,False,False,False,False,False,True,False,False,True
8963_01,0.31645569620253167,False,False,False,False,False,False,0.23386243386243388,True,False,True,False,True,False,False,False,False,False,True,False,False,True
8965_01,0.4050632911392405,False,False,False,False,False,False,0.1433862433862434,False,True,False,False,True,False,False,False,True,False,False,False,False,True
8971_01,0.5822784810126582,False,False,False,False,False,False,0.15343915343915346,True,False,False,False,True,False,True,False,False,False,False,False,False,False
8974_01,0.35443037974683544,False,False,False,False,False,False,0.15925925925925927,True,False,True,False,False,False,False,True,False,False,False,False,False,False
8979_01,0.49367088607594933,True,True,True,True,True,False,0.9195767195767196,False,True,False,True,False,True,False,False,False,False,True,False,False,True
8980_01,0.22784810126582278,False,False,False,False,False,False,0.14444444444444446,False,True,False,False,True,False,False,False,True,False,False,False,False,True
8980_02,0.27848101265822783,False,False,False,False,False,False,0.14444444444444446,False,True,False,False,False,False,False,False,True,False,False,False,False,True
8980_03,0.2911392405063291,False,False,False,False,False,False,0.14444444444444446,False,True,True,False,True,False,False,False,True,False,False,False,False,True
8980_04,0.27848101265822783,False,False,False,False,False,False,0.14444444444444446,False,True,False,False,True,False,False,False,True,False,False,False,False,True
8980_05,0.9240506329113924,False,False,False,False,False,False,0.14444444444444446,False,True,False,False,True,False,False,False,True,False,False,False,False,True
8980_06,0.21518987341772153,False,False,False,False,False,False,0.14444444444444446,False,True,True,False,True,False,False,False,True,False,False,False,False,True
8980_07,0.25316455696202533,False,False,False,False,False,False,0.14444444444444446,False,True,True,False,True,False,False,False,True,False,False,False,False,True
8984_01,0.18987341772151897,False,False,False,False,False,False,0.23386243386243388,False,False,False,False,True,False,False,False,False,False,True,False,False,True
8990_01,0.6962025316455696,False,False,False,False,False,False,0.770899470899471,False,False,True,False,True,False,False,False,False,False,False,True,False,False
8991_01,0.5316455696202531,False,False,False,False,False,False,0.9751322751322752,False,False,False,False,True,False,False,False,False,False,True,False,False,False
8994_01,0.49367088607594933,False,False,False,False,False,False,0.9761904761904763,False,True,False,False,True,False,False,False,False,False,True,False,False,False
8994_02,0.10126582278481013,False,False,False,False,False,False,0.9761904761904763,False,True,True,False,True,False,False,False,False,False,True,False,False,False
8995_01,0.4810126582278481,False,False,False,False,False,False,0.15026455026455027,False,True,False,False,True,False,False,False,True,False,False,False,False,False
9000_01,0.21518987341772153,False,False,False,False,False,False,0.7671957671957672,False,False,False,False,True,False,False,False,False,False,False,True,False,True
9002_01,0.16455696202531644,False,False,False,False,False,False,0.7677248677248678,False,False,False,False,True,False,False,False,False,False,False,True,False,True
9005_01,0.35443037974683544,False,False,False,False,False,False,0.7682539682539683,False,False,True,False,True,False,False,False,False,False,False,True,False,True
9016_01,0.27848101265822783,False,False,False,False,False,False,0.18253968253968256,True,False,False,False,False,False,True,False,False,False,False,False,False,True
9016_02,0.810126582278481,False,False,False,False,False,False,0.18253968253968256,True,False,False,False,False,False,True,False,False,False,False,False,False,True
9016_03,0.37974683544303794,True,True,True,True,True,False,0.18253968253968256,True,False,False,False,False,True,True,False,False,False,False,False,False,True
9016_04,0.35443037974683544,False,False,False,False,False,False,0.18253968253968256,True,False,True,False,False,False,True,False,False,False,False,False,False,True
9016_05,0.3291139240506329,False,False,False,False,False,False,0.18253968253968256,True,False,False,False,False,False,True,False,False,False,False,False,False,True
9017_01,0.49367088607594933,False,False,False,False,False,False,0.7687830687830688,False,False,True,False,True,False,False,False,False,False,False,True,False,True
9022_01,0.3924050632911392,False,False,False,False,False,False,0.924867724867725,False,False,False,False,True,False,False,False,False,False,True,False,False,True
9022_02,0.3037974683544304,False,False,False,False,False,False,0.924867724867725,False,False,True,False,True,False,False,False,False,False,True,False,False,True
9022_03,0.0,False,False,False,False,False,False,0.924867724867725,False,False,True,False,True,False,False,False,False,False,True,False,False,True
9025_01,0.5316455696202531,False,False,False,False,False,False,0.7693121693121694,False,False,False,False,True,False,False,False,False,False,False,True,False,True
9025_02,0.0,False,False,False,False,False,False,0.7693121693121694,False,False,True,False,True,False,False,False,False,False,False,True,False,True
9027_01,0.5443037974683544,False,False,False,False,False,False,0.925925925925926,False,False,False,False,True,False,False,False,False,False,True,False,False,True
9033_01,0.5063291139240507,False,False,False,False,False,False,0.7703703703703704,False,False,True,False,True,False,False,False,False,False,False,True,False,True
9039_01,0.2911392405063291,False,False,False,False,False,False,0.7767195767195768,False,False,True,False,True,False,False,False,False,False,False,True,False,False
9040_01,0.6835443037974683,False,False,False,False,False,False,0.7772486772486773,False,False,False,False,True,False,False,False,False,False,False,True,False,False
9044_01,0.22784810126582278,False,False,False,False,False,False,0.9783068783068783,False,False,False,False,True,False,False,False,False,False,True,False,False,False
9045_01,0.25316455696202533,False,False,False,False,False,False,0.978835978835979,False,True,False,False,True,False,False,False,False,False,True,False,False,False
9045_02,0.3037974683544304,False,False,False,False,False,False,0.30634920634920637,False,True,False,False,True,False,False,False,False,True,False,False,False,False
9047_01,0.22784810126582278,False,False,False,False,False,False,0.9793650793650794,False,False,False,False,True,False,False,False,False,False,True,False,False,False
9050_01,0.22784810126582278,False,False,False,False,False,False,0.7788359788359789,False,False,True,False,True,False,False,False,False,False,False,True,False,False
9051_01,0.5949367088607594,False,False,False,False,False,False,0.7793650793650794,False,False,False,False,True,False,False,False,False,False,False,True,False,False
9053_01,0.31645569620253167,False,False,False,False,False,False,0.1560846560846561,True,False,True,False,False,False,True,False,False,False,False,False,False,False
9053_02,0.35443037974683544,True,True,True,True,True,False,0.1560846560846561,True,False,False,False,True,True,True,False,False,False,False,False,False,False
9054_01,0.10126582278481013,False,False,False,False,False,False,0.7714285714285715,False,False,True,False,False,False,False,False,False,False,False,True,False,True
9055_01,0.7468354430379747,False,False,False,False,False,False,0.9798941798941799,False,False,False,True,False,False,False,False,False,False,True,False,False,False
9056_01,0.6455696202531646,False,False,False,False,False,False,0.1529100529100529,True,False,False,False,True,False,False,False,True,False,False,False,False,False
9058_01,0.4810126582278481,False,False,False,False,False,False,0.23386243386243388,False,True,False,False,True,False,False,False,False,False,True,False,False,True
9062_01,0.3291139240506329,False,False,False,False,False,False,0.980952380952381,False,False,False,False,True,False,False,False,False,False,True,False,False,False
9062_02,0.8227848101265822,False,False,False,False,False,False,0.23386243386243388,False,False,True,False,True,False,False,False,False,False,True,False,False,True
9063_01,0.45569620253164556,False,False,False,False,False,False,0.18306878306878308,True,False,True,False,False,False,True,False,False,False,False,False,False,True
9065_01,0.3291139240506329,False,False,False,False,False,False,0.9285714285714286,False,True,True,False,True,False,False,False,False,False,True,False,False,True
9067_01,0.17721518987341772,False,False,False,False,False,False,0.7719576719576721,False,False,False,False,True,False,False,False,False,False,False,True,False,True
9067_02,0.11392405063291139,False,False,False,False,False,False,0.7719576719576721,False,False,True,False,True,False,False,False,False,False,False,True,False,True
9070_01,0.25316455696202533,False,False,False,False,False,False,0.23386243386243388,False,False,False,False,True,False,False,False,False,False,True,False,False,True
9070_02,0.24050632911392406,False,False,False,False,False,False,0.9296296296296297,False,False,False,False,True,False,False,False,False,False,True,False,False,True
9082_01,0.25316455696202533,False,False,False,False,False,False,0.7814814814814816,False,False,False,False,False,False,False,False,False,False,False,True,False,False
9083_01,0.43037974683544306,False,False,False,False,False,False,0.9835978835978837,False,True,True,False,True,False,False,False,False,False,True,False,False,False
9083_02,0.34177215189873417,False,False,False,False,False,False,0.3074074074074074,False,True,True,False,True,False,False,False,False,True,False,False,False,False
9086_01,0.27848101265822783,False,False,False,False,False,False,0.7735449735449736,False,False,True,False,True,False,False,False,False,False,False,True,False,True
9086_02,0.18987341772151897,False,False,False,False,False,False,0.9306878306878308,False,False,False,True,False,False,False,False,False,False,True,False,False,True
9087_01,0.35443037974683544,False,False,False,False,False,False,0.9841269841269842,False,True,False,False,True,False,False,False,False,False,True,False,False,False
9088_01,0.35443037974683544,False,False,False,False,False,False,0.31534391534391537,False,False,False,False,False,False,False,False,False,True,False,False,False,True
9090_01,0.24050632911392406,False,False,False,False,False,False,0.7746031746031746,False,False,False,False,True,False,False,False,False,False,False,True,False,True
9091_01,0.4177215189873418,False,False,False,False,False,False,0.9846560846560847,False,True,True,False,True,False,False,False,False,False,True,False,False,False
9092_01,0.3670886075949367,False,False,False,False,False,False,0.9851851851851853,False,False,False,False,True,False,False,False,False,False,True,False,False,False
9093_01,0.6075949367088608,False,False,False,False,False,False,0.05714285714285715,True,False,False,False,True,False,False,False,False,False,False,False,False,True
9095_01,0.3924050632911392,False,False,False,False,False,False,0.782010582010582,False,False,False,False,True,False,False,False,False,False,False,True,False,False
9096_01,0.3670886075949367,False,False,False,False,False,False,0.7756613756613757,False,False,True,False,True,False,False,False,False,False,False,True,False,True
9096_02,0.3037974683544304,False,False,False,False,False,False,0.7756613756613757,False,False,True,True,False,False,False,False,False,False,False,True,False,True
9100_01,0.24050632911392406,False,False,False,False,False,False,0.3084656084656085,True,False,False,False,True,False,False,False,False,True,False,False,False,False
9102_01,0.4177215189873418,False,False,False,False,False,False,0.9312169312169313,False,True,True,False,True,False,False,False,False,False,True,False,False,True
9105_01,0.3670886075949367,False,False,False,False,False,False,0.7830687830687831,False,False,True,False,True,False,False,False,False,False,False,True,False,False
9109_01,0.4810126582278481,False,False,False,False,False,False,0.7835978835978836,False,False,True,False,True,False,False,False,False,False,False,True,False,False
9113_01,0.24050632911392406,False,False,False,False,False,False,0.9322751322751324,False,True,True,False,True,False,False,False,False,False,True,False,False,True
9117_01,0.5569620253164557,False,False,False,False,False,False,0.308994708994709,False,False,False,False,True,False,False,False,False,True,False,False,False,False
9121_01,0.25316455696202533,False,False,False,False,False,False,0.9888888888888889,False,True,True,False,True,False,False,False,False,False,True,False,False,False
9123_01,0.6708860759493671,False,False,False,False,False,False,0.9333333333333333,False,True,True,False,True,False,False,False,False,False,True,False,False,True
9133_01,0.34177215189873417,False,False,False,False,False,False,0.7862433862433863,False,False,True,False,True,False,False,False,False,False,False,True,False,False
9135_01,0.2911392405063291,False,False,False,False,False,False,0.7867724867724868,False,False,False,True,False,False,False,False,False,False,False,True,False,False
9138_01,0.5189873417721519,False,False,False,False,False,False,0.23386243386243388,True,False,False,False,True,False,False,False,False,False,True,False,False,True
9143_01,0.35443037974683544,False,False,False,False,False,False,0.7788359788359789,False,False,False,False,True,False,False,False,False,False,False,True,False,True
9143_02,0.22784810126582278,False,False,False,False,False,False,0.9349206349206349,False,False,False,False,False,False,False,False,False,False,True,False,False,True
9143_03,0.22784810126582278,False,False,False,False,False,False,0.7788359788359789,False,False,False,False,True,False,False,False,False,False,False,True,False,True
9146_01,0.6582278481012658,False,False,False,False,False,False,0.9915343915343916,False,False,False,False,True,False,False,False,False,False,True,False,False,False
9146_02,0.35443037974683544,False,False,False,False,False,False,0.15502645502645504,False,True,False,False,True,False,False,False,True,False,False,False,False,False
9146_03,0.18987341772151897,False,False,False,False,False,False,0.9915343915343916,False,True,True,False,False,False,False,False,False,False,True,False,False,False
9147_01,0.3291139240506329,False,False,False,False,False,False,0.7883597883597884,False,False,True,False,True,False,False,False,False,False,False,True,False,False
9153_01,0.18987341772151897,False,False,False,False,False,False,0.7894179894179895,False,False,False,False,True,False,False,False,False,False,False,True,False,False
9154_01,0.20253164556962025,False,False,False,False,False,False,0.7804232804232805,False,False,True,False,True,False,False,False,False,False,False,True,False,True
9155_01,0.21518987341772153,False,False,False,False,False,False,0.16084656084656085,True,False,False,False,True,False,False,True,False,False,False,False,False,False
9155_02,0.6075949367088608,False,False,False,False,False,False,0.16084656084656085,True,False,False,False,True,False,False,True,False,False,False,False,False,False
9155_03,0.3291139240506329,False,False,False,False,False,False,0.16084656084656085,True,False,True,False,True,False,False,True,False,False,False,False,False,False
9155_04,0.43037974683544306,False,False,False,False,False,False,0.16084656084656085,True,False,True,False,True,False,False,True,False,False,False,False,False,False
9162_01,0.31645569620253167,False,False,False,False,False,False,0.15555555555555556,True,False,True,False,True,False,False,False,True,False,False,False,False,False
9162_02,0.3670886075949367,False,False,False,False,False,False,0.15555555555555556,True,False,False,False,True,False,False,False,True,False,False,False,False,False
9162_03,0.45569620253164556,False,False,False,False,False,False,0.15555555555555556,True,False,False,False,True,False,False,False,True,False,False,False,False,False
9166_01,0.7848101265822784,False,False,False,False,False,False,0.05767195767195767,True,False,True,False,False,False,False,False,False,False,False,False,False,True
9171_01,0.3670886075949367,False,False,False,False,False,False,0.1613756613756614,True,False,False,False,True,False,False,True,False,False,False,False,False,False
9177_01,0.24050632911392406,False,False,False,False,False,False,0.1619047619047619,True,False,True,False,False,False,False,True,False,False,False,False,False,False
9177_02,0.3291139240506329,False,False,False,False,False,False,0.1619047619047619,True,False,True,False,False,False,False,True,False,False,False,False,False,False
9182_01,0.17721518987341772,False,False,False,False,False,False,0.9396825396825398,False,False,False,False,True,False,False,False,False,False,True,False,False,True
9187_01,0.5063291139240507,False,False,False,False,False,False,0.31164021164021166,False,True,False,False,True,False,False,False,False,True,False,False,False,False
9187_02,0.37974683544303794,False,False,False,False,False,False,0.9941798941798943,False,True,False,False,True,False,False,False,False,False,True,False,False,False
9191_01,0.5189873417721519,False,False,False,False,False,False,0.7841269841269842,False,False,True,False,True,False,False,False,False,False,False,True,False,True
9198_01,0.3924050632911392,False,False,False,False,False,False,0.14656084656084656,True,False,False,False,True,False,False,False,True,False,False,False,False,True
9200_01,0.21518987341772153,False,False,False,False,False,False,0.3126984126984127,False,False,False,True,False,False,False,False,False,True,False,False,False,False
9204_01,0.31645569620253167,False,False,False,False,False,False,0.9423280423280423,False,False,False,False,True,False,False,False,False,False,True,False,False,True
9206_01,0.34177215189873417,False,False,False,False,False,False,0.18624338624338627,True,False,False,False,True,False,True,False,False,False,False,False,False,True
9206_02,0.5949367088607594,False,False,False,False,False,False,0.18624338624338627,True,False,False,False,True,False,True,False,False,False,False,False,False,True
9206_03,0.4050632911392405,False,False,False,False,False,False,0.18624338624338627,True,False,False,False,False,False,True,False,False,False,False,False,False,True
9207_01,0.22784810126582278,False,False,False,False,False,False,0.1798941798941799,True,False,False,False,True,False,False,True,False,False,False,False,False,True
9209_01,0.4177215189873418,False,False,False,False,False,False,0.9952380952380953,False,False,False,False,False,False,False,False,False,False,True,False,False,False
9210_01,0.24050632911392406,False,False,False,False,False,False,0.9957671957671959,False,False,False,False,True,False,False,False,False,False,True,False,False,False
9212_01,0.16455696202531644,False,False,False,False,False,False,0.9962962962962963,False,False,False,False,True,False,False,False,False,False,True,False,False,False
9212_02,0.5063291139240507,False,False,False,False,False,False,0.791005291005291,False,False,True,False,True,False,False,False,False,False,False,True,False,False
9214_01,0.4050632911392405,False,False,False,False,False,False,0.18042328042328043,True,False,False,False,True,False,False,True,False,False,False,False,False,True
9215_01,0.5316455696202531,False,False,False,False,False,False,0.050793650793650794,True,False,True,False,True,False,False,False,False,False,False,False,False,False
9216_01,0.27848101265822783,False,False,False,False,False,False,0.9973544973544974,False,False,False,False,True,False,False,False,False,False,True,False,False,False
9223_01,0.3037974683544304,False,False,False,False,False,False,0.23386243386243388,False,True,True,False,True,False,False,False,False,False,True,False,False,True
9223_02,0.21518987341772153,False,False,False,False,False,False,0.23386243386243388,False,True,True,False,True,False,False,False,False,False,True,False,False,True
9228_01,0.26582278481012656,False,False,False,False,False,False,0.9984126984126985,False,False,False,False,True,False,False,False,False,False,True,False,False,False
9229_01,0.3037974683544304,False,False,False,False,False,False,0.3201058201058201,False,True,False,False,True,False,False,False,False,True,False,False,False,True
9232_01,0.5189873417721519,False,False,False,False,False,False,0.7931216931216932,False,False,False,False,True,False,False,False,False,False,False,True,False,False
9236_01,0.16455696202531644,False,False,False,False,False,False,0.9470899470899472,False,False,False,False,True,False,False,False,False,False,True,False,False,True
9238_01,0.12658227848101267,False,False,False,False,False,False,0.7941798941798942,False,False,False,False,True,False,False,False,False,False,False,True,False,False
9238_02,0.0379746835443038,False,False,False,False,False,False,0.7941798941798942,False,False,True,False,False,False,False,False,False,False,False,True,False,False
9238_03,0.20253164556962025,False,False,False,False,False,False,0.7941798941798942,False,False,True,False,True,False,False,False,False,False,False,True,False,False
9238_04,0.3291139240506329,False,False,False,False,False,False,0.7941798941798942,False,False,False,False,True,False,False,False,False,False,False,True,False,False
9238_05,0.17721518987341772,False,False,False,False,False,False,0.23386243386243388,False,False,True,False,True,False,False,False,False,False,True,False,False,True
9238_06,0.0,False,False,False,False,False,False,0.7941798941798942,False,False,False,False,False,False,False,False,False,False,False,True,False,False
9238_07,0.4050632911392405,False,False,False,False,False,False,1.0,False,False,False,False,True,False,False,False,False,False,True,False,False,False
9240_01,0.18987341772151897,False,False,False,False,False,False,0.3142857142857143,False,False,False,False,True,False,False,False,False,True,False,False,False,False
9243_01,0.4430379746835443,False,False,False,False,False,False,0.31534391534391537,True,False,False,False,True,False,False,False,False,True,False,False,False,False
9245_01,0.25316455696202533,False,False,False,False,False,False,0.9476190476190477,False,False,False,False,True,False,False,False,False,False,True,False,False,True
9249_01,0.26582278481012656,False,False,False,False,False,False,0.7894179894179895,False,False,False,False,True,False,False,False,False,False,False,True,False,True
9255_01,0.4050632911392405,False,False,False,False,False,False,0.9492063492063493,False,True,False,False,True,False,False,False,False,False,True,False,False,True
9258_01,0.3670886075949367,False,False,False,False,False,False,0.3164021164021164,True,False,True,False,True,False,False,False,False,True,False,False,False,False
9260_01,0.0379746835443038,False,False,False,False,False,False,0.7952380952380953,False,False,True,False,False,False,False,False,False,False,False,True,False,False
9262_01,0.25316455696202533,False,False,False,False,False,False,0.9497354497354498,False,False,False,False,False,False,False,False,False,False,True,False,False,True
9263_01,0.5443037974683544,False,False,False,False,False,False,0.791005291005291,False,False,True,False,True,False,False,False,False,False,False,True,False,True
9265_01,0.5443037974683544,False,False,False,False,False,False,0.1470899470899471,False,True,False,False,True,False,False,False,True,False,False,False,False,True
9266_01,0.5063291139240507,False,False,False,False,False,False,0.9502645502645504,False,False,False,False,True,False,False,False,False,False,True,False,False,True
9266_02,0.43037974683544306,False,False,False,False,False,False,0.7915343915343915,False,False,True,False,True,False,False,False,False,False,False,True,False,True
9269_01,0.5316455696202531,False,False,False,False,False,False,0.23386243386243388,False,False,False,False,True,False,False,False,False,False,True,False,False,True
9271_01,0.3291139240506329,False,False,False,False,False,False,0.15661375661375662,False,True,True,False,False,False,False,False,True,False,False,False,False,False
9273_01,0.3291139240506329,False,False,False,False,False,False,0.15714285714285714,True,False,False,False,True,False,False,False,True,False,False,False,False,False
9277_01,0.5443037974683544,False,False,False,False,False,False,0.7925925925925926,False,False,True,True,False,False,False,False,False,False,False,True,False,True
